A,B,C,D,E,F,G,H
399.67470000000003,0.0,399.67470000000003,0.0,399.67470000000003,0.0,399.67470000000003,0.0
400.1569,93.23486000000001,400.1569,104.03150000000001,400.1569,92.77358,400.1569,91.07548
400.63899999999995,96.63947999999999,400.63899999999995,106.0548,400.63899999999995,98.1832,400.63899999999995,94.75358999999999
401.1211,101.00919999999999,401.1211,108.6049,401.1211,104.2404,401.1211,99.33294000000001
401.6032,106.586,401.6032,111.5821,401.6032,111.1284,401.6032,105.00259999999999
402.08529999999996,113.0876,402.08529999999996,114.57900000000001,402.08529999999996,118.41520000000001,402.08529999999996,111.4429
402.5674,119.6454,402.5674,117.07339999999999,402.5674,125.1077,402.5674,117.7866
403.04960000000005,125.31050000000002,403.04960000000005,118.81980000000001,403.04960000000005,130.294,403.04960000000005,123.1249
403.5317,129.6361,403.5317,120.0084,403.5317,133.69930000000002,403.5317,127.0494
404.0138,132.6944,404.0138,121.0361,404.0138,135.57250000000002,404.0138,129.63899999999998
404.49590000000006,134.6698,404.49590000000006,122.1837,404.49590000000006,136.2047,404.49590000000006,131.0605
404.978,135.5299,404.978,123.42200000000001,404.978,135.64370000000002,404.978,131.2912
405.4601,135.026,405.4601,124.3935,405.4601,133.7826,405.4601,130.1735
405.9423,133.04610000000002,405.9423,124.63759999999999,405.9423,130.7386,405.9423,127.7742
406.42440000000005,129.9925,406.42440000000005,123.99530000000001,406.42440000000005,127.1263,406.42440000000005,124.66839999999999
406.9065,126.6893,406.9065,122.78720000000001,406.9065,123.8292,406.9065,121.7351
407.3886,123.9077,407.3886,121.5656,407.3886,121.5166,407.3886,119.67240000000001
407.87069999999994,122.074,407.87069999999994,120.78199999999998,407.87069999999994,120.4521,407.87069999999994,118.7791
408.3528,121.29590000000002,408.3528,120.65490000000001,408.3528,120.5835,408.3528,119.02539999999999
408.83500000000004,121.47319999999999,408.83500000000004,121.0261,408.83500000000004,121.65360000000001,408.83500000000004,120.052
409.3171,122.34370000000001,409.3171,121.7468,409.3171,123.2251,409.3171,121.432
409.7992,123.53240000000001,409.7992,122.925,409.7992,124.76449999999998,409.7992,122.9217
410.28130000000004,124.69300000000001,410.28130000000004,124.34689999999999,410.28130000000004,125.85950000000001,410.28130000000004,124.18299999999999
410.7634,125.7102,410.7634,125.5329,410.7634,126.46919999999999,410.7634,124.77640000000001
411.2455,126.73140000000001,411.2455,126.90619999999998,411.2455,126.89200000000001,411.2455,125.224
411.72769999999997,128.0168,411.72769999999997,128.56449999999998,411.72769999999997,127.51859999999999,411.72769999999997,125.73669999999998
412.20980000000003,129.7394,412.20980000000003,130.6263,412.20980000000003,128.5886,412.20980000000003,126.66680000000001
412.6919,131.82940000000002,412.6919,132.7146,412.6919,130.054,412.6919,127.8626
413.174,133.89440000000002,413.174,134.029,413.174,131.5356,413.174,128.7868
413.65610000000004,135.32139999999998,413.65610000000004,134.0703,413.65610000000004,132.4563,413.65610000000004,129.067
414.1382,135.6187,414.1382,132.9078,414.1382,132.3755,414.1382,128.5965
414.6204,134.74779999999998,414.6204,130.0746,414.6204,131.2905,414.6204,126.92920000000001
415.10249999999996,133.061,415.10249999999996,126.28399999999999,415.10249999999996,129.554,415.10249999999996,124.33350000000002
415.5846,130.9706,415.5846,122.4072,415.5846,127.56389999999999,415.5846,121.4042
416.0667,128.6959,416.0667,118.8118,416.0667,125.5327,416.0667,118.38109999999999
416.54879999999997,126.20930000000001,416.54879999999997,115.54299999999999,416.54879999999997,123.44980000000001,416.54879999999997,115.2903
417.0309,123.3132,417.0309,112.57390000000001,417.0309,121.1524,417.0309,112.13359999999999
417.5131,119.841,417.5131,110.06240000000001,417.5131,118.49149999999999,417.5131,109.15639999999999
417.9952,115.9656,417.9952,108.18719999999999,417.9952,115.5775,417.9952,106.65180000000001
418.4773,112.35109999999999,418.4773,107.14479999999999,418.4773,112.9125,418.4773,105.06519999999999
418.95939999999996,109.7939,418.95939999999996,106.7598,418.95939999999996,111.11200000000001,418.95939999999996,104.41659999999999
419.4415,108.6655,419.4415,107.33070000000001,419.4415,110.4644,419.4415,104.8166
419.9236,108.79749999999999,419.9236,108.49210000000001,419.9236,110.8246,419.9236,105.80069999999999
420.4058,109.7472,420.4058,109.8741,420.4058,111.81920000000001,420.4058,106.96140000000001
420.88789999999995,111.0355,420.88789999999995,111.1247,420.88789999999995,113.0387,420.88789999999995,108.0219
421.37,112.26799999999999,421.37,112.13359999999999,421.37,114.1459,421.37,108.9348
421.8521,113.2027,421.8521,113.01339999999999,421.8521,114.9352,421.8521,109.7481
422.33419999999995,113.7759,422.33419999999995,113.5412,422.33419999999995,115.3519,422.33419999999995,110.35090000000001
422.8163,114.0719,422.8163,113.68149999999999,422.8163,115.45239999999998,422.8163,110.78000000000002
423.29850000000005,114.2527,423.29850000000005,113.79939999999999,423.29850000000005,115.3437,423.29850000000005,111.2588
423.7806,114.4819,423.7806,114.13409999999999,423.7806,115.12310000000001,423.7806,112.01259999999999
424.2627,114.8671,424.2627,114.5444,424.2627,114.8598,424.2627,112.77170000000001
424.74480000000005,115.4263,424.74480000000005,115.0395,424.74480000000005,114.6028,424.74480000000005,113.52590000000001
425.2269,116.089,425.2269,115.62,425.2269,114.405,425.2269,114.2754
425.709,116.7439,425.709,116.1586,425.709,114.3325,425.709,114.9286
426.1912,117.3027,426.1912,116.2776,426.1912,114.4536,426.1912,115.1689
426.67330000000004,117.73320000000001,426.67330000000004,116.2732,426.67330000000004,114.8102,426.67330000000004,115.2572
427.1554,118.0455,427.1554,116.1696,427.1554,115.39630000000001,427.1554,115.25160000000001
427.6375,118.26110000000001,427.6375,115.9975,427.6375,116.14880000000001,427.6375,115.18489999999998
428.11959999999993,118.39120000000001,428.11959999999993,115.7493,428.11959999999993,116.9494,428.11959999999993,115.06
428.6017,118.44069999999999,428.6017,115.4027,428.6017,117.64710000000001,428.6017,114.88130000000001
429.0839,118.4313,429.0839,114.94519999999999,429.0839,118.11080000000001,429.0839,114.61200000000001
429.566,118.42660000000001,429.566,114.58299999999998,429.566,118.2933,429.566,114.44460000000001
430.0481,118.5352,430.0481,114.3324,430.0481,118.26509999999999,430.0481,114.3214
430.53020000000004,118.8826,430.53020000000004,114.3351,430.53020000000004,118.1834,430.53020000000004,114.37360000000001
431.0123,119.56979999999999,431.0123,114.6033,431.0123,118.2203,431.0123,114.6945
431.4944,120.635,431.4944,115.26939999999999,431.4944,118.4947,431.4944,115.39170000000001
431.97659999999996,122.02869999999999,431.97659999999996,116.2547,431.97659999999996,119.0394,431.97659999999996,116.42540000000001
432.4587,123.6065,432.4587,117.43209999999999,432.4587,119.8015,432.4587,117.6985
432.94079999999997,125.1555,432.94079999999997,118.7278,432.94079999999997,120.672,432.94079999999997,119.12449999999998
433.42289999999997,126.4586,433.42289999999997,119.8455,433.42289999999997,121.5386,433.42289999999997,120.43310000000001
433.90500000000003,127.3673,433.90500000000003,120.80169999999998,433.90500000000003,122.3322,433.90500000000003,121.5698
434.38710000000003,127.83370000000001,434.38710000000003,121.29369999999999,434.38710000000003,123.0378,434.38710000000003,122.2675
434.8693,127.88919999999999,434.8693,121.45489999999998,434.8693,123.6638,434.8693,122.59599999999999
435.35139999999996,127.5971,435.35139999999996,121.33840000000001,435.35139999999996,124.19640000000001,435.35139999999996,122.59039999999999
435.8335,127.02689999999998,435.8335,120.87570000000001,435.8335,124.5761,435.8335,122.224
436.3156,126.2604,436.3156,119.9722,436.3156,124.7194,436.3156,121.4661
436.79769999999996,125.4109,436.79769999999996,118.85289999999999,436.79769999999996,124.57989999999998,436.79769999999996,120.5342
437.2798,124.6221,437.2798,117.8561,437.2798,124.2028,437.2798,119.7525
437.76200000000006,124.0319,437.76200000000006,116.9716,437.76200000000006,123.7209,437.76200000000006,119.08940000000001
438.2441,123.73020000000001,438.2441,116.2916,438.2441,123.29289999999999,438.2441,118.5772
438.72619999999995,123.739,438.72619999999995,115.88179999999998,438.72619999999995,123.03980000000001,438.72619999999995,118.2971
439.20830000000007,124.01550000000002,439.20830000000007,115.8396,439.20830000000007,123.0096,439.20830000000007,118.266
439.6904,124.4676,439.6904,116.1158,439.6904,123.1776,439.6904,118.4261
440.1725,124.9757,440.1725,116.6445,440.1725,123.46520000000001,440.1725,118.75869999999999
440.6547,125.4299,440.6547,117.34700000000001,440.6547,123.7783,440.6547,119.21010000000001
441.13680000000005,125.77590000000001,441.13680000000005,118.1264,441.13680000000005,124.053,441.13680000000005,119.74529999999999
441.6189,126.0494,441.6189,118.7424,441.6189,124.2932,441.6189,120.2278
442.101,126.3568,442.101,119.411,442.101,124.5615,442.101,120.83619999999999
442.58309999999994,126.8113,442.58309999999994,119.9051,442.58309999999994,124.9293,442.58309999999994,121.3605
443.0652,127.4549,443.0652,120.3797,443.0652,125.4114,443.0652,121.87109999999998
443.54740000000004,128.2173,443.54740000000004,120.85490000000001,443.54740000000004,125.9339,443.54740000000004,122.3422
444.0295,128.9277,444.0295,121.415,444.0295,126.3508,444.0295,122.83200000000001
444.5116,129.3834,444.5116,121.3381,444.5116,126.50859999999999,444.5116,122.7022
444.99370000000005,129.43959999999998,444.99370000000005,121.4086,444.99370000000005,126.3226,444.99370000000005,122.70939999999999
445.4758,129.07219999999998,445.4758,121.46300000000001,445.4758,125.82010000000001,445.4758,122.6497
445.9579,128.37460000000002,445.9579,121.0667,445.9579,125.11959999999999,445.9579,122.2872
446.4401,127.5047,446.4401,120.57130000000001,446.4401,124.3719,446.4401,121.8882
446.92220000000003,126.62249999999999,446.92220000000003,120.0337,446.92220000000003,123.7004,446.92220000000003,121.49799999999999
447.4043,125.84900000000002,447.4043,119.4841,447.4043,123.16810000000001,447.4043,121.1198
447.8864,125.25140000000002,447.8864,118.88879999999999,447.8864,122.7765,447.8864,120.7147
448.36850000000004,124.8475,448.36850000000004,118.5283,448.36850000000004,122.4882,448.36850000000004,120.4569
448.8506,124.6219,448.8506,117.9425,448.8506,122.25829999999999,448.8506,120.0069
449.3328,124.5443,449.3328,117.5136,449.3328,122.0588,449.3328,119.701
449.81489999999997,124.5794,449.81489999999997,117.18740000000001,449.81489999999997,121.8812,449.81489999999997,119.56070000000001
450.297,124.6869,450.297,116.8429,450.297,121.7236,450.297,119.4329
450.7791,124.81450000000001,450.7791,116.3484,450.7791,121.573,450.7791,119.25529999999999
451.2612,124.89580000000001,451.2612,116.0499,451.2612,121.39869999999999,451.2612,119.23710000000001
451.74330000000003,124.86410000000001,451.74330000000003,115.6742,451.74330000000003,121.1617,451.74330000000003,119.1433
452.2255,124.6832,452.2255,115.23889999999999,452.2255,120.84079999999999,452.2255,118.94009999999999
452.7076,124.3786,452.7076,114.7799,452.7076,120.4583,452.7076,118.63730000000001
453.18969999999996,124.03960000000001,453.18969999999996,114.41220000000001,453.18969999999996,120.0836,453.18969999999996,118.3825
453.6718000000001,123.78059999999999,453.6718000000001,114.0847,453.6718000000001,119.8031,453.6718000000001,118.08030000000001
454.1539,123.69369999999999,454.1539,113.87769999999999,454.1539,119.68540000000002,454.1539,117.84989999999999
454.63599999999997,123.8192,454.63599999999997,113.92819999999999,454.63599999999997,119.7581,454.63599999999997,117.81459999999998
455.1182,124.13940000000001,455.1182,114.2568,455.1182,120.0035,455.1182,117.9964
455.60030000000006,124.58160000000001,455.60030000000006,114.5996,455.60030000000006,120.35979999999999,455.60030000000006,118.19569999999999
456.0824,125.0303,456.0824,114.95580000000001,456.0824,120.72829999999999,456.0824,118.4075
456.5645,125.3503,456.5645,115.24680000000001,456.5645,120.9894,456.5645,118.57409999999999
457.04659999999996,125.43180000000001,457.04659999999996,115.5411,457.04659999999996,121.03710000000001,457.04659999999996,118.7912
457.5287,125.2348,457.5287,115.48750000000001,457.5287,120.8176,457.5287,118.7206
458.0109,124.80120000000001,458.0109,115.2785,458.0109,120.34819999999999,458.0109,118.528
458.493,124.2192,458.493,114.90180000000001,458.493,119.6982,458.493,118.14370000000001
458.9751,123.57480000000001,458.9751,114.40140000000001,458.9751,118.95419999999999,458.9751,117.6186
459.45720000000006,122.92460000000001,459.45720000000006,114.10629999999999,459.45720000000006,118.19600000000001,459.45720000000006,117.12169999999999
459.9393,122.30149999999999,459.9393,113.7927,459.9393,117.4921,459.9393,116.50590000000001
460.4214,121.7313,460.4214,113.5019,460.4214,116.903,460.4214,115.8534
460.9036,121.24459999999999,460.9036,113.29530000000001,460.9036,116.4806,460.9036,115.265
461.38570000000004,120.87650000000001,461.38570000000004,113.1324,461.38570000000004,116.26129999999999,461.38570000000004,114.77850000000001
461.8678,120.6588,461.8678,113.1388,461.8678,116.2579,461.8678,114.5578
462.3499,120.6085,462.3499,113.1453,462.3499,116.4522,462.3499,114.5213
462.83200000000005,120.71929999999999,462.83200000000005,113.273,462.83200000000005,116.7964,462.83200000000005,114.7449
463.3141,120.9609,463.3141,113.5392,463.3141,117.22349999999999,463.3141,115.19680000000001
463.79630000000003,121.2858,463.79630000000003,113.6472,463.79630000000003,117.6666,463.79630000000003,115.5911
464.2784,121.6447,464.2784,113.778,464.2784,118.0794,464.2784,116.03080000000001
464.76050000000004,121.99789999999999,464.76050000000004,113.89439999999999,464.76050000000004,118.4452,464.76050000000004,116.3807
465.24260000000004,122.31739999999999,465.24260000000004,114.07860000000001,465.24260000000004,118.7686,465.24260000000004,116.69529999999999
465.7247,122.5805,465.7247,114.30359999999999,465.7247,119.05730000000001,465.7247,116.835
466.2068,122.7613,466.2068,114.4835,466.2068,119.30529999999999,466.2068,116.78
466.689,122.83139999999999,466.689,114.7205,466.689,119.489,466.689,116.6449
467.1711,122.7727,467.1711,114.85780000000001,467.1711,119.5784,467.1711,116.4106
467.65319999999997,122.59660000000001,467.65319999999997,114.84239999999998,467.65319999999997,119.5611,467.65319999999997,116.08510000000001
468.1353,122.3554,468.1353,114.69,468.1353,119.4603,468.1353,115.75
468.61740000000003,122.13080000000001,468.61740000000003,114.4596,468.61740000000003,119.3327,468.61740000000003,115.49609999999998
469.0995,122.0059,469.0995,114.41980000000001,469.0995,119.24459999999999,469.0995,115.5772
469.5817,122.0379,469.5817,114.2881,469.5817,119.24520000000001,469.5817,115.674
470.06379999999996,122.24490000000002,470.06379999999996,114.311,470.06379999999996,119.3504,470.06379999999996,115.9756
470.5459,122.6042,470.5459,114.4544,470.5459,119.54229999999998,470.5459,116.3974
471.028,123.0583,471.028,114.64559999999999,471.028,119.779,471.028,116.8001
471.51009999999997,123.53110000000001,471.51009999999997,114.8255,471.51009999999997,120.0167,471.51009999999997,117.16290000000001
471.9922,123.9536,471.9922,115.20049999999999,471.9922,120.23310000000001,471.9922,117.6666
472.4744,124.2932,472.4744,115.8242,472.4744,120.44189999999999,472.4744,118.38690000000001
472.9565,124.5617,472.9565,116.1678,472.9565,120.6806,472.9565,118.7992
473.43859999999995,124.7962,473.43859999999995,116.44630000000001,473.43859999999995,120.97850000000001,473.43859999999995,119.06970000000001
473.9207,125.0245,473.9207,116.7612,473.9207,121.32909999999998,473.9207,119.3618
474.4028,125.2466,474.4028,117.10510000000001,474.4028,121.68769999999999,474.4028,119.65790000000001
474.8849,125.437,474.8849,117.2713,474.8849,121.98899999999999,474.8849,119.73169999999999
475.3671,125.563,475.3671,117.2552,475.3671,122.17530000000001,475.3671,119.645
475.84920000000005,125.6045,475.84920000000005,117.72800000000001,475.84920000000005,122.2198,475.84920000000005,120.09400000000001
476.3313,125.56609999999999,476.3313,117.7724,476.3313,122.1371,476.3313,120.08680000000001
476.8134,125.4742,476.8134,117.8571,476.8134,121.9743,476.8134,120.1107
477.29549999999995,125.3627,477.29549999999995,117.929,477.29549999999995,121.78999999999999,477.29549999999995,120.1378
477.7776,125.25629999999998,477.7776,118.01870000000001,477.7776,121.6299,477.7776,120.117
478.25980000000004,125.15950000000001,478.25980000000004,117.95320000000001,478.25980000000004,121.51089999999999,478.25980000000004,119.9044
478.7419,125.0581,478.7419,118.1133,478.7419,121.4219,478.7419,119.9012
479.22399999999993,124.9303,479.22399999999993,117.9973,479.22399999999993,121.337,479.22399999999993,119.71719999999999
479.70610000000005,124.7611,479.70610000000005,117.74359999999999,479.70610000000005,121.2318,479.70610000000005,119.3616
480.1882,124.5489,480.1882,117.49510000000001,480.1882,121.09559999999999,480.1882,119.0069
480.6703,124.30270000000002,480.6703,117.095,480.6703,120.9303,480.6703,118.6229
481.1525,124.03299999999999,481.1525,116.65270000000001,481.1525,120.74259999999998,481.1525,118.2746
481.63460000000003,123.7436,481.63460000000003,116.17679999999999,481.63460000000003,120.53540000000001,481.63460000000003,117.9489
482.1167,123.4321,482.1167,115.7321,482.1167,120.3079,482.1167,117.6796
482.5988,123.0982,482.5988,115.4391,482.5988,120.0623,482.5988,117.4936
483.08090000000004,122.75560000000002,483.08090000000004,115.07130000000001,483.08090000000004,119.81329999999998,483.08090000000004,117.19470000000001
483.563,122.4365,483.563,114.79809999999999,483.563,119.5913,483.563,116.94690000000001
484.0452,122.18379999999999,484.0452,114.84270000000001,484.0452,119.4324,484.0452,116.98330000000001
484.52729999999997,122.0308,484.52729999999997,114.85879999999999,484.52729999999997,119.3583,484.52729999999997,116.9008
485.0094,121.98089999999999,485.0094,115.04939999999999,485.0094,119.3588,485.0094,116.9778
485.49150000000003,122.0,485.49150000000003,115.1829,485.49150000000003,119.38740000000001,485.49150000000003,117.0865
485.9736,122.02569999999999,485.9736,115.4375,485.9736,119.3765,485.9736,117.3236
486.4557,121.9909,486.4557,115.2924,486.4557,119.2637,486.4557,117.20809999999999
486.9379,121.85239999999999,486.9379,115.1959,486.9379,119.02120000000001,486.9379,117.19980000000001
487.42,121.60839999999999,487.42,114.8225,487.42,118.66799999999999,487.42,116.95579999999998
487.90209999999996,121.29780000000001,487.90209999999996,114.4007,487.90209999999996,118.2612,487.90209999999996,116.6328
488.38419999999996,120.9796,488.38419999999996,113.9448,488.38419999999996,117.8688,488.38419999999996,116.23989999999999
488.8663,120.70719999999999,488.8663,113.5729,488.8663,117.53960000000001,488.8663,115.8731
489.34839999999997,120.5065,489.34839999999997,113.2055,489.34839999999997,117.2847,489.34839999999997,115.4704
489.8306,120.36919999999999,489.8306,113.08690000000001,489.8306,117.0774,489.8306,115.2134
490.31269999999995,120.25999999999999,490.31269999999995,112.91,490.31269999999995,116.8702,490.31269999999995,114.8841
490.7948,120.1349,490.7948,112.7334,490.7948,116.622,490.7948,114.5413
491.2769,119.9629,491.2769,112.5435,491.2769,116.32249999999999,491.2769,114.1951
491.75899999999996,119.7402,491.75899999999996,112.5745,491.75899999999996,116.0008,491.75899999999996,114.1386
492.2411,119.4875,492.2411,112.2878,492.2411,115.71000000000001,492.2411,113.8109
492.7233,119.2358,492.7233,112.11720000000001,492.7233,115.4995,492.7233,113.63699999999999
493.2054,119.0084,493.2054,111.8804,493.2054,115.38889999999999,493.2054,113.496
493.68749999999994,118.8111,493.68749999999994,111.69839999999999,493.68749999999994,115.3592,493.68749999999994,113.405
494.16960000000006,118.635,494.16960000000006,111.5495,494.16960000000006,115.36420000000001,494.16960000000006,113.3348
494.6517,118.4655,494.6517,111.3491,494.6517,115.3518,494.6517,113.2785
495.1339,118.29399999999998,495.1339,111.0104,495.1339,115.2878,495.1339,113.0933
495.616,118.12339999999999,495.616,110.6917,495.616,115.1683,495.616,112.9343
496.09810000000004,117.9648,496.09810000000004,110.524,496.09810000000004,115.01639999999999,496.09810000000004,112.8685
496.5802,117.82999999999998,496.5802,110.41799999999999,496.5802,114.8678,496.5802,112.83160000000001
497.0623,117.72409999999999,497.0623,110.25450000000001,497.0623,114.7534,497.0623,112.7344
497.54439999999994,117.64350000000002,497.54439999999994,110.3664,497.54439999999994,114.6881,497.54439999999994,112.8131
498.02660000000003,117.57990000000001,498.02660000000003,110.4391,498.02660000000003,114.6692,498.02660000000003,112.8281
498.5087,117.52910000000001,498.5087,110.6846,498.5087,114.68350000000001,498.5087,112.923
498.9908,117.4959,498.9908,110.69590000000001,498.9908,114.7165,498.9908,112.86290000000001
499.4729,117.4944,499.4729,110.5535,499.4729,114.75869999999999,499.4729,112.6248
499.95500000000004,117.53899999999999,499.95500000000004,110.71379999999999,499.95500000000004,114.8029,499.95500000000004,112.6963
500.4371,117.6326,500.4371,110.673,500.4371,114.83749999999999,500.4371,112.53949999999999
500.91929999999996,117.7563,500.91929999999996,110.63529999999999,500.91929999999996,114.8399,500.91929999999996,112.4112
501.4014,117.8679,501.4014,110.69590000000001,501.4014,114.7778,501.4014,112.36749999999999
501.8835,117.9141,501.8835,110.55969999999999,501.8835,114.6223,501.8835,112.1866
502.3656,117.85619999999999,502.3656,110.3571,502.3656,114.36869999999999,502.3656,112.01650000000001
502.8477,117.6929,502.8477,109.9974,502.8477,114.04849999999999,502.8477,111.7137
503.32990000000007,117.4649,503.32990000000007,109.6807,503.32990000000007,113.7232,503.32990000000007,111.4632
503.812,117.2363,503.812,109.40970000000002,503.812,113.4601,503.812,111.2657
504.2941,117.0685,504.2941,109.2446,504.2941,113.31039999999999,504.2941,111.18209999999999
504.77619999999996,117.00170000000001,504.77619999999996,109.2114,504.77619999999996,113.2959,504.77619999999996,111.22019999999999
505.2583,117.0485,505.2583,109.17429999999999,505.2583,113.4088,505.2583,111.2701
505.7404,117.19520000000001,505.7404,109.4018,505.7404,113.61760000000001,505.7404,111.5402
506.2226,117.4107,506.2226,109.62749999999998,506.2226,113.87769999999999,506.2226,111.80669999999999
506.70469999999995,117.65870000000001,506.70469999999995,109.79339999999999,506.70469999999995,114.1448,506.70469999999995,112.0141
507.1868,117.9103,507.1868,109.9065,507.1868,114.3879,507.1868,112.17680000000001
507.6689,118.1509,507.6689,110.0986,507.6689,114.5932,507.6689,112.39699999999999
508.15099999999995,118.378,508.15099999999995,110.28960000000001,508.15099999999995,114.7599,508.15099999999995,112.616
508.6331,118.59299999999999,508.6331,110.4099,508.6331,114.88909999999998,508.6331,112.78680000000001
509.11530000000005,118.792,509.11530000000005,110.3725,509.11530000000005,114.9769,509.11530000000005,112.83460000000001
509.5974,118.96340000000001,509.5974,110.3431,509.5974,115.01429999999999,509.5974,112.87780000000001
510.0795,119.09049999999999,510.0795,110.46940000000001,510.0795,114.9932,510.0795,112.9502
510.56160000000006,119.1584,510.56160000000006,110.48370000000001,510.56160000000006,114.9145,510.56160000000006,112.92450000000001
511.0437,119.15899999999999,511.0437,110.41319999999999,511.0437,114.79090000000001,511.0437,112.78960000000001
511.5258,119.09190000000001,511.5258,110.2532,511.5258,114.6427,511.5258,112.57239999999999
512.0079,118.9616,512.0079,110.08389999999999,512.0079,114.48899999999999,512.0079,112.3397
512.4901,118.77359999999999,512.4901,109.99719999999999,512.4901,114.33930000000001,512.4901,112.1798
512.9722,118.5343,512.9722,109.9628,512.9722,114.1926,512.9722,112.06620000000001
513.4543,118.25479999999999,513.4543,109.7926,513.4543,114.0418,513.4543,111.8288
513.9363999999999,117.95580000000001,513.9363999999999,109.64439999999999,513.9363999999999,113.8837,513.9363999999999,111.6068
514.4185,117.669,514.4185,109.51960000000001,514.4185,113.72500000000001,514.4185,111.4074
514.9005999999999,117.4331,514.9005999999999,109.42179999999999,514.9005999999999,113.5845,514.9005999999999,111.2466
515.3828,117.2828,515.3828,109.3654,515.3828,113.4857,515.3828,111.15010000000001
515.8648999999999,117.2369,515.8648999999999,109.36410000000001,515.8648999999999,113.4464,515.8648999999999,111.1399
516.347,117.2882,516.347,109.2795,516.347,113.4689,516.347,111.1282
516.8291,117.40280000000001,516.8291,109.2909,516.8291,113.5359,516.8291,111.28009999999999
517.3112,117.5287,517.3112,109.42750000000001,517.3112,113.61509999999998,517.3112,111.4787
517.7933,117.6159,517.7933,109.4008,517.7933,113.6725,517.7933,111.58449999999999
518.2755,117.6348,518.2755,109.34949999999999,518.2755,113.6867,518.2755,111.50070000000001
518.7576,117.58619999999999,518.7576,109.3886,518.7576,113.6556,518.7576,111.5745
519.2397,117.4939,519.2397,109.3578,519.2397,113.592,519.2397,111.5814
519.7218,117.38820000000001,519.7218,109.3141,519.7218,113.51249999999999,519.7218,111.5604
520.2039,117.289,520.2039,109.26039999999999,520.2039,113.4268,520.2039,111.52409999999999
520.686,117.1996,520.686,109.1918,520.686,113.33539999999999,520.686,111.47339999999998
521.1682,117.1095,521.1682,109.09960000000001,521.1682,113.2333,521.1682,111.4005
521.6503,117.00299999999999,521.6503,108.978,521.6503,113.11690000000002,521.6503,111.2965
522.1324,116.86829999999999,522.1324,108.8209,522.1324,112.9883,522.1324,111.1553
522.6145,116.7015,522.6145,108.67580000000001,522.6145,112.8546,522.6145,111.00129999999999
523.0966000000001,116.5046,523.0966000000001,108.3637,523.0966000000001,112.72120000000001,523.0966000000001,110.72930000000001
523.5787,116.2817,523.5787,108.0443,523.5787,112.5871,523.5787,110.47210000000001
524.0609000000001,116.03490000000001,524.0609000000001,107.82350000000001,524.0609000000001,112.4417,524.0609000000001,110.25689999999999
524.543,115.76599999999999,524.543,107.62119999999999,524.543,112.26989999999999,524.543,110.0883
525.0251000000001,115.4823,525.0251000000001,107.3702,525.0251000000001,112.06210000000002,525.0251000000001,109.8535
525.5072,115.2026,525.5072,107.19160000000001,525.5072,111.82749999999999,525.5072,109.65169999999999
525.9893,114.9576,525.9893,106.92630000000001,525.9893,111.5977,525.9893,109.4076
526.4714,114.78150000000001,526.4714,106.71029999999999,526.4714,111.41859999999998,526.4714,109.20639999999999
526.9536,114.6973,526.9536,106.6521,526.9536,111.33010000000002,526.9536,109.1486
527.4357,114.70700000000001,527.4357,106.8391,527.4357,111.3493,527.4357,109.2638
527.9177999999999,114.7902,527.9177999999999,107.043,527.9177999999999,111.46350000000001,527.9177999999999,109.4346
528.3999,114.9125,528.3999,107.22890000000001,528.3999,111.6379,528.3999,109.59239999999998
528.8821,115.0375,528.8821,107.4204,528.8821,111.8291,528.8821,109.7466
529.3641,115.1389,529.3641,107.5854,529.3641,112.0007,529.3641,109.8653
529.8463,115.2082,529.8463,107.70649999999999,529.8463,112.13340000000001,529.8463,109.9343
530.3284,115.2537,530.3284,107.7852,530.3284,112.22810000000001,530.3284,109.9598
530.8105,115.2922,530.8105,107.83709999999999,530.8105,112.2975,530.8105,109.9607
531.2926,115.3356,531.2926,107.87930000000001,531.2926,112.35379999999999,531.2926,109.95479999999999
531.7748,115.381,531.7748,107.91949999999999,531.7748,112.39729999999999,531.7748,109.94600000000001
532.2568,115.409,532.2568,107.9509,532.2568,112.41380000000001,532.2568,109.921
532.739,115.39150000000001,532.739,107.95729999999999,532.739,112.38159999999999,532.739,109.8571
533.2211,115.3076,533.2211,107.92269999999999,533.2211,112.2855,533.2211,109.7364
533.7031999999999,115.15599999999999,533.7031999999999,107.83940000000001,533.7031999999999,112.1283,533.7031999999999,109.5582
534.1853000000001,114.96170000000001,534.1853000000001,107.7236,534.1853000000001,111.93459999999999,534.1853000000001,109.3494
534.6675,114.76820000000001,534.6675,107.60499999999999,534.6675,111.7429,534.6675,109.15429999999999
535.1495,114.623,535.1495,107.514,535.1495,111.591,535.1495,109.01769999999999
535.6317,114.561,535.6317,107.4727,535.6317,111.5022,535.6317,108.9693
536.1138000000001,114.595,536.1138000000001,107.4879,536.1138000000001,111.4798,536.1138000000001,109.0149
536.5959,114.7137,536.5959,107.55250000000001,536.5959,111.5103,536.5959,109.1371
537.078,114.88959999999999,537.078,107.64920000000001,537.078,111.57440000000001,537.078,109.3051
537.5602,115.09039999999999,537.5602,107.75730000000001,537.5602,111.6579,537.5602,109.4876
538.0422,115.2893,538.0422,107.86659999999999,538.0422,111.7579,538.0422,109.6675
538.5244,115.4704,538.5244,107.9766,538.5244,111.8803,538.5244,109.84389999999999
539.0065,115.62619999999998,539.0065,107.954,539.0065,112.03129999999999,539.0065,109.9307
539.4885999999999,115.7531,539.4885999999999,107.9878,539.4885999999999,112.2082,539.4885999999999,110.08290000000001
539.9707000000001,115.847,539.9707000000001,108.0889,539.9707000000001,112.3955,539.9707000000001,110.26910000000001
540.4529,115.9041,540.4529,108.1753,540.4529,112.5686,540.4529,110.4414
540.9349,115.9248,540.9349,108.2389,540.9349,112.70450000000001,540.9349,110.5788
541.4171,115.9175,541.4171,108.4288,541.4171,112.791,541.4171,110.75120000000001
541.8992000000001,115.8988,541.8992000000001,108.54539999999999,541.8992000000001,112.83350000000002,541.8992000000001,110.8614
542.3813,115.88799999999999,542.3813,108.6025,542.3813,112.8485,542.3813,110.88759999999999
542.8634,115.8985,542.8634,108.6766,542.8634,112.85499999999999,542.8634,110.8986
543.3456,115.93130000000001,543.3456,108.765,543.3456,112.86229999999999,543.3456,110.90390000000001
543.8276,115.97470000000001,543.8276,108.892,543.8276,112.8671,543.8276,110.9637
544.3098,116.0095,544.3098,108.96719999999999,544.3098,112.85719999999999,544.3098,110.9516
544.7918999999999,116.01969999999999,544.7918999999999,109.006,544.7918999999999,112.82209999999999,544.7918999999999,110.90729999999999
545.274,116.0023,545.274,108.987,545.274,112.7635,545.274,110.8006
545.7561000000001,115.97120000000001,545.7561000000001,108.97319999999999,545.7561000000001,112.69940000000001,545.7561000000001,110.72949999999999
546.2383,115.95070000000001,546.2383,108.86290000000001,546.2383,112.65780000000001,546.2383,110.5814
546.7203,115.9635,546.7203,108.82780000000001,546.7203,112.6639,546.7203,110.51429999999999
547.2025,116.01809999999999,547.2025,108.8165,547.2025,112.7264,547.2025,110.49990000000001
547.6846,116.1032,547.6846,108.8269,547.6846,112.8322,547.6846,110.54260000000001
548.1667,116.19120000000001,548.1667,108.8304,548.1667,112.9509,548.1667,110.61989999999999
548.6487999999999,116.249,548.6487999999999,108.7436,548.6487999999999,113.04650000000001,548.6487999999999,110.66180000000001
549.1310000000001,116.25229999999999,549.1310000000001,108.6569,549.1310000000001,113.0913,549.1310000000001,110.70150000000001
549.6129999999999,116.1946,549.6129999999999,108.5296,549.6129999999999,113.0761,549.6129999999999,110.7056
550.0952,116.08840000000001,550.0952,108.3856,550.0952,113.0093,550.0952,110.6786
550.5772999999999,115.9578,550.5772999999999,108.2503,550.5772999999999,112.90910000000001,550.5772999999999,110.6311
551.0594,115.8275,551.0594,108.13900000000001,551.0594,112.793,551.0594,110.57289999999999
551.5415,115.7144,551.5415,108.05690000000001,551.5415,112.6706,551.5415,110.51249999999999
552.0237,115.62429999999999,552.0237,107.9782,552.0237,112.5437,552.0237,110.4177
552.5057,115.55539999999999,552.5057,107.886,552.5057,112.41220000000001,552.5057,110.27860000000001
552.9879,115.50309999999999,552.9879,107.82320000000001,552.9879,112.2798,552.9879,110.19030000000001
553.47,115.4634,553.47,107.6967,553.47,112.156,553.47,110.0578
553.9521,115.43319999999999,553.9521,107.6173,553.9521,112.05229999999999,553.9521,109.97269999999999
554.4342,115.4077,554.4342,107.5639,554.4342,111.9745,554.4342,109.92169999999999
554.9164000000001,115.378,554.9164000000001,107.52289999999999,554.9164000000001,111.9168,554.9164000000001,109.8924
555.3984,115.3315,555.3984,107.4997,555.3984,111.86180000000002,555.3984,109.8819
555.8806,115.25659999999999,555.8806,107.47819999999999,555.8806,111.78710000000001,555.8806,109.8685
556.3627,115.14949999999999,556.3627,107.39130000000002,556.3627,111.6779,556.3627,109.79209999999999
556.8448,115.01870000000001,556.8448,107.28269999999999,556.8448,111.53599999999999,556.8448,109.6835
557.3269,114.8846,557.3269,107.1656,557.3269,111.38239999999999,557.3269,109.5559
557.8091,114.7723,557.8091,107.06009999999999,557.8091,111.2492,557.8091,109.4323
558.2911,114.70169999999999,558.2911,106.9852,558.2911,111.1663,558.2911,109.3356
558.7733000000001,114.6798,558.7733000000001,106.8135,558.7733000000001,111.14779999999999,558.7733000000001,109.1828
559.2554,114.6983,559.2554,106.78829999999999,559.2554,111.1863,559.2554,109.19650000000001
559.7375,114.73819999999999,559.7375,106.80080000000001,559.7375,111.25609999999999,559.7375,109.19049999999999
560.2196,114.7789,560.2196,106.8112,560.2196,111.32390000000001,560.2196,109.17790000000001
560.7018,114.8066,560.7018,106.812,560.7018,111.3631,560.7018,109.14829999999999
561.1838,114.82000000000001,561.1838,106.792,561.1838,111.36319999999999,561.1838,109.08409999999999
561.6659999999999,114.82650000000001,561.6659999999999,106.89580000000001,561.6659999999999,111.3305,561.6659999999999,109.0732
562.1481,114.8352,562.1481,106.9638,562.1481,111.2808,562.1481,109.09599999999999
562.6302,114.8481,562.6302,106.9963,562.6302,111.2282,562.6302,109.10459999999999
563.1123,114.8568,563.1123,107.03990000000002,563.1123,111.178,563.1123,109.1369
563.5944999999999,114.8458,563.5944999999999,107.0772,563.5944999999999,111.1251,563.5944999999999,109.17360000000001
564.0765,114.801,564.0765,107.0897,564.0765,111.0608,564.0765,109.19099999999999
564.5587,114.7182,564.5587,107.0658,564.5587,110.98079999999999,564.5587,109.1704
565.0408,114.6083,565.0408,107.00510000000001,565.0408,110.891,565.0408,109.10759999999999
565.5229,114.4929,565.5229,106.918,565.5229,110.80630000000001,565.5229,109.0133
566.005,114.3955,566.005,106.8188,566.005,110.7432,566.005,108.908
566.4872,114.33059999999999,566.4872,106.718,566.4872,110.7107,566.4872,108.81110000000001
566.9692,114.29830000000001,566.9692,106.6175,566.9692,110.70450000000001,566.9692,108.73330000000001
567.4514,114.2845,567.4514,106.51219999999999,567.4514,110.7072,567.4514,108.67370000000001
567.9335,114.2694,567.9335,106.3958,567.9335,110.6962,567.9335,108.62389999999999
568.4155999999999,114.23840000000001,568.4155999999999,106.3141,568.4155999999999,110.65469999999999,568.4155999999999,108.6526
568.8977,114.19030000000001,568.8977,106.177,568.8977,110.5812,568.8977,108.59639999999999
569.3799,114.1388,569.3799,105.99080000000001,569.3799,110.49009999999998,569.3799,108.4981
569.8619,114.1049,569.8619,105.9242,569.8619,110.40570000000001,569.8619,108.48420000000002
570.3441,114.10709999999999,570.3441,105.915,570.3441,110.35109999999999,570.3441,108.50489999999999
570.8262,114.1524,570.8262,105.9146,570.8262,110.3394,570.8262,108.52010000000001
571.3083,114.23410000000001,571.3083,105.9542,571.3083,110.36999999999999,571.3083,108.5501
571.7904,114.3358,571.7904,106.02199999999999,571.7904,110.4317,571.7904,108.5801
572.2726,114.43920000000001,572.2726,106.1065,572.2726,110.50949999999999,572.2726,108.59589999999999
572.7546,114.5327,572.7546,106.1336,572.7546,110.59209999999999,572.7546,108.5385
573.2368,114.6137,573.2368,106.23419999999999,573.2368,110.67519999999999,573.2368,108.5135
573.7189,114.6876,573.7189,106.347,573.7189,110.76010000000001,573.7189,108.4833
574.2009999999999,114.761,574.2009999999999,106.4687,574.2009999999999,110.849,574.2009999999999,108.45880000000001
574.6831,114.8365,574.6831,106.5907,574.6831,110.9402,574.6831,108.4473
575.1653,114.91,575.1653,106.6988,575.1653,111.0266,575.1653,108.4486
575.6473,114.97200000000001,575.6473,106.7787,575.6473,111.09800000000001,575.6473,108.45720000000001
576.1295,115.01310000000001,576.1295,106.82249999999999,576.1295,111.14569999999999,576.1295,108.46629999999999
576.6116000000001,115.02980000000001,576.6116000000001,106.83290000000001,576.6116000000001,111.1679,576.6116000000001,108.4735
577.0938,115.0258,577.0938,106.8218,577.0938,111.1699,577.0938,108.4826
577.5758,115.0102,577.5758,106.80430000000001,577.5758,111.161,577.5758,108.5023
578.058,114.9928,578.058,106.7916,578.058,111.1502,578.058,108.54079999999999
578.54,114.9812,578.54,106.78810000000001,578.54,111.1434,578.54,108.60289999999999
579.0222,114.9797,579.0222,106.7925,579.0222,111.1434,579.0222,108.6872
579.5043,114.99170000000001,579.5043,106.8019,579.5043,111.1534,579.5043,108.788
579.9865000000001,115.0213,579.9865000000001,106.8168,579.9865000000001,111.17859999999999,579.9865000000001,108.8971
580.4685000000001,115.0746,580.4685000000001,106.84219999999999,580.4685000000001,111.2269,580.4685000000001,109.00710000000001
580.9507,115.15679999999999,580.9507,106.8853,580.9507,111.30439999999999,580.9507,109.1123
581.4327000000001,115.26799999999999,581.4327000000001,106.94950000000001,581.4327000000001,111.4104,581.4327000000001,109.20779999999999
581.9149,115.3999,581.9149,107.02959999999999,581.9149,111.5335,581.9149,109.28849999999998
582.397,115.53580000000001,582.397,107.11090000000002,582.397,111.6521,582.397,109.34729999999999
582.8792,115.6543,582.8792,107.1734,582.8792,111.7405,582.8792,109.3778
583.3612,115.73629999999999,583.3612,107.1995,583.3612,111.7778,583.3612,109.3767
583.8434000000001,115.77159999999999,583.8434000000001,107.18209999999999,583.8434000000001,111.75600000000001,583.8434000000001,109.347
584.3254,115.76279999999998,584.3254,107.1275,584.3254,111.6836,584.3254,109.2988
584.8076,115.72279999999999,584.8076,107.0532,584.8076,111.5821,584.8076,109.2457
585.2897,115.66890000000001,585.2897,106.9792,585.2897,111.47689999999999,585.2897,109.1995
585.7719000000001,115.61460000000001,585.7719000000001,106.91950000000001,585.7719000000001,111.38699999999999,585.7719000000001,109.1644
586.2539,115.56450000000001,586.2539,106.87580000000001,586.2539,111.3186,586.2539,109.13470000000001
586.7361,115.5141,586.7361,106.83840000000001,586.7361,111.2652,586.7361,109.09800000000001
587.2181,115.45239999999998,587.2181,106.78860000000002,587.2181,111.2109,587.2181,109.0386
587.7003,115.37280000000001,587.7003,106.7165,587.7003,111.1461,587.7003,108.95079999999999
588.1824,115.2736,588.1824,106.618,588.1824,111.0668,588.1824,108.83709999999999
588.6646,115.1595,588.6646,106.49789999999999,588.6646,110.97710000000001,588.6646,108.7076
589.1466,115.03969999999998,589.1466,106.3666,589.1466,110.8854,589.1466,108.5755
589.6288000000001,114.9228,589.6288000000001,106.2335,589.6288000000001,110.79870000000001,589.6288000000001,108.4505
590.1107999999999,114.81490000000001,590.1107999999999,106.10459999999999,590.1107999999999,110.7191,590.1107999999999,108.3364
590.593,114.7187,590.593,105.9807,590.593,110.6442,590.593,108.2313
591.0751,114.6358,591.0751,105.8616,591.0751,110.5705,591.0751,108.13159999999999
591.5573,114.5694,591.5573,105.7494,591.5573,110.4984,591.5573,108.0378
592.0393,114.52439999999999,592.0393,105.65119999999999,592.0393,110.4351,592.0393,107.9567
592.5215,114.506,592.5215,105.57700000000001,592.5215,110.39159999999998,592.5215,107.89930000000001
593.0035,114.51500000000001,593.0035,105.535,593.0035,110.37729999999999,593.0035,107.87580000000001
593.4857,114.54580000000001,593.4857,105.5261,593.4857,110.3932,593.4857,107.8881
593.9678,114.58630000000001,593.9678,105.54190000000001,593.9678,110.42909999999999,593.9678,107.92779999999999
594.4499999999999,114.62140000000001,594.4499999999999,105.5665,594.4499999999999,110.46610000000001,594.4499999999999,107.97680000000001
594.932,114.6388,594.932,105.582,594.932,110.483,594.932,108.01400000000001
595.4142,114.6341,595.4142,105.5751,595.4142,110.4644,595.4142,108.0225
595.8961999999999,114.6121,595.8961999999999,105.54190000000001,595.8961999999999,110.40589999999999,595.8961999999999,107.9953
596.3784,114.5844,596.3784,105.4881,596.3784,110.3146,596.3784,107.9368
596.8605,114.56280000000001,596.8605,105.4249,596.8605,110.20479999999999,596.8605,107.85880000000002
597.3427,114.5532,597.3427,105.363,597.3427,110.0908,597.3427,107.7742
597.8247,114.5518,597.8247,105.3074,597.8247,109.98110000000001,597.8247,107.69059999999999
598.3069,114.54729999999999,598.3069,105.25549999999998,598.3069,109.8768,598.3069,107.60780000000001
598.7889,114.5267,598.7889,105.19989999999999,598.7889,109.774,598.7889,107.5199
599.2710999999999,114.48240000000001,599.2710999999999,105.1323,599.2710999999999,109.66890000000001,599.2710999999999,107.42
599.7532,114.41749999999999,599.7532,105.04899999999999,599.7532,109.5626,599.7532,107.3061
600.2354,114.34649999999999,600.2354,104.95270000000001,600.2354,109.4619,600.2354,107.1836
600.7174,114.28989999999999,600.7174,104.8512,600.7174,109.3773,600.7174,107.0641
601.1996,114.26669999999999,601.1996,104.75380000000001,601.1996,109.3179,601.1996,106.9612
601.6816,114.28819999999999,601.6816,104.66709999999999,601.6816,109.28750000000001,601.6816,106.88470000000001
602.1638,114.3553,602.1638,104.593,602.1638,109.28309999999999,602.1638,106.8375
602.6459,114.46069999999999,602.6459,104.5289,602.6459,109.29690000000001,602.6459,106.815
603.1281,114.5924,603.1281,104.46889999999999,603.1281,109.3186,603.1281,106.8067
603.6101,114.7377,603.6101,104.4058,603.6101,109.3389,603.6101,106.7999
604.0923,114.8854,604.0923,104.3316,604.0923,109.3492,604.0923,106.78160000000001
604.5743,115.025,604.5743,104.2374,604.5743,109.34219999999999,604.5743,106.741
605.0565,115.1465,605.0565,104.1136,605.0565,109.3094,605.0565,106.6696
605.5386000000001,115.24000000000001,605.5386000000001,103.952,605.5386000000001,109.243,605.5386000000001,106.56209999999999
606.0208,115.2979,606.0208,103.74810000000001,606.0208,109.1373,606.0208,106.4174
606.5029,115.3181,606.5029,103.5048,606.5029,108.99270000000001,606.5029,106.23910000000001
606.985,115.30610000000001,606.985,103.2338,606.985,108.818,606.985,106.0359
607.4671000000001,115.27449999999999,607.4671000000001,102.9544,607.4671000000001,108.6292,607.4671000000001,105.82050000000001
607.9492,115.23889999999999,607.9492,102.6885,607.9492,108.4454,607.9492,105.60640000000001
608.4313,115.212,608.4313,102.4549,608.4313,108.2825,608.4313,105.4053
608.9135,115.1986,608.9135,102.26409999999998,608.9135,108.14829999999999,608.9135,105.2242
609.3956000000001,115.19409999999999,609.3956000000001,102.1169,609.3956000000001,108.0409,609.3956000000001,105.0659
609.8777,115.18790000000001,609.8777,102.00769999999999,609.8777,107.9522,609.8777,104.93110000000001
610.3598,115.1696,610.3598,101.929,610.3598,107.8744,610.3598,104.8214
610.8419,115.13640000000001,610.8419,101.878,610.8419,107.80669999999999,610.8419,104.7425
611.3240000000001,115.0955,611.3240000000001,101.8586,611.3240000000001,107.7577,611.3240000000001,104.7037
611.8062,115.0628,611.8062,101.8802,611.8062,107.74300000000001,611.8062,104.7158
612.2882999999999,115.0555,612.2882999999999,101.9528,612.2882999999999,107.779,612.2882999999999,104.7858
612.7704,115.08460000000001,612.7704,102.0803,612.7704,107.8742,612.7704,104.91269999999999
613.2525,115.1491,613.2525,102.2571,613.2525,108.0244,613.2525,105.08619999999999
613.7346,115.23589999999999,613.7346,102.46789999999999,613.7346,108.21300000000001,613.7346,105.2879
614.2167,115.3244,614.2167,102.6923,614.2167,108.4162,614.2167,105.4965
614.6989,115.3945,614.6989,102.9105,614.6989,108.6109,614.6989,105.694
615.181,115.4336,615.181,103.1101,615.181,108.782,615.181,105.87
615.6631,115.44019999999999,615.6631,103.28779999999999,615.6631,108.92580000000001,615.6631,106.0229
616.1451999999999,115.4225,616.1451999999999,103.44789999999999,616.1451999999999,109.04769999999999,616.1451999999999,106.15790000000001
616.6273,115.39329999999998,616.6273,103.59830000000001,616.6273,109.157,616.6273,106.2824
617.1094,115.36439999999999,617.1094,103.7454,617.1094,109.2611,617.1094,106.40220000000001
617.5916,115.3421,617.5916,103.891,617.5916,109.3618,617.5916,106.51950000000001
618.0736999999999,115.3269,618.0736999999999,104.0324,618.0736999999999,109.4563,618.0736999999999,106.63380000000001
618.5558000000001,115.3156,618.5558000000001,104.16510000000001,618.5558000000001,109.53999999999999,618.5558000000001,106.7442
619.0379,115.3048,619.0379,104.2864,619.0379,109.61099999999999,619.0379,106.8517
619.52,115.2928,619.52,104.39659999999999,619.52,109.67150000000001,619.52,106.9593
620.0020999999999,115.27940000000001,620.0020999999999,104.49869999999999,620.0020999999999,109.72599999999998,620.0020999999999,107.06960000000001
620.4843000000001,115.2638,620.4843000000001,104.5953,620.4843000000001,109.7781,620.4843000000001,107.1823
620.9664,115.24369999999999,620.9664,104.68660000000001,620.9664,109.82750000000001,620.9664,107.2919
621.4485,115.2158,621.4485,104.77000000000001,621.4485,109.8698,621.4485,107.3892
621.9305999999999,115.17759999999998,621.9305999999999,104.8426,621.9305999999999,109.8989,621.9305999999999,107.4645
622.4127,115.13009999999998,622.4127,104.90330000000002,622.4127,109.9115,622.4127,107.51219999999999
622.8948,115.07860000000001,622.8948,104.95509999999999,622.8948,109.90960000000001,622.8948,107.53399999999999
623.377,115.0314,623.377,105.0041,623.377,109.9005,623.377,107.5375
623.8590999999999,114.9966,623.8590999999999,105.0562,623.8590999999999,109.894,623.8590999999999,107.53379999999999
624.3412000000001,114.9778,624.3412000000001,105.11399999999999,624.3412000000001,109.89770000000001,624.3412000000001,107.5323
624.8233,114.97269999999999,624.8233,105.1739,624.8233,109.91329999999999,624.8233,107.53710000000001
625.3054,114.9731,625.3054,105.2268,625.3054,109.9362,625.3054,107.54589999999999
625.7875,114.9694,625.7875,105.26180000000001,625.7875,109.9574,625.7875,107.55239999999999
626.2697000000001,114.9547,626.2697000000001,105.2707,626.2697000000001,109.9685,626.2697000000001,107.5501
626.7518,114.9279,626.7518,105.2524,626.7518,109.96509999999999,626.7518,107.53600000000002
627.2339,114.89340000000001,627.2339,105.21249999999999,627.2339,109.94800000000001,627.2339,107.51180000000001
627.716,114.8576,627.716,105.16049999999998,627.716,109.9213,627.716,107.48230000000001
628.1981,114.82459999999999,628.1981,105.10539999999999,628.1981,109.8886,628.1981,107.4518
628.6802,114.79330000000002,628.6802,105.0519,628.6802,109.85020000000002,628.6802,107.42180000000002
629.1623999999999,114.7572,629.1623999999999,104.9995,629.1623999999999,109.80270000000002,629.1623999999999,107.3899
629.6445,114.70750000000001,629.6445,104.94369999999999,629.6445,109.7413,629.6445,107.3512
630.1266,114.6376,630.1266,104.8797,630.1266,109.6632,630.1266,107.301
630.6087,114.54679999999999,630.6087,104.80480000000001,630.6087,109.5705,630.6087,107.2376
631.0908000000001,114.4406,631.0908000000001,104.72019999999999,631.0908000000001,109.4703,631.0908000000001,107.1628
631.5729,114.3292,631.5729,104.6299,631.5729,109.3728,631.5729,107.0816
632.0551,114.22380000000001,632.0551,104.53909999999999,632.0551,109.28770000000002,632.0551,107.0
632.5372,114.1338,632.5372,104.45219999999999,632.5372,109.22149999999999,632.5372,106.9237
633.0193,114.0648,633.0193,104.3723,633.0193,109.1762,633.0193,106.85759999999999
633.5014,114.01969999999999,633.5014,104.30250000000001,633.5014,109.1512,633.5014,106.8062
633.9834999999999,113.99980000000001,633.9834999999999,104.2465,633.9834999999999,109.1448,633.9834999999999,106.77449999999999
634.4656,114.0064,634.4656,104.2092,634.4656,109.1565,634.4656,106.7671
634.9478,114.03920000000001,634.9478,104.19510000000001,634.9478,109.18589999999999,634.9478,106.7869
635.4299,114.0957,635.4299,104.20570000000001,635.4299,109.2315,635.4299,106.83229999999999
635.912,114.1683,635.912,104.2368,635.912,109.2869,635.912,106.89500000000001
636.3941,114.2451,636.3941,104.2783,636.3941,109.34079999999999,636.3941,106.96090000000001
636.8762,114.3113,636.8762,104.3159,636.8762,109.378,636.8762,107.01270000000001
637.3583,114.35379999999999,637.3583,104.3355,637.3583,109.38380000000001,637.3583,107.0349
637.8405,114.3656,637.8405,104.3279,637.8405,109.34889999999999,637.8405,107.0191
638.3226,114.3475,638.3226,104.2914,638.3226,109.27279999999999,638.3226,106.96589999999999
638.8047,114.3073,638.8047,104.23199999999999,638.8047,109.16399999999999,638.8047,106.884
639.2868,114.25589999999998,639.2868,104.1596,639.2868,109.03719999999998,639.2868,106.78639999999999
639.7689,114.2032,639.7689,104.08409999999999,639.7689,108.90789999999998,639.7689,106.68459999999999
640.2510000000001,114.1547,640.2510000000001,104.012,640.2510000000001,108.7893,640.2510000000001,106.586
640.7332,114.1114,640.7332,103.9451,640.7332,108.6887,640.7332,106.4922
641.2153,114.07169999999999,641.2153,103.8818,641.2153,108.6091,641.2153,106.4018
641.6974,114.03479999999999,641.6974,103.82039999999999,641.6974,108.55,641.6974,106.3137
642.1795000000001,114.0034,642.1795000000001,103.762,642.1795000000001,108.5111,642.1795000000001,106.23070000000001
642.6616,113.98250000000002,642.6616,103.71030000000002,642.6616,108.49230000000001,642.6616,106.1599
643.1437,113.9777,643.1437,103.6708,643.1437,108.4938,643.1437,106.1104
643.6259,113.9912,643.6259,103.6471,643.6259,108.51440000000001,643.6259,106.0898
644.1080000000001,114.02000000000001,644.1080000000001,103.63929999999999,644.1080000000001,108.5505,644.1080000000001,106.0997
644.5901,114.0562,644.5901,103.6425,644.5901,108.59589999999999,644.5901,106.13459999999999
645.0722,114.09039999999999,645.0722,103.64869999999999,645.0722,108.6447,645.0722,106.18270000000001
645.5543,114.1161,645.5543,103.6504,645.5543,108.69279999999999,645.5543,106.23020000000001
646.0364000000001,114.1325,646.0364000000001,103.6433,646.0364000000001,108.74029999999999,646.0364000000001,106.26580000000001
646.5186,114.14519999999999,646.5186,103.6279,646.5186,108.7902,646.5186,106.284
647.0006999999999,114.1628,647.0006999999999,103.60830000000001,647.0006999999999,108.8466,647.0006999999999,106.2856
647.4828,114.1929,647.4828,103.58989999999999,647.4828,108.91090000000001,647.4828,106.27590000000001
647.9649000000001,114.2383,647.9649000000001,103.57670000000002,647.9649000000001,108.98049999999999,647.9649000000001,106.26230000000001
648.447,114.2954,648.447,103.5696,648.447,109.0487,648.447,106.25089999999999
648.9291,114.35629999999999,648.9291,103.5663,648.9291,109.1073,648.9291,106.24480000000001
649.4113000000001,114.412,649.4113000000001,103.5627,649.4113000000001,109.15010000000001,649.4113000000001,106.24430000000001
649.8934,114.45609999999999,649.8934,103.5554,649.8934,109.1755,649.8934,106.247
650.3755,114.4865,650.3755,103.54209999999999,650.3755,109.18650000000001,650.3755,106.2497
650.8575999999999,114.504,650.8575999999999,103.5233,650.8575999999999,109.1883,650.8575999999999,106.2492
651.3397,114.50990000000002,651.3397,103.5004,651.3397,109.18589999999999,651.3397,106.2435
651.8218,114.50420000000001,651.8218,103.4767,651.8218,109.182,651.8218,106.2325
652.304,114.48499999999999,652.304,103.4559,652.304,109.17710000000001,652.304,106.21879999999999
652.7860999999999,114.4502,652.7860999999999,103.44389999999999,652.7860999999999,109.1721,652.7860999999999,106.2087
653.2682,114.39980000000001,653.2682,103.4486,653.2682,109.17060000000001,653.2682,106.2108
653.7503,114.33789999999999,653.7503,103.47850000000001,653.7503,109.1799,653.7503,106.2351
654.2324,114.27179999999998,654.2324,103.5415,654.2324,109.20920000000001,654.2324,106.2894
654.7145,114.2103,654.7145,103.6413,654.7145,109.2666,654.7145,106.37650000000001
655.1967000000001,114.16040000000001,655.1967000000001,103.77449999999999,655.1967000000001,109.3545,655.1967000000001,106.4917
655.6788,114.12580000000001,655.6788,103.9307,655.6788,109.4681,655.6788,106.6238
656.1609,114.1057,656.1609,104.09379999999999,656.1609,109.59570000000001,656.1609,106.7575
656.643,114.09670000000001,656.643,104.24690000000001,656.643,109.7224,656.643,106.8784
657.1251,114.09469999999999,657.1251,104.37669999999999,657.1251,109.8352,657.1251,106.9772
657.6072,114.0968,657.6072,104.4776,657.6072,109.92649999999999,657.6072,107.0525
658.0894,114.10100000000001,658.0894,104.55069999999999,658.0894,109.9946,658.0894,107.10889999999999
658.5715,114.10480000000001,658.5715,104.6026,658.5715,110.04220000000001,658.5715,107.1547
659.0536,114.104,659.0536,104.6405,659.0536,110.07279999999999,659.0536,107.1964
659.5357,114.0922,659.5357,104.6695,659.5357,110.0886,659.5357,107.2365
660.0178,114.06190000000001,660.0178,104.6913,660.0178,110.09,660.0178,107.27279999999999
660.4999,114.0082,660.4999,104.7053,660.4999,110.0774,660.4999,107.30090000000001
660.9821000000001,113.9309,660.9821000000001,104.7113,660.9821000000001,110.0532,660.9821000000001,107.31710000000001
661.4642,113.8362,661.4642,104.71140000000001,661.4642,110.0233,661.4642,107.3213
661.9463,113.7349,661.9463,104.71029999999999,661.9463,109.99589999999999,661.9463,107.31729999999999
662.4284,113.63929999999999,662.4284,104.7143,662.4284,109.979,662.4284,107.3119
662.9105,113.5594,662.9105,104.7288,662.9105,109.97760000000001,662.9105,107.3119
663.3926,113.5,663.3926,104.7566,663.3926,109.9925,663.3926,107.3224
663.8747999999999,113.46039999999999,663.8747999999999,104.7979,663.8747999999999,110.02099999999999,663.8747999999999,107.3458
664.3569,113.43639999999999,664.3569,104.8512,664.3569,110.0593,664.3569,107.3833
664.839,113.4228,664.839,104.91489999999999,664.839,110.1047,664.839,107.43480000000001
665.3211,113.4151,665.3211,104.9873,665.3211,110.1562,665.3211,107.4995
665.8032000000001,113.40969999999999,665.8032000000001,105.0649,665.8032000000001,110.2118,665.8032000000001,107.5747
666.2853,113.403,666.2853,105.1412,666.2853,110.26689999999999,666.2853,107.6541
666.7675,113.3906,666.7675,105.20570000000001,666.7675,110.31200000000001,666.7675,107.72649999999999
667.2496,113.36850000000001,667.2496,105.2472,667.2496,110.3358,667.2496,107.7791
667.7317,113.337,667.7317,105.2636,667.7317,110.33409999999999,667.7317,107.8057
668.2138,113.30510000000001,668.2138,105.2743,668.2138,110.3215,668.2138,107.8198
668.6958999999999,113.2863,668.6958999999999,105.31230000000001,668.6958999999999,110.3262,668.6958999999999,107.8494
669.178,113.283,669.178,105.3857,669.178,110.3612,669.178,107.9077
669.6602,113.28469999999999,669.6602,105.47070000000001,669.6602,110.4152,669.6602,107.9836
670.1423,113.28190000000001,670.1423,105.5472,670.1423,110.47610000000002,670.1423,108.06389999999999
670.6244,113.27229999999999,670.6244,105.6119,670.6244,110.5397,670.6244,108.14379999999998
671.1065,113.2555,671.1065,105.6686,671.1065,110.6038,671.1065,108.2206
671.5886,113.23,671.5886,105.71770000000001,671.5886,110.6622,671.5886,108.28850000000001
672.0707,113.1939,672.0707,105.75540000000001,672.0707,110.70549999999999,672.0707,108.338
672.5529,113.1469,672.5529,105.7761,672.5529,110.72550000000001,672.5529,108.36110000000001
673.035,113.09290000000001,673.035,105.7776,673.035,110.7205,673.035,108.35520000000001
673.5171,113.0395,673.5171,105.7637,673.5171,110.697,673.5171,108.3262
673.9992,112.9958,673.9992,105.74300000000001,673.9992,110.66739999999999,673.9992,108.28649999999999
674.4812999999999,112.96809999999999,674.4812999999999,105.7266,674.4812999999999,110.6448,674.4812999999999,108.25039999999998
674.9634000000001,112.95759999999999,674.9634000000001,105.72330000000001,674.9634000000001,110.6371,674.9634000000001,108.2292
675.4456,112.9599,675.4456,105.73760000000001,675.4456,110.64560000000002,675.4456,108.2282
675.9277,112.9675,675.9277,105.7693,675.9277,110.6662,675.9277,108.247
676.4098,112.9729,676.4098,105.8151,676.4098,110.6937,676.4098,108.2824
676.8919000000001,112.97299999999998,676.8919000000001,105.87089999999999,676.8919000000001,110.72619999999999,676.8919000000001,108.33070000000001
677.374,112.9696,677.374,105.93289999999999,677.374,110.7665,677.374,108.3899
677.8561,112.96839999999999,677.8561,105.99849999999999,677.8561,110.81989999999999,677.8561,108.4594
678.3383,112.97630000000001,678.3383,106.06500000000001,678.3383,110.89070000000001,678.3383,108.538
678.8204000000001,112.99730000000001,678.8204000000001,106.1285,678.8204000000001,110.97729999999999,678.8204000000001,108.62240000000001
679.3025,113.03080000000001,679.3025,106.18419999999999,679.3025,111.07119999999999,679.3025,108.70599999999999
679.7846,113.0714,679.7846,106.22659999999999,679.7846,111.15820000000001,679.7846,108.78000000000002
680.2666999999999,113.1103,680.2666999999999,106.25150000000001,680.2666999999999,111.223,680.2666999999999,108.83590000000001
680.7488000000001,113.13839999999999,680.7488000000001,106.25739999999999,680.7488000000001,111.2545,680.7488000000001,108.8673
681.231,113.1482,681.231,106.24549999999999,681.231,111.2492,681.231,108.8714
681.7130999999999,113.1354,681.7130999999999,106.21879999999999,681.7130999999999,111.2111,681.7130999999999,108.8492
682.1952,113.0992,682.1952,106.18019999999999,682.1952,111.1491,682.1952,108.8029
682.6773000000001,113.0416,682.6773000000001,106.13170000000001,682.6773000000001,111.0736,682.6773000000001,108.7355
683.1594,112.9672,683.1594,106.0742,683.1594,110.9933,683.1594,108.6506
683.6415,112.8829,683.6415,106.0085,683.6415,110.91470000000001,683.6415,108.55250000000001
684.1237,112.7976,684.1237,105.93639999999999,684.1237,110.8428,684.1237,108.4476
684.6058,112.72059999999999,684.6058,105.86120000000001,684.6058,110.7814,684.6058,108.3437
685.0879,112.6598,685.0879,105.7865,685.0879,110.7334,685.0879,108.24799999999999
685.5699999999999,112.6192,685.5699999999999,105.7155,685.5699999999999,110.6995,685.5699999999999,108.16539999999999
686.0521,112.59859999999999,686.0521,105.64869999999999,686.0521,110.6776,686.0521,108.09599999999999
686.5342,112.59349999999999,686.5342,105.58460000000001,686.5342,110.6627,686.5342,108.03560000000002
687.0164,112.59710000000001,687.0164,105.5202,687.0164,110.6473,687.0164,107.97699999999999
687.4984999999999,112.60289999999999,687.4984999999999,105.45230000000001,687.4984999999999,110.6243,687.4984999999999,107.9131
687.9806,112.6063,687.9806,105.3785,687.9806,110.5889,687.9806,107.83890000000001
688.4627,112.6056,688.4627,105.2977,688.4627,110.5402,688.4627,107.75300000000001
688.9448,112.6008,688.9448,105.20819999999999,688.9448,110.4803,688.9448,107.6566
689.4268999999999,112.59190000000001,689.4268999999999,105.1071,689.4268999999999,110.4124,689.4268999999999,107.5513
689.9091000000001,112.5769,689.9091000000001,104.98970000000001,689.9091000000001,110.33800000000001,689.9091000000001,107.43700000000001
690.3912,112.55169999999998,690.3912,104.8511,690.3912,110.2563,690.3912,107.3119
690.8733,112.5114,690.8733,104.6885,690.8733,110.16490000000002,690.8733,107.17360000000001
691.3553999999999,112.4522,691.3553999999999,104.5044,691.3553999999999,110.0623,691.3553999999999,107.0222
691.8375,112.3737,691.8375,104.3074,691.8375,109.95049999999999,691.8375,106.8618
692.3196,112.27879999999999,692.3196,104.1114,692.3196,109.83579999999999,692.3196,106.7011
692.8018,112.17250000000001,692.8018,103.9318,692.8018,109.7277,692.8018,106.5514
693.2838999999999,112.0597,693.2838999999999,103.78190000000001,693.2838999999999,109.63510000000001,693.2838999999999,106.42320000000001
693.766,111.9428,693.766,103.6695,693.766,109.5639,693.766,106.3235
694.2481,111.82209999999999,694.2481,103.59700000000001,694.2481,109.5145,694.2481,106.25469999999999
694.7302,111.6968,694.7302,103.56289999999998,694.7302,109.4826,694.7302,106.2161
695.2123,111.56729999999999,695.2123,103.5639,695.2123,109.4617,695.2123,106.20490000000001
695.6945000000001,111.43719999999999,695.6945000000001,103.59769999999999,695.6945000000001,109.446,695.6945000000001,106.21910000000001
696.1766,111.3133,696.1766,103.6626,696.1766,109.4323,696.1766,106.25800000000001
696.6587,111.2032,696.6587,103.7564,696.6587,109.4205,696.6587,106.32079999999999
697.1408,111.1123,697.1408,103.8745,697.1408,109.41130000000001,697.1408,106.405
697.6229,111.0415,697.6229,104.0084,697.6229,109.4046,697.6229,106.5044
698.105,110.9864,698.105,104.1466,698.105,109.398,698.105,106.60929999999999
698.5871999999999,110.9396,698.5871999999999,104.2764,698.5871999999999,109.3871,698.5871999999999,106.70759999999999
699.0693,110.89320000000001,699.0693,104.38810000000001,699.0693,109.3679,699.0693,106.78860000000002
699.5514000000001,110.84240000000001,699.5514000000001,104.4773,699.5514000000001,109.3386,699.5514000000001,106.8456
700.0335,110.7866,700.0335,104.5456,700.0335,109.3013,700.0335,106.8777
700.5156000000001,110.72850000000001,700.5156000000001,104.59819999999999,700.5156000000001,109.2603,700.5156000000001,106.88889999999999
700.9977,110.6711,700.9977,104.64039999999999,700.9977,109.2196,700.9977,106.88459999999999
701.4799,110.61510000000001,701.4799,104.6733,701.4799,109.1801,701.4799,106.8691
701.962,110.5575,701.962,104.69269999999999,701.962,109.1378,701.962,106.8426
702.4441,110.49210000000001,702.4441,104.69,702.4441,109.08439999999999,702.4441,106.80199999999999
702.9262,110.41250000000001,702.9262,104.6567,702.9262,109.011,702.9262,106.74289999999999
703.4082999999999,110.31500000000001,703.4082999999999,104.5882,703.4082999999999,108.9113,703.4082999999999,106.66260000000001
703.8904,110.20129999999999,703.8904,104.4872,703.8904,108.78509999999999,703.8904,106.5626
704.3726,110.0778,704.3726,104.3631,704.3726,108.6385,704.3726,106.44839999999999
704.8547,109.95379999999999,704.8547,104.2294,704.8547,108.48219999999999,704.8547,106.32809999999999
705.3368,109.8377,705.3368,104.0993,705.3368,108.32710000000002,705.3368,106.20920000000001
705.8189,109.73429999999999,705.8189,103.98160000000001,705.8189,108.1817,705.8189,106.0964
706.301,109.6433,706.301,103.88,706.301,108.0492,706.301,105.99099999999999
706.7831,109.5604,706.7831,103.79339999999999,706.7831,107.9288,706.7831,105.89170000000001
707.2653,109.4788,707.2653,103.71820000000001,707.2653,107.81639999999999,707.2653,105.796
707.7474,109.3917,707.7474,103.6505,707.7474,107.707,707.7474,105.7019
708.2295,109.2942,708.2295,103.5878,708.2295,107.59669999999998,708.2295,105.6084
708.7116,109.1833,708.7116,103.5289,708.7116,107.48310000000001,708.7116,105.5157
709.1936999999999,109.0584,709.1936999999999,103.4733,709.1936999999999,107.3654,709.1936999999999,105.42339999999999
709.6758,108.91999999999999,709.6758,103.42070000000001,709.6758,107.2442,709.6758,105.33109999999999
710.158,108.76939999999999,710.158,103.37019999999998,710.158,107.12129999999999,710.158,105.2379
710.6401,108.6089,710.6401,103.3215,710.6401,106.99929999999999,710.6401,105.14300000000001
711.1222,108.4406,711.1222,103.27420000000001,711.1222,106.8815,711.1222,105.0464
711.6043000000001,108.26610000000001,711.6043000000001,103.2281,711.6043000000001,106.7706,711.6043000000001,104.94879999999999
712.0864,108.08519999999999,712.0864,103.1826,712.0864,106.6673,712.0864,104.8506
712.5685,107.8953,712.5685,103.1352,712.5685,106.56889999999999,712.5685,104.7514
713.0507,107.691,713.0507,103.08170000000001,713.0507,106.4687,713.0507,104.6489
713.5328000000001,107.4652,713.5328000000001,103.0163,713.5328000000001,106.3576,713.5328000000001,104.5395
714.0149,107.21119999999999,714.0149,102.9336,714.0149,106.2255,714.0149,104.4192
714.497,106.9242,714.497,102.8303,714.497,106.0649,714.497,104.2851
714.9791,106.60350000000001,714.9791,102.70660000000001,714.9791,105.87299999999999,714.9791,104.1364
715.4612,106.2522,715.4612,102.5665,715.4612,105.65199999999999,715.4612,103.97449999999999
715.9434,105.87629999999999,715.9434,102.41560000000001,715.9434,105.4084,715.9434,103.8019
716.4254999999999,105.4832,716.4254999999999,102.2591,716.4254999999999,105.1507,716.4254999999999,103.62070000000001
716.9076,105.081,716.9076,102.1002,716.9076,104.88690000000001,716.9076,103.43199999999999
717.3897000000001,104.6781,717.3897000000001,101.93939999999999,717.3897000000001,104.62389999999999,717.3897000000001,103.2364
717.8718,104.28450000000001,717.8718,101.7766,717.8718,104.3674,717.8718,103.03500000000001
718.3539,103.9126,718.3539,101.6128,718.3539,104.1237,718.3539,102.8322
718.8361,103.5762,718.8361,101.4516,718.8361,103.89999999999999,718.8361,102.635
719.3182,103.28900000000002,719.3182,101.3004,719.3182,103.7037,719.3182,102.4538
719.8003,103.06070000000001,719.8003,101.1671,719.8003,103.54090000000001,719.8003,102.29809999999999
720.2823999999999,102.8945,720.2823999999999,101.05770000000001,720.2823999999999,103.41409999999999,720.2823999999999,102.17439999999999
720.7645,102.78620000000001,720.7645,100.97290000000001,720.7645,103.3204,720.7645,102.08330000000001
721.2466000000001,102.7255,721.2466000000001,100.9073,721.2466000000001,103.2524,721.2466000000001,102.01899999999999
721.7288,102.6999,721.7288,100.851,721.7288,103.2003,721.7288,101.97210000000001
722.2108999999999,102.6983,722.2108999999999,100.7931,722.2108999999999,103.15559999999999,722.2108999999999,101.93209999999999
722.693,102.714,722.693,100.72460000000001,722.693,103.11250000000001,722.693,101.8903
723.1751,102.74449999999999,723.1751,100.6403,723.1751,103.06930000000001,723.1751,101.8408
723.6572,102.7908,723.6572,100.5387,723.6572,103.0265,723.6572,101.78009999999999
724.1393,102.8542,724.1393,100.4208,724.1393,102.9853,724.1393,101.7063
724.6215000000001,102.9342,724.6215000000001,100.2889,724.6215000000001,102.94529999999999,724.6215000000001,101.61819999999999
725.1036,103.0268,725.1036,100.14639999999999,725.1036,102.9053,725.1036,101.5158
725.5857,103.1252,725.5857,99.99772,725.5857,102.8633,725.5857,101.40199999999999
726.0678,103.22070000000001,726.0678,99.84916,726.0678,102.81949999999999,726.0678,101.28349999999999
726.5499,103.30600000000001,726.5499,99.70979,726.5499,102.7774,726.5499,101.17160000000001
727.032,103.37670000000001,727.032,99.5909,727.032,102.7446,727.032,101.08090000000001
727.5142,103.43299999999999,727.5142,99.5044,727.5142,102.73159999999999,727.5142,101.02640000000001
727.9963,103.47999999999999,727.9963,99.46114,727.9963,102.7491,727.9963,101.02
728.4784,103.5258,728.4784,99.46870000000001,728.4784,102.80510000000001,728.4784,101.0682
728.9605,103.58030000000001,728.9605,99.53045,728.9605,102.9029,728.9605,101.1705
729.4426,103.65230000000001,729.4426,99.64508000000001,729.4426,103.04050000000001,729.4426,101.32000000000001
729.9247,103.74779999999998,729.9247,99.80688,729.9247,103.2108,729.9247,101.5057
730.4069000000001,103.86850000000001,730.4069000000001,100.0065,730.4069000000001,103.40370000000001,730.4069000000001,101.7145
730.889,104.01069999999999,730.889,100.2321,730.889,103.6074,730.889,101.9338
731.3711,104.1662,731.3711,100.46969999999999,731.3711,103.8097,731.3711,102.152
731.8532,104.3233,731.8532,100.7042,731.8532,103.9987,731.8532,102.3591
732.3353,104.4688,732.3353,100.9199,732.3353,104.1626,732.3353,102.5455
732.8174,104.5911,732.8174,101.10220000000001,732.8174,104.2899,732.8174,102.7021
733.2995999999999,104.6815,733.2995999999999,101.23880000000001,733.2995999999999,104.37110000000001,733.2995999999999,102.8197
733.7817,104.7361,733.7817,101.3217,733.7817,104.39970000000001,733.7817,102.89150000000001
734.2638,104.7559,734.2638,101.3481,734.2638,104.3742,734.2638,102.9134
734.7459,104.74589999999999,734.7459,101.3205,734.7459,104.29809999999999,734.7459,102.88550000000001
735.2280000000001,104.7126,735.2280000000001,101.24489999999999,735.2280000000001,104.17939999999999,735.2280000000001,102.8111
735.7101,104.66210000000001,735.7101,101.1283,735.7101,104.02759999999999,735.7101,102.69600000000001
736.1923,104.5984,736.1923,100.97719999999998,736.1923,103.8519,736.1923,102.5461
736.6744,104.5243,736.6744,100.7964,736.6744,103.65930000000002,736.6744,102.367
737.1565,104.441,737.1565,100.59,737.1565,103.4549,737.1565,102.1636
737.6386,104.3506,737.6386,100.36229999999999,737.6386,103.2422,737.6386,101.94069999999999
738.1206999999999,104.2556,738.1206999999999,100.11840000000001,738.1206999999999,103.02459999999999,738.1206999999999,101.7031
738.6028,104.15939999999999,738.6028,99.86421,738.6028,102.80499999999999,738.6028,101.45580000000001
739.085,104.06450000000001,739.085,99.60443,739.085,102.5862,739.085,101.2024
739.5671,103.972,739.5671,99.34178,739.5671,102.3692,739.5671,100.9454
740.0491999999999,103.88109999999999,740.0491999999999,99.0762,740.0491999999999,102.15339999999999,740.0491999999999,100.68520000000001
740.5313,103.79020000000001,740.5313,98.80605,740.5313,101.9371,740.5313,100.4218
741.0134,103.6988,741.0134,98.53023999999999,741.0134,101.71870000000001,741.0134,100.1559
741.4955,103.60879999999999,741.4955,98.25043000000001,741.4955,101.49900000000001,741.4955,99.8904
741.9777,103.5253,741.9777,97.97209000000001,741.9777,101.28200000000001,741.9777,99.63096999999999
742.4598,103.4551,742.4598,97.70397,742.4598,101.0748,742.4598,99.38499
742.9419,103.40469999999999,742.9419,97.4559,742.9419,100.8864,742.9419,99.15977
743.424,103.3776,743.424,97.23649999999999,743.424,100.7247,743.424,98.96117000000001
743.9060999999999,103.37320000000001,743.9060999999999,97.05177,743.9060999999999,100.5956,743.9060999999999,98.79288000000001
744.3882,103.3869,744.3882,96.90498,744.3882,100.5015,744.3882,98.65705
744.8704,103.41210000000001,744.8704,96.798,744.8704,100.44239999999999,744.8704,98.55562
745.3525,103.4427,745.3525,96.73282999999999,745.3525,100.4175,745.3525,98.49168
745.8346,103.47550000000001,745.8346,96.71249,745.8346,100.4264,745.8346,98.46964
746.3167000000001,103.5107,746.3167000000001,96.74073999999999,746.3167000000001,100.4703,746.3167000000001,98.49429
746.7988,103.5513,746.7988,96.82076,746.7988,100.55160000000001,746.7988,98.56895
747.2809,103.6009,747.2809,96.95318999999999,747.2809,100.6721,747.2809,98.69367
747.7631,103.6618,747.7631,97.13490999999999,747.7631,100.8316,747.7631,98.864
748.2452000000001,103.73360000000001,748.2452000000001,97.35877,748.2452000000001,101.0258,748.2452000000001,99.0715
748.7273,103.8136,748.7273,97.61425,748.7273,101.2462,748.7273,99.3047
749.2094,103.898,749.2094,97.88947999999999,749.2094,101.48140000000001,749.2094,99.55167
749.6914999999999,103.9838,749.6914999999999,98.17321,749.6914999999999,101.7188,749.6914999999999,99.80188999999999
750.1736,104.06949999999999,750.1736,98.45644999999999,750.1736,101.94760000000001,750.1736,100.048
750.6558,104.15589999999999,750.6558,98.73301,750.6558,102.16099999999999,750.6558,100.2857
751.1379,104.2447,751.1379,98.99889,751.1379,102.35650000000001,751.1379,100.51339999999999
751.62,104.3371,751.62,99.2512,751.62,102.53540000000001,751.62,100.7307
752.1021000000001,104.4336,752.1021000000001,99.48747,752.1021000000001,102.7012,752.1021000000001,100.93749999999999
752.5842,104.53300000000002,752.5842,99.7055,752.5842,102.858,752.5842,101.1336
753.0663,104.6337,753.0663,99.90420999999999,753.0663,103.009,753.0663,101.3193
753.5485,104.734,753.5485,100.0844,753.5485,103.15669999999999,753.5485,101.4958
754.0306,104.83260000000001,754.0306,100.2491,754.0306,103.302,754.0306,101.6651
754.5127,104.9288,754.5127,100.40249999999999,754.5127,103.4445,754.5127,101.829
754.9947999999999,105.02130000000001,754.9947999999999,100.54849999999999,754.9947999999999,103.58279999999999,754.9947999999999,101.98799999999999
755.4769,105.108,755.4769,100.6888,755.4769,103.71390000000001,755.4769,102.1402
755.9590000000001,105.186,755.9590000000001,100.8227,755.9590000000001,103.8343,755.9590000000001,102.2816
756.4412,105.2523,756.4412,100.9474,756.4412,103.9404,756.4412,102.4071
756.9232999999999,105.3059,756.9232999999999,101.05980000000001,756.9232999999999,104.02940000000001,756.9232999999999,102.5129
757.4054,105.3483,757.4054,101.1583,757.4054,104.10079999999999,757.4054,102.59830000000001
757.8875,105.38380000000001,757.8875,101.24329999999999,757.8875,104.1555,757.8875,102.66550000000001
758.3696,105.4179,758.3696,101.3169,758.3696,104.19590000000001,758.3696,102.71900000000001
758.8516999999999,105.4556,758.8516999999999,101.38130000000001,758.8516999999999,104.22439999999999,758.8516999999999,102.76339999999999
759.3339000000001,105.4991,759.3339000000001,101.43709999999999,759.3339000000001,104.24249999999999,759.3339000000001,102.80069999999999
759.816,105.5478,759.816,101.48310000000001,759.816,104.25089999999999,759.816,102.83070000000001
760.2981,105.59819999999999,760.2981,101.516,760.2981,104.2495,760.2981,102.8505
760.7801999999999,105.6476,760.7801999999999,101.53509999999999,760.7801999999999,104.2415,760.7801999999999,102.8593
761.2623,105.6951,761.2623,101.5415,761.2623,104.2316,761.2623,102.85839999999999
761.7444,105.7426,761.7444,101.53920000000001,761.7444,104.22659999999999,761.7444,102.8527
762.2266,105.7943,762.2266,101.5342,762.2266,104.23370000000001,762.2266,102.8491
762.7086999999999,105.85530000000001,762.7086999999999,101.53229999999999,762.7086999999999,104.2581,762.7086999999999,102.85489999999999
763.1908,105.9289,763.1908,101.53760000000001,763.1908,104.3018,763.1908,102.8749
763.6729,106.0155,763.6729,101.5512,763.6729,104.3629,763.6729,102.9103
764.155,106.1126,764.155,101.5724,764.155,104.4365,764.155,102.95870000000001
764.6371,106.2152,764.6371,101.59949999999999,764.6371,104.5169,764.6371,103.0159
765.1193000000001,106.3183,765.1193000000001,101.6315,765.1193000000001,104.5996,765.1193000000001,103.0775
765.6014,106.41799999999999,765.6014,101.6696,765.6014,104.68249999999999,765.6014,103.1414
766.0835,106.512,766.0835,101.7161,766.0835,104.76639999999999,766.0835,103.20769999999999
766.5656,106.5993,766.5656,101.77369999999999,766.5656,104.85359999999999,766.5656,103.2786
767.0477,106.67880000000001,767.0477,101.844,767.0477,104.9461,767.0477,103.3563
767.5298,106.7494,767.5298,101.92660000000001,767.5298,105.04480000000001,767.5298,103.44279999999999
768.012,106.8097,768.012,102.0199,768.012,105.1493,768.012,103.5387
768.4941,106.8592,768.4941,102.12190000000001,768.4941,105.2584,768.4941,103.6441
768.9762,106.8997,768.9762,102.2318,768.9762,105.37110000000001,768.9762,103.7592
769.4583,106.9356,769.4583,102.3501,769.4583,105.4881,769.4583,103.88440000000001
769.9404000000001,106.97300000000001,769.9404000000001,102.47850000000001,769.9404000000001,105.6105,769.9404000000001,104.0207
770.4225,107.0179,770.4225,102.6184,770.4225,105.7396,770.4225,104.16829999999999
770.9047,107.07469999999999,770.9047,102.7698,770.9047,105.87530000000001,770.9047,104.32600000000001
771.3868,107.14479999999999,771.3868,102.93,771.3868,106.0158,771.3868,104.49109999999999
771.8689,107.22640000000001,771.8689,103.09479999999999,771.8689,106.1578,771.8689,104.65960000000001
772.351,107.3164,772.351,103.2589,772.351,106.29759999999999,772.351,104.8272
772.8331,107.4117,772.8331,103.4178,772.8331,106.4329,772.8331,104.9906
773.3152,107.5105,773.3152,103.5688,773.3152,106.5634,773.3152,105.14829999999999
773.7974,107.61210000000001,773.7974,103.7102,773.7974,106.6903,773.7974,105.2992
774.2795,107.7163,774.2795,103.8406,774.2795,106.8151,774.2795,105.4424
774.7615999999999,107.8219,774.7615999999999,103.9581,774.7615999999999,106.9376,774.7615999999999,105.5755
775.2437,107.9262,775.2437,104.05969999999999,775.2437,107.0554,775.2437,105.69519999999999
775.7258,108.0249,775.7258,104.1423,775.7258,107.1642,775.7258,105.7976
776.2079,108.1138,776.2079,104.2046,776.2079,107.2591,776.2079,105.88029999999999
776.6901,108.1901,776.6901,104.2481,776.6901,107.33699999999999,776.6901,105.9439
777.1722000000001,108.2533,777.1722000000001,104.2773,777.1722000000001,107.3978,777.1722000000001,105.9922
777.6543,108.305,777.6543,104.29919999999998,777.6543,107.4444,777.6543,106.03089999999999
778.1364,108.34779999999999,778.1364,104.3204,778.1364,107.48169999999999,778.1364,106.06569999999999
778.6184999999999,108.3839,778.6184999999999,104.34570000000001,778.6184999999999,107.5148,778.6184999999999,106.1005
779.1006,108.41460000000001,779.1006,104.3781,779.1006,107.5477,779.1006,106.13699999999999
779.5828,108.44080000000001,779.5828,104.4183,779.5828,107.5828,779.5828,106.175
780.0649,108.4646,780.0649,104.46759999999999,780.0649,107.6222,780.0649,106.2149
780.547,108.48960000000001,780.547,104.5279,780.547,107.6675,780.547,106.2583
781.0291000000001,108.52159999999999,781.0291000000001,104.6019,781.0291000000001,107.7208,781.0291000000001,106.3088
781.5112,108.5664,781.5112,104.69189999999999,781.5112,107.7837,781.5112,106.3699
781.9933,108.6276,781.9933,104.7973,781.9933,107.85659999999999,781.9933,106.4438
782.4755,108.7048,782.4755,104.9139,782.4755,107.938,782.4755,106.5294
782.9576000000001,108.79270000000001,782.9576000000001,105.03370000000001,782.9576000000001,108.0242,782.9576000000001,106.6224
783.4397,108.88309999999998,783.4397,105.14779999999999,783.4397,108.111,783.4397,106.7172
783.9218,108.96809999999999,783.9218,105.2488,783.9218,108.1955,783.9218,106.8093
784.4039,109.0424,784.4039,105.3341,784.4039,108.2767,784.4039,106.89679999999998
784.886,109.10549999999999,784.886,105.4053,784.886,108.3563,784.886,106.98110000000001
785.3682,109.1603,785.3682,105.467,785.3682,108.4359,785.3682,107.0643
785.8503,109.2106,785.8503,105.52319999999999,785.8503,108.5155,785.8503,107.1464
786.3324,109.2576,786.3324,105.5738,786.3324,108.591,786.3324,107.223
786.8145000000001,109.298,786.8145000000001,105.6142,786.8145000000001,108.65419999999999,786.8145000000001,107.28469999999999
787.2966,109.32439999999998,787.2966,105.63659999999999,787.2966,108.69489999999999,787.2966,107.3202
787.7787,109.3288,787.7787,105.6339,787.7787,108.7048,787.7787,107.3204
788.2609,109.3059,788.2609,105.6033,788.2609,108.6807,788.2609,107.2826
788.743,109.25590000000001,788.743,105.5479,788.743,108.62620000000001,788.743,107.2124
789.2251,109.1853,789.2251,105.4759,789.2251,108.5506,789.2251,107.1217
789.7072,109.10359999999999,789.7072,105.39689999999999,789.7072,108.46560000000001,789.7072,107.0249
790.1893,109.0206,790.1893,105.3187,790.1893,108.3813,790.1893,106.9334
790.6714,108.9421,790.6714,105.2448,790.6714,108.3038,790.6714,106.8535
791.1536,108.86970000000001,791.1536,105.1752,791.1536,108.23499999999999,791.1536,106.78540000000001
791.6356999999999,108.8012,791.6356999999999,105.10919999999999,791.6356999999999,108.1742,791.6356999999999,106.72649999999999
792.1178,108.7337,792.1178,105.0479,792.1178,108.1204,792.1178,106.6746
792.5999,108.6653,792.5999,104.9962,792.5999,108.0743,792.5999,106.63
793.082,108.5968,793.082,104.9608,793.082,108.03720000000001,793.082,106.596
793.5641,108.5303,793.5641,104.94829999999999,793.5641,108.01069999999999,793.5641,106.5769
794.0463,108.4672,794.0463,104.9607,794.0463,107.99350000000001,794.0463,106.5745
794.5284,108.4066,794.5284,104.99380000000001,794.5284,107.98160000000001,794.5284,106.5869
795.0105,108.34440000000001,795.0105,105.03800000000001,795.0105,107.9682,795.0105,106.6077
795.4926,108.2747,795.4926,105.08109999999999,795.4926,107.94669999999999,795.4926,106.62849999999999
795.9747,108.1917,795.9747,105.11200000000001,795.9747,107.9126,795.9747,106.6418
796.4567999999999,108.09249999999999,796.4567999999999,105.12429999999999,796.4567999999999,107.8655,796.4567999999999,106.6428
796.939,107.97730000000001,796.939,105.1167,796.939,107.80810000000001,796.939,106.6304
797.4211,107.8492,797.4211,105.0917,797.4211,107.7442,797.4211,106.6052
797.9032,107.7124,797.9032,105.05210000000001,797.9032,107.67599999999999,797.9032,106.5674
798.3853,107.5701,798.3853,104.9992,798.3853,107.6025,798.3853,106.5158
798.8674,107.4243,798.8674,104.9323,798.8674,107.52029999999999,798.8674,106.4475
799.3495,107.2756,799.3495,104.8494,799.3495,107.4256,799.3495,106.3604
799.8317,107.12440000000001,799.8317,104.74969999999999,799.8317,107.31630000000001,799.8317,106.2551
800.3138,106.9724,800.3138,104.63480000000001,800.3138,107.19369999999999,800.3138,106.13520000000001
800.7959,106.8223,800.7959,104.508,800.7959,107.06169999999999,800.7959,106.00659999999999
801.2779999999999,106.6772,801.2779999999999,104.3733,801.2779999999999,106.9248,801.2779999999999,105.8746
801.7601000000001,106.53960000000001,801.7601000000001,104.2328,801.7601000000001,106.7858,801.7601000000001,105.74110000000002
802.2422,106.41099999999999,802.2422,104.08649999999999,802.2422,106.64439999999999,802.2422,105.6036
802.7244,106.2912,802.7244,103.93239999999999,802.7244,106.4983,802.7244,105.4571
803.2064999999999,106.1795,803.2064999999999,103.7691,803.2064999999999,106.34479999999999,803.2064999999999,105.2962
803.6886000000001,106.0753,803.6886000000001,103.5974,803.6886000000001,106.18319999999999,803.6886000000001,105.1194
804.1707,105.97909999999999,804.1707,103.42119999999998,804.1707,106.0159,804.1707,104.9305
804.6528000000001,105.8916,804.6528000000001,103.2457,804.6528000000001,105.8478,804.6528000000001,104.73729999999999
805.1349,105.8136,805.1349,103.0757,805.1349,105.6837,805.1349,104.54920000000001
805.6171,105.7448,805.6171,102.9128,805.6171,105.5269,805.6171,104.37289999999999
806.0992000000001,105.68390000000001,806.0992000000001,102.755,806.0992000000001,105.3776,806.0992000000001,104.2109
806.5813,105.6296,806.5813,102.59819999999999,806.5813,105.23389999999999,806.5813,104.06089999999999
807.0634,105.58099999999999,807.0634,102.439,807.0634,105.09329999999999,807.0634,103.918
807.5455,105.5394,807.5455,102.2765,807.5455,104.955,807.5455,103.77799999999999
808.0276,105.5077,808.0276,102.11349999999999,808.0276,104.82020000000001,808.0276,103.6387
808.5098,105.4894,808.5098,101.95540000000001,808.5098,104.69120000000001,808.5098,103.5011
808.9919,105.48679999999999,808.9919,101.8063,808.9919,104.57000000000001,808.9919,103.3671
809.4739999999999,105.49900000000001,809.4739999999999,101.66740000000001,809.4739999999999,104.4561,809.4739999999999,103.23800000000001
809.9561,105.52170000000001,809.9561,101.53540000000001,809.9561,104.3466,809.9561,103.1126
810.4381999999999,105.5476,810.4381999999999,101.40370000000001,810.4381999999999,104.2371,810.4381999999999,102.98750000000001
810.9203000000001,105.5695,810.9203000000001,101.2654,810.9203000000001,104.12429999999999,810.9203000000001,102.8588
811.4025,105.58279999999999,811.4025,101.1165,811.4025,104.0078,811.4025,102.72399999999999
811.8846,105.5871,811.8846,100.9583,811.8846,103.8911,811.8846,102.58370000000001
812.3666999999999,105.5869,812.3666999999999,100.7965,812.3666999999999,103.7799,812.3666999999999,102.44200000000001
812.8489,105.5893,812.8489,100.6395,812.8489,103.6802,812.8489,102.3048
813.3309,105.6022,813.3309,100.4951,813.3309,103.5952,813.3309,102.1781
813.8131,105.6309,813.8131,100.3683,813.8131,103.52459999999999,813.8131,102.0662
814.2951999999999,105.67750000000001,814.2951999999999,100.2607,814.2951999999999,103.4654,814.2951999999999,101.9709
814.7773000000001,105.74110000000002,814.7773000000001,100.1715,814.7773000000001,103.4137,814.7773000000001,101.89250000000001
815.2594,105.8188,815.2594,100.0985,815.2594,103.36780000000002,815.2594,101.83059999999999
815.7416,105.9075,815.7416,100.0405,815.7416,103.32900000000001,815.7416,101.7848
816.2236,106.00460000000001,816.2236,99.99686,816.2236,103.30109999999999,816.2236,101.75529999999999
816.7058000000001,106.10870000000001,816.7058000000001,99.96745000000001,816.7058000000001,103.2887,816.7058000000001,101.7419
817.1879,106.21830000000001,817.1879,99.95158,817.1879,103.294,817.1879,101.74369999999999
817.6700000000001,106.3315,817.6700000000001,99.94745999999999,817.6700000000001,103.3155,817.6700000000001,101.7582
818.1521,106.44590000000001,818.1521,99.95244,818.1521,103.34840000000001,818.1521,101.78210000000001
818.6343,106.5586,818.6343,99.96399,818.6343,103.3859,818.6343,101.8121
819.1162999999999,106.66739999999999,819.1162999999999,99.98119,819.1162999999999,103.42290000000001,819.1162999999999,101.84580000000001
819.5985000000001,106.7714,819.5985000000001,100.0053,819.5985000000001,103.4579,819.5985000000001,101.8828
820.0806,106.8713,820.0806,100.03949999999999,820.0806,103.49390000000001,820.0806,101.92410000000001
820.5627,106.9681,820.5627,100.08760000000001,820.5627,103.53699999999999,820.5627,101.97160000000001
821.0447999999999,107.0624,821.0447999999999,100.1521,821.0447999999999,103.59400000000001,821.0447999999999,102.02640000000001
821.527,107.1538,821.527,100.234,821.527,103.6694,821.527,102.0891
822.0090000000001,107.2414,822.0090000000001,100.3323,822.0090000000001,103.7648,822.0090000000001,102.1596
822.4911999999999,107.3248,822.4911999999999,100.44519999999999,822.4911999999999,103.87809999999999,822.4911999999999,102.23880000000001
822.9733,107.4053,822.9733,100.5718,822.9733,104.0055,822.9733,102.32900000000001
823.4553999999999,107.48610000000001,823.4553999999999,100.7123,823.4553999999999,104.143,823.4553999999999,102.4345
823.9375000000001,107.57159999999999,823.9375000000001,100.8682,823.9375000000001,104.2876,823.9375000000001,102.5599
824.4196999999999,107.6654,824.4196999999999,101.0409,824.4196999999999,104.4373,824.4196999999999,102.7083
824.9017,107.768,824.9017,101.2298,824.9017,104.59009999999999,824.9017,102.8797
825.3838999999999,107.8766,825.3838999999999,101.43169999999999,825.3838999999999,104.7436,825.3838999999999,103.0697
825.8660000000001,107.9852,825.8660000000001,101.641,825.8660000000001,104.8943,825.8660000000001,103.27059999999999
826.3481,108.08720000000001,826.3481,101.8507,826.3481,105.0389,826.3481,103.4731
826.8302,108.17790000000001,826.8302,102.0551,826.8302,105.175,826.8302,103.6689
827.3123999999999,108.2563,827.3123999999999,102.2508,827.3123999999999,105.3026,827.3123999999999,103.8527
827.7944,108.325,827.7944,102.43709999999999,827.7944,105.4233,827.7944,104.0219
828.2766,108.3885,828.2766,102.6147,828.2766,105.5398,828.2766,104.1765
828.7587,108.45039999999999,828.7587,102.784,828.7587,105.6534,828.7587,104.31630000000001
829.2408,108.5116,829.2408,102.94399999999999,829.2408,105.76319999999998,829.2408,104.43990000000001
829.7229,108.57000000000001,829.7229,103.09200000000001,829.7229,105.8655,829.7229,104.5446
830.2051,108.6218,830.2051,103.225,830.2051,105.9555,830.2051,104.62819999999999
830.6870999999999,108.6637,830.6870999999999,103.34110000000001,830.6870999999999,106.02910000000001,830.6870999999999,104.6902
831.1693,108.69500000000001,831.1693,103.4408,831.1693,106.08439999999999,831.1693,104.7334
831.6514,108.71770000000001,831.6514,103.52699999999999,831.6514,106.1223,831.6514,104.76339999999999
832.1334999999999,108.7355,832.1334999999999,103.6032,832.1334999999999,106.14580000000001,832.1334999999999,104.787
832.6156,108.7518,832.6156,103.67219999999999,832.6156,106.1583,832.6156,104.81009999999999
833.0978,108.76740000000001,833.0978,103.73490000000001,833.0978,106.16239999999999,833.0978,104.8357
833.5798000000001,108.78099999999999,833.5798000000001,103.79050000000001,833.5798000000001,106.15969999999999,833.5798000000001,104.8641
834.0619999999999,108.78969999999998,834.0619999999999,103.83819999999999,834.0619999999999,106.15140000000001,834.0619999999999,104.8939
834.5441,108.7912,834.5441,103.8786,834.5441,106.1393,834.5441,104.9234
835.0262,108.7852,835.0262,103.9146,835.0262,106.12660000000001,835.0262,104.952
835.5083000000001,108.77349999999998,835.5083000000001,103.95030000000001,835.5083000000001,106.11699999999999,835.5083000000001,104.97970000000001
835.9905,108.7586,835.9905,103.9894,835.9905,106.11349999999999,835.9905,105.0063
836.4725,108.74220000000001,836.4725,104.0327,836.4725,106.1169,836.4725,105.03
836.9547000000001,108.7235,836.9547000000001,104.0772,836.9547000000001,106.12539999999998,836.9547000000001,105.0475
837.4368000000001,108.6995,837.4368000000001,104.11710000000001,837.4368000000001,106.13459999999999,837.4368000000001,105.0543
837.9189,108.6668,837.9189,104.1458,837.9189,106.13980000000001,837.9189,105.04729999999999
838.401,108.6231,838.401,104.15920000000001,838.401,106.1377,838.401,105.0262
838.8832000000001,108.56889999999999,838.8832000000001,104.1569,838.8832000000001,106.12729999999999,838.8832000000001,104.99449999999999
839.3652,108.5073,839.3652,104.1423,839.3652,106.11,839.3652,104.95790000000001
839.8474,108.44229999999999,839.8474,104.1204,839.8474,106.08720000000001,839.8474,104.922
840.3295,108.3761,840.3295,104.0954,840.3295,106.0592,840.3295,104.88900000000001
840.8116,108.3078,840.8116,104.06880000000001,840.8116,106.0238,840.8116,104.85709999999999
841.2937,108.2336,841.2937,104.03880000000001,841.2937,105.9769,841.2937,104.8208
841.7759,108.1487,841.7759,104.0025,841.7759,105.9146,841.7759,104.77399999999999
842.2579000000001,108.0503,842.2579000000001,103.9574,842.2579000000001,105.83590000000001,842.2579000000001,104.7126
842.7401,107.94,842.7401,103.9035,842.7401,105.7436,842.7401,104.63739999999999
843.2221999999999,107.8236,843.2221999999999,103.8435,843.2221999999999,105.64450000000001,843.2221999999999,104.55350000000001
843.7042999999999,107.70960000000001,843.7042999999999,103.7814,843.7042999999999,105.5468,843.7042999999999,104.4688
844.1864,107.6063,844.1864,103.72049999999999,844.1864,105.45800000000001,844.1864,104.3905
844.6686,107.51839999999999,844.6686,103.6623,844.6686,105.3818,844.6686,104.32300000000001
845.1506,107.44609999999999,845.1506,103.60640000000001,845.1506,105.3184,845.1506,104.26629999999999
845.6327999999999,107.38589999999999,845.6327999999999,103.5513,845.6327999999999,105.2646,845.6327999999999,104.21780000000001
846.1149,107.33220000000001,846.1149,103.4963,846.1149,105.21629999999999,846.1149,104.1736
846.5970000000001,107.28070000000001,846.5970000000001,103.4422,846.5970000000001,105.17060000000001,846.5970000000001,104.1308
847.0791,107.22940000000001,847.0791,103.3908,847.0791,105.1261,847.0791,104.08820000000001
847.5613,107.17939999999999,847.5613,103.3437,847.5613,105.0832,847.5613,104.0467
848.0432999999999,107.13319999999999,848.0432999999999,103.30109999999999,848.0432999999999,105.0432,848.0432999999999,104.0071
848.5255000000001,107.09329999999999,848.5255000000001,103.261,848.5255000000001,105.0071,848.5255000000001,103.97030000000001
849.0076,107.061,849.0076,103.2197,849.0076,104.97529999999999,849.0076,103.9361
849.4897,107.03540000000001,849.4897,103.1738,849.4897,104.94749999999999,849.4897,103.90410000000001
849.9717999999999,107.0149,849.9717999999999,103.1217,849.9717999999999,104.92360000000001,849.9717999999999,103.8741
850.4540000000001,106.9971,850.4540000000001,103.0642,850.4540000000001,104.9035,850.4540000000001,103.8461
850.9360000000001,106.9801,850.9360000000001,103.004,850.9360000000001,104.8865,850.9360000000001,103.82000000000001
851.4182,106.96190000000001,851.4182,102.94319999999999,851.4182,104.8707,851.4182,103.79419999999999
851.9003,106.94,851.9003,102.8818,851.9003,104.8519,851.9003,103.76490000000001
852.3824,106.9113,852.3824,102.8171,852.3824,104.82469999999999,852.3824,103.7266
852.8645000000001,106.87199999999999,852.8645000000001,102.745,852.8645000000001,104.78320000000001,852.8645000000001,103.6738
853.3466999999999,106.8194,853.3466999999999,102.66189999999999,853.3466999999999,104.7246,853.3466999999999,103.6036
853.8287,106.7531,853.8287,102.5678,853.8287,104.6501,853.8287,103.5178
854.3109,106.6761,854.3109,102.46710000000002,854.3109,104.566,854.3109,103.4236
854.7930000000001,106.59440000000001,854.7930000000001,102.3672,854.7930000000001,104.4816,854.7930000000001,103.3312
855.2751000000001,106.5157,855.2751000000001,102.2758,855.2751000000001,104.4069,855.2751000000001,103.2508
855.7572,106.4468,855.7572,102.1979,855.7572,104.3482,855.7572,103.18860000000001
856.2393999999999,106.39179999999999,856.2393999999999,102.1336,856.2393999999999,104.3073,856.2393999999999,103.14529999999999
856.7214,106.35159999999999,856.7214,102.0783,856.7214,104.28059999999999,856.7214,103.11580000000001
857.2036,106.3237,857.2036,102.0247,857.2036,104.26150000000001,857.2036,103.0917
857.6857,106.30409999999999,857.6857,101.96600000000001,857.6857,104.24340000000001,857.6857,103.0649
858.1678,106.28899999999999,858.1678,101.8982,858.1678,104.2217,858.1678,103.03009999999999
858.6499,106.2757,858.6499,101.82119999999999,858.6499,104.1952,858.6499,102.986
859.1321,106.2629,859.1321,101.7372,859.1321,104.1652,859.1321,102.93490000000001
859.6140999999999,106.24990000000001,859.6140999999999,101.64899999999999,859.6140999999999,104.13319999999999,859.6140999999999,102.8797
860.0963,106.23549999999999,860.0963,101.5579,860.0963,104.0993,860.0963,102.8224
860.5784,106.21830000000001,860.5784,101.46260000000001,860.5784,104.06200000000001,860.5784,102.763
861.0604999999999,106.1963,861.0604999999999,101.36099999999999,861.0604999999999,104.0182,861.0604999999999,102.69980000000001
861.5426,106.1684,861.5426,101.25139999999999,861.5426,103.9657,861.5426,102.6315
862.0248,106.13520000000001,862.0248,101.13449999999999,862.0248,103.90489999999998,862.0248,102.5582
862.5068000000001,106.0991,862.5068000000001,101.0137,862.5068000000001,103.83869999999999,862.5068000000001,102.4824
862.9889999999999,106.0638,862.9889999999999,100.89429999999999,862.9889999999999,103.7721,862.9889999999999,102.4076
863.4711,106.0328,863.4711,100.78210000000001,863.4711,103.71030000000002,863.4711,102.33749999999999
863.9531999999999,106.00890000000001,863.9531999999999,100.68140000000001,863.9531999999999,103.65679999999999,863.9531999999999,102.2743
864.4353000000001,105.9934,864.4353000000001,100.59389999999999,864.4353000000001,103.61210000000001,864.4353000000001,102.21849999999999
864.9175,105.98689999999999,864.9175,100.51989999999999,864.9175,103.57499999999999,864.9175,102.1695
865.3995,105.99019999999999,865.3995,100.4586,865.3995,103.5433,865.3995,102.1268
865.8816999999999,106.0047,865.8816999999999,100.4095,865.8816999999999,103.5158,865.8816999999999,102.09140000000001
866.3638000000001,106.0328,866.3638000000001,100.373,866.3638000000001,103.4931,866.3638000000001,102.0656
866.8459,106.0764,866.8459,100.3498,866.8459,103.4772,866.8459,102.052
867.328,106.13570000000001,867.328,100.34009999999999,867.328,103.4708,867.328,102.0521
867.8101999999999,106.2083,867.8101999999999,100.34289999999999,867.8101999999999,103.47569999999999,867.8101999999999,102.06500000000001
868.2922,106.28880000000001,868.2922,100.3554,868.2922,103.49159999999999,868.2922,102.08749999999999
868.7744,106.3704,868.7744,100.37400000000001,868.7744,103.5169,868.7744,102.1147
869.2565,106.44689999999999,869.2565,100.3955,869.2565,103.5489,869.2565,102.1422
869.7386,106.51440000000001,869.7386,100.4181,869.7386,103.5852,869.7386,102.1677
870.2207,106.57270000000001,870.2207,100.4423,870.2207,103.6244,870.2207,102.19160000000001
870.7029,106.62469999999999,870.7029,100.4698,870.7029,103.666,870.7029,102.21640000000001
871.1849000000001,106.6743,871.1849000000001,100.5029,871.1849000000001,103.7098,871.1849000000001,102.24549999999999
871.6671,106.7248,871.6671,100.543,871.6671,103.75559999999999,871.6671,102.28150000000001
872.1492,106.7772,872.1492,100.58970000000001,872.1492,103.80210000000001,872.1492,102.32509999999999
872.6312999999999,106.8306,872.6312999999999,100.6416,872.6312999999999,103.84819999999999,872.6312999999999,102.3758
873.1134000000001,106.8829,873.1134000000001,100.69669999999999,873.1134000000001,103.89330000000001,873.1134000000001,102.4324
873.5956,106.93299999999999,873.5956,100.7537,873.5956,103.9386,873.5956,102.4948
874.0776000000001,106.98129999999999,874.0776000000001,100.8129,874.0776000000001,103.9871,874.0776000000001,102.5638
874.5597999999999,107.03039999999999,874.5597999999999,100.8764,874.5597999999999,104.0429,874.5597999999999,102.6413
875.0419,107.08390000000001,875.0419,100.9472,875.0419,104.1101,875.0419,102.7287
875.5240000000001,107.14479999999999,875.5240000000001,101.02819999999998,875.5240000000001,104.1914,875.5240000000001,102.82560000000001
876.0061000000001,107.2146,876.0061000000001,101.12129999999999,876.0061000000001,104.2867,876.0061000000001,102.9297
876.4883,107.29280000000001,876.4883,101.2271,876.4883,104.3938,876.4883,103.0369
876.9703,107.37719999999999,876.9703,101.3437,876.9703,104.5085,876.9703,103.1424
877.4525000000001,107.4649,877.4525000000001,101.46770000000001,877.4525000000001,104.6262,877.4525000000001,103.24210000000001
877.9346,107.55349999999999,877.9346,101.5946,877.9346,104.7426,877.9346,103.3341
878.4167,107.6414,878.4167,101.71870000000001,878.4167,104.8546,878.4167,103.418
878.8987999999999,107.72800000000001,878.8987999999999,101.83420000000001,878.8987999999999,104.96019999999999,878.8987999999999,103.49459999999999
879.3810000000001,107.8133,879.3810000000001,101.93650000000001,879.3810000000001,105.0583,879.3810000000001,103.56510000000002
879.8629999999999,107.8976,879.8629999999999,102.02260000000001,879.8629999999999,105.149,879.8629999999999,103.6305
880.3452,107.98179999999999,880.3452,102.0925,880.3452,105.2333,880.3452,103.69120000000001
880.8272999999999,108.0671,880.8272999999999,102.1487,880.8272999999999,105.31299999999999,880.8272999999999,103.74799999999999
881.3094,108.1555,881.3094,102.19609999999999,881.3094,105.3906,881.3094,103.80199999999999
881.7914999999999,108.249,881.7914999999999,102.23979999999999,881.7914999999999,105.4685,881.7914999999999,103.8543
882.2737,108.34859999999999,882.2737,102.28330000000001,882.2737,105.5476,882.2737,103.9058
882.7557,108.4538,882.7557,102.32749999999999,882.7557,105.6264,882.7557,103.9565
883.2379,108.562,883.2379,102.37020000000001,883.2379,105.70139999999999,883.2379,104.0047
883.7199999999999,108.66959999999999,883.7199999999999,102.40769999999999,883.7199999999999,105.7678,883.7199999999999,104.0484
884.2021000000001,108.7726,884.2021000000001,102.43660000000001,884.2021000000001,105.8214,884.2021000000001,104.08550000000001
884.6842,108.86880000000001,884.6842,102.45519999999999,884.6842,105.86,884.6842,104.1151
885.1664,108.959,885.1664,102.46470000000001,885.1664,105.8848,885.1664,104.1381
885.6484,109.0459,885.6484,102.46740000000001,885.6484,105.89949999999999,885.6484,104.1561
886.1306000000001,109.1337,886.1306000000001,102.466,886.1306000000001,105.90869999999998,886.1306000000001,104.1703
886.6127,109.22529999999999,886.6127,102.461,886.6127,105.9161,886.6127,104.18039999999999
887.0948000000001,109.3217,887.0948000000001,102.4508,887.0948000000001,105.9229,887.0948000000001,104.18369999999999
887.5769,109.4212,887.5769,102.4319,887.5769,105.92779999999999,887.5769,104.17620000000001
888.0591000000001,109.5207,888.0591000000001,102.40149999999998,888.0591000000001,105.9283,888.0591000000001,104.15440000000001
888.5410999999999,109.6177,888.5410999999999,102.3587,888.5410999999999,105.9222,888.5410999999999,104.11699999999999
889.0233000000001,109.7115,889.0233000000001,102.30550000000001,889.0233000000001,105.9094,889.0233000000001,104.06629999999998
889.5054,109.80399999999999,889.5054,102.2462,889.5054,105.89139999999999,889.5054,104.00750000000001
889.9875,109.89880000000001,889.9875,102.1852,889.9875,105.87150000000001,889.9875,103.94680000000001
890.4695999999999,109.999,890.4695999999999,102.1247,890.4695999999999,105.8519,890.4695999999999,103.8888
890.9518,110.10610000000001,890.9518,102.06349999999999,890.9518,105.8335,890.9518,103.83500000000001
891.4338,110.21950000000001,891.4338,101.9969,891.4338,105.81450000000001,891.4338,103.7828
891.9159999999999,110.3366,891.9159999999999,101.9182,891.9159999999999,105.7914,891.9159999999999,103.7269
892.3981,110.45469999999999,892.3981,101.82100000000001,892.3981,105.76,892.3981,103.6607
892.8802,110.57239999999999,892.8802,101.7007,892.8802,105.7166,892.8802,103.57860000000001
893.3623000000001,110.6895,893.3623000000001,101.5549,893.3623000000001,105.6585,893.3623000000001,103.47649999999999
893.8444999999999,110.8069,893.8444999999999,101.3829,893.8444999999999,105.5836,893.8444999999999,103.35220000000001
894.3265,110.92450000000001,894.3265,101.18419999999999,894.3265,105.4899,894.3265,103.2038
894.8086999999999,111.0406,894.8086999999999,100.9578,894.8086999999999,105.375,894.8086999999999,103.0292
895.2908000000001,111.15140000000001,895.2908000000001,100.7022,895.2908000000001,105.2367,895.2908000000001,102.82629999999999
895.7729,111.25290000000001,895.7729,100.416,895.7729,105.07360000000001,895.7729,102.59320000000001
896.255,111.34249999999999,896.255,100.099,896.255,104.886,896.255,102.32950000000001
896.7371999999999,111.42099999999999,896.7371999999999,99.75263,896.7371999999999,104.6764,896.7371999999999,102.0369
897.2192,111.4922,897.2192,99.37943000000001,897.2192,104.4483,897.2192,101.7184
897.7014,111.56200000000001,897.7014,98.98184,897.7014,104.2054,897.7014,101.37780000000001
898.1835,111.6354,898.1835,98.56108,898.1835,103.9495,898.1835,101.0176
898.6656,111.7145,898.6656,98.11664999999999,898.6656,103.6804,898.6656,100.63850000000001
899.1477,111.7971,899.1477,97.64654999999999,899.1477,103.3955,899.1477,100.2389
899.6299,111.87879999999998,899.6299,97.14857,899.6299,103.09200000000001,899.6299,99.81664
900.1118999999999,111.954,900.1118999999999,96.62103,900.1118999999999,102.7679,900.1118999999999,99.36917
900.5941,112.01939999999999,900.5941,96.06341,900.5941,102.4226,900.5941,98.89519
901.0762,112.07530000000001,901.0762,95.47601,901.0762,102.0573,901.0762,98.39468
901.5582999999999,112.12480000000001,901.5582999999999,94.85968,901.5582999999999,101.67330000000001,901.5582999999999,97.86877000000001
902.0403999999999,112.1726,902.0403999999999,94.21519,902.0403999999999,101.2718,902.0403999999999,97.31898
902.5226,112.2225,902.5226,93.54364000000001,902.5226,100.8522,902.5226,96.74722
903.0046000000001,112.276,903.0046000000001,92.84694,903.0046000000001,100.41359999999999,903.0046000000001,96.15556
903.4867999999999,112.3325,903.4867999999999,92.12828,903.4867999999999,99.95478,903.4867999999999,95.54671
903.9689,112.38950000000001,903.9689,91.3921,903.9689,99.47626,903.9689,94.92383000000001
904.451,112.44449999999999,904.451,90.6437,904.451,98.98059,904.451,94.29083
904.9331000000001,112.4962,904.9331000000001,89.88804,904.9331000000001,98.47237,904.9331000000001,93.65162
905.4152999999999,112.54379999999999,905.4152999999999,89.12945,905.4152999999999,97.95749,905.4152999999999,93.01003
905.8973,112.58699999999999,905.8973,88.37168,905.8973,97.44192999999999,905.8973,92.36959
906.3795000000001,112.62460000000002,906.3795000000001,87.61884,906.3795000000001,96.93104,906.3795000000001,91.73405000000001
906.8616000000001,112.655,906.8616000000001,86.87613999999999,906.8616000000001,96.42892,906.8616000000001,91.10727
907.3438,112.6766,907.3438,86.15028000000001,907.3438,95.93854999999999,907.3438,90.49379
907.8258,112.689,907.8258,85.44865,907.8258,95.46175,907.8258,89.89815
908.3080000000001,112.694,908.3080000000001,84.77839,908.3080000000001,94.99978999999999,908.3080000000001,89.32488
908.79,112.6957,908.79,84.14526000000001,908.79,94.55381,908.79,88.77814000000001
909.2722,112.6992,909.2722,83.55354,909.2722,94.12544,909.2722,88.26221000000001
909.7543,112.70850000000002,909.7543,83.00677,909.7543,93.71727999999999,909.7543,87.78188
910.2365000000001,112.7251,910.2365000000001,82.50897,910.2365000000001,93.33325,910.2365000000001,87.34308999999999
910.7185,112.748,910.7185,82.06535000000001,910.7185,92.97825,910.7185,86.95282
911.2007,112.7739,911.2007,81.68224000000001,911.2007,92.65772,911.2007,86.61822000000001
911.6828,112.79939999999999,911.6828,81.36583,911.6828,92.37651,911.6828,86.3452
912.1649,112.8225,912.1649,81.12098,912.1649,92.13827,912.1649,86.13763
912.6469999999999,112.84320000000001,912.6469999999999,80.95039,912.6469999999999,91.94513,912.6469999999999,85.99683
913.1292,112.8628,913.1292,80.85499999999999,913.1292,91.79816000000001,913.1292,85.92255
913.6113,112.8825,913.6113,80.83472,913.6113,91.69791000000001,913.6113,85.91397
914.0934,112.90199999999999,914.0934,80.8895,914.0934,91.64493,914.0934,85.97049999999999
914.5754999999999,112.91929999999999,914.5754999999999,81.01942,914.5754999999999,91.63980000000001,914.5754999999999,86.09181
915.0575999999999,112.9314,915.0575999999999,81.22397,915.0575999999999,91.68261,915.0575999999999,86.27702
915.5397,112.93610000000001,915.5397,81.50104999999999,915.5397,91.77248,915.5397,86.52362
916.0219,112.93390000000001,916.0219,81.84626,916.0219,91.90742999999999,916.0219,86.82712000000001
916.5039999999999,112.92770000000002,916.5039999999999,82.25310999999999,916.5039999999999,92.08479,916.5039999999999,87.18142999999999
916.9861,112.9226,916.9861,82.71426,916.9861,92.3022,916.9861,87.58023
917.4682,112.9233,917.4682,83.22247000000002,917.4682,92.55801,917.4682,88.01791
917.9503000000001,112.93260000000001,917.9503000000001,83.77147000000001,917.9503000000001,92.85149000000001,917.9503000000001,88.49024
918.4324,112.9501,918.4324,84.35534000000001,918.4324,93.18175,918.4324,88.99338999999999
918.9146,112.9726,918.9146,84.96786,918.9146,93.54669,918.9146,89.52308000000001
919.3967,112.9956,919.3967,85.60154,919.3967,93.94179,919.3967,90.07344
919.8788000000001,113.0158,919.8788000000001,86.24788000000001,919.8788000000001,94.36018000000001,919.8788000000001,90.63721
920.3609,113.03160000000001,920.3609,86.89827,920.3609,94.79362,920.3609,91.20657
920.843,113.0441,920.843,87.54547000000001,920.843,95.23422,920.843,91.77476999999999
921.3251,113.056,921.3251,88.18483,921.3251,95.67596999999999,921.3251,92.33733000000001
921.8073,113.0698,921.8073,88.8145,921.8073,96.11565999999999,921.8073,92.89229
922.2894,113.0876,922.2894,89.43452,922.2894,96.55262,922.2894,93.43945
922.7715,113.10979999999999,922.7715,90.04543999999999,922.7715,96.98778000000001,922.7715,93.97904
923.2536,113.13640000000001,923.2536,90.64662,923.2536,97.42224,923.2536,94.51036
923.7357,113.1664,923.7357,91.23559999999999,923.7357,97.85607,923.7357,95.03102999999999
924.2177999999999,113.1988,924.2177999999999,91.80806000000001,924.2177999999999,98.28771,924.2177999999999,95.53715
924.7,113.2325,924.7,92.35886,924.7,98.71396000000001,924.7,96.02420000000001
925.1821,113.2654,925.1821,92.88325999999999,925.1821,99.13062,925.1821,96.4882
925.6641999999999,113.29480000000001,925.6641999999999,93.37811,925.6641999999999,99.53326000000001,925.6641999999999,96.92655
926.1462999999999,113.3173,926.1462999999999,93.84249,926.1462999999999,99.91818,926.1462999999999,97.33854000000001
926.6284,113.3302,926.6284,94.27782,926.6284,100.28300000000002,926.6284,97.72531000000001
927.1105,113.3325,927.1105,94.68718000000001,927.1105,100.62709999999998,927.1105,98.08944
927.5926999999999,113.32530000000001,927.5926999999999,95.07446999999999,927.5926999999999,100.9513,927.5926999999999,98.4342
928.0747999999999,113.3119,928.0747999999999,95.44331,928.0747999999999,101.2574,928.0747999999999,98.76262
928.5569,113.29599999999999,928.5569,95.79615000000001,928.5569,101.54700000000001,928.5569,99.07677
929.039,113.28059999999999,929.039,96.13403,929.039,101.8214,929.039,99.37735
929.5211,113.26700000000001,929.5211,96.4568,929.5211,102.0806,929.5211,99.66375
930.0032,113.2547,930.0032,96.76393000000002,930.0032,102.324,930.0032,99.93460999999999
930.4854,113.2425,930.4854,97.05537,930.4854,102.5514,930.4854,100.1887
930.9675000000001,113.2299,930.9675000000001,97.33212,930.9675000000001,102.76339999999999,930.9675000000001,100.42569999999999
931.4496,113.2178,931.4496,97.59629000000001,931.4496,102.9623,931.4496,100.6469
931.9317,113.20870000000001,931.9317,97.85027,931.9317,103.15110000000001,931.9317,100.85470000000001
932.4137999999999,113.205,932.4137999999999,98.09607,932.4137999999999,103.33330000000001,932.4137999999999,101.0523
932.8959,113.2083,932.8959,98.33449999999999,932.8959,103.5112,932.8959,101.24280000000002
933.3781,113.2174,933.3781,98.56519,933.3781,103.6857,933.3781,101.42850000000001
933.8602,113.22909999999999,933.8602,98.78717,933.8602,103.8562,933.8602,101.61089999999999
934.3422999999999,113.2388,934.3422999999999,99.00003999999998,934.3422999999999,104.0214,934.3422999999999,101.79050000000001
934.8244,113.24270000000001,934.8244,99.20457,934.8244,104.18050000000001,934.8244,101.9676
935.3065000000001,113.23890000000002,935.3065000000001,99.40312,935.3065000000001,104.33380000000001,935.3065000000001,102.1425
935.7886000000001,113.228,935.7886000000001,99.59859,935.7886000000001,104.48310000000001,935.7886000000001,102.3152
936.2708,113.2126,936.2708,99.79337,936.2708,104.6309,936.2708,102.4855
936.7529,113.19539999999999,936.7529,99.98817000000001,936.7529,104.779,936.7529,102.6526
937.2350000000001,113.1785,937.2350000000001,100.18169999999999,937.2350000000001,104.9283,937.2350000000001,102.81519999999999
937.7171000000001,113.1623,937.7171000000001,100.3716,937.7171000000001,105.078,937.7171000000001,102.97210000000001
938.1992,113.1461,938.1992,100.5554,938.1992,105.2265,938.1992,103.1234
938.6813,113.12929999999999,938.6813,100.73259999999999,938.6813,105.3722,938.6813,103.27040000000001
939.1635000000001,113.11189999999999,939.1635000000001,100.905,939.1635000000001,105.514,939.1635000000001,103.41629999999999
939.6456000000001,113.09450000000001,939.6456000000001,101.0761,939.6456000000001,105.6521,939.6456000000001,103.56479999999999
940.1277,113.0784,940.1277,101.2502,940.1277,105.7872,940.1277,103.7194
940.6098,113.0642,940.6098,101.43029999999999,940.6098,105.92029999999998,940.6098,103.88189999999999
941.0919,113.05179999999999,941.0919,101.6175,941.0919,106.05199999999999,941.0919,104.0519
941.574,113.04019999999998,941.574,101.81089999999999,941.574,106.1828,941.574,104.22690000000001
942.0562,113.0291,942.0562,102.0085,942.0562,106.31360000000001,942.0562,104.4039
942.5383,113.01939999999999,942.5383,102.2087,942.5383,106.44610000000002,942.5383,104.58019999999999
943.0204,113.0138,943.0204,102.4107,943.0204,106.5829,943.0204,104.7545
943.5024999999999,113.0161,943.5024999999999,102.61439999999999,943.5024999999999,106.7266,943.5024999999999,104.9265
943.9845999999999,113.0291,943.9845999999999,102.8194,943.9845999999999,106.8784,943.9845999999999,105.09630000000001
944.4667000000001,113.0534,944.4667000000001,103.02359999999999,944.4667000000001,107.0368,944.4667000000001,105.2627
944.9489,113.0863,944.9489,103.22230000000002,944.9489,107.1969,944.9489,105.42320000000001
945.4309999999999,113.12180000000001,945.4309999999999,103.4089,945.4309999999999,107.35170000000001,945.4309999999999,105.57350000000001
945.9131,113.1534,945.9131,103.57639999999999,945.9131,107.4932,945.9131,105.70870000000001
946.3952,113.1756,946.3952,103.7198,946.3952,107.6152,946.3952,105.82499999999999
946.8773000000001,113.1863,946.8773000000001,103.83690000000001,946.8773000000001,107.7148,946.8773000000001,105.9204
947.3594,113.1873,947.3594,103.92889999999998,947.3594,107.79270000000001,947.3594,105.99549999999999
947.8416,113.1832,947.8416,103.9989,947.8416,107.85260000000001,947.8416,106.05199999999999
948.3237,113.1791,948.3237,104.04990000000001,948.3237,107.89850000000001,948.3237,106.09200000000001
948.8058000000001,113.1791,948.8058000000001,104.0835,948.8058000000001,107.9333,948.8058000000001,106.1167
949.2879,113.1845,949.2879,104.0989,949.2879,107.9574,949.2879,106.1259
949.77,113.19460000000001,949.77,104.094,949.77,107.96920000000001,949.77,106.11880000000001
950.2520999999999,113.20760000000001,950.2520999999999,104.06649999999999,950.2520999999999,107.96589999999999,950.2520999999999,106.0945
950.7343000000001,113.2218,950.7343000000001,104.0152,950.7343000000001,107.9451,950.7343000000001,106.0524
951.2164,113.23639999999999,951.2164,103.94030000000001,951.2164,107.9055,951.2164,105.9926
951.6985,113.2517,951.6985,103.84299999999999,951.6985,107.8468,951.6985,105.9151
952.1806,113.26780000000001,952.1806,103.72449999999999,952.1806,107.7701,952.1806,105.8193
952.6627,113.2846,952.6627,103.58559999999999,952.6627,107.6764,952.6627,105.7045
953.1447999999999,113.3011,953.1447999999999,103.4265,953.1447999999999,107.56710000000001,953.1447999999999,105.5698
953.627,113.3164,953.627,103.24789999999999,953.627,107.44409999999999,953.627,105.4154
954.1091,113.3303,954.1091,103.05120000000001,954.1091,107.30949999999999,954.1091,105.24340000000001
954.5912,113.3437,954.5912,102.8391,954.5912,107.16619999999999,954.5912,105.0575
955.0732999999999,113.35869999999998,955.0732999999999,102.615,955.0732999999999,107.0171,955.0732999999999,104.8625
955.5554000000001,113.37729999999999,955.5554000000001,102.3819,955.5554000000001,106.86469999999998,955.5554000000001,104.66260000000001
956.0375,113.4004,956.0375,102.1419,956.0375,106.7107,956.0375,104.4604
956.5197,113.4273,956.5197,101.8962,956.5197,106.5557,956.5197,104.25720000000001
957.0017999999999,113.4552,957.0017999999999,101.6456,957.0017999999999,106.3998,957.0017999999999,104.05290000000001
957.4839000000001,113.4811,957.4839000000001,101.39260000000002,957.4839000000001,106.2438,957.4839000000001,103.8484
957.966,113.503,957.966,101.14160000000001,957.966,106.0891,957.966,103.64549999999998
958.4481000000001,113.52059999999999,958.4481000000001,100.8991,958.4481000000001,105.93840000000002,958.4481000000001,103.4481
958.9302,113.5354,958.9302,100.6723,958.9302,105.7943,958.9302,103.2607
959.4124,113.55010000000001,959.4124,100.4675,959.4124,105.65910000000001,959.4124,103.08800000000001
959.8945000000001,113.56649999999999,959.8945000000001,100.28790000000001,959.8945000000001,105.53330000000001,959.8945000000001,102.9331
960.3766,113.58500000000001,960.3766,100.13430000000001,960.3766,105.41640000000001,960.3766,102.79750000000001
960.8587,113.6045,960.8587,100.0043,960.8587,105.30699999999999,960.8587,102.681
961.3408,113.6234,961.3408,99.89484000000002,961.3408,105.20419999999999,961.3408,102.583
961.8228999999999,113.64080000000001,961.8228999999999,99.80272,961.8228999999999,105.10820000000001,961.8228999999999,102.5029
962.3051,113.65769999999999,962.3051,99.72604000000001,962.3051,105.0205,962.3051,102.4402
962.7872,113.67639999999999,962.7872,99.66371000000001,962.7872,104.9431,962.7872,102.394
963.2692999999999,113.6992,963.2692999999999,99.61479,963.2692999999999,104.8775,963.2692999999999,102.36229999999999
963.7514,113.72720000000001,963.7514,99.57718,963.7514,104.8233,963.7514,102.34110000000001
964.2334999999999,113.7591,964.2334999999999,99.54727,964.2334999999999,104.7779,964.2334999999999,102.3247
964.7156000000001,113.79159999999999,964.7156000000001,99.52011999999999,964.7156000000001,104.7372,964.7156000000001,102.30669999999999
965.1977999999999,113.82090000000001,965.1977999999999,99.49036,965.1977999999999,104.6964,965.1977999999999,102.2809
965.6799,113.8443,965.6799,99.45347999999998,965.6799,104.6516,965.6799,102.24329999999999
966.1619999999999,113.8619,966.1619999999999,99.40664999999998,966.1619999999999,104.6004,966.1619999999999,102.1925
966.6441000000001,113.87650000000001,966.6441000000001,99.34855999999999,966.6441000000001,104.5423,966.6441000000001,102.129
967.1262,113.89229999999999,967.1262,99.27885,967.1262,104.47770000000001,967.1262,102.0551
967.6083,113.9125,967.6083,99.19711,967.6083,104.4074,967.6083,101.9725
968.0904999999999,113.9383,968.0904999999999,99.10215000000001,968.0904999999999,104.3314,968.0904999999999,101.88219999999998
968.5726000000001,113.9678,968.5726000000001,98.99209,968.5726000000001,104.24929999999999,968.5726000000001,101.78359999999999
969.0547,113.9973,969.0547,98.86487000000001,969.0547,104.1603,969.0547,101.6754
969.5368,114.02350000000001,969.5368,98.71904,969.5368,104.0639,969.5368,101.5562
970.0189,114.0446,970.0189,98.55411000000001,970.0189,103.96000000000001,970.0189,101.42450000000001
970.501,114.06130000000002,970.501,98.3704,970.501,103.8487,970.501,101.27919999999999
970.9832,114.07639999999999,970.9832,98.16825,970.9832,103.7299,970.9832,101.119
971.4653000000001,114.09309999999999,971.4653000000001,97.94731,971.4653000000001,103.6028,971.4653000000001,100.94229999999999
971.9474,114.11340000000001,971.9474,97.70623,971.9474,103.4657,971.9474,100.74700000000001
972.4295,114.13770000000001,972.4295,97.44289,972.4295,103.3164,972.4295,100.53160000000001
972.9115999999999,114.16489999999999,972.9115999999999,97.15514,972.9115999999999,103.15319999999998,972.9115999999999,100.29509999999999
973.3937,114.1936,973.3937,96.84138000000002,973.3937,102.97480000000002,973.3937,100.0378
973.8759,114.22319999999999,973.8759,96.50104,973.8759,102.7814,973.8759,99.76079999999999
974.358,114.25480000000002,974.358,96.13429,974.358,102.57369999999999,974.358,99.46539
974.8400999999999,114.2901,974.8400999999999,95.74171,974.8400999999999,102.3528,974.8400999999999,99.15221000000001
975.3222,114.33089999999999,975.3222,95.32382999999999,975.3222,102.1194,975.3222,98.82084
975.8043,114.37809999999999,975.8043,94.88130999999998,975.8043,101.8739,975.8043,98.47030000000001
976.2864000000001,114.4313,976.2864000000001,94.41508999999999,976.2864000000001,101.6162,976.2864000000001,98.0997
976.7686,114.4892,976.7686,93.92683,976.7686,101.34639999999999,976.7686,97.7091
977.2507,114.5507,977.2507,93.41879,977.2507,101.0645,977.2507,97.29998
977.7328000000001,114.6152,977.7328000000001,92.89348000000001,977.7328000000001,100.77069999999999,977.7328000000001,96.87472
978.2149000000001,114.6833,978.2149000000001,92.35297,978.2149000000001,100.46470000000001,978.2149000000001,96.43575
978.697,114.7556,978.697,91.79862,978.697,100.14609999999999,978.697,95.98492999999999
979.1791,114.832,979.1791,91.23129,979.1791,99.81441000000001,979.1791,95.52315999999999
979.6613000000001,114.9111,979.6613000000001,90.65225999999998,979.6613000000001,99.4697,979.6613000000001,95.05116
980.1434,114.99,980.1434,90.06399,980.1434,99.11324,980.1434,94.57028
980.6255,115.06590000000001,980.6255,89.47079000000001,980.6255,98.74795,980.6255,94.08344
981.1076,115.1367,981.1076,88.87819999999999,981.1076,98.37787,981.1076,93.59494
981.5897,115.2021,981.5897,88.29214,981.5897,98.00735,981.5897,93.10991
982.0717999999999,115.2636,982.0717999999999,87.71746999999999,982.0717999999999,97.63992,982.0717999999999,92.63305000000001
982.554,115.3232,982.554,87.15753,982.554,97.2777,982.554,92.16794999999999
983.0361,115.38239999999999,983.0361,86.61425,983.0361,96.92185,983.0361,91.71696
983.5182,115.4412,983.5182,86.08927,983.5182,96.57335,983.5182,91.28187
984.0002999999999,115.49830000000001,984.0002999999999,85.58476,984.0002999999999,96.23411000000002,984.0002999999999,90.86478
984.4823999999999,115.5521,984.4823999999999,85.10412000000001,984.4823999999999,95.90775000000001,984.4823999999999,90.46885
984.9645,115.6021,984.9645,84.65141,984.9645,95.599,984.9645,90.09788
985.4467,115.6495,985.4467,84.23079,985.4467,95.31287,985.4467,89.75574999999999
985.9287999999999,115.69709999999999,985.9287999999999,83.84554,985.9287999999999,95.05326,985.9287999999999,89.44547999999999
986.4108999999999,115.7478,986.4108999999999,83.49795999999999,986.4108999999999,94.82231,986.4108999999999,89.16874999999999
986.893,115.80330000000001,986.893,83.18979999999999,986.893,94.62057,986.893,88.92633000000001
987.3751000000001,115.86330000000001,987.3751000000001,82.92315,987.3751000000001,94.4478,987.3751000000001,88.71873000000001
987.8572,115.9262,987.8572,82.70053000000001,987.8572,94.30407000000001,987.8572,88.547
988.3394,115.9897,988.3394,82.52485999999999,988.3394,94.19038,988.3394,88.41297
988.8215,116.0528,988.8215,82.39832,988.8215,94.10855,988.8215,88.31873
989.3036000000001,116.11640000000001,989.3036000000001,82.32153,989.3036000000001,94.0605,989.3036000000001,88.26591
989.7857,116.1824,989.7857,82.29321,989.7857,94.04742,989.7857,88.25501
990.2678,116.25280000000001,990.2678,82.31075000000001,990.2678,94.06931,990.2678,88.28512
990.7498999999999,116.3277,990.7498999999999,82.37145,990.7498999999999,94.12525000000001,990.7498999999999,88.35452000000001
991.2321000000001,116.40429999999999,991.2321000000001,82.47377999999999,991.2321000000001,94.214,991.2321000000001,88.46148
991.7142,116.47810000000001,991.7142,82.61778,991.7142,94.33483000000001,991.7142,88.60478
992.1963,116.5444,992.1963,82.80499,992.1963,94.48802,992.1963,88.7843
992.6784,116.601,992.6784,83.0372,992.6784,94.67456999999999,992.6784,89.00056
993.1605,116.649,993.1605,83.31562,993.1605,94.89589000000001,993.1605,89.25452
993.6426000000001,116.6927,993.6426000000001,83.63998000000001,993.6426000000001,95.15261000000001,993.6426000000001,89.54674
994.1247999999999,116.73750000000001,994.1247999999999,84.00872,994.1247999999999,95.44412,994.1247999999999,89.87714
994.6069,116.7874,994.6069,84.41948,994.6069,95.7681,994.6069,90.24463
995.0889999999999,116.8435,995.0889999999999,84.86941999999999,995.0889999999999,96.12074,995.0889999999999,90.64697000000001
995.5711000000001,116.90350000000001,995.5711000000001,85.35534,995.5711000000001,96.49723,995.5711000000001,91.08064999999999
996.0532000000001,116.9637,996.0532000000001,85.87347,996.0532000000001,96.89253000000001,996.0532000000001,91.54087000000001
996.5353,117.02140000000001,996.5353,86.41890000000001,996.5353,97.30192000000001,996.5353,92.02185
997.0174999999999,117.07639999999999,997.0174999999999,86.98582,997.0174999999999,97.72157,997.0174999999999,92.51751999999999
997.4996000000001,117.1314,997.4996000000001,87.5676,997.4996000000001,98.1485,997.4996000000001,93.02211
997.9817,117.1905,997.9817,88.15771,997.9817,98.58036999999999,997.9817,93.53105
998.4638,117.25730000000001,998.4638,88.75011,998.4638,99.01477,998.4638,94.04102
998.9459,117.33260000000001,998.9459,89.33965,998.9459,99.4487,998.9459,94.54974
999.428,117.4143,999.428,89.92179999999999,999.428,99.87821,999.428,95.05524
999.9102,117.49830000000001,999.9102,90.49217999999999,999.9102,100.2985,999.9102,95.55503
1000.3919999999999,117.58090000000001,1000.3919999999999,91.04635,1000.3919999999999,100.7045,1000.3919999999999,96.04548
1000.874,117.6603,1000.874,91.57951,1000.874,101.09129999999999,1000.874,96.52152
1001.3570000000001,117.7373,1001.3570000000001,92.08643000000001,1001.3570000000001,101.4549,1001.3570000000001,96.97666
1001.8389999999999,117.8142,1001.8389999999999,92.56166,1001.8389999999999,101.7919,1001.8389999999999,97.40368000000001
1002.321,117.8928,1002.321,92.99973,1002.321,102.0997,1002.321,97.79515
1002.8030000000001,117.973,1002.8030000000001,93.39539,1002.8030000000001,102.3761,1002.8030000000001,98.14465
1003.285,118.05220000000001,1003.285,93.74404999999999,1003.285,102.61970000000001,1003.285,98.44763
1003.767,118.1264,1003.767,94.04247,1003.767,102.82979999999999,1003.767,98.70232
1004.2489999999999,118.19219999999999,1004.2489999999999,94.28919,1004.2489999999999,103.00659999999999,1004.2489999999999,98.90997999999999
1004.731,118.24799999999999,1004.731,94.48518,1004.731,103.15129999999999,1004.731,99.07458
1005.213,118.2949,1005.213,94.63354000000001,1005.213,103.2657,1005.213,99.20142999999999
1005.6959999999999,118.3357,1005.6959999999999,94.73936,1005.6959999999999,103.352,1005.6959999999999,99.29617
1006.178,118.37379999999999,1006.178,94.80908,1006.178,103.41229999999999,1006.178,99.36358999999999
1006.6600000000001,118.41140000000001,1006.6600000000001,94.85025999999999,1006.6600000000001,103.4498,1006.6600000000001,99.4077
1007.1419999999999,118.44980000000001,1007.1419999999999,94.87107,1007.1419999999999,103.46889999999999,1007.1419999999999,99.43248
1007.624,118.4896,1007.624,94.88016999999999,1007.624,103.4761,1007.624,99.44292000000002
1008.106,118.532,1008.106,94.88582,1008.106,103.4796,1008.106,99.44541
1008.5880000000001,118.57910000000001,1008.5880000000001,94.89506,1008.5880000000001,103.4878,1008.5880000000001,99.44746
1009.0699999999999,118.63269999999999,1009.0699999999999,94.91268,1009.0699999999999,103.5077,1009.0699999999999,99.45605
1009.552,118.6934,1009.552,94.94059999999999,1009.552,103.54270000000001,1009.552,99.47606999999999
1010.035,118.7584,1010.035,94.978,1010.035,103.5917,1010.035,99.50906
1010.517,118.8215,1010.517,95.02257,1010.517,103.6499,1010.517,99.55347
1010.999,118.8748,1010.999,95.07202,1010.999,103.7115,1010.999,99.60587000000001
1011.4810000000001,118.91080000000001,1011.4810000000001,95.12589,1011.4810000000001,103.7717,1011.4810000000001,99.66331
1011.963,118.9263,1011.963,95.18636000000001,1011.963,103.82959999999999,1011.963,99.72505
1012.445,118.9236,1012.445,95.25829,1012.445,103.88839999999999,1012.445,99.79348999999999
1012.9269999999999,118.9098,1012.9269999999999,95.34801,1012.9269999999999,103.95410000000001,1012.9269999999999,99.87349
1013.409,118.8945,1013.409,95.46158,1013.409,104.0338,1013.409,99.97062
1013.892,118.8861,1013.892,95.60307,1013.892,104.13239999999999,1013.892,100.0891
1014.3740000000001,118.889,1014.3740000000001,95.77386000000001,1014.3740000000001,104.2518,1014.3740000000001,100.2305
1014.856,118.9036,1014.856,95.97246,1014.856,104.39080000000001,1014.856,100.39359999999999
1015.3380000000001,118.92670000000001,1015.3380000000001,96.19545000000001,1015.3380000000001,104.54669999999999,1015.3380000000001,100.5754
1015.8199999999999,118.9546,1015.8199999999999,96.43849,1015.8199999999999,104.7168,1015.8199999999999,100.77279999999999
1016.302,118.9851,1016.302,96.69757000000001,1016.302,104.89930000000001,1016.302,100.9838
1016.7839999999999,119.0178,1016.7839999999999,96.96942,1016.7839999999999,105.0941,1016.7839999999999,101.20800000000001
1017.266,119.0534,1017.266,97.25172,1017.266,105.30090000000001,1017.266,101.4458
1017.748,119.09209999999999,1017.748,97.54287,1017.748,105.5188,1017.748,101.6978
1018.2310000000001,119.1322,1018.2310000000001,97.84179999999999,1018.2310000000001,105.7451,1018.2310000000001,101.96320000000001
1018.713,119.1705,1018.713,98.14793999999999,1018.713,105.9759,1018.713,102.2399
1019.195,119.20360000000001,1019.195,98.46132,1019.195,106.20739999999999,1019.195,102.5246
1019.6769999999999,119.22980000000001,1019.6769999999999,98.7825,1019.6769999999999,106.4374,1019.6769999999999,102.81419999999999
1020.159,119.24969999999999,1020.159,99.11225,1020.159,106.6655,1020.159,103.10589999999999
1020.641,119.26570000000001,1020.641,99.45049,1020.641,106.8932,1020.641,103.39769999999999
1021.123,119.28030000000001,1021.123,99.79535,1021.123,107.1217,1021.123,103.68740000000001
1021.6050000000001,119.29350000000001,1021.6050000000001,100.14240000000001,1021.6050000000001,107.3505,1021.6050000000001,103.972
1022.0880000000001,119.3024,1022.0880000000001,100.485,1022.0880000000001,107.5766,1022.0880000000001,104.2475
1022.5699999999999,119.3021,1022.5699999999999,100.8159,1022.5699999999999,107.7955,1022.5699999999999,104.5096
1023.052,119.28840000000001,1023.052,101.1288,1023.052,108.0029,1023.052,104.75460000000001
1023.534,119.2604,1023.534,101.42070000000001,1023.534,108.1971,1023.534,104.98160000000001
1024.016,119.2215,1024.016,101.69189999999999,1024.016,108.37920000000001,1024.016,105.19210000000001
1024.4979999999998,119.17869999999999,1024.4979999999998,101.9455,1024.4979999999998,108.5528,1024.4979999999998,105.3896
1024.98,119.139,1024.98,102.1849,1024.98,108.7216,1024.98,105.57730000000001
1025.462,119.1064,1025.462,102.41180000000001,1025.462,108.88629999999999,1025.462,105.7564
1025.944,119.0799,1025.944,102.6249,1025.944,109.0439,1025.944,105.9246
1026.427,119.0541,1026.427,102.8203,1026.427,109.188,1026.427,106.0772
1026.909,119.02250000000001,1026.909,102.9936,1026.909,109.31150000000001,1026.909,106.20920000000001
1027.3909999999998,118.9806,1027.3909999999998,103.1421,1027.3909999999998,109.40920000000001,1027.3909999999998,106.318
1027.873,118.9286,1027.873,103.26660000000001,1027.873,109.4806,1027.873,106.4044
1028.355,118.8715,1028.355,103.37039999999999,1028.355,109.5293,1028.355,106.47279999999999
1028.837,118.81660000000001,1028.837,103.45850000000002,1028.837,109.5615,1028.837,106.5289
1029.3190000000002,118.7707,1029.3190000000002,103.53429999999999,1029.3190000000002,109.58319999999999,1029.3190000000002,106.57749999999999
1029.801,118.7376,1029.801,103.5993,1029.801,109.59810000000002,1029.801,106.62039999999999
1030.2830000000001,118.71800000000002,1030.2830000000001,103.65199999999999,1030.2830000000001,109.6074,1030.2830000000001,106.6567
1030.766,118.7108,1030.766,103.69040000000001,1030.766,109.61080000000001,1030.766,106.6842
1031.248,118.7151,1031.248,103.71289999999999,1031.248,109.60829999999999,1031.248,106.7012
1031.73,118.7322,1031.73,103.7199,1031.73,109.6014,1031.73,106.70759999999999
1032.212,118.76450000000001,1032.212,103.7132,1032.212,109.59239999999998,1032.212,106.7049
1032.694,118.8134,1032.694,103.69470000000001,1032.694,109.5829,1032.694,106.69470000000001
1033.1760000000002,118.87719999999999,1033.1760000000002,103.6643,1033.1760000000002,109.5723,1033.1760000000002,106.67660000000001
1033.658,118.95009999999999,1033.658,103.61990000000002,1033.658,109.5566,1033.658,106.6476
1034.14,119.0231,1034.14,103.5577,1034.14,109.52980000000001,1034.14,106.6031
1034.623,119.08780000000002,1034.623,103.4753,1034.623,109.48629999999999,1034.623,106.53909999999999
1035.105,119.1398,1035.105,103.3728,1035.105,109.42339999999999,1035.105,106.45420000000001
1035.587,119.1806,1035.587,103.25439999999999,1035.587,109.3429,1035.587,106.3512
1036.069,119.2166,1036.069,103.1272,1036.069,109.25059999999999,1036.069,106.23610000000001
1036.551,119.2559,1036.551,102.99799999999999,1036.551,109.1533,1036.551,106.11569999999999
1037.0330000000001,119.3039,1037.0330000000001,102.8706,1037.0330000000001,109.05610000000001,1037.0330000000001,105.9947
1037.5149999999999,119.35979999999999,1037.5149999999999,102.74430000000001,1037.5149999999999,108.96,1037.5149999999999,105.8741
1037.997,119.41770000000001,1037.997,102.614,1037.997,108.86229999999999,1037.997,105.7514
1038.479,119.4686,1038.479,102.4726,1038.479,108.758,1038.479,105.622
1038.962,119.5052,1038.962,102.314,1038.962,108.6425,1038.962,105.4819
1039.444,119.5257,1039.444,102.13570000000001,1039.444,108.51360000000001,1039.444,105.3293
1039.926,119.53419999999998,1039.926,101.9384,1039.926,108.3717,1039.926,105.16479999999999
1040.408,119.5385,1040.408,101.7261,1040.408,108.2189,1040.408,104.99019999999999
1040.89,119.54629999999999,1040.89,101.5026,1040.89,108.05709999999999,1040.89,104.8063
1041.372,119.5613,1041.372,101.2707,1041.372,107.8865,1041.372,104.61240000000001
1041.854,119.5824,1041.854,101.03059999999999,1041.854,107.70599999999999,1041.854,104.4064
1042.336,119.6042,1042.336,100.7812,1042.336,107.5142,1042.336,104.1859
1042.819,119.62109999999998,1042.819,100.5206,1042.819,107.3108,1042.819,103.9501
1043.301,119.62950000000001,1043.301,100.2473,1043.301,107.09740000000001,1043.301,103.70029999999998
1043.783,119.6296,1043.783,99.96072,1043.783,106.8767,1043.783,103.4395
1044.265,119.6239,1044.265,99.66026,1044.265,106.6508,1044.265,103.1705
1044.747,119.61489999999999,1044.747,99.34513000000001,1044.747,106.41989999999998,1044.747,102.8945
1045.229,119.6032,1045.229,99.01415999999999,1045.229,106.1814,1045.229,102.6102
1045.711,119.58619999999999,1045.711,98.66626,1045.711,105.93060000000001,1045.711,102.3145
1046.193,119.5606,1046.193,98.30166,1046.193,105.6635,1046.193,102.00489999999999
1046.676,119.524,1046.676,97.92251999999999,1046.676,105.3786,1046.676,101.68090000000001
1047.1580000000001,119.47749999999999,1047.1580000000001,97.53284000000001,1047.1580000000001,105.0778,1047.1580000000001,101.3452
1047.6399999999999,119.4254,1047.6399999999999,97.1374,1047.6399999999999,104.766,1047.6399999999999,101.0027
1048.122,119.3736,1048.122,96.74031,1048.122,104.44919999999999,1048.122,100.6587
1048.604,119.3263,1048.604,96.34385999999999,1048.604,104.13220000000001,1048.604,100.3169
1049.086,119.28429999999999,1049.086,95.94835,1049.086,103.8173,1049.086,99.97839
1049.568,119.24470000000001,1049.568,95.55282,1049.568,103.5044,1049.568,99.64150000000001
1050.05,119.2034,1050.05,95.15627,1050.05,103.19210000000001,1050.05,99.30377999999999
1050.532,119.1569,1050.532,94.75846000000001,1050.532,102.8792,1050.532,98.96328
1051.015,119.10579999999999,1051.015,94.36017,1051.015,102.56559999999999,1051.015,98.61971
1051.4969999999998,119.0536,1051.4969999999998,93.96226999999999,1051.4969999999998,102.25219999999999,1051.4969999999998,98.2743
1051.979,119.00520000000002,1051.979,93.56514000000001,1051.979,101.94000000000001,1051.979,97.92868999999999
1052.461,118.96379999999999,1052.461,93.16774000000001,1052.461,101.6289,1052.461,97.58366000000001
1052.943,118.9286,1052.943,92.76823999999999,1052.943,101.3174,1052.943,97.23846
1053.425,118.8952,1053.425,92.36468,1053.425,101.0035,1053.425,96.89104
1053.907,118.85729999999998,1053.907,91.956,1053.907,100.6853,1053.907,96.53897
1054.3890000000001,118.811,1054.3890000000001,91.54269,1054.3890000000001,100.36259999999999,1054.3890000000001,96.18073000000001
1054.8709999999999,118.7565,1054.8709999999999,91.12643,1054.8709999999999,100.0368,1054.8709999999999,95.81644
1055.3539999999998,118.69879999999999,1055.3539999999998,90.70921,1055.3539999999998,99.71007999999999,1055.3539999999998,95.4477
1055.836,118.6454,1055.836,90.29241,1055.836,99.38445,1055.836,95.07713000000001
1056.318,118.6028,1056.318,89.8764,1056.318,99.06039,1056.318,94.70738
1056.8,118.57329999999999,1056.8,89.46069,1056.8,98.73658,1056.8,94.34055000000001
1057.2820000000002,118.5543,1057.2820000000002,89.04477999999999,1057.2820000000002,98.41068999999999,1057.2820000000002,93.97791
1057.764,118.5398,1057.764,88.62863000000002,1057.764,98.08049,1057.764,93.62
1058.246,118.5235,1058.246,88.21267,1058.246,97.74494000000001,1058.246,93.26637
1058.7279999999998,118.5014,1058.7279999999998,87.79733,1058.7279999999998,97.40472,1058.7279999999998,92.91555000000001
1059.21,118.4731,1059.21,87.38235,1059.21,97.06184999999999,1059.21,92.56499
1059.693,118.4409,1059.693,86.96626,1059.693,96.71869000000001,1059.693,92.21101000000002
1060.1750000000002,118.4077,1060.1750000000002,86.54707,1060.1750000000002,96.37743999999999,1060.1750000000002,91.84986
1060.657,118.37480000000001,1060.657,86.12308999999999,1060.657,96.03951,1060.657,91.47856000000002
1061.1390000000001,118.3414,1061.1390000000001,85.69418,1061.1390000000001,95.70570000000001,1061.1390000000001,91.09622999999999
1061.6209999999999,118.3063,1061.6209999999999,85.26213,1061.6209999999999,95.37652,1061.6209999999999,90.70470999999999
1062.103,118.2693,1062.103,84.83022,1062.103,95.05207,1062.103,90.30841000000001
1062.5849999999998,118.2325,1062.5849999999998,84.40186,1062.5849999999998,94.73188,1062.5849999999998,89.91286000000001
1063.067,118.20049999999999,1063.067,83.97906,1063.067,94.41438,1063.067,89.52311
1063.55,118.17750000000001,1063.55,83.56165000000001,1063.55,94.09684999999999,1063.55,89.14227
1064.0320000000002,118.1653,1064.0320000000002,83.14738,1064.0320000000002,93.7759,1064.0320000000002,88.77079
1064.514,118.16159999999999,1064.514,82.73322,1064.514,93.44851,1064.514,88.40696
1064.996,118.1609,1064.996,82.31643,1064.996,93.1132,1064.996,88.04758
1065.4779999999998,118.1565,1065.4779999999998,81.89568,1065.4779999999998,92.77085,1065.4779999999998,87.68943999999999
1065.96,118.1443,1065.96,81.47108,1065.96,92.42446,1065.96,87.32976000000001
1066.4419999999998,118.1249,1066.4419999999998,81.04355999999999,1066.4419999999998,92.07813,1066.4419999999998,86.96663000000001
1066.924,118.1029,1066.924,80.61416,1066.924,91.73522,1066.924,86.59900999999999
1067.4060000000002,118.0844,1067.4060000000002,80.18364,1067.4060000000002,91.39725,1067.4060000000002,86.22652000000001
1067.8890000000001,118.07319999999999,1067.8890000000001,79.75265999999999,1067.8890000000001,91.06338,1067.8890000000001,85.84961
1068.3709999999999,118.0682,1068.3709999999999,79.32251,1068.3709999999999,90.73112,1068.3709999999999,85.46970999999999
1068.853,118.0633,1068.853,78.89526000000001,1068.853,90.39761,1068.853,85.0891
1069.335,118.04969999999999,1069.335,78.47351,1069.335,90.06079,1069.335,84.71062
1069.817,118.02,1069.817,78.05933999999999,1069.817,89.7202,1069.817,84.3367
1070.299,117.9716,1070.299,77.65332,1070.299,89.37679,1070.299,83.96879999999999
1070.781,117.9076,1070.781,77.2539,1070.781,89.0321,1070.781,83.60657
1071.2630000000001,117.8353,1071.2630000000001,76.85810000000001,1071.2630000000001,88.68760999999999,1071.2630000000001,83.24859000000001
1071.746,117.7627,1071.746,76.46308,1071.746,88.34436,1071.746,82.89313999999999
1072.228,117.6949,1072.228,76.06754000000001,1072.228,88.00283999999999,1072.228,82.53926
1072.71,117.6331,1072.71,75.67258,1072.71,87.66339,1072.71,82.1874
1073.192,117.575,1073.192,75.28125,1073.192,87.3264,1073.192,81.83906999999999
1073.674,117.5174,1073.674,74.89698,1073.674,86.99213999999999,1073.674,81.49583
1074.156,117.45790000000001,1074.156,74.52197,1074.156,86.66038,1074.156,81.15830000000001
1074.638,117.3964,1074.638,74.15624,1074.638,86.33025,1074.638,80.82546
1075.1200000000001,117.33419999999998,1075.1200000000001,73.79828,1075.1200000000001,86.00049999999999,1075.1200000000001,80.49536
1075.603,117.2719,1075.603,73.44641,1075.603,85.67009999999999,1075.603,80.16636
1076.085,117.20859999999999,1076.085,73.10047,1076.085,85.3392,1076.085,79.8383
1076.567,117.14169999999999,1076.567,72.76241999999999,1076.567,85.00954,1076.567,79.51330999999999
1077.049,117.0688,1077.049,72.43554999999999,1077.049,84.68427,1077.049,79.19501
1077.531,116.9897,1077.531,72.12264,1077.531,84.36703,1077.531,78.88701
1078.013,116.90780000000001,1078.013,71.82446999999999,1078.013,84.06088,1078.013,78.59156
1078.495,116.82950000000001,1078.495,71.53916,1078.495,83.76747,1078.495,78.30848999999999
1078.977,116.76169999999999,1078.977,71.26338,1078.977,83.48702,1078.977,78.036
1079.4589999999998,116.70849999999999,1079.4589999999998,70.99432,1079.4589999999998,83.21892,1079.4589999999998,77.77177
1079.942,116.6695,1079.942,70.73157,1079.942,82.96246,1079.942,77.51467
1080.424,116.6396,1080.424,70.47765,1080.424,82.71732999999999,1080.424,77.26529000000001
1080.906,116.6111,1080.906,70.23666,1080.906,82.48317999999999,1080.906,77.02543
1081.388,116.57770000000001,1081.388,70.012,1081.388,82.25894,1081.388,76.79675
1081.87,116.53620000000001,1081.87,69.80437,1081.87,82.04233,1081.87,76.57946
1082.352,116.4879,1082.352,69.61108,1082.352,81.82982000000001,1082.352,76.37186
1082.834,116.4363,1082.834,69.42746,1082.834,81.61780999999999,1082.834,76.1713
1083.316,116.3842,1083.316,69.24914,1083.316,81.40392,1083.316,75.9756
1083.798,116.332,1083.798,69.07429,1083.798,81.18814,1083.798,75.78455
1084.281,116.2762,1084.281,68.90405,1084.281,80.97277,1084.281,75.59993
1084.763,116.2126,1084.763,68.74142,1084.763,80.76146,1084.763,75.42453
1085.2450000000001,116.1378,1085.2450000000001,68.58872,1085.2450000000001,80.55721,1085.2450000000001,75.26015
1085.7269999999999,116.0526,1085.7269999999999,68.44579999999999,1085.7269999999999,80.36108,1085.7269999999999,75.10606
1086.209,115.96180000000001,1086.209,68.30946,1086.209,80.17165,1086.209,74.95886999999999
1086.691,115.8722,1086.691,68.17513,1086.691,79.98615,1086.691,74.81384
1087.173,115.78980000000001,1087.173,68.0393,1087.173,79.8023,1087.173,74.66700999999999
1087.655,115.71640000000001,1087.655,67.90178,1087.655,79.61984,1087.655,74.5172
1088.137,115.6502,1088.137,67.76593,1088.137,79.44102,1088.137,74.36642
1088.62,115.5864,1088.62,67.6371,1088.62,79.26945,1088.62,74.21873
1089.102,115.521,1089.102,67.51978,1089.102,79.10817,1089.102,74.07817
1089.5839999999998,115.453,1089.5839999999998,67.4153,1089.5839999999998,78.95782,1089.5839999999998,73.94675000000001
1090.066,115.3853,1090.066,67.3212,1090.066,78.81608,1090.066,73.82368
1090.548,115.3236,1090.548,67.23289,1090.548,78.67874,1090.548,73.70644
1091.03,115.2727,1091.03,67.1463,1091.03,78.54185,1091.03,73.59253
1091.512,115.23440000000001,1091.512,67.0603,1091.512,78.40371,1091.512,73.48119
1091.994,115.2063,1091.994,66.97711,1091.994,78.26564,1091.994,73.37380999999999
1092.4769999999999,115.1827,1092.4769999999999,66.90089,1092.4769999999999,78.13096,1092.4769999999999,73.27294
1092.959,115.1572,1092.959,66.83498,1092.959,78.00307000000001,1092.959,73.18047
1093.4409999999998,115.1254,1093.4409999999998,66.77975,1093.4409999999998,77.88322,1093.4409999999998,73.09607
1093.923,115.08590000000001,1093.923,66.73222,1093.923,77.76971,1093.923,73.01707999999999
1094.405,115.04,1094.405,66.68778999999999,1094.405,77.65865,1094.405,72.93983
1094.887,114.989,1094.887,66.64285,1094.887,77.54584,1094.887,72.86155
1095.3690000000001,114.9329,1095.3690000000001,66.59702,1095.3690000000001,77.42899,1095.3690000000001,72.78195
1095.8509999999999,114.8698,1095.8509999999999,66.55328,1095.8509999999999,77.30856,1095.8509999999999,72.7031
1096.333,114.7967,1096.333,66.51626999999999,1096.333,77.18745,1096.333,72.62823
1096.816,114.7122,1096.816,66.48939999999999,1096.816,77.06924,1096.816,72.55943
1097.2979999999998,114.6179,1097.2979999999998,66.4728,1097.2979999999998,76.95649999999999,1097.2979999999998,72.49641
1097.78,114.5186,1097.78,66.46326,1097.78,76.84984,1097.78,72.43661
1098.2620000000002,114.42079999999999,1098.2620000000002,66.45613,1098.2620000000002,76.74840999999999,1098.2620000000002,72.37698
1098.744,114.3295,1098.744,66.44846,1098.744,76.65131,1098.744,72.31612
1099.226,114.2459,1099.226,66.44102000000001,1099.226,76.55894,1099.226,72.25598
1099.7079999999999,114.16720000000001,1099.7079999999999,66.43836999999999,1099.7079999999999,76.47337,1099.7079999999999,72.20132
1100.19,114.0876,1100.19,66.44666,1100.19,76.39751000000001,1100.19,72.15789
1100.673,114.0015,1100.673,66.47031,1100.673,76.33346,1100.673,72.12963
1101.155,113.90609999999998,1101.155,66.50974,1101.155,76.28132,1101.155,72.11697
1101.637,113.80300000000001,1101.637,66.56104,1101.637,76.23899,1101.637,72.11673
1102.1190000000001,113.69690000000001,1102.1190000000001,66.61837,1102.1190000000001,76.20351000000001,1102.1190000000001,72.12436
1102.6009999999999,113.5939,1102.6009999999999,66.67728,1102.6009999999999,76.17287,1102.6009999999999,72.13646
1103.083,113.4983,1103.083,66.73727,1103.083,76.14756,1103.083,72.15277999999999
1103.5649999999998,113.4114,1103.5649999999998,66.80242,1103.5649999999998,76.1306,1103.5649999999998,72.17619
1104.047,113.33169999999998,1104.047,66.87917999999999,1104.047,76.12628,1104.047,72.21085000000001
1104.53,113.25609999999999,1104.53,66.97327,1104.53,76.13806,1104.53,72.25965000000001
1105.012,113.18209999999999,1105.012,67.08686,1105.012,76.16695,1105.012,72.32236
1105.494,113.1087,1105.494,67.21786,1105.494,76.21133,1105.494,72.39580000000001
1105.976,113.0363,1105.976,67.36143,1105.976,76.26818,1105.976,72.47597
1106.4579999999999,112.9658,1106.4579999999999,67.51266,1106.4579999999999,76.33501,1106.4579999999999,72.56044
1106.94,112.89720000000001,1106.94,67.6692,1106.94,76.41148,1106.94,72.65050000000001
1107.4219999999998,112.8291,1107.4219999999998,67.83152,1107.4219999999998,76.49921,1107.4219999999998,72.75059
1107.904,112.7594,1107.904,68.00195000000001,1107.904,76.60074,1107.904,72.86644
1108.3860000000002,112.68599999999999,1108.3860000000002,68.18236999999999,1108.3860000000002,76.71739,1108.3860000000002,73.00201
1108.869,112.6084,1108.869,68.37254,1108.869,76.8481,1108.869,73.15752
1109.3509999999999,112.5275,1109.3509999999999,68.57007,1109.3509999999999,76.98946000000001,1109.3509999999999,73.32921999999999
1109.833,112.4454,1109.833,68.77204,1109.833,77.13735,1109.833,73.51151
1110.315,112.36349999999999,1110.315,68.97712999999999,1110.315,77.28893000000001,1110.315,73.6995
1110.797,112.28210000000001,1110.797,69.18704,1110.797,77.44429,1110.797,73.89127
1111.279,112.20049999999999,1111.279,69.40609,1111.279,77.60638,1111.279,74.08815
1111.761,112.1175,1111.761,69.63905,1111.761,77.77959,1111.761,74.29324
1112.2430000000002,112.0333,1112.2430000000002,69.88847,1112.2430000000002,77.96751,1112.2430000000002,74.50919999999999
1112.725,111.9501,1112.725,70.15316999999999,1112.725,78.17148,1112.725,74.73653999999999
1113.208,111.872,1113.208,70.42838,1113.208,78.38998000000001,1113.208,74.97335
1113.69,111.80349999999999,1113.69,70.70799,1113.69,78.61983000000001,1113.69,75.2167
1114.172,111.7473,1114.172,70.98712,1114.172,78.8577,1114.172,75.46443
1114.654,111.703,1114.654,71.26418,1114.654,79.10138,1114.654,75.71644
1115.136,111.667,1115.136,71.54061999999999,1115.136,79.34986,1115.136,75.97418
1115.618,111.63369999999999,1115.618,71.81921,1115.618,79.60266,1115.618,76.2393
1116.1000000000001,111.5975,1116.1000000000001,72.10168,1116.1000000000001,79.85847,1116.1000000000001,76.51151
1116.5819999999999,111.5548,1116.5819999999999,72.38705,1116.5819999999999,80.1148,1116.5819999999999,76.78773
1117.064,111.50500000000001,1117.064,72.67168,1117.064,80.3682,1117.064,77.06260999999999
1117.547,111.4498,1117.547,72.95119,1117.547,80.61594,1117.547,77.33078
1118.029,111.3916,1118.029,73.22285,1118.029,80.85724,1118.029,77.58926
1118.511,111.3325,1118.511,73.48751,1118.511,81.09418,1118.511,77.83907
1118.993,111.2732,1118.993,73.74946,1118.993,81.331,1118.993,78.08494999999999
1119.475,111.2133,1119.475,74.01495,1119.475,81.57266999999999,1119.475,78.33357000000001
1119.957,111.15280000000001,1119.957,74.28950999999999,1119.957,81.82288,1119.957,78.59078
1120.4389999999999,111.0924,1120.4389999999999,74.57597,1120.4389999999999,82.08301,1120.4389999999999,78.85973
1120.921,111.03399999999999,1120.921,74.87376,1120.921,82.35208,1120.921,79.14004
1121.404,110.9796,1121.404,75.18008,1121.404,82.62813,1121.404,79.42921
1121.886,110.9305,1121.886,75.49162,1121.886,82.90952000000001,1121.886,79.72421
1122.368,110.88629999999999,1122.368,75.80649,1122.368,83.19611,1122.368,80.02335000000001
1122.85,110.8446,1122.85,76.12465999999999,1122.85,83.48916,1122.85,80.32669999999999
1123.332,110.8026,1123.332,76.44739,1123.332,83.79015000000001,1123.332,80.63544
1123.814,110.7584,1123.814,76.77576,1123.814,84.09939,1123.814,80.95036
1124.296,110.7119,1124.296,77.10958,1124.296,84.41521,1124.296,81.27072999999999
1124.778,110.66510000000001,1124.778,77.44701,1124.778,84.73395,1124.778,81.59391
1125.26,110.6212,1125.26,77.78523,1125.26,85.0511,1125.26,81.91614
1125.743,110.58250000000001,1125.743,78.12136,1125.743,85.36256,1125.743,82.23355
1126.2250000000001,110.5496,1126.2250000000001,78.45348,1126.2250000000001,85.6657,1126.2250000000001,82.54334
1126.7069999999999,110.52059999999999,1126.7069999999999,78.78043,1126.7069999999999,85.95922999999999,1126.7069999999999,82.8438
1127.189,110.49210000000001,1127.189,79.10117,1127.189,86.24271,1127.189,83.13396
1127.671,110.4611,1127.671,79.41412,1127.671,86.51558,1127.671,83.41281000000001
1128.153,110.42590000000001,1128.153,79.71679,1128.153,86.77672,1128.153,83.67902000000001
1128.635,110.3871,1128.635,80.0061,1128.635,87.02448000000001,1128.635,83.93088
1129.117,110.347,1129.117,80.27972,1129.117,87.25775,1129.117,84.16743
1129.6,110.308,1129.6,80.53694,1129.6,87.47672,1129.6,84.38907999999999
1130.082,110.27180000000001,1130.082,80.7793,1130.082,87.68354000000001,1130.082,84.59823
1130.564,110.2381,1130.564,81.01015000000001,1130.564,87.88206000000001,1130.564,84.79865000000001
1131.046,110.2053,1131.046,81.23346,1131.046,88.07675,1131.046,84.99464
1131.528,110.1715,1131.528,81.45246999999999,1131.528,88.27148,1131.528,85.18959000000001
1132.01,110.13539999999999,1132.01,81.66899000000001,1132.01,88.46849,1132.01,85.38525
1132.492,110.0971,1132.492,81.88345,1132.492,88.66805,1132.492,85.58175
1132.974,110.0576,1132.974,82.09588,1132.974,88.86922,1132.974,85.77859000000001
1133.4569999999999,110.0184,1133.4569999999999,82.30717,1133.4569999999999,89.07078999999999,1133.4569999999999,85.97592
1133.939,109.9802,1133.939,82.51979,1133.939,89.27243000000001,1133.939,86.17554999999999
1134.421,109.9433,1134.421,82.73772,1134.421,89.47497,1134.421,86.38099
1134.903,109.9072,1134.903,82.9654,1134.903,89.68035,1134.903,86.59675
1135.385,109.8714,1135.385,83.20617999999999,1135.385,89.89058999999999,1135.385,86.82672
1135.867,109.83559999999999,1135.867,83.46122,1135.867,90.10699000000001,1135.867,87.07288
1136.3490000000002,109.80000000000001,1136.3490000000002,83.72917,1136.3490000000002,90.32961,1136.3490000000002,87.33457
1136.831,109.7645,1136.831,84.00672999999999,1136.831,90.55742000000001,1136.831,87.60878
1137.313,109.7278,1137.313,84.28976,1137.313,90.78867000000001,1137.313,87.89092
1137.796,109.688,1137.796,84.57447,1137.796,91.02185,1137.796,88.17622
1138.278,109.6427,1138.278,84.85791,1138.278,91.25586999999999,1138.278,88.4605
1138.76,109.5899,1138.76,85.13793,1138.76,91.49023,1138.76,88.74060999999999
1139.2420000000002,109.52969999999999,1139.2420000000002,85.41286,1139.2420000000002,91.7246,1139.2420000000002,89.01440000000001
1139.724,109.46419999999999,1139.724,85.68103,1139.724,91.95830000000001,1139.724,89.28041999999999
1140.2060000000001,109.397,1140.2060000000001,85.94073,1140.2060000000001,92.18978999999999,1140.2060000000001,89.53752
1140.6879999999999,109.3318,1140.6879999999999,86.19037,1140.6879999999999,92.41678,1140.6879999999999,89.78477999999998
1141.17,109.2705,1141.17,86.42876,1141.17,92.63638999999999,1141.17,90.02134
1141.652,109.2128,1141.652,86.65540999999999,1141.652,92.84573,1141.652,90.24647999999999
1142.1350000000002,109.1565,1142.1350000000002,86.87039999999999,1142.1350000000002,93.04258000000002,1142.1350000000002,90.45962
1142.617,109.0987,1142.617,87.07417,1142.617,93.22589,1142.617,90.66045000000001
1143.0990000000002,109.03769999999999,1143.0990000000002,87.26701,1143.0990000000002,93.39585,1143.0990000000002,90.84879000000001
1143.581,108.97380000000001,1143.581,87.44892999999999,1143.581,93.55365,1143.581,91.02467000000001
1144.063,108.9095,1144.063,87.61964,1144.063,93.7008,1144.063,91.18816000000001
1144.5449999999998,108.8481,1144.5449999999998,87.7787,1144.5449999999998,93.83846,1144.5449999999998,91.33941999999999
1145.027,108.7918,1145.027,87.92600999999999,1145.027,93.96701999999999,1145.027,91.47878
1145.509,108.74090000000001,1145.509,88.06193,1145.509,94.08592,1145.509,91.60674999999999
1145.991,108.6933,1145.991,88.18742,1145.991,94.19421,1145.991,91.72407
1146.474,108.6457,1146.474,88.30368,1146.474,94.29099000000001,1146.474,91.83174
1146.9560000000001,108.59510000000002,1146.9560000000001,88.4118,1146.9560000000001,94.37604,1146.9560000000001,91.93079
1147.4379999999999,108.54010000000001,1147.4379999999999,88.51250999999999,1147.4379999999999,94.45016000000001,1147.4379999999999,92.02225
1147.92,108.4813,1147.92,88.60585999999999,1147.92,94.51480000000001,1147.92,92.10683
1148.4019999999998,108.4204,1148.4019999999998,88.69163999999999,1148.4019999999998,94.57191,1148.4019999999998,92.18485
1148.884,108.3594,1148.884,88.76962,1148.884,94.62304,1148.884,92.25633
1149.3660000000002,108.2986,1149.3660000000002,88.84029,1149.3660000000002,94.6694,1149.3660000000002,92.32123
1149.848,108.2373,1149.848,88.90502,1149.848,94.71164999999999,1149.848,92.37977000000001
1150.331,108.17410000000001,1150.331,88.96645,1150.331,94.75061,1150.331,92.43288
1150.813,108.1083,1150.813,89.02802,1150.813,94.78741,1150.813,92.4822
1151.2949999999998,108.0408,1151.2949999999998,89.09342000000001,1151.2949999999998,94.82385000000001,1151.2949999999998,92.52997
1151.777,107.9747,1151.777,89.16603,1151.777,94.86223000000001,1151.777,92.57871
1152.259,107.9136,1152.259,89.24813,1152.259,94.90498000000001,1152.259,92.63073
1152.741,107.86059999999999,1152.741,89.34055000000001,1152.741,94.95389,1152.741,92.68764000000002
1153.2230000000002,107.81689999999999,1153.2230000000002,89.4427,1153.2230000000002,95.00999999999999,1153.2230000000002,92.75035000000001
1153.705,107.7812,1153.705,89.55284,1153.705,95.07327000000001,1153.705,92.81909
1154.188,107.75030000000001,1154.188,89.66851,1154.188,95.14298,1154.188,92.89362
1154.67,107.72070000000001,1154.67,89.78732000000001,1154.67,95.21813,1154.67,92.97371999999999
1155.152,107.68990000000001,1155.152,89.90755,1155.152,95.29794000000001,1155.152,93.05932999999999
1155.634,107.65690000000001,1155.634,90.02842,1155.634,95.38194000000001,1155.634,93.15063
1156.116,107.62270000000001,1156.116,90.15003999999999,1156.116,95.46994,1156.116,93.24820000000001
1156.598,107.58879999999999,1156.598,90.27308,1156.598,95.56161,1156.598,93.35254
1157.0800000000002,107.55680000000001,1157.0800000000002,90.39794,1157.0800000000002,95.65619999999998,1157.0800000000002,93.4641
1157.562,107.527,1157.562,90.52414,1157.562,95.75234999999999,1157.562,93.58285000000001
1158.044,107.4994,1158.044,90.65007,1158.044,95.84834000000001,1158.044,93.7084
1158.527,107.47340000000001,1158.527,90.77315999999999,1158.527,95.94253,1158.527,93.83966
1159.009,107.44890000000001,1159.009,90.89079,1159.009,96.034,1159.009,93.9752
1159.491,107.42609999999999,1159.491,91.00115000000001,1159.491,96.12259999999999,1159.491,94.11291
1159.973,107.4054,1159.973,91.10419,1159.973,96.20922999999999,1159.973,94.25031000000001
1160.455,107.3864,1160.455,91.20168,1160.455,96.29514999999999,1160.455,94.3845
1160.9370000000001,107.36749999999999,1160.9370000000001,91.29681,1160.9370000000001,96.38157,1160.9370000000001,94.51252
1161.4189999999999,107.3464,1161.4189999999999,91.39307000000001,1161.4189999999999,96.46896999999998,1161.4189999999999,94.63146
1161.901,107.32059999999998,1161.901,91.49297000000001,1161.901,96.55706,1161.901,94.73914
1162.384,107.28850000000001,1162.384,91.59694999999999,1162.384,96.64461,1162.384,94.83421
1162.866,107.25059999999999,1162.866,91.70302,1162.866,96.72977,1162.866,94.91640000000001
1163.348,107.2093,1163.348,91.80713,1163.348,96.81044,1163.348,94.98627
1163.83,107.1685,1163.83,91.90424,1163.83,96.88435999999999,1163.83,95.04476
1164.3120000000001,107.13170000000001,1164.3120000000001,91.98964000000001,1164.3120000000001,96.94953,1164.3120000000001,95.09276
1164.794,107.1012,1164.794,92.06006000000001,1164.794,97.00424,1164.794,95.13091
1165.276,107.0778,1165.276,92.11419,1165.276,97.04733000000002,1165.276,95.15967
1165.758,107.06070000000001,1165.758,92.15268999999999,1165.758,97.0785,1165.758,95.17960000000001
1166.24,107.0484,1166.24,92.1772,1166.24,97.09828999999999,1166.24,95.19156000000001
1166.723,107.03990000000002,1166.723,92.18966999999999,1166.723,97.10806,1166.723,95.19686999999999
1167.2050000000002,107.0349,1167.2050000000002,92.19116,1167.2050000000002,97.10958,1167.2050000000002,95.19675
1167.687,107.03359999999999,1167.687,92.18147,1167.687,97.10437999999999,1167.687,95.19192000000001
1168.169,107.03590000000001,1168.169,92.1592,1168.169,97.09312,1168.169,95.18191999999999
1168.651,107.0409,1168.651,92.12255,1168.651,97.07558,1168.651,95.16521
1169.133,107.0465,1169.133,92.06985,1169.133,97.05047,1169.133,95.13925
1169.615,107.0503,1169.615,92.00057,1169.615,97.0163,1169.615,95.10162
1170.097,107.0504,1170.097,91.91525999999999,1170.097,96.97178,1170.097,95.05042
1170.579,107.0461,1170.579,91.8158,1170.579,96.91666,1170.579,94.98530000000001
1171.0620000000001,107.03800000000001,1171.0620000000001,91.70451,1171.0620000000001,96.85161000000001,1171.0620000000001,94.90715
1171.5439999999999,107.02810000000001,1171.5439999999999,91.58398,1171.5439999999999,96.77833,1171.5439999999999,94.81794000000001
1172.026,107.0181,1172.026,91.45671,1172.026,96.69904000000001,1172.026,94.72002
1172.508,107.00909999999999,1172.508,91.32531999999999,1172.508,96.61618000000001,1172.508,94.6159
1172.99,107.00099999999999,1172.99,91.19263000000001,1172.99,96.53223,1172.99,94.50810000000001
1173.472,106.9928,1173.472,91.06204,1173.472,96.44962,1173.472,94.39947000000001
1173.954,106.9837,1173.954,90.93716,1173.954,96.37066000000002,1173.954,94.29324
1174.4360000000001,106.97319999999999,1174.4360000000001,90.82155999999999,1174.4360000000001,96.29762,1174.4360000000001,94.19337
1174.918,106.962,1174.918,90.71826,1174.918,96.23269,1174.918,94.10415
1175.4009999999998,106.951,1175.4009999999998,90.62969000000001,1175.4009999999998,96.17796,1175.4009999999998,94.02977
1175.883,106.9409,1175.883,90.55783,1175.883,96.13542000000001,1175.883,93.97375
1176.365,106.9318,1176.365,90.50494,1176.365,96.10723,1176.365,93.93879
1176.847,106.92200000000001,1176.847,90.47382999999999,1176.847,96.09572999999999,1176.847,93.92652999999999
1177.3290000000002,106.91010000000001,1177.3290000000002,90.46822,1177.3290000000002,96.10358,1177.3290000000002,93.93796
1177.811,106.89420000000001,1177.811,90.49206999999998,1177.811,96.13360999999999,1177.811,93.97348
1178.2930000000001,106.874,1178.2930000000001,90.54907999999999,1178.2930000000001,96.18835000000001,1178.2930000000001,94.03347
1178.7749999999999,106.8501,1178.7749999999999,90.64177000000001,1178.7749999999999,96.26984999999999,1178.7749999999999,94.11841000000001
1179.2579999999998,106.82339999999999,1179.2579999999998,90.77097,1179.2579999999998,96.37901,1179.2579999999998,94.22890000000001
1179.74,106.7949,1179.74,90.93584,1179.74,96.51555,1179.74,94.36546
1180.2220000000002,106.76429999999999,1180.2220000000002,91.13428,1180.2220000000002,96.67797999999999,1180.2220000000002,94.52824
1180.704,106.73029999999999,1180.704,91.36336999999999,1180.704,96.86354,1180.704,94.7166
1181.1860000000001,106.6913,1181.1860000000001,91.62003,1181.1860000000001,97.06879,1181.1860000000001,94.92899
1181.668,106.6461,1181.668,91.90101,1181.668,97.28972,1181.668,95.16275
1182.15,106.59540000000001,1182.15,92.20321999999999,1182.15,97.52232,1182.15,95.41460000000001
1182.6319999999998,106.54129999999999,1182.6319999999998,92.52329,1182.6319999999998,97.76273,1182.6319999999998,95.68069
1183.115,106.48709999999998,1183.115,92.85744,1183.115,98.00737999999998,1183.115,95.95692
1183.597,106.43609999999998,1183.597,93.2011,1183.597,98.25286,1183.597,96.23902
1184.0790000000002,106.3904,1184.0790000000002,93.54879,1184.0790000000002,98.49586000000001,1184.0790000000002,96.52242
1184.561,106.35140000000001,1184.561,93.89468000000001,1184.561,98.73357,1184.561,96.80305000000001
1185.0430000000001,106.3167,1185.0430000000001,94.23122,1185.0430000000001,98.96200999999999,1185.0430000000001,97.07487
1185.5249999999999,106.2843,1185.5249999999999,94.55196000000001,1185.5249999999999,99.17821,1185.5249999999999,97.33308
1186.007,106.2528,1186.007,94.85194999999999,1186.007,99.38029,1186.007,97.57441
1186.4889999999998,106.2219,1186.4889999999998,95.12819999999999,1186.4889999999998,99.56725,1186.4889999999998,97.79718000000001
1186.971,106.19229999999999,1186.971,95.37969000000001,1186.971,99.73872999999999,1186.971,98.00131
1187.454,106.16499999999999,1187.454,95.60665999999999,1187.454,99.89447,1187.454,98.18753
1187.9360000000001,106.1406,1187.9360000000001,95.80991,1187.9360000000001,100.0339,1187.9360000000001,98.35653
1188.418,106.11880000000001,1188.418,95.99022,1188.418,100.15620000000001,1188.418,98.50836
1188.9,106.09880000000001,1188.9,96.14837,1188.9,100.2607,1188.9,98.64269999999999
1189.3819999999998,106.07960000000001,1189.3819999999998,96.28501999999999,1189.3819999999998,100.34719999999999,1189.3819999999998,98.75895
1189.864,106.06089999999999,1189.864,96.40124999999999,1189.864,100.41690000000001,1189.864,98.85695999999999
1190.346,106.0427,1190.346,96.49825,1190.346,100.47109999999999,1190.346,98.93706
1190.828,106.0249,1190.828,96.57726,1190.828,100.5117,1190.828,99.00002
1191.311,106.00719999999998,1191.311,96.63909000000001,1191.311,100.53989999999999,1191.311,99.04656
1191.7930000000001,105.9884,1191.7930000000001,96.684,1191.7930000000001,100.55590000000001,1191.7930000000001,99.07709
1192.2749999999999,105.96669999999999,1192.2749999999999,96.71175,1192.2749999999999,100.5593,1192.2749999999999,99.0916
1192.757,105.9401,1192.757,96.72224,1192.757,100.5496,1192.757,99.09043
1193.239,105.90790000000001,1193.239,96.71583999999999,1193.239,100.52700000000002,1193.239,99.0744
1193.721,105.8705,1193.721,96.69369,1193.721,100.49269999999999,1193.721,99.04534
1194.203,105.82990000000001,1194.203,96.65755000000001,1194.203,100.44869999999999,1194.203,99.0056
1194.685,105.7882,1194.685,96.60927000000001,1194.685,100.3971,1194.685,98.95759999999999
1195.1670000000001,105.74719999999999,1195.1670000000001,96.55025,1195.1670000000001,100.3392,1195.1670000000001,98.90302
1195.65,105.70729999999999,1195.65,96.48158000000001,1195.65,100.2753,1195.65,98.84263000000001
1196.132,105.66789999999999,1196.132,96.40397999999999,1196.132,100.2054,1196.132,98.77635
1196.614,105.6281,1196.614,96.31853,1196.614,100.12950000000001,1196.614,98.70423000000001
1197.096,105.5873,1197.096,96.2269,1197.096,100.0487,1197.096,98.62682
1197.578,105.5466,1197.578,96.13132999999999,1197.578,99.96535,1197.578,98.54563999999999
1198.06,105.5078,1198.06,96.03405000000001,1198.06,99.88233,1198.06,98.46270000000001
1198.542,105.47340000000001,1198.542,95.93669,1198.542,99.80235,1198.542,98.37994
1199.0240000000001,105.44489999999999,1199.0240000000001,95.83968,1199.0240000000001,99.72667,1199.0240000000001,98.29822999999999
1199.5059999999999,105.42240000000001,1199.5059999999999,95.74242,1199.5059999999999,99.65477999999999,1199.5059999999999,98.21726
1199.989,105.4041,1199.989,95.64358,1199.989,99.58446,1199.989,98.13552
1200.471,105.38749999999999,1200.471,95.542,1200.471,99.51284,1200.471,98.0513
1200.953,105.3701,1200.953,95.43708000000001,1200.953,99.43728999999999,1200.953,97.96315
1201.435,105.3504,1201.435,95.3288,1201.435,99.35612,1201.435,97.87034
1201.917,105.32820000000001,1201.917,95.21737999999999,1201.917,99.26881,1201.917,97.77271999999999
1202.399,105.304,1202.399,95.10249999999999,1202.399,99.17543,1202.399,97.67001
1202.881,105.2781,1202.881,94.98295,1202.881,99.07603999999999,1202.881,97.5613
1203.363,105.25,1203.363,94.8567,1203.363,98.97038,1203.363,97.44496999999998
1203.845,105.21849999999999,1203.845,94.72135,1203.845,98.85762,1203.845,97.31889000000001
1204.328,105.1823,1204.328,94.57504999999999,1204.328,98.73702,1204.328,97.1815
1204.81,105.1406,1204.81,94.41684000000001,1204.81,98.60803000000001,1204.81,97.03200000000001
1205.292,105.09379999999999,1205.292,94.24667,1205.292,98.47058000000001,1205.292,96.87088
1205.774,105.04400000000001,1205.774,94.06484,1205.774,98.32475000000001,1205.774,96.69924
1206.256,104.99369999999999,1206.256,93.87123000000001,1206.256,98.17030000000001,1206.256,96.51813000000001
1206.738,104.945,1206.738,93.66484,1206.738,98.00626,1206.738,96.32764
1207.22,104.8992,1207.22,93.44383,1207.22,97.83103,1207.22,96.12684
1207.702,104.85629999999999,1207.702,93.20625,1207.702,97.64272,1207.702,95.91408
1208.1850000000002,104.81530000000001,1208.1850000000002,92.9506,1208.1850000000002,97.4398,1208.1850000000002,95.68766
1208.667,104.7755,1208.667,92.67632,1208.667,97.22171,1208.667,95.44666
1209.1490000000001,104.7366,1209.1490000000001,92.38391999999999,1209.1490000000001,96.98876,1209.1490000000001,95.19098
1209.6309999999999,104.69900000000001,1209.6309999999999,92.07418000000001,1209.6309999999999,96.7418,1209.6309999999999,94.92112
1210.113,104.66310000000001,1210.113,91.74758,1210.113,96.48165,1210.113,94.63756000000001
1210.595,104.6292,1210.595,91.40406,1210.595,96.20869,1210.595,94.34022999999999
1211.077,104.59670000000001,1211.077,91.04297000000001,1211.077,95.92287,1211.077,94.02856
1211.559,104.5644,1211.559,90.66371000000001,1211.559,95.62411,1211.559,93.70177
1212.0420000000001,104.53099999999999,1212.0420000000001,90.26634,1212.0420000000001,95.31268,1212.0420000000001,93.35945000000001
1212.524,104.49569999999999,1212.524,89.85154,1212.524,94.98922999999999,1212.524,93.00182
1213.006,104.45850000000002,1213.006,89.42054999999999,1213.006,94.65474,1213.006,92.62966
1213.4879999999998,104.42020000000001,1213.4879999999998,88.97451000000001,1213.4879999999998,94.30974,1213.4879999999998,92.24394000000001
1213.97,104.3817,1213.97,88.51442,1213.97,93.95434,1213.97,91.84542
1214.452,104.34309999999999,1214.452,88.04119999999999,1214.452,93.58805000000001,1214.452,91.43453
1214.934,104.3038,1214.934,87.55661,1214.934,93.21085,1214.934,91.01203999999998
1215.416,104.2627,1215.416,87.06379999999999,1215.416,92.82382999999999,1215.416,90.57972
1215.898,104.219,1215.898,86.5676,1215.898,92.42989,1215.898,90.14093000000001
1216.3809999999999,104.17289999999998,1216.3809999999999,86.07388,1216.3809999999999,92.03348,1216.3809999999999,89.70036
1216.863,104.12570000000001,1216.863,85.58842999999999,1216.863,91.63973,1216.863,89.26360000000001
1217.3449999999998,104.0797,1217.3449999999998,85.11561,1217.3449999999998,91.25327,1217.3449999999998,88.83578
1217.827,104.03659999999999,1217.827,84.65816000000001,1217.827,90.87733,1217.827,88.42103999999999
1218.3090000000002,103.997,1218.3090000000002,84.21756,1218.3090000000002,90.51367,1218.3090000000002,88.02219000000001
1218.791,103.95970000000001,1218.791,83.79517,1218.791,90.16325,1218.791,87.64121
1219.2730000000001,103.92250000000001,1219.2730000000001,83.39336,1219.2730000000001,89.82719,1219.2730000000001,87.27995999999999
1219.7549999999999,103.8829,1219.7549999999999,83.01581999999999,1219.7549999999999,89.50766,1219.7549999999999,86.94067000000001
1220.2379999999998,103.8395,1220.2379999999998,82.66695,1220.2379999999998,89.20782,1220.2379999999998,86.62592000000001
1220.72,103.7929,1220.72,82.35055,1220.72,88.93119,1220.72,86.33819000000001
1221.202,103.745,1221.202,82.06885,1221.202,88.68096,1221.202,86.07925
1221.684,103.69839999999999,1221.684,81.82221999999999,1221.684,88.45929,1221.684,85.85032999999999
1222.1660000000002,103.6547,1222.1660000000002,81.60995,1222.1660000000002,88.26729,1222.1660000000002,85.65181000000001
1222.648,103.61419999999998,1222.648,81.43141999999999,1222.648,88.10552,1222.648,85.48438000000002
1223.13,103.5752,1223.13,81.28726,1223.13,87.97464,1223.13,85.34898999999999
1223.6119999999999,103.5358,1223.6119999999999,81.17944,1223.6119999999999,87.87566,1223.6119999999999,85.24722
1224.094,103.49459999999999,1224.094,81.11061,1224.094,87.80993000000001,1224.094,85.18070999999999
1224.577,103.4513,1224.577,81.08297999999999,1224.577,87.77868,1224.577,85.15076
1225.059,103.4074,1225.059,81.09741,1225.059,87.7825,1225.059,85.15772999999999
1225.541,103.36510000000001,1225.541,81.15307,1225.541,87.82130000000001,1225.541,85.20117
1226.0230000000001,103.32589999999999,1226.0230000000001,81.24817999999999,1226.0230000000001,87.89441,1226.0230000000001,85.2803
1226.5049999999999,103.2902,1226.5049999999999,81.38083,1226.5049999999999,88.00086999999999,1226.5049999999999,85.39422
1226.987,103.2567,1226.987,81.54945,1226.987,88.13953,1226.987,85.54204
1227.4689999999998,103.22309999999999,1227.4689999999998,81.75288,1227.4689999999998,88.30912,1227.4689999999998,85.72271
1227.951,103.18730000000001,1227.951,81.98962,1227.951,88.50769,1227.951,85.93434
1228.434,103.14840000000001,1228.434,82.25735,1228.434,88.73261,1228.434,86.17404
1228.916,103.1068,1228.916,82.55254000000001,1228.916,88.98042000000001,1228.916,86.43796
1229.398,103.0638,1229.398,82.87089999999999,1229.398,89.24739000000001,1229.398,86.72196
1229.88,103.0209,1229.88,83.20808,1229.88,89.52984000000001,1229.88,87.02222
1230.3619999999999,102.9793,1230.3619999999999,83.56051000000001,1230.3619999999999,89.82488000000001,1230.3619999999999,87.33585
1230.844,102.93890000000002,1230.844,83.92569999999999,1230.844,90.1303,1230.844,87.66078
1231.326,102.8991,1231.326,84.30196000000001,1231.326,90.44460000000001,1231.326,87.99551
1231.808,102.8594,1231.808,84.68787,1231.808,90.76643000000001,1231.808,88.33840000000001
1232.291,102.81949999999999,1232.291,85.08160000000001,1232.291,91.0943,1232.291,88.6873
1232.773,102.7797,1232.773,85.48067,1232.773,91.42620000000001,1232.773,89.03948
1233.2549999999999,102.7406,1233.2549999999999,85.88210000000001,1233.2549999999999,91.75973,1233.2549999999999,89.39188
1233.737,102.7024,1233.737,86.28271,1233.737,92.09208000000001,1233.737,89.74178
1234.219,102.6648,1234.219,86.67988,1234.219,92.42047,1234.219,90.08689000000001
1234.701,102.6272,1234.701,87.07159000000001,1234.701,92.74231999999999,1234.701,90.42588
1235.183,102.58879999999999,1235.183,87.45657,1235.183,93.05566999999999,1235.183,90.75801999999999
1235.665,102.54939999999999,1235.665,87.83391,1235.665,93.35915999999999,1235.665,91.08297999999999
1236.147,102.5096,1236.147,88.2029,1236.147,93.65218999999999,1236.147,91.40042
1236.6299999999999,102.4703,1236.6299999999999,88.56265,1236.6299999999999,93.93463,1236.6299999999999,91.70963
1237.112,102.43230000000001,1237.112,88.91216,1237.112,94.20662,1237.112,92.00957000000001
1237.594,102.39540000000001,1237.594,89.25041999999999,1237.594,94.46818999999999,1237.594,92.29889
1238.076,102.35829999999999,1238.076,89.57686000000001,1238.076,94.71916999999999,1238.076,92.57633
1238.558,102.319,1238.558,89.89147,1238.558,94.95924000000001,1238.558,92.8411
1239.04,102.2753,1239.04,90.19508,1239.04,95.18817,1239.04,93.0934
1239.522,102.2265,1239.522,90.48937000000001,1239.522,95.40635,1239.522,93.33458999999999
1240.004,102.1735,1240.004,90.77652,1240.004,95.61487,1240.004,93.56695
1240.4859999999999,102.11859999999999,1240.4859999999999,91.05877,1240.4859999999999,95.81547,1240.4859999999999,93.79314000000001
1240.969,102.0648,1240.969,91.33794999999999,1240.969,96.01019000000001,1240.969,94.01557
1241.451,102.0146,1241.451,91.61505,1241.451,96.20069000000001,1241.451,94.23549
1241.933,101.969,1241.933,91.89026999999999,1241.933,96.38820000000001,1241.933,94.45306000000001
1242.415,101.9273,1242.415,92.16296,1242.415,96.57282000000001,1242.415,94.66718999999999
1242.897,101.8879,1242.897,92.43206,1242.897,96.75416,1242.897,94.8764
1243.379,101.8489,1243.379,92.69622999999999,1243.379,96.93116,1243.379,95.07924
1243.8609999999999,101.80890000000001,1243.8609999999999,92.95415,1243.8609999999999,97.10261,1243.8609999999999,95.27489
1244.343,101.7671,1244.343,93.20432,1244.343,97.26704,1244.343,95.46301
1244.825,101.7234,1244.825,93.44509000000001,1244.825,97.42278,1244.825,95.64341999999999
1245.308,101.67779999999999,1245.308,93.67472,1245.308,97.56802,1245.308,95.81573
1245.79,101.6302,1245.79,93.89159,1245.79,97.70089999999999,1245.79,95.97897
1246.272,101.5803,1246.272,94.09466,1246.272,97.82009000000001,1246.272,96.13186
1246.754,101.52799999999999,1246.754,94.28392000000001,1246.754,97.92521,1246.754,96.27331999999998
1247.236,101.4738,1247.236,94.46059,1247.236,98.01721,1247.236,96.40325000000001
1247.7179999999998,101.41929999999999,1247.7179999999998,94.6269,1247.7179999999998,98.09849,1247.7179999999998,96.52268
1248.2,101.3662,1248.2,94.78524999999999,1248.2,98.17199000000001,1248.2,96.6336
1248.682,101.3166,1248.682,94.93733,1248.682,98.24059,1248.682,96.73828999999999
1249.1650000000002,101.2713,1249.1650000000002,95.08347,1249.1650000000002,98.30605,1249.1650000000002,96.83836
1249.647,101.2302,1249.647,95.2225,1249.647,98.36891,1249.647,96.93433
1250.1290000000001,101.192,1250.1290000000001,95.35237000000001,1250.1290000000001,98.42857000000001,1250.1290000000001,97.02545
1250.6109999999999,101.1551,1250.6109999999999,95.47112,1250.6109999999999,98.48420000000002,1250.6109999999999,97.11054000000001
1251.093,101.1182,1251.093,95.57767999999999,1251.093,98.53532,1251.093,97.18859
1251.5749999999998,101.08090000000001,1251.5749999999998,95.67232000000001,1251.5749999999998,98.58221999999999,1251.5749999999998,97.25926
1252.057,101.0435,1252.057,95.75623999999999,1252.057,98.62569,1252.057,97.32293999999999
1252.539,101.0065,1252.539,95.8309,1252.539,98.66644000000001,1252.539,97.38033
1253.021,100.97,1253.021,95.89706,1253.021,98.70438,1253.021,97.4316
1253.504,100.93350000000001,1253.504,95.9547,1253.504,98.73854,1253.504,97.47635000000001
1253.986,100.89580000000001,1253.986,96.00317000000001,1253.986,98.76742999999999,1253.986,97.51357
1254.468,100.8561,1254.468,96.04213,1254.468,98.78984,1254.468,97.54236
1254.95,100.81400000000001,1254.95,96.07196,1254.95,98.80561999999999,1254.95,97.56258000000001
1255.4319999999998,100.7704,1255.4319999999998,96.09415,1255.4319999999998,98.81597,1255.4319999999998,97.57536999999999
1255.914,100.7269,1255.914,96.11063,1255.914,98.82298,1255.914,97.58285000000001
1256.396,100.68520000000001,1256.396,96.12297,1256.396,98.82880999999999,1256.396,97.5873
1256.878,100.6469,1256.878,96.13161,1256.878,98.8347,1256.878,97.59051
1257.3609999999999,100.6121,1257.3609999999999,96.1358,1257.3609999999999,98.84065,1257.3609999999999,97.59322
1257.843,100.5807,1257.843,96.13432,1257.843,98.84569,1257.843,97.59525
1258.325,100.55199999999999,1258.325,96.12650000000001,1258.325,98.84866000000001,1258.325,97.59615
1258.807,100.5263,1258.807,96.11308,1258.807,98.84898,1258.807,97.59572
1259.289,100.5042,1259.289,96.09640999999999,1259.289,98.8471,1259.289,97.59438
1259.771,100.48660000000001,1259.771,96.07953,1259.771,98.84403,1259.771,97.59282999999999
1260.2530000000002,100.4742,1260.2530000000002,96.06499,1260.2530000000002,98.84065,1260.2530000000002,97.59149000000001
1260.735,100.4663,1260.735,96.05357,1260.735,98.83678,1260.735,97.58965
1261.2179999999998,100.4607,1261.2179999999998,96.04423,1261.2179999999998,98.83108999999999,1261.2179999999998,97.58577000000001
1261.7,100.4542,1261.7,96.03472,1261.7,98.82172,1261.7,97.57776
1262.1820000000002,100.444,1262.1820000000002,96.02315000000002,1262.1820000000002,98.80727,1262.1820000000002,97.56448
1262.664,100.42819999999999,1262.664,96.00906,1262.664,98.78788,1262.664,97.54632000000001
1263.146,100.4072,1263.146,95.994,1263.146,98.76538,1263.146,97.52556999999999
1263.628,100.38260000000001,1263.628,95.98051,1263.628,98.74268000000001,1263.628,97.50560999999999
1264.1100000000001,100.35700000000001,1264.1100000000001,95.97115000000001,1264.1100000000001,98.72269,1264.1100000000001,97.48989999999999
1264.5919999999999,100.3326,1264.5919999999999,95.96703,1264.5919999999999,98.70716999999999,1264.5919999999999,97.48055000000001
1265.074,100.30980000000001,1265.074,95.96733,1265.074,98.69596,1265.074,97.47756000000001
1265.557,100.28829999999999,1265.557,95.96976,1265.557,98.68760999999999,1265.557,97.47932
1266.0390000000002,100.2665,1266.0390000000002,95.97173,1266.0390000000002,98.68015,1266.0390000000002,97.48322
1266.521,100.2429,1266.521,95.97149999999999,1266.521,98.67222999999998,1266.521,97.48688
1267.003,100.217,1267.003,95.96875,1267.003,98.66362000000001,1267.003,97.48888000000001
1267.485,100.1892,1267.485,95.96436,1267.485,98.65515,1267.485,97.48888000000001
1267.967,100.1604,1267.967,95.95954,1267.967,98.64788000000001,1267.967,97.48732000000001
1268.4489999999998,100.1319,1268.4489999999998,95.95489,1268.4489999999998,98.64227,1268.4489999999998,97.4846
1268.931,100.10419999999999,1268.931,95.95008999999999,1268.931,98.63768,1268.931,97.48087
1269.413,100.0778,1269.413,95.94406,1269.413,98.63258,1269.413,97.47592
1269.8960000000002,100.05239999999999,1269.8960000000002,95.93593999999999,1269.8960000000002,98.62534,1269.8960000000002,97.46967
1270.378,100.0281,1270.378,95.92556,1270.378,98.61497999999999,1270.378,97.46244000000002
1270.86,100.0054,1270.86,95.91379,1270.86,98.60157,1270.86,97.45492999999999
1271.3419999999999,99.98459,1271.3419999999999,95.90177,1271.3419999999999,98.58585,1271.3419999999999,97.44768
1271.824,99.96589999999999,1271.824,95.88991,1271.824,98.56859,1271.824,97.44042999999999
1272.306,99.94865000000001,1272.306,95.87707,1272.306,98.54969,1272.306,97.43164
1272.788,99.93127,1272.788,95.86059,1272.788,98.52788000000001,1272.788,97.41872000000001
1273.2700000000002,99.91173,1273.2700000000002,95.83694,1273.2700000000002,98.50101000000001,1273.2700000000002,97.39867000000001
1273.752,99.88837000000001,1273.752,95.80330000000001,1273.752,98.46722,1273.752,97.36943
1274.235,99.86045000000001,1274.235,95.75851,1274.235,98.42542,1274.235,97.33044
1274.7169999999999,99.82858999999999,1274.7169999999999,95.70368,1274.7169999999999,98.37614,1274.7169999999999,97.28287999999999
1275.199,99.79433999999999,1275.199,95.64152999999999,1275.199,98.32112000000001,1275.199,97.22903000000001
1275.681,99.75961,1275.681,95.57529000000001,1275.681,98.26266000000001,1275.681,97.17121
1276.163,99.72578,1276.163,95.50746000000001,1276.163,98.20282,1276.163,97.11086999999999
1276.645,99.69324,1276.645,95.43945000000001,1276.645,98.14292999999999,1276.645,97.04845
1277.1270000000002,99.66146,1277.1270000000002,95.3717,1277.1270000000002,98.08372,1277.1270000000002,96.98385999999999
1277.609,99.62944999999999,1277.609,95.30478000000001,1277.609,98.02582,1277.609,96.91752
1278.092,99.59653,1278.092,95.24009,1278.092,97.97036,1278.092,96.85116000000001
1278.5739999999998,99.5626,1278.5739999999998,95.18029999999999,1278.5739999999998,97.91902999999999,1278.5739999999998,96.78796
1279.056,99.52818,1279.056,95.12886999999999,1279.056,97.87385,1279.056,96.73186
1279.538,99.49396999999999,1279.538,95.08888999999999,1279.538,97.83643,1279.538,96.68636
1280.02,99.46049000000001,1280.02,95.06224,1280.02,97.80758,1280.02,96.65357
1280.502,99.42767,1280.502,95.04899999999999,1280.502,97.78708999999999,1280.502,96.63376
1280.9840000000002,99.39527,1280.9840000000002,95.04806,1280.9840000000002,97.77423,1280.9840000000002,96.6258
1281.466,99.36315,1281.466,95.05774000000001,1281.466,97.76842,1281.466,96.62813
1281.9479999999999,99.33173,1281.9479999999999,95.07694000000001,1281.9479999999999,97.76983,1281.9479999999999,96.63972
1282.4309999999998,99.30177,1282.4309999999998,95.10526,1282.4309999999998,97.77926000000001,1282.4309999999998,96.66016
1282.913,99.27411,1282.913,95.14264,1282.913,97.79749000000001,1282.913,96.68922
1283.395,99.24870999999999,1283.395,95.18842,1283.395,97.82432999999999,1283.395,96.72595
1283.877,99.22428,1283.877,95.24049,1283.877,97.85786,1283.877,96.76778
1284.359,99.19824,1284.359,95.29507000000001,1284.359,97.89433000000001,1284.359,96.81046
1284.8410000000001,99.16759,1284.8410000000001,95.34744,1284.8410000000001,97.92904999999999,1284.8410000000001,96.84898000000001
1285.323,99.13,1285.323,95.39324,1285.323,97.95758,1285.323,96.87894999999999
1285.8049999999998,99.08492000000001,1285.8049999999998,95.42960000000001,1285.8049999999998,97.97697,1285.8049999999998,96.89793
1286.2879999999998,99.03389000000001,1286.2879999999998,95.45586,1286.2879999999998,97.98626999999999,1286.2879999999998,96.90581
1286.77,98.98006000000001,1286.77,95.47291,1286.77,97.98611,1286.77,96.90444
1287.252,98.92689000000001,1287.252,95.48203000000001,1287.252,97.97756,1287.252,96.89589
1287.734,98.87684,1287.734,95.48339,1287.734,97.96101999999999,1287.734,96.88112000000001
1288.2160000000001,98.83048000000001,1288.2160000000001,95.47554,1288.2160000000001,97.93554999999999,1288.2160000000001,96.85918000000001
1288.698,98.78656,1288.698,95.45541999999999,1288.698,97.89921,1288.698,96.82752
1289.18,98.74292,1289.18,95.41988,1289.18,97.85011,1289.18,96.7834
1289.6619999999998,98.69770000000001,1289.6619999999998,95.36690999999999,1289.6619999999998,97.78741,1289.6619999999998,96.7252
1290.145,98.65012999999999,1290.145,95.29655,1290.145,97.71203,1290.145,96.65343
1290.627,98.60082,1290.627,95.21093,1290.627,97.62631999999999,1290.627,96.57035
1291.1090000000002,98.55114,1291.1090000000002,95.11323000000002,1291.1090000000002,97.53331,1291.1090000000002,96.47902
1291.591,98.50225999999999,1291.591,95.00667999999999,1291.591,97.43555,1291.591,96.38213999999999
1292.073,98.45456999999999,1292.073,94.89381,1292.073,97.33488,1292.073,96.28123000000001
1292.555,98.40743,1292.555,94.77635,1292.555,97.23225,1292.555,96.17677
1293.037,98.35974,1293.037,94.65586,1293.037,97.12870000000001,1293.037,96.0693
1293.5189999999998,98.31047,1293.5189999999998,94.53423000000001,1293.5189999999998,97.02562,1293.5189999999998,95.96011000000001
1294.001,98.25941,1294.001,94.41409999999999,1294.001,96.92537,1294.001,95.85188000000001
1294.484,98.20712,1294.484,94.29857,1294.484,96.83059999999999,1294.484,95.74816
1294.9660000000001,98.15462,1294.9660000000001,94.19057000000001,1294.9660000000001,96.74369,1294.9660000000001,95.65251
1295.4479999999999,98.10276999999999,1295.4479999999999,94.09231,1295.4479999999999,96.66589,1295.4479999999999,95.56736000000001
1295.93,98.05182,1295.93,94.00489999999999,1295.93,96.59722000000001,1295.93,95.49332
1296.412,98.00143,1296.412,93.9287,1296.412,96.53672999999999,1296.412,95.42941
1296.894,97.95111,1296.894,93.86380000000001,1296.894,96.48335,1296.894,95.37414999999999
1297.3759999999997,97.9007,1297.3759999999997,93.81048,1297.3759999999997,96.43665999999999,1297.3759999999997,95.32634999999999
1297.858,97.85081,1297.858,93.76936,1297.858,96.39725,1297.858,95.28603000000001
1298.3400000000001,97.80256,1298.3400000000001,93.74091,1298.3400000000001,96.36625000000001,1298.3400000000001,95.2542
1298.823,97.75717,1298.823,93.72496999999998,1298.823,96.34460000000001,1298.823,95.23207
1299.3049999999998,97.71532,1299.3049999999998,93.72003,1299.3049999999998,96.33221,1299.3049999999998,95.22001
1299.787,97.67683,1299.787,93.7235,1299.787,96.32767,1299.787,95.21697
1300.2690000000002,97.64087,1300.2690000000002,93.7323,1300.2690000000002,96.32861,1300.2690000000002,95.22057000000001
1300.751,97.60650999999999,1300.751,93.74377000000001,1300.751,96.33259000000001,1300.751,95.22789
1301.233,97.57338000000001,1301.233,93.75659,1301.233,96.33803999999999,1301.233,95.23669
1301.715,97.54203000000001,1301.715,93.77100999999999,1301.715,96.34473,1301.715,95.24596000000001
1302.1970000000001,97.51362999999999,1302.1970000000001,93.78815,1302.1970000000001,96.35342,1302.1970000000001,95.25610999999999
1302.6789999999999,97.48943,1302.6789999999999,93.80895000000001,1302.6789999999999,96.36513000000001,1302.6789999999999,95.26801
1303.162,97.46983,1303.162,93.83314999999999,1303.162,96.37992,1303.162,95.28214
1303.644,97.45411000000001,1303.644,93.85885,1303.644,96.39654999999999,1303.644,95.29766000000001
1304.1260000000002,97.44035,1304.1260000000002,93.88308,1304.1260000000002,96.41258,1304.1260000000002,95.31264
1304.608,97.42641,1304.608,93.90307999999999,1304.608,96.42550999999999,1304.608,95.32487
1305.09,97.41077000000001,1305.09,93.91739,1305.09,96.43373,1305.09,95.33288999999999
1305.572,97.39330000000001,1305.572,93.92659,1305.572,96.43748000000001,1305.572,95.33697000000001
1306.054,97.37522999999999,1306.054,93.93293,1306.054,96.43858,1306.054,95.33903000000001
1306.5359999999998,97.35862,1306.5359999999998,93.93917,1306.5359999999998,96.43967,1306.5359999999998,95.34167
1307.019,97.34525,1307.019,93.94725,1307.019,96.44283,1307.019,95.34699
1307.501,97.33578,1307.501,93.95747999999999,1307.501,96.44886,1307.501,95.35551999999998
1307.9830000000002,97.32942,1307.9830000000002,93.96848,1307.9830000000002,96.45683,1307.9830000000002,95.36594000000001
1308.465,97.32424999999999,1308.465,93.97813,1308.465,96.46490999999999,1308.465,95.37582
1308.9470000000001,97.31795,1308.9470000000001,93.98472999999998,1308.9470000000001,96.47129,1308.9470000000001,95.38268000000001
1309.4289999999999,97.30882,1309.4289999999999,93.98782,1309.4289999999999,96.47509,1309.4289999999999,95.38516
1309.911,97.29625,1309.911,93.98835,1309.911,96.47672,1309.911,95.38346000000001
1310.393,97.28058000000001,1310.393,93.98802,1310.393,96.4776,1310.393,95.37897
1310.875,97.26289,1310.875,93.98847,1310.875,96.47937,1310.875,95.37371
1311.358,97.24448000000001,1311.358,93.99081000000001,1311.358,96.48333000000001,1311.358,95.36937
1311.8400000000001,97.22664,1311.8400000000001,93.99533,1311.8400000000001,96.49006999999999,1311.8400000000001,95.3671
1312.322,97.21063000000001,1312.322,94.00216999999999,1312.322,96.49962000000001,1312.322,95.36765000000001
1312.804,97.19757,1312.804,94.01135,1312.804,96.51155,1312.804,95.37126
1313.286,97.18854,1313.286,94.02316,1313.286,96.52530999999999,1313.286,95.37800000000001
1313.768,97.18393,1313.768,94.03748,1313.768,96.54005,1313.768,95.38738000000001
1314.25,97.18334,1314.25,94.05333999999999,1314.25,96.55444,1314.25,95.39805
1314.732,97.18517,1314.732,94.06821000000001,1314.732,96.56636,1314.732,95.40755000000001
1315.215,97.18711,1315.215,94.07862,1315.215,96.57341000000001,1315.215,95.4128
1315.6970000000001,97.1867,1315.6970000000001,94.08086,1315.6970000000001,96.5733,1315.6970000000001,95.41074
1316.179,97.18243,1316.179,94.07257,1316.179,96.56497,1316.179,95.39992999999998
1316.661,97.17447,1316.661,94.05395999999999,1316.661,96.54932000000001,1316.661,95.38126
1317.143,97.16518,1317.143,94.02816,1317.143,96.52935,1317.143,95.35857
1317.625,97.15840999999999,1317.625,94.00043,1317.625,96.50943999999998,1317.625,95.33743
1318.107,97.15835999999999,1318.107,93.97644,1318.107,96.49399000000001,1318.107,95.32346000000001
1318.589,97.16788,1318.589,93.96025,1318.589,96.48586,1318.589,95.32009000000001
1319.0720000000001,97.18733,1319.0720000000001,93.95289,1319.0720000000001,96.48548,1319.0720000000001,95.32724999999999
1319.554,97.21441,1319.554,93.95258,1319.554,96.49108999999999,1319.554,95.34145000000001
1320.036,97.24518,1320.036,93.95584,1320.036,96.49973,1320.036,95.35744
1320.518,97.27561,1320.518,93.95934,1320.518,96.50894,1320.518,95.37038000000001
1321.0,97.30293,1321.0,93.96127999999999,1321.0,96.51746,1321.0,95.37779
1321.482,97.32619,1321.482,93.9618,1321.482,96.52544,1321.482,95.37988999999999
1321.964,97.34589,1321.964,93.96217999999999,1321.964,96.53374,1321.964,95.37898999999999
1322.446,97.36288,1322.446,93.96391,1322.446,96.5429,1322.446,95.37782999999999
1322.928,97.37766,1322.928,93.96789,1322.928,96.5527,1322.928,95.37851
1323.411,97.38978,1323.411,93.97427,1323.411,96.56213,1323.411,95.38163
1323.893,97.39840000000001,1323.893,93.98285,1323.893,96.57011,1323.893,95.38676000000001
1324.375,97.40292,1324.375,93.99383999999999,1324.375,96.57643,1324.375,95.39327
1324.857,97.40363,1324.857,94.00809000000001,1324.857,96.58205000000001,1324.857,95.40101999999999
1325.339,97.40183999999999,1325.339,94.02682,1325.339,96.58896999999999,1325.339,95.41072
1325.821,97.39931999999999,1325.821,94.05099,1325.821,96.59922,1325.821,95.42352
1326.303,97.39744999999999,1326.303,94.08031,1326.303,96.61376000000001,1326.303,95.4401
1326.785,97.39644999999999,1326.785,94.11307000000001,1326.785,96.63185999999999,1326.785,95.46006
1327.267,97.39528999999999,1327.267,94.14648,1327.267,96.65125,1327.267,95.4817
1327.75,97.39219,1327.75,94.17755,1327.75,96.66895,1327.75,95.50255999999999
1328.232,97.38571,1328.232,94.20431,1328.232,96.68249,1328.232,95.52044000000001
1328.714,97.3755,1328.714,94.22632999999999,1328.714,96.69078999999999,1328.714,95.5341
1329.1960000000001,97.36240000000001,1329.1960000000001,94.24436999999999,1329.1960000000001,96.69415000000001,1329.1960000000001,95.54335
1329.6779999999999,97.34812,1329.6779999999999,94.2593,1329.6779999999999,96.69357,1329.6779999999999,95.54865
1330.16,97.33409,1330.16,94.27106,1330.16,96.6897,1330.16,95.55
1330.642,97.32068999999998,1330.642,94.27793,1330.642,96.68209000000002,1330.642,95.54639999999999
1331.124,97.30676000000001,1331.124,94.27701,1331.124,96.66911999999999,1331.124,95.53568
1331.606,97.29017999999999,1331.606,94.26519,1331.606,96.64862,1331.606,95.51524
1332.0890000000002,97.26862,1332.0890000000002,94.24053,1332.0890000000002,96.61889000000001,1332.0890000000002,95.48316
1332.571,97.24073000000001,1332.571,94.20303000000001,1332.571,96.57932000000001,1332.571,95.43886
1333.053,97.20627999999999,1333.053,94.15396,1333.053,96.53038000000001,1333.053,95.38313000000001
1333.5349999999999,97.16605,1333.5349999999999,94.09502,1333.5349999999999,96.47292,1333.5349999999999,95.31742
1334.017,97.12085,1334.017,94.02686,1334.017,96.40737,1334.017,95.24279
1334.499,97.07082,1334.499,93.94857,1334.499,96.33322,1334.499,95.15923000000001
1334.981,97.01501,1334.981,93.85785,1334.981,96.24907999999999,1334.981,95.06548000000001
1335.463,96.95183,1335.463,93.75236,1335.463,96.15373,1335.463,94.95998
1335.9460000000001,96.87994,1335.9460000000001,93.63095,1335.9460000000001,96.04675999999999,1335.9460000000001,94.84164
1336.4279999999999,96.79951,1336.4279999999999,93.49486999999999,1336.4279999999999,95.92954,1336.4279999999999,94.711
1336.91,96.71307,1336.91,93.34785,1336.91,95.80529999999999,1336.91,94.57069000000001
1337.3919999999998,96.62613,1337.3919999999998,93.19572000000001,1337.3919999999998,95.67906,1337.3919999999998,94.42572999999999
1337.874,96.54690000000001,1337.874,93.04581999999999,1337.874,95.55723,1337.874,94.28337
1338.356,96.48536999999999,1338.356,92.90641000000001,1338.356,95.4472,1338.356,94.15290999999999
1338.838,96.45106999999999,1338.838,92.78585,1338.838,95.35674999999999,1338.838,94.04445000000001
1339.3200000000002,96.44981,1339.3200000000002,92.69126,1339.3200000000002,95.29232999999999,1339.3200000000002,93.96654999999998
1339.802,96.48065000000001,1339.802,92.62634,1339.802,95.25702000000001,1339.802,93.92305
1340.2849999999999,96.53560999999999,1340.2849999999999,92.59019,1340.2849999999999,95.24907,1340.2849999999999,93.91108
1340.767,96.60215000000001,1340.767,92.57725,1340.767,95.26223999999999,1340.767,93.9219
1341.249,96.66786,1341.249,92.57930999999999,1341.249,95.28796,1341.249,93.9444
1341.731,96.72364999999999,1341.731,92.58825999999999,1341.731,95.31790000000001,1341.731,93.96865
1342.2130000000002,96.76477,1342.2130000000002,92.59795,1342.2130000000002,95.34577999999999,1342.2130000000002,93.98837
1342.695,96.79023000000001,1342.695,92.60528000000001,1342.695,95.36816999999999,1342.695,94.00130000000001
1343.1770000000001,96.80144999999999,1343.1770000000001,92.61025000000001,1343.1770000000001,95.38449,1343.1770000000001,94.00890000000001
1343.6589999999999,96.80127999999999,1343.6589999999999,92.61555,1343.6589999999999,95.39664,1343.6589999999999,94.01517999999999
1344.142,96.79316,1344.142,92.62544,1344.142,95.40806,1344.142,94.02532000000001
1344.624,96.78007000000001,1344.624,92.64405,1344.624,95.42245,1344.624,94.04387
1345.106,96.76388,1345.106,92.67384,1345.106,95.4425,1345.106,94.0732
1345.588,96.74471,1345.588,92.71455,1345.588,95.46880999999999,1345.588,94.11259
1346.0700000000002,96.72148999999999,1346.0700000000002,92.76382999999998,1346.0700000000002,95.50032999999999,1346.0700000000002,94.15908999999999
1346.552,96.69266999999999,1346.552,92.81841,1346.552,95.5352,1346.552,94.20881
1347.034,96.65755000000001,1347.034,92.87609,1347.034,95.57217,1347.034,94.25903
1347.5159999999998,96.61716,1347.5159999999998,92.93681,1347.5159999999998,95.61159,1347.5159999999998,94.30941000000001
1347.999,96.57444999999998,1347.999,93.00294,1347.999,95.65557,1347.999,94.36227000000001
1348.481,96.53363999999999,1348.481,93.0778,1348.481,95.70693,1348.481,94.42116999999999
1348.963,96.49861,1348.963,93.16373,1348.963,95.76763,1348.963,94.48906000000001
1349.445,96.47157,1349.445,93.26048,1349.445,95.83741,1349.445,94.56658000000002
1349.9270000000001,96.45215999999999,1349.9270000000001,93.36449,1349.9270000000001,95.91338,1349.9270000000001,94.65111
1350.4089999999999,96.43771,1350.4089999999999,93.4698,1350.4089999999999,95.99071,1350.4089999999999,94.73769000000001
1350.891,96.42428000000001,1350.891,93.57011,1350.891,96.06434999999999,1350.891,94.82061
1351.373,96.40807000000001,1351.373,93.66053000000001,1351.373,96.13047,1351.373,94.89541
1351.855,96.38669999999999,1351.855,93.73881,1351.855,96.18743,1351.855,94.95989
1352.338,96.35944,1352.338,93.80499,1352.338,96.23541,1352.338,95.01401
1352.82,96.32688,1352.82,93.86006,1352.82,96.27537000000001,1352.82,95.05869000000001
1353.302,96.29014,1353.302,93.90435,1353.302,96.30758999999999,1353.302,95.09432000000001
1353.784,96.25011,1353.784,93.93648999999999,1353.784,96.33096,1353.784,95.11967
1354.266,96.20694,1354.266,93.95320999999998,1354.266,96.34285,1354.266,95.13177
1354.748,96.15995,1354.748,93.95044999999999,1354.748,96.33997000000001,1354.748,95.12672
1355.23,96.10785,1355.23,93.92429,1355.23,96.31937,1355.23,95.10082
1355.712,96.04892,1355.712,93.87188,1355.712,96.27898,1355.712,95.05122999999999
1356.194,95.98107,1356.194,93.79083,1356.194,96.21717000000001,1356.194,94.97579999999999
1356.677,95.90175,1356.677,93.67835,1356.677,96.13198,1356.677,94.87208000000001
1357.159,95.8081,1357.159,93.53048,1357.159,96.02033,1357.159,94.73674000000001
1357.641,95.69704,1357.641,93.34201999999999,1357.641,95.87804,1357.641,94.56526
1358.123,95.56585999999999,1358.123,93.10767,1358.123,95.70066,1358.123,94.35288999999999
1358.605,95.41246,1358.605,92.82320999999999,1358.605,95.48446999999999,1358.605,94.09563
1359.087,95.23567,1359.087,92.48621,1359.087,95.22728000000001,1359.087,93.79097
1359.569,95.0347,1359.569,92.09528,1359.569,94.92773,1359.569,93.43739
1360.051,94.80902999999999,1360.051,91.64873999999999,1360.051,94.58430999999999,1360.051,93.03323
1360.533,94.55829,1360.533,91.14327,1360.533,94.19418,1360.533,92.57593
1361.016,94.28347000000001,1361.016,90.57497,1361.016,93.75365000000001,1361.016,92.06285
1361.498,93.98961,1361.498,89.94355,1361.498,93.26155999999999,1361.498,91.49529
1361.98,93.68809999999999,1361.98,89.25889,1361.98,92.72416,1361.98,90.88369999999999
1362.462,93.39635,1362.462,88.54526,1362.462,92.15903,1362.462,90.25081999999999
1362.944,93.13300999999998,1362.944,87.83784,1362.944,91.59264,1362.944,89.62752
1363.426,92.91032,1363.426,87.1704,1363.426,91.05128,1363.426,89.04159
1363.908,92.72973999999999,1363.908,86.56205999999999,1363.908,90.55071,1363.908,88.50713
1364.39,92.58333999999999,1364.39,86.01284,1364.39,90.09214,1364.39,88.02191
1364.873,92.45924000000001,1364.873,85.50904,1364.873,89.66589,1364.873,87.57314000000001
1365.355,92.34612,1365.355,85.03236,1365.355,89.25815,1365.355,87.14526
1365.837,92.23543,1365.837,84.56711999999999,1365.837,88.85661,1365.837,86.72585
1366.319,92.12114,1366.319,84.10377,1366.319,88.45326,1366.319,86.30798
1366.801,91.99844,1366.801,83.63922000000001,1366.801,88.04465,1366.801,85.88996999999999
1367.2830000000001,91.8622,1367.2830000000001,83.17532,1367.2830000000001,87.63097,1367.2830000000001,85.47369
1367.7649999999999,91.70591999999999,1367.7649999999999,82.71608,1367.7649999999999,87.21413999999999,1367.7649999999999,85.06194
1368.247,91.52144,1368.247,82.26534000000001,1368.247,86.7961,1368.247,84.65623000000001
1368.729,91.30067,1368.729,81.82565,1368.729,86.37845999999999,1368.729,84.25618999999999
1369.212,91.03811999999999,1369.212,81.39932999999999,1369.212,85.96339,1369.212,83.86089
1369.694,90.73289000000001,1369.694,80.98946,1369.694,85.55465,1369.694,83.47092
1370.1760000000002,90.38855,1370.1760000000002,80.60052999999999,1370.1760000000002,85.15738999999999,1370.1760000000002,83.08919
1370.658,90.01098,1370.658,80.23702,1370.658,84.77676000000001,1370.658,82.71986
1371.14,89.60561,1371.14,79.90199000000001,1371.14,84.41597,1371.14,82.36671
1371.6219999999998,89.17578,1371.6219999999998,79.59654,1371.6219999999998,84.07591,1371.6219999999998,82.03219000000001
1372.104,88.72341,1372.104,79.32146,1372.104,83.75661000000001,1372.104,81.71873
1372.586,88.25300999999999,1372.586,79.08115000000001,1372.586,83.46133,1372.586,81.43233000000001
1373.0690000000002,87.77749999999999,1373.0690000000002,78.8879,1373.0690000000002,83.20114000000001,1373.0690000000002,81.18693
1373.551,87.3229,1373.551,78.76303,1373.551,82.99723,1373.551,81.00573
1374.0330000000001,86.92622,1374.0330000000001,78.73155,1374.0330000000001,82.87639999999999,1374.0330000000001,80.91573
1374.5149999999999,86.62429,1374.5149999999999,78.81040999999999,1374.5149999999999,82.85995,1374.5149999999999,80.93567999999999
1374.997,86.43943999999999,1374.997,78.99898999999999,1374.997,82.95307,1374.997,81.06615
1375.4789999999998,86.37352999999999,1375.4789999999998,79.28027,1375.4789999999998,83.14403,1375.4789999999998,81.29061
1375.961,86.41489999999999,1375.961,79.63201,1375.961,83.41380000000001,1375.961,81.58720000000001
1376.443,86.55082,1376.443,80.03863000000001,1376.443,83.74777,1376.443,81.94088
1376.9260000000002,86.77562,1376.9260000000002,80.49622,1376.9260000000002,84.14161,1376.9260000000002,82.34871
1377.408,87.0914,1377.408,81.01012,1377.408,84.59978,1377.408,82.81707
1377.89,87.50242999999999,1377.89,81.58785999999999,1377.89,85.12907999999999,1377.89,83.35454999999999
1378.3719999999998,88.00726,1378.3719999999998,82.23098999999999,1378.3719999999998,85.73064000000001,1378.3719999999998,83.96341
1378.854,88.59265,1378.854,82.92973,1378.854,86.39423000000001,1378.854,84.63395
1379.3359999999998,89.23346000000001,1379.3359999999998,83.66337,1379.3359999999998,87.09833,1379.3359999999998,85.34483999999999
1379.818,89.89886999999999,1379.818,84.40673000000001,1379.818,87.81629000000001,1379.818,86.06960000000001
1380.3000000000002,90.56136000000001,1380.3000000000002,85.13823000000001,1380.3000000000002,88.52457,1380.3000000000002,86.78499000000001
1380.782,91.20250999999999,1380.782,85.84503,1380.782,89.20806,1380.782,87.47639
1381.2649999999999,91.81341,1381.2649999999999,86.52233000000001,1381.2649999999999,89.86003,1381.2649999999999,88.1375
1381.747,92.39048,1381.747,87.16884999999999,1381.747,90.47815999999999,1381.747,88.76592000000001
1382.229,92.93118,1382.229,87.78226000000001,1382.229,91.06009,1382.229,89.35857999999999
1382.711,93.43178999999999,1382.711,88.35701,1382.711,91.60148,1382.711,89.90978999999999
1383.193,93.88879,1383.193,88.88641,1383.193,92.09745999999998,1383.193,90.41322
1383.675,94.30197,1383.675,89.3665,1383.675,92.54604,1383.675,90.86574
1384.1570000000002,94.67689999999999,1384.1570000000002,89.79939,1384.1570000000002,92.95088,1384.1570000000002,91.27045000000001
1384.639,95.02514,1384.639,90.1939,1384.639,93.32169999999999,1384.639,91.63725
1385.121,95.36246,1385.121,90.56403,1385.121,93.67289,1385.121,91.98126
1385.604,95.70570000000001,1385.604,90.92576,1385.604,94.02048,1385.604,92.31983
1386.086,96.06839000000001,1386.086,91.29262,1386.086,94.37804,1386.086,92.66835999999999
1386.568,96.45508,1386.568,91.67049,1386.568,94.75134,1386.568,93.03487000000001
1387.05,96.85654,1387.05,92.05296000000001,1387.05,95.13374,1387.05,93.41454
1387.532,97.25068999999999,1387.532,92.4222,1387.532,95.50675999999999,1387.532,93.78949
1388.0140000000001,97.61094999999999,1388.0140000000001,92.75654,1388.0140000000001,95.84772,1388.0140000000001,94.13562999999999
1388.4959999999999,97.91743,1388.4959999999999,93.04038,1388.4959999999999,96.13963,1388.4959999999999,94.43376
1388.978,98.16257999999999,1388.978,93.269,1388.978,96.37644999999999,1388.978,94.6757
1389.4599999999998,98.34967,1389.4599999999998,93.44732,1389.4599999999998,96.56192000000001,1389.4599999999998,94.86402999999999
1389.943,98.48769000000001,1389.943,93.58503,1389.943,96.70493,1389.943,95.00737000000001
1390.425,98.58715000000001,1390.425,93.69263000000001,1390.425,96.81566000000001,1390.425,95.11607
1390.907,98.65755,1390.907,93.77884999999999,1390.907,96.90277999999999,1390.907,95.19928999999999
1391.389,98.70629,1391.389,93.84946,1391.389,96.97255999999999,1391.389,95.26363
1391.871,98.73844,1391.871,93.90714,1391.871,97.02838,1391.871,95.31268
1392.353,98.75664,1392.353,93.95168999999999,1392.353,97.07101,1392.353,95.34732
1392.835,98.76187999999999,1392.835,93.98158000000001,1392.835,97.09987,1392.835,95.36687
1393.3170000000002,98.75526,1393.3170000000002,93.99611,1393.3170000000002,97.11506999999999,1393.3170000000002,95.37148
1393.8,98.73965999999999,1393.8,93.99737999999999,1393.8,97.11921000000001,1393.8,95.36428000000001
1394.282,98.72002,1394.282,93.99069,1394.282,97.11762999999999,1394.282,95.35171
1394.764,98.70119000000001,1394.764,93.98206,1394.764,97.11594,1394.764,95.34067
1395.246,98.68547,1395.246,93.97503999999999,1395.246,97.11703999999999,1395.246,95.33474
1395.728,98.67184,1395.728,93.96938,1395.728,97.11995999999999,1395.728,95.33284
1396.21,98.65858,1396.21,93.96281,1396.21,97.12203000000001,1396.21,95.33186
1396.692,98.64541,1396.692,93.9535,1396.692,97.12125,1396.692,95.32983
1397.1740000000002,98.63434,1397.1740000000002,93.94153,1397.1740000000002,97.11784,1397.1740000000002,95.32761
1397.656,98.62944999999999,1397.656,93.92927999999999,1397.656,97.11444999999999,1397.656,95.32883
1398.1390000000001,98.63571999999999,1398.1390000000001,93.92106,1398.1390000000001,97.11569,1398.1390000000001,95.33870999999999
1398.6209999999999,98.65679999999999,1398.6209999999999,93.92097,1398.6209999999999,97.126,1398.6209999999999,95.36138
1399.103,98.69168,1399.103,93.92994999999999,1399.103,97.1464,1399.103,95.39622
1399.585,98.73267,1399.585,93.94312,1399.585,97.17174999999999,1399.585,95.43545999999999
1400.067,98.76742,1400.067,93.95088,1400.067,97.19199,1400.067,95.46621999999999
1400.549,98.78450000000001,1400.549,93.94339000000001,1400.549,97.19662,1400.549,95.47650000000002
1401.0310000000002,98.77798999999999,1401.0310000000002,93.91467,1401.0310000000002,97.17912999999999,1401.0310000000002,95.46005
1401.513,98.74855,1401.513,93.86404,1401.513,97.13848999999999,1401.513,95.41727999999999
1401.996,98.70155,1401.996,93.79488,1401.996,97.0781,1401.996,95.35334
1402.4779999999998,98.64475999999999,1402.4779999999998,93.71275,1402.4779999999998,97.00395,1402.4779999999998,95.27555
1402.96,98.58671,1402.96,93.62405000000001,1402.96,96.92326,1402.96,95.19165
1403.442,98.53569,1403.442,93.53488999999999,1403.442,96.84338,1403.442,95.10918000000001
1403.924,98.49821,1403.924,93.4501,1403.924,96.77047,1403.924,95.03434
1404.406,98.47678,1404.406,93.37156999999999,1404.406,96.70746,1404.406,94.97034
1404.8880000000001,98.46851000000001,1404.8880000000001,93.29781,1404.8880000000001,96.65331,1404.8880000000001,94.91617
1405.3700000000001,98.46592,1405.3700000000001,93.2246,1405.3700000000001,96.60322000000001,1405.3700000000001,94.86674000000001
1405.853,98.46052999999999,1405.853,93.14733000000001,1405.853,96.55148,1405.853,94.81533999999999
1406.3349999999998,98.44621000000001,1406.3349999999998,93.06263,1406.3349999999998,96.49345,1406.3349999999998,94.7561
1406.817,98.42066,1406.817,92.9687,1406.817,96.42645999999999,1406.817,94.6853
1407.299,98.38448,1407.299,92.86445,1407.299,96.34914,1407.299,94.60088
1407.781,98.33923,1407.781,92.7487,1407.781,96.26033,1407.781,94.50157000000002
1408.2630000000001,98.28629,1408.2630000000001,92.62009,1408.2630000000001,96.15898,1408.2630000000001,94.38644
1408.7450000000001,98.22681,1408.7450000000001,92.47813000000001,1408.7450000000001,96.04483,1408.7450000000001,94.25564
1409.227,98.16268000000001,1409.227,92.3245,1409.227,95.91971000000001,1409.227,94.11153999999999
1409.7089999999998,98.09731,1409.7089999999998,92.16402000000001,1409.7089999999998,95.78833,1409.7089999999998,93.95956
1410.1919999999998,98.03535,1410.1919999999998,92.00372,1410.1919999999998,95.65747999999999,1410.1919999999998,93.80743000000001
1410.674,97.98109,1410.674,91.85076000000001,1410.674,95.53387000000001,1410.674,93.66287
1411.1560000000002,97.93618000000001,1411.1560000000002,91.70943,1411.1560000000002,95.42116999999999,1411.1560000000002,93.53076
1411.638,97.89805,1411.638,91.57944,1411.638,95.31839,1411.638,93.41113
1412.1200000000001,97.86007,1412.1200000000001,91.45656000000001,1412.1200000000001,95.22036,1412.1200000000001,93.29962
1412.602,97.81373,1412.602,91.33506,1412.602,95.12040999999999,1412.602,93.18994
1413.084,97.75138,1413.084,91.21091,1413.084,95.0136,1413.084,93.07703000000001
1413.5659999999998,97.66874,1413.5659999999998,91.0839,1413.5659999999998,94.89893000000001,1413.5659999999998,92.95935
1414.048,97.56586,1414.048,90.95786000000001,1414.048,94.77974,1414.048,92.83932999999999
1414.531,97.44672,1414.531,90.83928999999999,1414.531,94.66228,1414.531,92.72236
1415.0130000000001,97.31762,1415.0130000000001,90.73522,1415.0130000000001,94.55348000000001,1415.0130000000001,92.61478
1415.495,97.1852,1415.495,90.65144000000001,1415.495,94.45904999999999,1415.495,92.52224999999999
1415.977,97.05520999999999,1415.977,90.59227,1415.977,94.38288999999999,1415.977,92.44935999999998
1416.459,96.93191,1416.459,90.56222,1416.459,94.32847000000001,1416.459,92.40107
1416.941,96.81986,1416.941,90.56922999999999,1416.941,94.30203,1416.941,92.38584
1417.4229999999998,96.72594000000001,1417.4229999999998,90.62776,1417.4229999999998,94.31568,1417.4229999999998,92.41866
1417.905,96.66002,1417.905,90.75706,1417.905,94.38679,1417.905,92.51993
1418.3870000000002,96.63003,1418.3870000000002,90.96957,1418.3870000000002,94.52819,1418.3870000000002,92.70392
1418.8700000000001,96.6302,1418.8700000000001,91.25139000000001,1418.8700000000001,94.73047,1418.8700000000001,92.95830000000001
1419.3519999999999,96.63376,1419.3519999999999,91.55369,1419.3519999999999,94.95257000000001,1419.3519999999999,93.23388
1419.834,96.60311,1419.834,91.81343,1419.834,95.13863,1419.834,93.46486
1420.316,96.51205000000002,1420.316,91.98808,1420.316,95.24913,1420.316,93.60602999999999
1420.798,96.3583,1420.798,92.07207,1420.798,95.27709,1420.798,93.65145
1421.28,96.15905,1421.28,92.0883,1421.28,95.24164,1421.28,93.62571
1421.762,95.93854999999999,1421.762,92.06984,1421.762,95.17196999999999,1421.762,93.56476
1422.2440000000001,95.71769,1422.2440000000001,92.04588,1422.2440000000001,95.09453,1422.2440000000001,93.50036
1422.727,95.50893,1422.727,92.03419,1422.727,95.02603,1422.727,93.45242
1423.2089999999998,95.31529,1423.2089999999998,92.03851999999999,1423.2089999999998,94.97104999999999,1423.2089999999998,93.42635
1423.691,95.13206,1423.691,92.05,1423.691,94.92325,1423.691,93.4142
1424.1730000000002,94.94999,1424.1730000000002,92.05215000000001,1424.1730000000002,94.86947,1424.1730000000002,93.39909
1424.655,94.75932999999999,1424.655,92.02911999999999,1424.655,94.79628,1424.655,93.36301
1425.137,94.55377,1425.137,91.97291999999999,1425.137,94.69625,1425.137,93.29475000000001
1425.619,94.33144999999999,1425.619,91.8848,1425.619,94.56921,1425.619,93.19274999999999
1426.101,94.09317,1426.101,91.77080000000001,1426.101,94.41881000000001,1426.101,93.06157
1426.5829999999999,93.83867000000001,1426.5829999999999,91.63525,1426.5829999999999,94.24744000000001,1426.5829999999999,92.90568999999999
1427.066,93.56436000000001,1427.066,91.47738000000001,1427.066,94.053,1427.066,92.72517
1427.548,93.26358,1427.548,91.29163,1427.548,93.82956999999999,1427.548,92.51543
1428.0300000000002,92.93015,1428.0300000000002,91.07177,1428.0300000000002,93.57115999999999,1428.0300000000002,92.27142
1428.512,92.56254999999999,1428.512,90.81612,1428.512,93.27647,1428.512,91.99244999999999
1428.994,92.16687999999999,1428.994,90.53086,1428.994,92.95206,1428.994,91.68574
1429.4759999999999,91.75555,1429.4759999999999,90.2285,1429.4759999999999,92.61067,1429.4759999999999,91.36454
1429.958,91.34204,1429.958,89.92197000000002,1429.958,92.26566,1429.958,91.04191
1430.4399999999998,90.93559,1430.4399999999998,89.61798999999999,1430.4399999999998,91.92464,1430.4399999999998,90.72414
1430.923,90.53886,1430.923,89.31501,1430.923,91.58765000000001,1430.923,90.40897
1431.405,90.15050000000001,1431.405,89.00686,1431.405,91.25026,1431.405,90.08940000000001
1431.8870000000002,89.76936,1431.8870000000002,88.68899,1431.8870000000002,90.90928,1431.8870000000002,89.76044
1432.369,89.39797,1432.369,88.36309,1432.369,90.56696000000001,1432.369,89.42382
1432.8509999999999,89.04246,1432.8509999999999,88.03716,1432.8509999999999,90.23071,1432.8509999999999,89.08798000000002
1433.3329999999999,88.7099,1433.3329999999999,87.72092,1433.3329999999999,89.90916999999999,1433.3329999999999,88.76357999999999
1433.815,88.40432,1433.815,87.41939,1433.815,89.60625,1433.815,88.45679000000001
1434.297,88.12342,1434.297,87.12718000000001,1434.297,89.31641,1434.297,88.16383
1434.78,87.85862,1434.78,86.82684,1434.78,89.02332,1434.78,87.86918
1435.262,87.59885,1435.262,86.49313,1435.262,88.70415,1435.262,87.55006
1435.7440000000001,87.33751999999998,1435.7440000000001,86.10468,1435.7440000000001,88.34022000000002,1435.7440000000001,87.18762999999998
1436.226,87.07641000000001,1436.226,85.65858,1436.226,87.92973,1436.226,86.77991
1436.7079999999999,86.82154,1436.7079999999999,85.17673,1436.7079999999999,87.49239,1436.7079999999999,86.34546999999999
1437.19,86.57384,1437.19,84.69312000000001,1437.19,87.05726999999999,1437.19,85.91026
1437.672,86.32716,1437.672,84.23217,1437.672,86.64421000000002,1437.672,85.49059
1438.154,86.07549,1438.154,83.79936000000001,1438.154,86.2568,1438.154,85.08868
1438.636,85.81904,1438.636,83.38785,1438.636,85.88882,1438.636,84.69975
1439.1190000000001,85.56302000000001,1439.1190000000001,82.98793,1439.1190000000001,85.53226000000001,1439.1190000000001,84.31872999999999
1439.601,85.31316000000001,1439.601,82.59190000000001,1439.601,85.18086,1439.601,83.94221
1440.083,85.07235,1440.083,82.1953,1440.083,84.83069,1440.083,83.56809
1440.5649999999998,84.84019,1440.5649999999998,81.79724,1440.5649999999998,84.48041,1440.5649999999998,83.19591000000001
1441.047,84.61385,1441.047,81.40007,1441.047,84.13093,1441.047,82.8266
1441.529,84.38968,1441.529,81.00813000000001,1441.529,83.78481000000001,1441.529,82.4623
1442.011,84.16470000000001,1442.011,80.62602999999999,1442.011,83.44502,1442.011,82.10526
1442.493,83.93751999999999,1442.493,80.25747000000001,1442.493,83.11407,1442.493,81.75718
1442.976,83.70889,1442.976,79.90526,1442.976,82.79407,1442.976,81.41959999999999
1443.458,83.48123,1443.458,79.57207,1443.458,82.48734,1443.458,81.09469000000001
1443.94,83.25756,1443.94,79.26103,1443.94,82.19673,1443.94,80.78561
1444.4219999999998,83.04006,1444.4219999999998,78.97540000000001,1444.4219999999998,81.92520999999999,1444.4219999999998,80.49611999999999
1444.904,82.82874,1444.904,78.71722,1444.904,81.67454,1444.904,80.22918000000001
1445.386,82.62102,1445.386,78.48647,1445.386,81.44446,1445.386,79.98584
1445.868,82.41203999999999,1445.868,78.28097,1445.868,81.23244,1445.868,79.76508
1446.3500000000001,82.19685,1446.3500000000001,78.09818,1446.3500000000001,81.03524999999999,1446.3500000000001,79.56514
1446.833,81.9725,1446.833,77.93725,1446.833,80.85086000000001,1446.833,79.3856
1447.314,81.73989,1447.314,77.80018,1447.314,80.67985999999999,1447.314,79.22825999999999
1447.797,81.50306,1447.797,77.69019,1447.797,80.52455,1447.797,79.09551
1448.2789999999998,81.26542,1448.2789999999998,77.60744,1448.2789999999998,80.38539,1448.2789999999998,78.98626
1448.761,81.0265,1448.761,77.54633,1448.761,80.25838,1448.761,78.8937
1449.2430000000002,80.78133,1449.2430000000002,77.49667,1449.2430000000002,80.13548,1449.2430000000002,78.80696
1449.725,80.52341,1449.725,77.44804,1449.725,80.00795,1449.725,78.71555
1450.207,80.24819000000001,1450.207,77.39366000000001,1450.207,79.86976999999999,1450.207,78.61296
1450.689,79.95554999999999,1450.689,77.33199,1450.689,79.71957,1450.689,78.49803
1451.171,79.65097,1451.171,77.26648,1451.171,79.56116,1451.171,78.37465
1451.654,79.34548000000001,1451.654,77.20418000000001,1451.654,79.40299999999999,1451.654,78.25074
1452.136,79.05364,1452.136,77.15337,1452.136,79.25591,1452.136,78.1363
1452.618,78.78948,1452.618,77.12058,1452.618,79.12988,1452.618,78.04054
1453.1000000000001,78.56248,1453.1000000000001,77.10878,1453.1000000000001,79.03102,1453.1000000000001,77.96938
1453.5819999999999,78.37532,1453.5819999999999,77.11668,1453.5819999999999,78.96022,1453.5819999999999,77.92422
1454.064,78.22449,1454.064,77.13989,1454.064,78.91378,1454.064,77.90218
1454.546,78.10308,1454.546,77.17314,1454.546,78.88596,1454.546,77.89798
1455.028,78.00645,1455.028,77.21522,1455.028,78.87418,1455.028,77.90856
1455.51,77.94185999999999,1455.51,77.2783,1455.51,78.88804999999999,1455.51,77.94262
1455.993,77.93833000000001,1455.993,77.39785,1455.993,78.9584,1455.993,78.03139
1456.475,78.04095000000001,1456.475,77.62536,1456.475,79.1301,1456.475,78.22411
1456.957,78.2698,1456.957,77.98404,1456.957,79.42092,1456.957,78.54559
1457.4389999999999,78.57327,1457.4389999999999,78.41932,1457.4389999999999,79.77789,1457.4389999999999,78.9449
1457.921,78.85471,1457.921,78.82799,1457.921,80.10695999999999,1457.921,79.31954
1458.403,79.05524,1458.403,79.14482,1458.403,80.35249,1458.403,79.60239
1458.885,79.18195,1458.885,79.37277,1458.885,80.52203,1458.885,79.79574
1459.3670000000002,79.27245,1459.3670000000002,79.54773,1459.3670000000002,80.65123,1459.3670000000002,79.93678
1459.85,79.3586,1459.85,79.70223,1459.85,80.77019999999999,1459.85,80.05985000000001
1460.3319999999999,79.45454,1460.3319999999999,79.8528,1460.3319999999999,80.89249000000001,1460.3319999999999,80.18256
1460.814,79.56097,1460.814,80.00295,1460.814,81.01907,1460.814,80.30875999999999
1461.2959999999998,79.67433,1461.2959999999998,80.15081,1461.2959999999998,81.14617000000001,1461.2959999999998,80.43625
1461.778,79.79535999999999,1461.778,80.29633000000001,1461.778,81.27280999999999,1461.778,80.56442000000001
1462.2600000000002,79.93417,1462.2600000000002,80.44559,1462.2600000000002,81.4054,1462.2600000000002,80.69884
1462.742,80.11322,1462.742,80.61304,1462.742,81.56012000000001,1462.742,80.85364999999999
1463.2240000000002,80.36568000000001,1463.2240000000002,80.82090000000001,1463.2240000000002,81.76216,1463.2240000000002,81.05130000000001
1463.7069999999999,80.72769,1463.7069999999999,81.09381,1463.7069999999999,82.03977,1463.7069999999999,81.31766999999999
1464.1889999999999,81.22166,1464.1889999999999,81.44719,1464.1889999999999,82.4114,1464.1889999999999,81.67020000000001
1464.671,81.83771999999999,1464.671,81.87367,1464.671,82.87082999999998,1464.671,82.10383999999999
1465.153,82.53164999999998,1465.153,82.3409,1465.153,83.38480000000001,1465.153,82.58734000000001
1465.635,83.24925999999999,1465.635,82.80860000000001,1465.635,83.91137,1465.635,83.07988999999999
1466.1170000000002,83.95741,1466.1170000000002,83.2509,1466.1170000000002,84.42406,1466.1170000000002,83.55447999999998
1466.599,84.65424999999999,1466.599,83.66441,1466.599,84.92049,1466.599,84.00738000000001
1467.0810000000001,85.35600000000001,1467.0810000000001,84.06008,1467.0810000000001,85.41283,1467.0810000000001,84.44978
1467.5629999999999,86.07748000000001,1467.5629999999999,84.44985000000001,1467.5629999999999,85.91329,1467.5629999999999,84.89393
1468.046,86.82067,1468.046,84.83846,1468.046,86.42482,1468.046,85.34402999999999
1468.528,87.57424999999999,1468.528,85.22211,1468.528,86.94037,1468.528,85.79498
1469.01,88.32064000000001,1469.01,85.59179,1469.01,87.44721,1469.01,86.23623
1469.492,89.04579,1469.492,85.93835,1469.492,87.93391,1469.492,86.65756999999999
1469.9740000000002,89.74795999999999,1469.9740000000002,86.25702000000001,1469.9740000000002,88.39619,1469.9740000000002,87.05447
1470.456,90.44305,1470.456,86.55063999999999,1470.456,88.84107,1470.456,87.43169
1470.938,91.16541,1470.938,86.83171,1470.938,89.28819000000001,1470.938,87.80529
1471.4199999999998,91.95818,1471.4199999999998,87.12053,1471.4199999999998,89.76464999999999,1471.4199999999998,88.19984
1471.903,92.84644,1471.903,87.43477999999999,1471.903,90.28808,1471.903,88.63512
1472.385,93.79984,1472.385,87.77108,1472.385,90.84241,1472.385,89.10320999999999
1472.867,94.72482,1472.867,88.09601,1472.867,91.37113,1472.867,89.55790999999999
1473.349,95.519,1473.349,88.36604,1473.349,91.81101999999998,1473.349,89.9409
1473.8310000000001,96.13995,1473.8310000000001,88.55967,1473.8310000000001,92.136,1473.8310000000001,90.22354
1474.3129999999999,96.61744,1474.3129999999999,88.68794,1474.3129999999999,92.3661,1474.3129999999999,90.42012
1474.795,97.01487999999999,1474.795,88.78014,1474.795,92.54350000000001,1474.795,90.56874
1475.277,97.38830999999999,1475.277,88.86525,1475.277,92.70692,1475.277,90.70647
1475.76,97.76555,1475.76,88.96072000000001,1475.76,92.87778,1475.76,90.85461000000001
1476.241,98.14433,1476.241,89.06934,1476.241,93.05795,1476.241,91.01492999999999
1476.724,98.50326000000001,1476.724,89.18269000000001,1476.724,93.23574,1476.724,91.17504
1477.2060000000001,98.81880000000001,1477.2060000000001,89.28877999999999,1477.2060000000001,93.39627999999999,1477.2060000000001,91.31853
1477.688,99.07919,1477.688,89.3797,1477.688,93.53088,1477.688,91.4353
1478.17,99.28838,1478.17,89.45525,1478.17,93.64072,1478.17,91.52596000000001
1478.652,99.46134,1478.652,89.52210000000001,1478.652,93.73483,1478.652,91.60013
1479.134,99.61607000000001,1479.134,89.59016,1479.134,93.82536999999999,1479.134,91.67160000000001
1479.616,99.76734,1479.616,89.66897,1479.616,93.92327999999999,1479.616,91.75331
1480.098,99.9241,1480.098,89.76487,1480.098,94.03564,1480.098,91.85428999999999
1480.581,100.08930000000001,1480.581,89.87944999999999,1480.581,94.16438,1480.581,91.97778
1481.063,100.2612,1481.063,90.00911,1481.063,94.30636,1481.063,92.12075
1481.545,100.4349,1481.545,90.14578,1481.545,94.45435,1481.545,92.27432999999999
1482.027,100.60340000000001,1482.027,90.27943,1482.027,94.59937,1482.027,92.42668
1482.509,100.75959999999999,1482.509,90.40107,1482.509,94.73317,1482.509,92.56645
1482.991,100.89699999999999,1482.991,90.50475,1482.991,94.84994,1482.991,92.68571
1483.473,101.01039999999999,1483.473,90.58743,1483.473,94.94617,1483.473,92.78022999999999
1483.955,101.09660000000001,1483.955,90.6479,1483.955,95.02003,1483.955,92.84844
1484.4379999999999,101.15449999999998,1484.4379999999999,90.68590999999999,1484.4379999999999,95.07082,1484.4379999999999,92.89040999999999
1484.92,101.1857,1484.92,90.70227,1484.92,95.09931,1484.92,92.90758
1485.402,101.1955,1485.402,90.69926000000001,1485.402,95.10823,1485.402,92.90307999999999
1485.884,101.19149999999999,1485.884,90.68141,1485.884,95.10267999999999,1485.884,92.88225
1486.366,101.18169999999999,1486.366,90.65495999999999,1486.366,95.08922,1486.366,92.8521
1486.848,101.17210000000001,1486.848,90.62674,1486.848,95.07458,1486.848,92.81988999999999
1487.33,101.1655,1487.33,90.60331,1487.33,95.06475,1487.33,92.79277
1487.812,101.16449999999999,1487.812,90.59169,1487.812,95.06614,1487.812,92.77888000000002
1488.294,101.1768,1488.294,90.60191,1488.294,95.08849,1488.294,92.79061999999999
1488.777,101.2192,1488.777,90.64856,1488.777,95.14658,1488.777,92.84637000000001
1489.259,101.31429999999999,1489.259,90.74775000000001,1489.259,95.25677999999999,1489.259,92.96616
1489.741,101.4756,1489.741,90.90702,1489.741,95.42618000000002,1489.741,93.15832
1490.2230000000002,101.6904,1490.2230000000002,91.11401000000001,1490.2230000000002,95.64079,1490.2230000000002,93.40535
1490.705,101.9199,1490.705,91.33727,1490.705,95.86725,1490.705,93.66597999999999
1491.1870000000001,102.1192,1491.1870000000001,91.54093,1491.1870000000001,96.06876,1491.1870000000001,93.8953
1491.6689999999999,102.2611,1491.6689999999999,91.70141,1491.6689999999999,96.22239,1491.6689999999999,94.06599
1492.151,102.3428,1492.151,91.81317,1492.151,96.32431,1492.151,94.17442
1492.634,102.37950000000001,1492.634,91.88463,1492.634,96.38493,1492.634,94.23386
1493.1160000000002,102.3928,1493.1160000000002,91.93024,1493.1160000000002,96.42039,1493.1160000000002,94.26401999999999
1493.598,102.40100000000001,1493.598,91.96407,1493.598,96.44572,1493.598,94.28271000000001
1494.0800000000002,102.41460000000001,1494.0800000000002,91.99626,1494.0800000000002,96.47106000000001,1494.0800000000002,94.30193
1494.562,102.43580000000001,1494.562,92.03268,1494.562,96.50134,1494.562,94.32764
1495.044,102.46109999999999,1495.044,92.07630999999999,1495.044,96.53764000000001,1495.044,94.36176
1495.5259999999998,102.4856,1495.5259999999998,92.12896,1495.5259999999998,96.57942,1495.5259999999998,94.40504000000001
1496.008,102.5072,1496.008,92.19096,1496.008,96.62556000000001,1496.008,94.45795000000001
1496.49,102.5283,1496.49,92.26004,1496.49,96.67426,1496.49,94.51965
1496.9730000000002,102.5539,1496.9730000000002,92.33119,1496.9730000000002,96.72330000000001,1496.9730000000002,94.58700999999999
1497.455,102.5879,1497.455,92.39948,1497.455,96.77142,1497.455,94.65567
1497.9370000000001,102.6311,1497.9370000000001,92.46342999999999,1497.9370000000001,96.81956,1497.9370000000001,94.72289
1498.4189999999999,102.68090000000001,1498.4189999999999,92.52484000000001,1498.4189999999999,96.86968,1498.4189999999999,94.78796
1498.901,102.7315,1498.901,92.58507,1498.901,96.92171,1498.901,94.84985
1499.3829999999998,102.77609999999999,1499.3829999999998,92.64187,1499.3829999999998,96.9716,1499.3829999999998,94.90474
1499.865,102.80860000000001,1499.865,92.68943,1499.865,97.01262,1499.865,94.94646
1500.3470000000002,102.82659999999998,1500.3470000000002,92.72131,1500.3470000000002,97.03828,1500.3470000000002,94.96927
1500.8300000000002,102.8318,1500.8300000000002,92.73431000000001,1500.8300000000002,97.04598000000001,1500.8300000000002,94.97135999999999
1501.312,102.83070000000001,1501.312,92.73128,1501.312,97.03898000000001,1501.312,94.95732000000001
1501.7939999999999,102.8323,1501.7939999999999,92.72061000000001,1501.7939999999999,97.02564000000001,1501.7939999999999,94.93731
1502.2759999999998,102.8456,1502.2759999999998,92.71323000000001,1502.2759999999998,97.01636,1502.2759999999998,94.92396
1502.758,102.8764,1502.758,92.71774,1502.758,97.01897000000001,1502.758,94.92717999999999
1503.24,102.92349999999999,1503.24,92.73495,1503.24,97.03411,1503.24,94.94886
1503.722,102.9755,1503.722,92.75351,1503.722,97.05109,1503.722,94.97807
1504.2040000000002,103.0094,1504.2040000000002,92.74792,1504.2040000000002,97.04659,1504.2040000000002,94.98851
1504.6870000000001,102.9929,1504.6870000000001,92.68135000000001,1504.6870000000001,96.98746,1504.6870000000001,94.94032000000001
1505.168,102.89649999999999,1505.168,92.51823999999999,1505.168,96.84353,1505.168,94.79202000000001
1505.6509999999998,102.71950000000001,1505.6509999999998,92.25085999999999,1505.6509999999998,96.61285,1505.6509999999998,94.52837000000001
1506.1330000000003,102.52319999999999,1506.1330000000003,91.93365,1506.1330000000003,96.35252,1506.1330000000003,94.2009
1506.615,102.42549999999999,1506.615,91.68350000000001,1506.615,96.17267999999999,1506.615,93.93776000000001
1507.097,102.5013,1507.097,91.59205999999999,1507.097,96.14701,1507.097,93.8508
1507.579,102.68759999999999,1507.579,91.62604,1507.579,96.22676,1507.579,93.91149999999999
1508.0610000000001,102.86470000000001,1508.0610000000001,91.67987,1508.0610000000001,96.30708,1508.0610000000001,93.99928
1508.543,102.97840000000001,1508.543,91.69026000000001,1508.543,96.33475000000001,1508.543,94.03828000000001
1509.0249999999999,103.04329999999999,1509.0249999999999,91.65532999999999,1509.0249999999999,96.31593000000001,1509.0249999999999,94.02577000000001
1509.5079999999998,103.09330000000001,1509.5079999999998,91.59823,1509.5079999999998,96.27736,1509.5079999999998,93.98951
1509.9900000000002,103.1528,1509.9900000000002,91.53931999999999,1509.9900000000002,96.24027999999998,1509.9900000000002,93.95412999999999
1510.472,103.2294,1510.472,91.48572,1510.472,96.21218,1510.472,93.92876
1510.954,103.3169,1510.954,91.43095000000001,1510.954,96.18741999999999,1510.954,93.90682
1511.436,103.4011,1511.436,91.35995,1511.436,96.15220000000001,1511.436,93.87169
1511.9180000000001,103.46740000000001,1511.9180000000001,91.25671,1511.9180000000001,96.09161,1511.9180000000001,93.80516
1512.3999999999999,103.5054,1512.3999999999999,91.11145,1512.3999999999999,95.9957,1512.3999999999999,93.69518
1512.8819999999998,103.512,1512.8819999999998,90.9243,1512.8819999999998,95.86304999999999,1512.8819999999998,93.54033
1513.3649999999998,103.4898,1513.3649999999998,90.70349,1513.3649999999998,95.69917000000001,1513.3649999999998,93.34814
1513.8470000000002,103.4453,1513.8470000000002,90.45966,1513.8470000000002,95.51225000000001,1513.8470000000002,93.12965
1514.329,103.38529999999999,1514.329,90.19901000000002,1514.329,95.30756,1514.329,92.89247
1514.811,103.31710000000001,1514.811,89.91962000000001,1514.811,95.08492000000001,1514.811,92.6371
1515.293,103.25139999999999,1515.293,89.61231,1515.293,94.84006000000001,1515.293,92.35799
1515.775,103.2049,1515.775,89.26736,1515.775,94.57011,1515.775,92.0501
1516.257,103.1973,1516.257,88.88532,1516.257,94.28074000000001,1516.257,91.71779000000001
1516.7389999999998,103.23949999999999,1516.7389999999998,88.48537999999999,1516.7389999999998,93.98939,1516.7389999999998,91.37959000000001
1517.2210000000002,103.3226,1517.2210000000002,88.10076000000001,1517.2210000000002,93.71915,1517.2210000000002,91.06165000000001
1517.7040000000002,103.42070000000001,1517.7040000000002,87.76088,1517.7040000000002,93.48611,1517.7040000000002,90.78329
1518.1860000000001,103.5069,1518.1860000000001,87.47391,1518.1860000000001,93.28996000000001,1518.1860000000001,90.54589
1518.668,103.56460000000001,1518.668,87.22171,1518.668,93.11311,1518.668,90.33158999999999
1519.15,103.58670000000001,1519.15,86.96382,1519.15,92.92405000000001,1519.15,90.10641
1519.632,103.57320000000001,1519.632,86.64474,1519.632,92.68226999999999,1519.632,89.82512
1520.114,103.5331,1520.114,86.20638,1520.114,92.34819,1520.114,89.44215
1520.5959999999998,103.4913,1520.5959999999998,85.61381,1520.5959999999998,91.90314000000001,1520.5959999999998,88.93462
1521.0780000000002,103.48329999999999,1521.0780000000002,84.89066,1521.0780000000002,91.37304999999999,1521.0780000000002,88.33102
1521.5610000000001,103.5274,1521.5610000000001,84.13078,1521.5610000000001,90.82964000000001,1521.5610000000001,87.71328
1522.0430000000001,103.6001,1522.0430000000001,83.44516,1522.0430000000001,90.34651,1522.0430000000001,87.16495
1522.5249999999999,103.6554,1522.5249999999999,82.88373999999999,1522.5249999999999,89.94781,1522.5249999999999,86.71177999999999
1523.007,103.6665,1523.007,82.42053,1523.007,89.60758999999999,1523.007,86.32263
1523.489,103.63929999999999,1523.489,81.99911999999999,1523.489,89.28562,1523.489,85.95208
1523.971,103.59609999999999,1523.971,81.57275,1523.971,88.95263,1523.971,85.56863
1524.4529999999997,103.5587,1524.4529999999997,81.11800000000001,1524.4529999999997,88.59625,1524.4529999999997,85.16038
1524.9350000000002,103.5395,1524.9350000000002,80.63484000000001,1524.9350000000002,88.21927000000001,1524.9350000000002,84.73231999999999
1525.417,103.5412,1525.417,80.14260999999999,1525.417,87.83663000000001,1525.417,84.30254
1525.9,103.55859999999998,1525.9,79.67058,1525.9,87.46941,1525.9,83.89482
1526.3819999999998,103.5832,1526.3819999999998,79.2439,1526.3819999999998,87.13535999999999,1526.3819999999998,83.52766000000001
1526.864,103.6077,1526.864,78.87207000000001,1526.864,86.84148,1526.864,83.20589999999999
1527.346,103.6292,1527.346,78.54952,1527.346,86.58465,1527.346,82.92262000000001
1527.828,103.6484,1527.828,78.26694,1527.828,86.35953,1527.828,82.6693
1528.31,103.6665,1528.31,78.02177,1528.31,86.1652,1528.31,82.44426000000001
1528.7920000000001,103.68109999999999,1528.7920000000001,77.81989,1528.7920000000001,86.00553,1528.7920000000001,82.25319999999999
1529.2740000000001,103.68599999999999,1529.2740000000001,77.66962000000001,1529.2740000000001,85.88481,1529.2740000000001,82.10352999999999
1529.757,103.674,1529.757,77.57446,1529.757,85.80320999999999,1529.757,81.99857
1530.2389999999998,103.64040000000001,1530.2389999999998,77.52998,1530.2389999999998,85.75557,1530.2389999999998,81.93521000000001
1530.721,103.5849,1530.721,77.52642,1530.721,85.73427000000001,1530.721,81.90668000000001
1531.2030000000002,103.51209999999999,1531.2030000000002,77.55648,1531.2030000000002,85.73563,1531.2030000000002,81.90947
1531.685,103.43199999999999,1531.685,77.62586,1531.685,85.76833,1531.685,81.95266000000001
1532.167,103.3612,1532.167,77.76392,1532.167,85.86166,1532.167,82.06727000000001
1532.6490000000001,103.32209999999999,1532.6490000000001,78.02313,1532.6490000000001,86.06384,1532.6490000000001,82.30518000000001
1533.131,103.3322,1533.131,78.45112,1533.131,86.41602,1533.131,82.71039999999999
1533.614,103.38499999999999,1533.614,79.0378,1533.614,86.90547000000001,1533.614,83.26687
1534.095,103.4452,1534.095,79.69391,1534.095,87.44937999999999,1534.095,83.88002
1534.578,103.4745,1534.578,80.30451,1534.578,87.94544,1534.578,84.4342
1535.0600000000002,103.46079999999999,1535.0600000000002,80.80204,1535.0600000000002,88.33671000000001,1535.0600000000002,84.86646
1535.542,103.42009999999999,1535.542,81.18476,1535.542,88.62546,1535.542,85.18223
1536.024,103.3794,1536.024,81.49017,1536.024,88.84743999999999,1536.024,85.42484
1536.506,103.3577,1536.506,81.76446999999999,1536.506,89.04346000000001,1536.506,85.64301
1536.988,103.35650000000001,1536.988,82.04579000000001,1536.988,89.24419,1536.988,85.87351
1537.4699999999998,103.35749999999999,1537.4699999999998,82.36039,1537.4699999999998,89.46703,1537.4699999999998,86.13742
1537.952,103.328,1537.952,82.72707,1537.952,89.72106,1537.952,86.44501
1538.435,103.23530000000001,1538.435,83.16666,1538.435,90.01771,1538.435,86.8065
1538.9170000000001,103.0713,1538.9170000000001,83.70995,1538.9170000000001,90.38171,1538.9170000000001,87.24416
1539.399,102.8767,1539.399,84.38924,1539.399,90.84871,1539.399,87.79139
1539.881,102.736,1539.881,85.20071,1539.881,91.43316999999999,1539.881,88.46121
1540.363,102.7155,1540.363,86.06691,1540.363,92.08640000000001,1540.363,89.20128
1540.845,102.79780000000001,1540.845,86.86994,1540.845,92.71085,1540.845,89.90581
1541.327,102.9048,1541.327,87.53366,1541.327,93.23116,1541.327,90.49155
1541.809,102.9747,1541.809,88.05405,1541.809,93.63236,1541.809,90.94234
1542.292,102.99510000000001,1542.292,88.47044,1542.292,93.94296,1542.292,91.29205
1542.7740000000001,102.99020000000002,1542.7740000000001,88.8357,1542.7740000000001,94.20839000000001,1542.7740000000001,91.59467
1543.2559999999999,102.9967,1543.2559999999999,89.20203000000001,1543.2559999999999,94.47559,1543.2559999999999,91.9055
1543.738,103.04549999999999,1543.738,89.61124999999998,1543.738,94.78245,1543.738,92.26824
1544.2200000000003,103.1479,1544.2200000000003,90.08186,1544.2200000000003,95.14575,1544.2200000000003,92.70029
1544.702,103.28949999999999,1544.702,90.59872,1544.702,95.55237,1544.702,93.18251000000001
1545.184,103.43610000000001,1545.184,91.11768,1545.184,95.96366,1545.184,93.66550000000001
1545.666,103.5517,1545.666,91.58804,1545.666,96.33533,1545.666,94.0948
1546.1480000000001,103.6156,1546.1480000000001,91.97697,1546.1480000000001,96.6386,1546.1480000000001,94.43674
1546.631,103.6269,1546.631,92.27995,1546.631,96.86906,1546.631,94.68842000000001
1547.113,103.59899999999999,1547.113,92.51604,1547.113,97.04229,1547.113,94.87127
1547.595,103.55000000000001,1547.595,92.71763,1547.595,97.18441999999999,1547.595,95.01911
1548.0770000000002,103.4965,1548.0770000000002,92.9213,1548.0770000000002,97.32430000000001,1548.0770000000002,95.16818
1548.559,103.4513,1548.559,93.16051,1548.559,97.48756,1548.559,95.35049000000001
1549.041,103.42290000000001,1549.041,93.45655000000001,1549.041,97.69036,1549.041,95.58619
1549.523,103.4137,1549.523,93.80839999999999,1549.523,97.93222,1549.523,95.87491
1550.005,103.41959999999999,1550.005,94.18981000000001,1550.005,98.19433000000001,1550.005,96.19309
1550.488,103.43230000000001,1550.488,94.56234,1550.488,98.44922,1550.488,96.50555
1550.97,103.44389999999999,1550.97,94.89717999999999,1550.97,98.67696000000001,1550.97,96.78565
1551.452,103.45100000000001,1551.452,95.18769,1551.452,98.87371999999999,1551.452,97.02707000000001
1551.9340000000002,103.45249999999999,1551.9340000000002,95.44527000000001,1551.9340000000002,99.04816,1551.9340000000002,97.23998999999999
1552.416,103.4459,1552.416,95.68785,1552.416,99.21296,1552.416,97.44002
1552.898,103.427,1552.898,95.93018000000001,1552.898,99.37798000000001,1552.898,97.63928999999999
1553.3799999999999,103.3917,1553.3799999999999,96.17903,1553.3799999999999,99.54758,1553.3799999999999,97.84234
1553.862,103.34080000000002,1553.862,96.43138,1553.862,99.72021,1553.862,98.04556
1554.344,103.281,1554.344,96.6763,1554.344,99.8895,1554.344,98.23951
1554.827,103.22359999999999,1554.827,96.90117000000001,1554.827,100.04820000000001,1554.827,98.41445
1555.309,103.18039999999999,1555.309,97.09908999999999,1555.309,100.19229999999999,1555.309,98.56616000000001
1555.7910000000002,103.1574,1555.7910000000002,97.27103,1555.7910000000002,100.32209999999999,1555.7910000000002,98.69654
1556.273,103.1502,1556.273,97.42078,1556.273,100.43709999999999,1556.273,98.80743000000001
1556.7549999999999,103.14030000000001,1556.7549999999999,97.54956999999999,1556.7549999999999,100.532,1556.7549999999999,98.89451
1557.237,103.1021,1557.237,97.66342999999999,1557.237,100.60210000000001,1557.237,98.95396
1557.719,103.029,1557.719,97.8041,1557.719,100.6718,1557.719,99.01671
1558.201,102.9833,1558.201,98.09027999999999,1558.201,100.83619999999999,1558.201,99.20437
1558.684,103.0985,1558.684,98.66498,1558.684,101.2295,1558.684,99.70060000000001
1559.166,103.41229999999999,1559.166,99.46167,1559.166,101.82929999999999,1559.166,100.49189999999999
1559.6480000000001,103.7358,1559.6480000000001,100.16430000000001,1559.6480000000001,102.3871,1559.6480000000001,101.2448
1560.13,103.8762,1560.13,100.5671,1560.13,102.71459999999999,1560.13,101.68809999999999
1560.6119999999999,103.8087,1560.6119999999999,100.69570000000002,1560.6119999999999,102.8125,1560.6119999999999,101.81830000000001
1561.094,103.6049,1561.094,100.6572,1561.094,102.76289999999999,1561.094,101.75110000000001
1561.576,103.346,1561.576,100.5474,1561.576,102.6468,1561.576,101.59849999999999
1562.058,103.0912,1562.058,100.4319,1562.058,102.52220000000001,1562.058,101.4373
1562.541,102.87379999999999,1562.541,100.34909999999999,1562.541,102.42370000000001,1562.541,101.3109
1563.0220000000002,102.7064,1563.0220000000002,100.3177,1563.0220000000002,102.3678,1563.0220000000002,101.2392
1563.505,102.5876,1563.505,100.34270000000001,1563.505,102.35799999999999,1563.505,101.2261
1563.987,102.5077,1563.987,100.4188,1563.987,102.3897,1563.987,101.26509999999999
1564.4689999999998,102.4532,1564.4689999999998,100.5317,1564.4689999999998,102.45169999999999,1564.4689999999998,101.34179999999999
1564.951,102.40990000000001,1564.951,100.66010000000001,1564.951,102.52779999999998,1564.951,101.4357
1565.433,102.3658,1565.433,100.7812,1565.433,102.6011,1565.433,101.5261
1565.915,102.31410000000001,1565.915,100.8785,1565.915,102.6593,1565.915,101.59800000000001
1566.397,102.2538,1566.397,100.9462,1566.397,102.6977,1566.397,101.64649999999999
1566.8790000000001,102.18700000000001,1566.8790000000001,100.9881,1566.8790000000001,102.7184,1566.8790000000001,101.67550000000001
1567.362,102.11730000000001,1567.362,101.0136,1567.362,102.72730000000001,1567.362,101.6936
1567.844,102.0489,1567.844,101.0362,1567.844,102.7334,1567.844,101.7128
1568.3259999999998,101.98949999999999,1568.3259999999998,101.0726,1568.3259999999998,102.7491,1568.3259999999998,101.74829999999999
1568.808,101.9517,1568.808,101.14160000000001,1568.808,102.78970000000001,1568.808,101.8176
1569.29,101.94680000000001,1569.29,101.25299999999999,1569.29,102.8653,1569.29,101.9305
1569.772,101.97160000000001,1569.772,101.39609999999999,1569.772,102.9692,1569.772,102.0753
1570.2540000000001,102.00359999999999,1570.2540000000001,101.53909999999999,1570.2540000000001,103.0763,1570.2540000000001,102.2178
1570.736,102.0137,1570.736,101.6491,1570.736,103.1585,1570.736,102.32209999999999
1571.219,101.9863,1571.219,101.7112,1571.219,103.2015,1571.219,102.3722
1571.701,101.9252,1571.701,101.73110000000001,1571.701,103.2088,1571.701,102.376
1572.183,101.8469,1572.183,101.7264,1572.183,103.19510000000001,1572.183,102.3547
1572.665,101.7712,1572.665,101.7163,1572.665,103.17670000000001,1572.665,102.3306
1573.1470000000002,101.71269999999998,1573.1470000000002,101.7139,1573.1470000000002,103.16510000000001,1573.1470000000002,102.3188
1573.629,101.67790000000001,1573.629,101.72380000000001,1573.629,103.16399999999999,1573.629,102.3241
1574.111,101.6651,1574.111,101.74300000000001,1574.111,103.1698,1574.111,102.3422
1574.593,101.6689,1574.593,101.7654,1574.593,103.1768,1574.593,102.3649
1575.075,101.68639999999999,1575.075,101.78990000000002,1575.075,103.1839,1575.075,102.3889
1575.558,101.72019999999999,1575.558,101.82249999999999,1575.558,103.1976,1575.558,102.4198
1576.04,101.7704,1576.04,101.8672,1576.04,103.22409999999999,1576.04,102.4637
1576.522,101.8222,1576.522,101.9128,1576.522,103.25569999999999,1576.522,102.51129999999999
1577.0040000000001,101.84979999999999,1577.0040000000001,101.935,1577.0040000000001,103.271,1577.0040000000001,102.5372
1577.4859999999999,101.83670000000001,1577.4859999999999,101.9171,1577.4859999999999,103.2541,1577.4859999999999,102.5215
1577.968,101.7883,1577.968,101.8624,1577.968,103.2063,1577.968,102.4655
1578.45,101.72460000000001,1578.45,101.78799999999998,1578.45,103.1424,1578.45,102.3876
1578.932,101.6664,1578.932,101.71190000000001,1578.932,103.07820000000001,1578.932,102.3077
1579.415,101.62610000000001,1579.415,101.6438,1579.415,103.02260000000001,1579.415,102.2377
1579.897,101.6062,1579.897,101.58370000000001,1579.897,102.97609999999999,1579.897,102.179
1580.379,101.60199999999999,1580.379,101.5251,1580.379,102.93319999999999,1580.379,102.12540000000001
1580.861,101.60610000000001,1580.861,101.4594,1580.861,102.8865,1580.861,102.0681
1581.3429999999998,101.6128,1581.3429999999998,101.3806,1581.3429999999998,102.831,1581.3429999999998,102.00059999999999
1581.825,101.6193,1581.825,101.28680000000001,1581.825,102.7651,1581.825,101.92030000000001
1582.3070000000002,101.62580000000001,1582.3070000000002,101.18020000000001,1582.3070000000002,102.6901,1582.3070000000002,101.8289
1582.789,101.6332,1582.789,101.0637,1582.789,102.60830000000001,1582.789,101.7292
1583.271,101.64169999999999,1583.271,100.9393,1583.271,102.5205,1583.271,101.6233
1583.754,101.6496,1583.754,100.807,1583.754,102.4259,1583.754,101.51129999999999
1584.2359999999999,101.65429999999999,1584.2359999999999,100.66470000000001,1584.2359999999999,102.3226,1584.2359999999999,101.39160000000001
1584.718,101.65310000000001,1584.718,100.5103,1584.718,102.20880000000001,1584.718,101.26250000000002
1585.2,101.6451,1585.2,100.3428,1585.2,102.0845,1585.2,101.1232
1585.682,101.6315,1585.682,100.1624,1585.682,101.95060000000001,1585.682,100.974
1586.1640000000002,101.61469999999998,1586.1640000000002,99.96958,1586.1640000000002,101.80890000000001,1586.1640000000002,100.8154
1586.646,101.59670000000001,1586.646,99.76495,1586.646,101.66010000000001,1586.646,100.64750000000001
1587.128,101.57849999999999,1587.128,99.54791999999999,1587.128,101.5037,1587.128,100.4691
1587.6109999999999,101.5597,1587.6109999999999,99.31759,1587.6109999999999,101.33840000000001,1587.6109999999999,100.2786
1588.093,101.53909999999999,1588.093,99.07368,1588.093,101.1632,1588.093,100.075
1588.575,101.5161,1588.575,98.81768,1588.575,100.9787,1588.575,99.85944
1589.057,101.4915,1589.057,98.55295999999998,1589.057,100.78750000000001,1589.057,99.63541
1589.539,101.46710000000002,1589.539,98.28349,1589.539,100.59290000000001,1589.539,99.4077
1590.0210000000002,101.44489999999999,1590.0210000000002,98.01246,1590.0210000000002,100.39769999999999,1590.0210000000002,99.18047
1590.503,101.42530000000001,1590.503,97.74082,1590.503,100.20230000000001,1590.503,98.9554
1590.985,101.4071,1590.985,97.46763,1590.985,100.00519999999999,1590.985,98.73146
1591.4679999999998,101.3872,1591.4679999999998,97.19115000000001,1591.4679999999998,99.80384000000001,1591.4679999999998,98.50587000000002
1591.949,101.36259999999999,1591.949,96.91063,1591.949,99.59633,1591.949,98.27608
1592.432,101.332,1592.432,96.62743,1592.432,99.38316,1592.432,98.04149000000001
1592.914,101.2971,1592.914,96.34518,1592.914,99.16762,1592.914,97.80417999999999
1593.396,101.2619,1593.396,96.06866,1593.396,98.955,1593.396,97.56847
1593.8780000000002,101.23169999999999,1593.8780000000002,95.80259999999998,1593.8780000000002,98.75107,1593.8780000000002,97.33955999999999
1594.36,101.2105,1594.36,95.55058000000001,1594.36,98.56030000000001,1594.36,97.12207
1594.8419999999999,101.1993,1594.8419999999999,95.3151,1594.8419999999999,98.38531,1594.8419999999999,96.91933
1595.324,101.19579999999999,1595.324,95.09839,1595.324,98.22707,1595.324,96.73356999999999
1595.806,101.19560000000001,1595.806,94.90268999999999,1595.806,98.0856,1595.806,96.56615000000001
1596.289,101.1943,1596.289,94.73012,1596.289,97.96054999999998,1596.289,96.41794000000002
1596.771,101.1892,1596.771,94.58195,1596.771,97.85157999999998,1596.771,96.28934
1597.253,101.1803,1597.253,94.45774999999999,1597.253,97.75809000000001,1597.253,96.18003
1597.7350000000001,101.16909999999999,1597.7350000000001,94.35544999999999,1597.7350000000001,97.67932,1597.7350000000001,96.08891
1598.217,101.1574,1598.217,94.27227,1598.217,97.61431999999999,1598.217,96.01466
1598.6989999999998,101.146,1598.6989999999998,94.20647000000001,1598.6989999999998,97.56287,1598.6989999999998,95.95665
1599.181,101.13430000000001,1599.181,94.15853999999999,1599.181,97.52598,1599.181,95.91563000000001
1599.663,101.1212,1599.663,94.13206000000001,1599.663,97.50648,1599.663,95.89442
1600.146,101.1061,1600.146,94.13299,1600.146,97.50875,1600.146,95.89758
1600.628,101.0909,1600.628,94.16802000000001,1600.628,97.53773000000001,1600.628,95.93041
1601.1100000000001,101.07919999999999,1601.1100000000001,94.24234,1601.1100000000001,97.59742,1601.1100000000001,95.99736
1601.592,101.0763,1601.592,94.35810000000001,1601.592,97.68955,1601.592,96.10056
1602.074,101.08600000000001,1602.074,94.51373000000001,1602.074,97.81299000000001,1602.074,96.23901000000001
1602.5559999999998,101.1099,1602.5559999999998,94.70456999999999,1602.5559999999998,97.96371,1602.5559999999998,96.40872
1603.038,101.1458,1603.038,94.9241,1603.038,98.13589,1603.038,96.60336000000001
1603.52,101.18860000000001,1603.52,95.16492,1603.52,98.32291,1603.52,96.81547
1604.002,101.23230000000001,1604.002,95.41987,1604.002,98.51841999999999,1604.002,97.03769
1604.485,101.2721,1604.485,95.6828,1604.485,98.71758,1604.485,97.26406
1604.967,101.3056,1604.967,95.94917000000001,1604.967,98.91745999999999,1604.967,97.49083999999999
1605.449,101.33350000000002,1605.449,96.21650000000001,1605.449,99.11726,1605.449,97.71684
1605.931,101.3582,1605.931,96.48425,1605.931,99.31779,1605.931,97.94297999999999
1606.4129999999998,101.38279999999999,1606.4129999999998,96.75343,1606.4129999999998,99.52083999999999,1606.4129999999998,98.17123000000001
1606.895,101.40990000000001,1606.895,97.02591,1606.895,99.72832,1606.895,98.40388000000002
1607.377,101.4422,1607.377,97.30336,1607.377,99.94157,1607.377,98.64235000000001
1607.859,101.4817,1607.859,97.58623999999999,1607.859,100.1606,1607.859,98.8866
1608.3419999999999,101.5304,1608.3419999999999,97.87321,1608.3419999999999,100.38419999999999,1608.3419999999999,99.13503
1608.824,101.58990000000001,1608.824,98.16074,1608.824,100.60929999999999,1608.824,99.38451
1609.306,101.65990000000001,1609.306,98.44373000000002,1609.306,100.83200000000001,1609.306,99.63077999999999
1609.788,101.7376,1609.788,98.71586,1609.788,101.04690000000001,1609.788,99.86864
1610.27,101.81720000000001,1610.27,98.96997,1610.27,101.2478,1610.27,100.0919
1610.752,101.8901,1610.752,99.19845000000001,1610.752,101.4279,1610.752,100.2932
1611.2340000000002,101.948,1611.2340000000002,99.39459,1611.2340000000002,101.5811,1611.2340000000002,100.4657
1611.716,101.9855,1611.716,99.55460000000001,1611.716,101.70380000000002,1611.716,100.60530000000001
1612.198,102.00309999999999,1612.198,99.67953,1612.198,101.7973,1612.198,100.7125
1612.681,102.0078,1612.681,99.77570999999999,1612.681,101.8679,1612.681,100.7939
1613.163,102.01100000000001,1613.163,99.85298,1613.163,101.9252,1613.163,100.8597
1613.645,102.02439999999999,1613.645,99.92108,1613.645,101.9782,1613.645,100.9202
1614.127,102.0564,1614.127,99.98638,1614.127,102.0329,1614.127,100.982
1614.609,102.1107,1614.609,100.05059999999999,1614.609,102.09049999999999,1614.609,101.0465
1615.0910000000001,102.18830000000001,1615.0910000000001,100.1131,1615.0910000000001,102.1501,1615.0910000000001,101.11250000000001
1615.5729999999999,102.2915,1615.5729999999999,100.1756,1615.5729999999999,102.21329999999999,1615.5729999999999,101.18119999999999
1616.055,102.423,1616.055,100.24360000000001,1616.055,102.2853,1616.055,101.2586
1616.538,102.57639999999999,1616.538,100.31859999999999,1616.538,102.3674,1616.538,101.3473
1617.0200000000002,102.72540000000001,1617.0200000000002,100.3885,1617.0200000000002,102.44709999999999,1617.0200000000002,101.43379999999999
1617.502,102.8335,1617.502,100.431,1617.502,102.5014,1617.502,101.49109999999999
1617.984,102.87740000000001,1617.984,100.4308,1617.984,102.5135,1617.984,101.4991
1618.466,102.86010000000002,1618.466,100.39089999999999,1618.466,102.48479999999999,1618.466,101.4584
1618.948,102.8032,1618.948,100.3278,1618.948,102.4303,1618.948,101.38659999999999
1619.4299999999998,102.73239999999998,1619.4299999999998,100.2611,1619.4299999999998,102.3685,1619.4299999999998,101.3059
1619.912,102.66709999999999,1619.912,100.2057,1619.912,102.314,1619.912,101.2338
1620.395,102.61789999999999,1620.395,100.1698,1620.395,102.2751,1620.395,101.18
1620.876,102.58840000000001,1620.876,100.1569,1620.876,102.25599999999999,1620.876,101.1487
1621.359,102.5797,1621.359,100.171,1621.359,102.2611,1621.359,101.14410000000001
1621.841,102.5949,1621.841,100.22139999999999,1621.841,102.2993,1621.841,101.1758
1622.3229999999999,102.63990000000001,1622.3229999999999,100.3217,1622.3229999999999,102.3834,1622.3229999999999,101.25800000000001
1622.805,102.7179,1622.805,100.48129999999999,1622.805,102.52170000000001,1622.805,101.4021
1623.287,102.82199999999999,1623.287,100.6928,1623.287,102.7067,1623.287,101.60180000000001
1623.769,102.93239999999999,1623.769,100.9285,1623.769,102.91250000000001,1623.769,101.8292
1624.2510000000002,103.02579999999999,1624.2510000000002,101.15369999999999,1624.2510000000002,103.1068,1624.2510000000002,102.04740000000001
1624.733,103.0882,1624.733,101.34479999999999,1624.733,103.2679,1624.733,102.2308
1625.216,103.11930000000001,1625.216,101.4975,1625.216,103.3917,1625.216,102.3744
1625.6979999999999,103.129,1625.6979999999999,101.62310000000001,1625.6979999999999,103.48839999999998,1625.6979999999999,102.4899
1626.18,103.13159999999999,1626.18,101.74099999999999,1626.18,103.5746,1626.18,102.59700000000001
1626.662,103.1412,1626.662,101.8709,1626.662,103.66789999999999,1626.662,102.7153
1627.144,103.16890000000001,1627.144,102.0275,1627.144,103.78130000000002,1627.144,102.8588
1627.626,103.21979999999999,1627.626,102.2149,1627.626,103.91969999999999,1627.626,103.03089999999999
1628.1080000000002,103.29090000000001,1628.1080000000002,102.42309999999999,1628.1080000000002,104.0765,1628.1080000000002,103.2213
1628.59,103.37019999999998,1628.59,102.6315,1628.59,104.23579999999998,1628.59,103.4094
1629.073,103.4422,1629.073,102.8173,1629.073,104.3793,1629.073,103.57289999999999
1629.5549999999998,103.4938,1629.5549999999998,102.96549999999999,1629.5549999999998,104.4942,1629.5549999999998,103.6974
1630.037,103.5196,1630.037,103.0727,1630.037,104.5769,1630.037,103.7804
1630.519,103.5223,1630.519,103.14540000000001,1630.519,104.63230000000001,1630.519,103.82929999999999
1631.001,103.5099,1631.001,103.1947,1631.001,104.6696,1631.001,103.85640000000001
1631.483,103.49289999999999,1631.483,103.23199999999999,1631.483,104.69900000000001,1631.483,103.8747
1631.9650000000001,103.481,1631.9650000000001,103.2654,1631.9650000000001,104.7279,1631.9650000000001,103.8938
1632.447,103.47980000000001,1632.447,103.29790000000001,1632.447,104.7593,1632.447,103.9182
1632.9289999999999,103.4889,1632.9289999999999,103.3268,1632.9289999999999,104.79050000000001,1632.9289999999999,103.946
1633.4119999999998,103.5016,1633.4119999999998,103.3442,1633.4119999999998,104.81339999999999,1633.4119999999998,103.9691
1633.894,103.5082,1633.894,103.34289999999999,1633.894,104.81899999999999,1633.894,103.97760000000001
1634.376,103.5044,1634.376,103.3256,1634.376,104.80609999999999,1634.376,103.96950000000001
1634.858,103.5023,1634.858,103.315,1634.858,104.791,1634.858,103.96190000000001
1635.34,103.5291,1635.34,103.3483,1635.34,104.8049,1635.34,103.9889
1635.8220000000001,103.6029,1635.8220000000001,103.4459,1635.8220000000001,104.8683,1635.8220000000001,104.07249999999999
1636.304,103.70349999999999,1636.304,103.58149999999999,1636.304,104.96399999999998,1636.304,104.19080000000001
1636.7859999999998,103.7858,1636.7859999999998,103.7024,1636.7859999999998,105.051,1636.7859999999998,104.2932
1637.2689999999998,103.82150000000001,1637.2689999999998,103.77629999999999,1637.2689999999998,105.1025,1637.2689999999998,104.34790000000001
1637.751,103.81469999999999,1637.751,103.8062,1637.751,105.1204,1637.751,104.3596
1638.233,103.787,1638.233,103.8135,1638.233,105.1223,1638.233,104.35220000000001
1638.715,103.7598,1638.715,103.8189,1638.715,105.12490000000001,1638.715,104.348
1639.1970000000001,103.74449999999999,1639.1970000000001,103.83210000000001,1639.1970000000001,105.1363,1639.1970000000001,104.3576
1639.679,103.74239999999999,1639.679,103.85249999999999,1639.679,105.15520000000001,1639.679,104.3791
1640.161,103.74810000000001,1640.161,103.8726,1640.161,105.1745,1640.161,104.40350000000001
1640.6429999999998,103.7542,1640.6429999999998,103.88459999999999,1640.6429999999998,105.18700000000001,1640.6429999999998,104.421
1641.125,103.7562,1641.125,103.88539999999999,1641.125,105.1892,1641.125,104.4264
1641.608,103.75319999999999,1641.608,103.8772,1641.608,105.1828,1641.608,104.421
1642.0900000000001,103.7482,1642.0900000000001,103.8665,1642.0900000000001,105.173,1642.0900000000001,104.4111
1642.572,103.745,1642.572,103.8593,1642.572,105.16510000000001,1642.572,104.4028
1643.054,103.7446,1643.054,103.85690000000001,1643.054,105.16049999999998,1643.054,104.3981
1643.536,103.74300000000001,1643.536,103.85310000000001,1643.536,105.15429999999999,1643.536,104.3914
1644.018,103.7312,1644.018,103.8348,1644.018,105.13539999999999,1644.018,104.3695
1644.4999999999998,103.6978,1644.4999999999998,103.786,1644.4999999999998,105.09049999999999,1644.4999999999998,104.3164
1644.9820000000002,103.6359,1644.9820000000002,103.6968,1644.9820000000002,105.01100000000001,1644.9820000000002,104.2213
1645.465,103.5524,1645.465,103.5736,1645.465,104.9034,1645.465,104.091
1645.9470000000001,103.47550000000001,1645.9470000000001,103.4486,1645.9470000000001,104.7962,1645.9470000000001,103.9598
1646.4289999999999,103.44690000000001,1646.4289999999999,103.371,1646.4289999999999,104.733,1646.4289999999999,103.88250000000001
1646.911,103.4918,1646.911,103.37540000000001,1646.911,104.7428,1646.911,103.8979
1647.393,103.58940000000001,1647.393,103.44839999999999,1647.393,104.81240000000001,1647.393,103.98989999999999
1647.875,103.6886,1647.875,103.54190000000001,1647.875,104.8981,1647.875,104.10029999999999
1648.3569999999997,103.75460000000001,1648.3569999999997,103.61819999999999,1648.3569999999997,104.96730000000001,1648.3569999999997,104.18339999999999
1648.8390000000002,103.7901,1648.8390000000002,103.6741,1648.8390000000002,105.0189,1648.8390000000002,104.23579999999998
1649.322,103.8231,1649.322,103.73140000000001,1649.322,105.07379999999999,1649.322,104.2849
1649.8029999999999,103.884,1649.8029999999999,103.8156,1649.8029999999999,105.156,1649.8029999999999,104.363
1650.2859999999998,103.9896,1650.2859999999998,103.93920000000001,1650.2859999999998,105.27720000000001,1650.2859999999998,104.4884
1650.768,104.13470000000001,1650.768,104.0921,1650.768,105.42819999999999,1650.768,104.65390000000001
1651.25,104.29299999999999,1651.25,104.24249999999999,1651.25,105.5791,1651.25,104.8267
1651.732,104.4331,1651.732,104.3525,1651.732,105.69500000000001,1651.732,104.96399999999998
1652.214,104.5531,1652.214,104.41629999999999,1652.214,105.76890000000002,1652.214,105.0513
1652.6960000000001,104.7057,1652.6960000000001,104.4885,1652.6960000000001,105.84720000000002,1652.6960000000001,105.1383
1653.178,104.9323,1653.178,104.6274,1653.178,105.9765,1653.178,105.28850000000001
1653.6599999999999,105.1508,1653.6599999999999,104.7847,1653.6599999999999,106.1083,1653.6599999999999,105.4561
1654.143,105.23089999999999,1654.143,104.8542,1654.143,106.15010000000001,1654.143,105.52319999999999
1654.625,105.1498,1654.625,104.80529999999999,1654.625,106.0826,1654.625,105.4518
1655.1070000000002,104.97510000000001,1655.1070000000002,104.68180000000001,1655.1070000000002,105.95110000000001,1655.1070000000002,105.2917
1655.589,104.7828,1655.589,104.54060000000001,1655.589,105.8097,1655.589,105.1106
1656.071,104.62169999999999,1656.071,104.42089999999999,1656.071,105.69390000000001,1656.071,104.95509999999999
1656.553,104.511,1656.553,104.33930000000001,1656.553,105.61739999999999,1656.553,104.8454
1657.035,104.449,1657.035,104.2953,1657.035,105.5774,1657.035,104.7814
1657.5169999999998,104.4225,1657.5169999999998,104.2783,1657.5169999999998,105.56209999999999,1657.5169999999998,104.7515
1658.0,104.4154,1658.0,104.27489999999999,1658.0,105.55779999999999,1658.0,104.7406
1658.482,104.414,1658.482,104.2732,1658.482,105.55330000000001,1658.482,104.73539999999998
1658.9640000000002,104.4103,1658.9640000000002,104.2654,1658.9640000000002,105.54220000000001,1658.9640000000002,104.72710000000001
1659.446,104.40169999999999,1659.446,104.2478,1659.446,105.52289999999999,1659.446,104.71170000000001
1659.9279999999999,104.38929999999999,1659.9279999999999,104.22,1659.9279999999999,105.4968,1659.9279999999999,104.6891
1660.41,104.3763,1660.41,104.18430000000001,1660.41,105.4673,1660.41,104.662
1660.892,104.36760000000001,1660.892,104.146,1660.892,105.43929999999999,1660.892,104.6362
1661.3739999999998,104.3706,1661.3739999999998,104.1146,1661.3739999999998,105.42039999999999,1661.3739999999998,104.6208
1661.856,104.3944,1661.856,104.10239999999999,1661.856,105.42009999999999,1661.856,104.62720000000002
1662.339,104.4454,1662.339,104.119,1662.339,105.44500000000001,1662.339,104.6632
1662.8210000000001,104.51939999999999,1662.8210000000001,104.1629,1662.8210000000001,105.4924,1662.8210000000001,104.7242
1663.3029999999999,104.59799999999998,1663.3029999999999,104.21780000000001,1663.3029999999999,105.5473,1663.3029999999999,104.78989999999999
1663.7849999999999,104.65690000000001,1663.7849999999999,104.2603,1663.7849999999999,105.589,1663.7849999999999,104.83409999999999
1664.267,104.6792,1664.267,104.27409999999999,1664.267,105.6031,1664.267,104.83990000000001
1664.749,104.6624,1664.749,104.2556,1664.749,105.5871,1664.749,104.80640000000001
1665.231,104.6157,1665.231,104.2124,1665.231,105.5478,1665.231,104.7447
1665.713,104.55239999999999,1665.713,104.1553,1665.713,105.4951,1665.713,104.6696
1666.196,104.48409999999998,1666.196,104.09250000000002,1666.196,105.4372,1666.196,104.59240000000001
1666.678,104.4176,1666.678,104.02689999999998,1666.678,105.3773,1666.678,104.5177
1667.16,104.35600000000001,1667.16,103.9568,1667.16,105.3154,1667.16,104.4448
1667.6419999999998,104.30090000000001,1667.6419999999998,103.879,1667.6419999999998,105.2503,1667.6419999999998,104.37129999999999
1668.1240000000003,104.2565,1668.1240000000003,103.7952,1668.1240000000003,105.1846,1668.1240000000003,104.2986
1668.606,104.2305,1668.606,103.71459999999999,1668.606,105.1267,1668.606,104.23549999999999
1669.088,104.23249999999999,1669.088,103.65329999999999,1669.088,105.0888,1669.088,104.1962
1669.57,104.2654,1669.57,103.62469999999999,1669.57,105.0797,1669.57,104.1906
1670.0520000000001,104.32010000000001,1670.0520000000001,103.6289,1670.0520000000001,105.0967,1670.0520000000001,104.21430000000001
1670.535,104.37870000000001,1670.535,103.65169999999999,1670.535,105.1264,1670.535,104.2488
1671.017,104.42469999999999,1671.017,103.6746,1671.017,105.1535,1671.017,104.27390000000001
1671.4989999999998,104.45199999999998,1671.4989999999998,103.6859,1671.4989999999998,105.17,1671.4989999999998,104.2801
1671.9810000000002,104.465,1671.9810000000002,103.685,1671.9810000000002,105.17669999999998,1671.9810000000002,104.27089999999998
1672.463,104.4734,1672.463,103.6775,1672.463,105.17939999999999,1672.463,104.25720000000001
1672.945,104.48660000000001,1672.945,103.6703,1672.945,105.1838,1672.945,104.25
1673.427,104.51140000000001,1673.427,103.6673,1673.427,105.1926,1673.427,104.2565
1673.909,104.5528,1673.909,103.66969999999999,1673.909,105.20719999999999,1673.909,104.28
1674.392,104.6152,1674.392,103.6776,1674.392,105.2286,1674.392,104.3203
1674.874,104.6979,1674.874,103.6883,1674.874,105.2562,1674.874,104.3717
1675.3559999999998,104.78639999999999,1675.3559999999998,103.6915,1675.3559999999998,105.2818,1675.3559999999998,104.4167
1675.8380000000002,104.8522,1675.8380000000002,103.6702,1675.8380000000002,105.2889,1675.8380000000002,104.4294
1676.32,104.86869999999999,1676.32,103.611,1676.32,105.26219999999999,1676.32,104.38959999999999
1676.802,104.8292,1676.802,103.51330000000002,1676.802,105.1982,1676.802,104.29660000000001
1677.284,104.74619999999999,1677.284,103.38799999999999,1677.284,105.10589999999999,1677.284,104.166
1677.766,104.641,1677.766,103.24940000000001,1677.766,104.9982,1677.766,104.0181
1678.249,104.532,1678.249,103.1072,1678.249,104.8858,1678.249,103.86770000000001
1678.73,104.43039999999999,1678.73,102.9659,1678.73,104.7739,1678.73,103.7214
1679.2129999999997,104.3415,1679.2129999999997,102.8267,1679.2129999999997,104.6653,1679.2129999999997,103.58080000000001
1679.6950000000002,104.26709999999999,1679.6950000000002,102.69250000000001,1679.6950000000002,104.5627,1679.6950000000002,103.4476
1680.1770000000001,104.2084,1680.1770000000001,102.5698,1680.1770000000001,104.47109999999999,1680.1770000000001,103.32650000000001
1680.6589999999999,104.16680000000001,1680.6589999999999,102.46690000000001,1680.6589999999999,104.3963,1680.6589999999999,103.225
1681.141,104.14410000000001,1681.141,102.38989999999998,1681.141,104.3422,1681.141,103.14959999999999
1681.623,104.1406,1681.623,102.338,1681.623,104.3069,1681.623,103.10109999999999
1682.105,104.1548,1682.105,102.30120000000001,1682.105,104.28170000000001,1682.105,103.0724
1682.587,104.1882,1682.587,102.26429999999999,1682.587,104.256,1682.587,103.0532
1683.07,104.25750000000001,1683.07,102.2202,1683.07,104.23039999999999,1683.07,103.0434
1683.5520000000001,104.3981,1683.5520000000001,102.18370000000002,1683.5520000000001,104.2286,1683.5520000000001,103.06729999999999
1684.034,104.6276,1684.034,102.17909999999999,1684.034,104.2793,1684.034,103.1515
1684.5159999999998,104.8867,1684.5159999999998,102.19940000000001,1684.5159999999998,104.3679,1684.5159999999998,103.26960000000001
1684.998,105.0643,1684.998,102.1955,1684.998,104.43100000000001,1684.998,103.3398
1685.48,105.0985,1685.48,102.124,1685.48,104.41640000000001,1685.48,103.3016
1685.962,105.0082,1685.962,101.97890000000001,1685.962,104.31889999999999,1685.962,103.1566
1686.444,104.8506,1686.444,101.7838,1686.444,104.16579999999999,1686.444,102.9455
1686.927,104.6814,1686.927,101.56970000000001,1686.927,103.99179999999998,1686.927,102.7135
1687.409,104.5387,1687.409,101.3625,1687.409,103.8252,1687.409,102.495
1687.891,104.4427,1687.891,101.1788,1687.891,103.6835,1687.891,102.31030000000001
1688.3729999999998,104.3991,1688.3729999999998,101.0262,1688.3729999999998,103.5746,1688.3729999999998,102.16780000000001
1688.855,104.403,1688.855,100.90429999999999,1688.855,103.4981,1688.855,102.06630000000001
1689.337,104.442,1689.337,100.8054,1689.337,103.4462,1689.337,101.99629999999999
1689.819,104.498,1689.819,100.71589999999999,1689.819,103.4056,1689.819,101.94160000000001
1690.3010000000002,104.55239999999999,1690.3010000000002,100.62020000000001,1690.3010000000002,103.36149999999999,1690.3010000000002,101.8836
1690.7830000000001,104.5905,1690.7830000000001,100.50779999999999,1690.7830000000001,103.30299999999998,1690.7830000000001,101.8085
1691.266,104.60679999999999,1691.266,100.3776,1691.266,103.2281,1691.266,101.7131
1691.748,104.6057,1691.748,100.2386,1691.748,103.14350000000002,1691.748,101.60510000000001
1692.2299999999998,104.5985,1692.2299999999998,100.10520000000001,1692.2299999999998,103.06120000000001,1692.2299999999998,101.4993
1692.712,104.59799999999998,1692.712,99.9895,1692.712,102.99179999999998,1692.712,101.4094
1693.1940000000002,104.6117,1693.1940000000002,99.89374,1693.1940000000002,102.9374,1693.1940000000002,101.3398
1693.676,104.6375,1693.676,99.80508,1693.676,102.8872,1693.676,101.2802
1694.1580000000001,104.66420000000001,1694.1580000000001,99.6965,1694.1580000000001,102.81869999999999,1694.1580000000001,101.2056
1694.64,104.6776,1694.64,99.53640999999999,1694.64,102.7064,1694.64,101.0851
1695.123,104.6695,1695.123,99.30572,1695.123,102.5369,1695.123,100.89920000000001
1695.605,104.6405,1695.605,99.01363,1695.605,102.3196,1695.605,100.65440000000001
1696.087,104.5936,1696.087,98.69707,1696.087,102.08409999999999,1696.087,100.38199999999999
1696.569,104.5322,1696.569,98.40089,1696.569,101.8634,1696.569,100.1207
1697.0510000000002,104.46759999999999,1697.0510000000002,98.15724,1697.0510000000002,101.681,1697.0510000000002,99.90100999999999
1697.533,104.423,1697.533,97.97894,1697.533,101.5489,1697.533,99.74052999999999
1698.015,104.42439999999999,1698.015,97.86124000000001,1698.015,101.46790000000001,1698.015,99.64376
1698.497,104.4882,1698.497,97.78435,1698.497,101.42770000000002,1698.497,99.60133
1698.979,104.6171,1698.979,97.71869000000001,1698.979,101.4105,1698.979,99.59261
1699.462,104.8002,1699.462,97.63638,1699.462,101.3986,1699.462,99.59415
1699.944,105.00609999999999,1699.944,97.52232,1699.944,101.37950000000001,1699.944,99.58467
1700.426,105.17259999999999,1700.426,97.37156999999999,1700.426,101.3367,1700.426,99.53766
1700.9080000000001,105.22959999999999,1700.9080000000001,97.17833999999999,1700.9080000000001,101.2445,1700.9080000000001,99.41976
1701.3899999999999,105.1507,1701.3899999999999,96.93867,1701.3899999999999,101.0861,1701.3899999999999,99.21394
1701.872,104.9699,1701.872,96.66252999999999,1701.872,100.8714,1701.872,98.93834
1702.354,104.74969999999999,1702.354,96.37349,1702.354,100.6307,1702.354,98.63422
1702.836,104.54520000000001,1702.836,96.09692000000001,1702.836,100.39590000000001,1702.836,98.34236000000001
1703.319,104.38860000000001,1703.319,95.84917000000002,1703.319,100.1882,1703.319,98.0883
1703.801,104.29029999999999,1703.801,95.63573,1703.801,100.0157,1703.801,97.88131
1704.283,104.24739999999998,1704.283,95.45591,1704.283,99.87901000000001,1704.283,97.72073
1704.765,104.253,1704.765,95.30864,1704.765,99.77674,1704.765,97.60351999999999
1705.2469999999998,104.2985,1705.2469999999998,95.19321,1705.2469999999998,99.70662000000002,1705.2469999999998,97.52573
1705.729,104.3718,1705.729,95.10543999999999,1705.729,99.66225,1705.729,97.47899000000001
1706.2110000000002,104.4564,1706.2110000000002,95.03529,1706.2110000000002,99.63161,1706.2110000000002,97.44872000000001
1706.693,104.53630000000001,1706.693,94.97135,1706.693,99.60217,1706.693,97.41984000000001
1707.176,104.6019,1707.176,94.90601,1707.176,99.56607,1707.176,97.38310999999999
1707.657,104.6506,1707.657,94.83669,1707.657,99.52097,1707.657,97.33622
1708.14,104.68379999999999,1708.14,94.76315,1708.14,99.46721,1708.14,97.28009999999999
1708.622,104.7046,1708.622,94.68526,1708.622,99.40573,1708.622,97.21588
1709.104,104.717,1709.104,94.60207,1709.104,99.33707,1709.104,97.1439
1709.586,104.7248,1709.586,94.51268,1709.586,99.26221999999999,1709.586,97.06426
1710.0680000000002,104.7312,1710.0680000000002,94.4166,1710.0680000000002,99.18244,1710.0680000000002,96.97751
1710.55,104.73740000000001,1710.55,94.31411,1710.55,99.09914,1710.55,96.88473
1711.032,104.7413,1711.032,94.20555,1711.032,99.01293000000001,1711.032,96.78661
1711.514,104.7383,1711.514,94.09064000000001,1711.514,98.92312000000001,1711.514,96.68272
1711.997,104.7231,1711.997,93.96782999999999,1711.997,98.82748,1711.997,96.57094000000001
1712.479,104.69239999999999,1712.479,93.83491,1712.479,98.72334000000001,1712.479,96.44837000000001
1712.961,104.6476,1712.961,93.69023999999999,1712.961,98.60915,1712.961,96.31293
1713.443,104.5953,1713.443,93.53442,1713.443,98.48599999999999,1713.443,96.16521
1713.9250000000002,104.5466,1713.9250000000002,93.37096000000001,1713.9250000000002,98.35792,1713.9250000000002,96.0094
1714.407,104.51299999999999,1714.407,93.20614,1714.407,98.23104000000001,1714.407,95.85272
1714.889,104.5023,1714.889,93.04749,1714.889,98.11185,1714.889,95.7038
1715.3709999999999,104.518,1715.3709999999999,92.90196,1715.3709999999999,98.00542999999999,1715.3709999999999,95.57057999999999
1715.854,104.562,1715.854,92.77428,1715.854,97.91483,1715.854,95.45949999999999
1716.336,104.6408,1716.336,92.66599,1716.336,97.84129,1716.336,95.37563
1716.818,104.76650000000001,1716.818,92.57390000000001,1716.818,97.78349,1716.818,95.32131
1717.3,104.9447,1717.3,92.48727000000001,1717.3,97.73389,1717.3,95.29015
1717.7820000000002,105.15520000000001,1717.7820000000002,92.38736,1717.7820000000002,97.67586,1717.7820000000002,95.2606
1718.2640000000001,105.3507,1718.2640000000001,92.25548,1718.2640000000001,97.58955999999999,1718.2640000000001,95.20179999999999
1718.7459999999999,105.48360000000001,1718.7459999999999,92.08386000000002,1718.7459999999999,97.46352,1718.7459999999999,95.09121999999999
1719.2289999999998,105.5344,1719.2289999999998,91.87817000000001,1719.2289999999998,97.30010999999999,1719.2289999999998,94.92635999999999
1719.71,105.5139,1719.71,91.65048,1719.71,97.1105,1719.71,94.72049999999999
1720.193,105.4491,1720.193,91.41193,1720.193,96.90705,1720.193,94.49146
1720.675,105.36810000000001,1720.675,91.16860000000001,1720.675,96.69848999999999,1720.675,94.25344000000001
1721.1570000000002,105.2932,1721.1570000000002,90.92139,1721.1570000000002,96.48864,1721.1570000000002,94.01417000000001
1721.6390000000001,105.23800000000001,1721.6390000000001,90.66837,1721.6390000000001,96.27802,1721.6390000000001,93.7762
1722.121,105.2093,1722.121,90.40839,1722.121,96.06665,1722.121,93.54025999999999
1722.6029999999998,105.20719999999999,1722.6029999999998,90.14393,1722.6029999999998,95.85625999999999,1722.6029999999998,93.30803
1723.085,105.2273,1723.085,89.88197,1723.085,95.65111999999999,1723.085,93.08326
1723.567,105.2608,1723.567,89.63086000000001,1723.567,95.45574,1723.567,92.86982
1724.0500000000002,105.29740000000001,1724.0500000000002,89.3961,1724.0500000000002,95.27215999999999,1724.0500000000002,92.66885
1724.532,105.3276,1724.532,89.17743,1724.532,95.09838,1724.532,92.47752
1725.0140000000001,105.34509999999999,1725.0140000000001,88.96984,1725.0140000000001,94.92972999999999,1725.0140000000001,92.29044
1725.496,105.3473,1725.496,88.7671,1725.496,94.76154,1725.496,92.10279999999999
1725.978,105.33399999999999,1725.978,88.56555,1725.978,94.59167000000001,1725.978,91.91299000000001
1726.4599999999998,105.30550000000001,1726.4599999999998,88.36562,1726.4599999999998,94.42107999999999,1726.4599999999998,91.72295
1726.942,105.26169999999999,1726.942,88.17147,1726.942,94.25319999999999,1726.942,91.53726
1727.424,105.2023,1727.424,87.98902999999999,1727.424,94.09238,1727.424,91.3613
1727.906,105.1282,1727.906,87.82437,1727.906,93.94284,1727.906,91.19991
1728.389,105.04299999999999,1728.389,87.68241,1728.389,93.8083,1728.389,91.05676000000001
1728.871,104.9539,1728.871,87.56635,1728.871,93.69198,1728.871,90.93432999999999
1729.353,104.8709,1729.353,87.47798,1729.353,93.5971,1729.353,90.83460000000001
1729.835,104.8049,1729.835,87.41872000000001,1729.835,93.52738000000001,1729.835,90.75995
1730.3169999999998,104.7644,1730.3169999999998,87.39056,1730.3169999999998,93.48692,1730.3169999999998,90.71365
1730.799,104.7539,1730.799,87.39667,1730.799,93.47996,1730.799,90.69988000000001
1731.2810000000002,104.77300000000001,1731.2810000000002,87.44109,1731.2810000000002,93.50996,1731.2810000000002,90.72324
1731.763,104.8173,1731.763,87.52886000000001,1731.763,93.57976000000001,1731.763,90.7886
1732.2459999999999,104.8815,1732.2459999999999,87.6683,1732.2459999999999,93.69414,1732.2459999999999,90.90387
1732.728,104.9653,1732.728,87.87604999999999,1732.728,93.86520000000002,1732.728,91.08582
1733.21,105.07770000000001,1733.21,88.17569,1733.21,94.11276000000001,1733.21,91.36063
1733.692,105.22659999999999,1733.692,88.57524,1733.692,94.44519,1733.692,91.74137999999999
1734.174,105.38940000000001,1734.174,89.02792,1734.174,94.82348999999999,1734.174,92.18394
1734.656,105.5054,1734.656,89.43533000000001,1734.656,95.16129,1734.656,92.58366000000001
1735.1380000000001,105.5202,1735.1380000000001,89.71764,1735.1380000000001,95.38664,1735.1380000000001,92.84945
1735.62,105.4297,1735.62,89.86586,1735.62,95.49044,1735.62,92.96664
1736.103,105.2729,1736.103,89.92416,1736.103,95.51249999999999,1736.103,92.98264
1736.585,105.0997,1736.585,89.94949,1736.585,95.5051,1736.585,92.96172
1737.0670000000002,104.9491,1737.0670000000002,89.98741000000001,1737.0670000000002,95.51048,1737.0670000000002,92.95631999999999
1737.549,104.8421,1737.549,90.06684999999999,1737.549,95.55524,1737.549,92.9996
1738.031,104.7844,1738.031,90.2026,1738.031,95.65256,1738.031,93.10777999999999
1738.513,104.7716,1738.513,90.39930999999999,1738.513,95.80573,1738.513,93.28424
1738.9950000000001,104.7933,1738.9950000000001,90.65135,1738.9950000000001,96.00825999999999,1738.9950000000001,93.51950000000001
1739.4769999999999,104.83420000000001,1739.4769999999999,90.9399,1739.4769999999999,96.24145999999999,1739.4769999999999,93.78909
1739.959,104.8756,1739.959,91.23474,1739.959,96.47652000000001,1739.959,94.05707
1740.442,104.90090000000001,1740.442,91.50517,1740.442,96.68509999999999,1740.442,94.28953
1740.9240000000002,104.9022,1740.9240000000002,91.73275000000001,1740.9240000000002,96.85131999999999,1740.9240000000002,94.46902
1741.406,104.8819,1741.406,91.91530999999999,1741.406,96.97514,1741.406,94.59790999999998
1741.888,104.84800000000001,1741.888,92.06145,1741.888,97.06702999999999,1741.888,94.69118
1742.37,104.809,1742.37,92.18303,1742.37,97.14066000000001,1742.37,94.76701
1742.852,104.77069999999999,1742.852,92.28980999999999,1742.852,97.20739,1742.852,94.83984
1743.3339999999998,104.73509999999999,1743.3339999999998,92.38708000000001,1743.3339999999998,97.27363,1743.3339999999998,94.91691
1743.816,104.70139999999999,1743.816,92.47543999999999,1743.816,97.33997000000001,1743.816,94.99748
1744.299,104.66740000000001,1744.299,92.55193,1744.299,97.40222,1744.299,95.07441
1744.7810000000002,104.6304,1744.7810000000002,92.61207999999999,1744.7810000000002,97.45381,1744.7810000000002,95.13788
1745.263,104.58890000000001,1745.263,92.65239,1745.263,97.48894,1745.263,95.17947
1745.745,104.5426,1745.745,92.67175,1745.745,97.50457,1745.745,95.19494999999999
1746.2269999999999,104.4935,1746.2269999999999,92.67311,1746.2269999999999,97.50214,1746.2269999999999,95.18592
1746.709,104.44640000000001,1746.709,92.66422,1746.709,97.48815,1746.709,95.16038
1747.191,104.4095,1747.191,92.65726000000001,1747.191,97.47375,1747.191,95.13226
1747.673,104.39359999999999,1747.673,92.66595000000001,1747.673,97.47209,1747.673,95.11838
1748.156,104.4092,1748.156,92.70113,1748.156,97.49403000000001,1748.156,95.13359
1748.637,104.4637,1748.637,92.76626,1748.637,97.54414,1748.637,95.18552
1749.1200000000001,104.5591,1749.1200000000001,92.85664,1749.1200000000001,97.61950999999999,1749.1200000000001,95.27284999999999
1749.6019999999999,104.69170000000001,1749.6019999999999,92.96171,1749.6019999999999,97.7116,1749.6019999999999,95.38689
1750.084,104.8524,1750.084,93.0695,1750.084,97.80986999999999,1750.084,95.51558999999999
1750.566,105.0265,1750.566,93.16933,1750.566,97.9038,1750.566,95.64577
1751.048,105.1942,1751.048,93.25229,1751.048,97.9837,1751.048,95.76349
1751.53,105.3344,1751.53,93.31030999999999,1751.53,98.04017999999999,1751.53,95.85441
1752.0120000000002,105.43119999999999,1752.0120000000002,93.33698999999999,1752.0120000000002,98.06607,1752.0120000000002,95.90690000000001
1752.494,105.4805,1752.494,93.3297,1752.494,98.05869,1752.494,95.91614
1752.977,105.4899,1752.977,93.29113,1752.977,98.02135,1752.977,95.8862
1753.4589999999998,105.47409999999999,1753.4589999999998,93.22809,1753.4589999999998,97.96157000000001,1753.4589999999998,95.8274
1753.941,105.44819999999999,1753.941,93.14868000000001,1753.941,97.88783000000001,1753.941,95.75159
1754.423,105.42309999999999,1754.423,93.06008,1754.423,97.80709999999999,1754.423,95.66859000000001
1754.905,105.40480000000001,1754.905,92.96808999999999,1754.905,97.72437,1754.905,95.58527
1755.387,105.3963,1755.387,92.87836999999999,1755.387,97.64397000000001,1755.387,95.50663999999999
1755.8690000000001,105.39940000000001,1755.8690000000001,92.79693999999999,1755.8690000000001,97.57016999999999,1755.8690000000001,95.43681
1756.3509999999999,105.414,1756.3509999999999,92.72817,1756.3509999999999,97.50591,1756.3509999999999,95.37772000000001
1756.8329999999999,105.43679999999999,1756.8329999999999,92.67170999999999,1756.8329999999999,97.45015000000001,1756.8329999999999,95.32643999999999
1757.3159999999998,105.46,1757.3159999999998,92.62199000000001,1757.3159999999998,97.39762999999999,1757.3159999999998,95.27557
1757.798,105.4758,1757.798,92.57251,1757.798,97.34263999999999,1757.798,95.21793000000001
1758.28,105.4802,1758.28,92.52105999999999,1758.28,97.28339,1758.28,95.15194
1758.762,105.47519999999999,1758.762,92.47152,1758.762,97.22335,1758.762,95.08296
1759.2440000000001,105.46640000000001,1759.2440000000001,92.43159,1759.2440000000001,97.16927999999999,1759.2440000000001,95.02077
1759.726,105.4609,1759.726,92.40977000000001,1759.726,97.12847,1759.726,94.97588999999999
1760.208,105.46530000000001,1760.208,92.41325,1760.208,97.10711,1760.208,94.95753
1760.6899999999998,105.48550000000002,1760.6899999999998,92.44672,1760.6899999999998,97.10936000000001,1760.6899999999998,94.97256999999999
1761.1729999999998,105.52470000000001,1761.1729999999998,92.51111,1761.1729999999998,97.13623999999999,1761.1729999999998,95.02376999999998
1761.655,105.58050000000001,1761.655,92.60247,1761.655,97.18428,1761.655,95.10750999999999
1762.1370000000002,105.64260000000002,1762.1370000000002,92.71172999999999,1762.1370000000002,97.24501000000001,1762.1370000000002,95.21236
1762.619,105.69599999999998,1762.619,92.82793999999998,1762.619,97.30785,1762.619,95.32257
1763.101,105.7285,1763.101,92.94292999999999,1763.101,97.36503,1763.101,95.42505
1763.583,105.7369,1763.583,93.05424000000001,1763.583,97.41453,1763.583,95.51487999999999
1764.065,105.7269,1764.065,93.16428,1764.065,97.45943,1764.065,95.59514999999999
1764.5469999999998,105.7088,1764.5469999999998,93.27794,1764.5469999999998,97.50537,1764.5469999999998,95.67363
1765.03,105.69189999999999,1765.03,93.40013,1765.03,97.55772999999999,1765.03,95.75859
1765.512,105.6814,1765.512,93.53544,1765.512,97.62084,1765.512,95.85704
1765.9940000000001,105.6776,1765.9940000000001,93.68854999999999,1765.9940000000001,97.69827,1765.9940000000001,95.97469000000001
1766.4759999999999,105.6774,1766.4759999999999,93.8646,1766.4759999999999,97.79348999999999,1766.4759999999999,96.11615
1766.958,105.67649999999999,1766.958,94.06764000000001,1766.958,97.909,1766.958,96.28370000000001
1767.44,105.67009999999999,1767.44,94.29647,1767.44,98.04355,1767.44,96.47424000000001
1767.922,105.6542,1767.922,94.54124999999999,1767.922,98.18951,1767.922,96.6767
1768.4039999999998,105.6268,1768.4039999999998,94.78580000000001,1768.4039999999998,98.33469000000001,1768.4039999999998,96.87481
1768.886,105.58860000000001,1768.886,95.01534,1768.886,98.46813,1768.886,97.05472999999999
1769.369,105.54410000000001,1769.369,95.22525,1769.369,98.58689999999999,1769.369,97.21305
1769.851,105.5009,1769.851,95.4253,1769.851,98.69921,1769.851,97.36000000000001
1770.3329999999999,105.4687,1770.3329999999999,95.63953,1770.3329999999999,98.82440000000001,1770.3329999999999,97.51896
1770.815,105.45899999999999,1770.815,95.90187,1770.815,98.98986000000001,1770.815,97.72258000000001
1771.297,105.48379999999999,1771.297,96.24539999999999,1771.297,99.22288999999999,1771.297,98.00336
1771.779,105.54889999999999,1771.779,96.68114,1771.779,99.53366000000001,1771.779,98.37415
1772.261,105.64320000000001,1772.261,97.17771,1772.261,99.89784,1772.261,98.80743000000001
1772.743,105.73710000000001,1772.743,97.66754,1772.743,100.2602,1772.743,99.23868999999999
1773.2259999999999,105.7981,1773.2259999999999,98.08659,1773.2259999999999,100.56700000000001,1773.2259999999999,99.60412
1773.708,105.8112,1773.708,98.41146,1773.708,100.79750000000001,1773.708,99.87836
1774.1899999999998,105.78410000000001,1774.1899999999998,98.66168,1774.1899999999998,100.96730000000001,1774.1899999999998,100.0793
1774.672,105.7378,1774.672,98.87701,1774.672,101.11000000000001,1774.672,100.2462
1775.1540000000002,105.69390000000001,1775.1540000000002,99.09396,1775.1540000000002,101.2572,1775.1540000000002,100.416
1775.636,105.6656,1775.636,99.33194999999999,1775.636,101.4264,1775.636,100.609
1776.118,105.65530000000001,1776.118,99.59060000000001,1776.118,101.61800000000001,1776.118,100.82560000000001
1776.6,105.6565,1776.6,99.85493,1776.6,101.81979999999999,1776.6,101.0513
1777.0829999999999,105.6587,1777.0829999999999,100.10600000000001,1777.0829999999999,102.01500000000001,1777.0829999999999,101.267
1777.5639999999999,105.6534,1777.5639999999999,100.33099999999999,1777.5639999999999,102.1917,1777.5639999999999,101.45949999999999
1778.047,105.6375,1778.047,100.53049999999999,1778.047,102.34859999999999,1778.047,101.62819999999999
1778.529,105.6149,1778.529,100.7171,1778.529,102.49569999999999,1778.529,101.7848
1779.0110000000002,105.5944,1779.0110000000002,100.9106,1779.0110000000002,102.6489,1779.0110000000002,101.948
1779.493,105.5862,1779.493,101.1283,1779.493,102.823,1779.493,102.1348
1779.975,105.5965,1779.975,101.3759,1779.975,103.02359999999999,1779.975,102.3514
1780.4569999999999,105.6244,1780.4569999999999,101.6435,1780.4569999999999,103.243,1780.4569999999999,102.5885
1780.939,105.6615,1780.939,101.9104,1780.939,103.4637,1780.939,102.8259
1781.4209999999998,105.6971,1781.4209999999998,102.15669999999999,1781.4209999999998,103.66820000000001,1781.4209999999998,103.0436
1781.904,105.7241,1781.904,102.3736,1781.904,103.84819999999999,1781.904,103.2324
1782.386,105.742,1782.386,102.5663,1782.386,104.0071,1782.386,103.39739999999999
1782.8680000000002,105.7561,1782.8680000000002,102.7482,1782.8680000000002,104.15559999999999,1782.8680000000002,103.5521
1783.35,105.7736,1783.35,102.93270000000001,1783.35,104.30520000000001,1783.35,103.71109999999999
1783.8319999999999,105.7998,1783.8319999999999,103.1271,1783.8319999999999,104.46230000000001,1783.8319999999999,103.883
1784.3139999999999,105.83579999999999,1784.3139999999999,103.3301,1784.3139999999999,104.6265,1784.3139999999999,104.067
1784.796,105.87729999999999,1784.796,103.5322,1784.796,104.7908,1784.796,104.2541
1785.278,105.91619999999999,1785.278,103.721,1785.278,104.94550000000001,1785.278,104.4306
1785.76,105.9434,1785.76,103.887,1785.76,105.0833,1785.76,104.58479999999999
1786.243,105.9531,1786.243,104.02689999999998,1786.243,105.20190000000001,1786.243,104.711
1786.7250000000001,105.9439,1786.7250000000001,104.14280000000001,1786.7250000000001,105.30330000000001,1786.7250000000001,104.80990000000001
1787.2069999999999,105.91820000000001,1787.2069999999999,104.23849999999999,1787.2069999999999,105.3905,1787.2069999999999,104.885
1787.6889999999999,105.87979999999999,1787.6889999999999,104.3162,1787.6889999999999,105.465,1787.6889999999999,104.93939999999999
1788.171,105.8319,1788.171,104.37570000000001,1788.171,105.52600000000001,1788.171,104.9744
1788.653,105.77730000000001,1788.653,104.4165,1788.653,105.5717,1788.653,104.99099999999999
1789.135,105.7188,1789.135,104.4408,1789.135,105.60249999999999,1789.135,104.99210000000001
1789.617,105.66109999999999,1789.617,104.4562,1789.617,105.62389999999999,1789.617,104.9861
1790.1000000000001,105.6122,1790.1000000000001,104.4775,1790.1000000000001,105.6473,1790.1000000000001,104.98780000000001
1790.582,105.5836,1790.582,104.5236,1790.582,105.6887,1790.582,105.01689999999999
1791.064,105.58810000000001,1791.064,104.6119,1791.064,105.7637,1791.064,105.0918
1791.5459999999998,105.63309999999998,1791.5459999999998,104.7476,1791.5459999999998,105.8783,1791.5459999999998,105.2195
1792.028,105.71189999999999,1792.028,104.9151,1792.028,106.0209,1792.028,105.38499999999999
1792.51,105.8014,1792.51,105.08120000000001,1792.51,106.1634,1792.51,105.5528
1792.992,105.8714,1792.992,105.2114,1792.992,106.276,1792.992,105.6845
1793.474,105.9017,1793.474,105.28960000000001,1793.474,106.34380000000002,1793.474,105.7593
1793.957,105.89090000000002,1793.957,105.3225,1793.957,106.37209999999999,1793.957,105.78209999999999
1794.439,105.85379999999999,1794.439,105.3308,1794.439,106.37920000000001,1794.439,105.77529999999999
1794.921,105.81039999999999,1794.921,105.3366,1794.921,106.3852,1794.921,105.764
1795.4029999999998,105.77799999999999,1795.4029999999998,105.3543,1795.4029999999998,106.40350000000001,1795.4029999999998,105.7661
1795.885,105.76520000000001,1795.885,105.3879,1795.885,106.43769999999999,1795.885,105.7882
1796.367,105.7713,1796.367,105.43249999999999,1796.367,106.48279999999998,1796.367,105.8264
1796.849,105.78909999999999,1796.849,105.47999999999999,1796.849,106.52999999999999,1796.849,105.8714
1797.331,105.8085,1797.331,105.52319999999999,1797.331,106.5706,1797.331,105.914
1797.813,105.8216,1797.813,105.5595,1797.813,106.60069999999999,1797.813,105.9492
1798.296,105.82499999999999,1798.296,105.5908,1798.296,106.6208,1798.296,105.9768
1798.778,105.8203,1798.778,105.6208,1798.778,106.6345,1798.778,106.00019999999999
1799.2599999999998,105.8125,1799.2599999999998,105.6522,1799.2599999999998,106.6461,1799.2599999999998,106.0229
1799.742,105.8075,1799.742,105.6852,1799.742,106.6581,1799.742,106.0473
1800.2240000000002,105.81009999999999,1800.2240000000002,105.718,1800.2240000000002,106.6719,1800.2240000000002,106.0734
1800.706,105.82169999999999,1800.706,105.7491,1800.706,106.68820000000001,1800.706,106.101
1801.188,105.84100000000001,1801.188,105.7791,1801.188,106.7083,1801.188,106.1301
1801.67,105.8651,1801.67,105.8116,1801.67,106.73440000000001,1801.67,106.1626
1802.153,105.89139999999999,1802.153,105.85,1802.153,106.7683,1802.153,106.2003
1802.635,105.9183,1802.635,105.8951,1802.635,106.8095,1802.635,106.24359999999999
1803.117,105.94449999999999,1803.117,105.94349999999999,1803.117,106.8542,1803.117,106.28999999999999
1803.599,105.9679,1803.599,105.98780000000001,1803.599,106.8961,1803.599,106.33399999999999
1804.0810000000001,105.9852,1804.0810000000001,106.0202,1804.0810000000001,106.9284,1804.0810000000001,106.3692
1804.5629999999999,105.9928,1804.5629999999999,106.035,1804.5629999999999,106.94650000000001,1804.5629999999999,106.39099999999999
1805.045,105.9886,1805.045,106.03229999999999,1805.045,106.95030000000001,1805.045,106.3988
1805.527,105.97300000000001,1805.527,106.01689999999999,1805.527,106.94379999999998,1805.527,106.39659999999999
1806.0100000000002,105.9491,1806.0100000000002,105.99700000000001,1806.0100000000002,106.9337,1806.0100000000002,106.3907
1806.4909999999998,105.9214,1806.4909999999998,105.97939999999998,1806.4909999999998,106.9256,1806.4909999999998,106.3863
1806.974,105.8939,1806.974,105.9671,1806.974,106.92150000000001,1806.974,106.3852
1807.456,105.86819999999999,1807.456,105.95790000000001,1807.456,106.9189,1807.456,106.38430000000001
1807.938,105.8435,1807.938,105.9469,1807.938,106.9127,1807.938,106.378
1808.4199999999998,105.8181,1808.4199999999998,105.92960000000001,1808.4199999999998,106.8983,1808.4199999999998,106.36160000000001
1808.902,105.7909,1808.902,105.90660000000001,1808.902,106.8754,1808.902,106.3351
1809.384,105.764,1809.384,105.884,1809.384,106.84949999999999,1809.384,106.30489999999999
1809.866,105.74269999999999,1809.866,105.8721,1809.866,106.8303,1809.866,106.28200000000001
1810.348,105.73380000000002,1810.348,105.88040000000001,1810.348,106.8279,1810.348,106.2778
1810.831,105.7425,1810.831,105.91319999999999,1810.831,106.8478,1810.831,106.29820000000001
1811.3129999999999,105.769,1811.3129999999999,105.9661,1811.3129999999999,106.88819999999998,1811.3129999999999,106.3409
1811.795,105.80760000000001,1811.795,106.0287,1811.795,106.9405,1811.795,106.3957
1812.2769999999998,105.84819999999999,1812.2769999999998,106.0881,1812.2769999999998,106.9931,1812.2769999999998,106.4495
1812.759,105.88109999999999,1812.759,106.1356,1812.759,107.0368,1812.759,106.4919
1813.2410000000002,105.9004,1813.2410000000002,106.16829999999999,1813.2410000000002,107.06750000000001,1813.2410000000002,106.51859999999999
1813.723,105.9059,1813.723,106.1889,1813.723,107.08619999999999,1813.723,106.5318
1814.205,105.9016,1814.205,106.2023,1814.205,107.09660000000001,1814.205,106.5369
1814.6879999999999,105.8937,1814.6879999999999,106.2122,1814.6879999999999,107.1025,1814.6879999999999,106.5395
1815.1699999999998,105.88759999999999,1815.1699999999998,106.2202,1815.1699999999998,107.10589999999999,1815.1699999999998,106.543
1815.652,105.8868,1815.652,106.226,1815.652,107.1075,1815.652,106.54840000000002
1816.134,105.8921,1816.134,106.2292,1816.134,107.10770000000001,1816.134,106.5561
1816.616,105.9021,1816.616,106.2313,1816.616,107.10770000000001,1816.616,106.5663
1817.0980000000002,105.9146,1817.0980000000002,106.2358,1817.0980000000002,107.1102,1817.0980000000002,106.5806
1817.58,105.92760000000001,1817.58,106.2472,1817.58,107.1181,1817.58,106.6006
1818.062,105.94030000000001,1818.062,106.26830000000001,1818.062,107.13300000000001,1818.062,106.62720000000002
1818.544,105.95270000000001,1818.544,106.29820000000001,1818.544,107.1535,1818.544,106.6586
1819.027,105.9645,1819.027,106.33220000000001,1819.027,107.17559999999999,1819.027,106.6903
1819.509,105.97399999999999,1819.509,106.36330000000001,1819.509,107.19350000000001,1819.509,106.7164
1819.991,105.97840000000001,1819.991,106.38510000000001,1819.991,107.20240000000001,1819.991,106.73129999999999
1820.473,105.97430000000001,1820.473,106.3939,1820.473,107.2004,1820.473,106.7325
1820.9550000000002,105.96019999999999,1820.9550000000002,106.39030000000001,1820.9550000000002,107.1889,1820.9550000000002,106.72070000000001
1821.437,105.93650000000001,1821.437,106.37780000000001,1821.437,107.1722,1821.437,106.6999
1821.9189999999999,105.9062,1821.9189999999999,106.36049999999999,1821.9189999999999,107.15460000000002,1821.9189999999999,106.6746
1822.401,105.8739,1822.401,106.341,1822.401,107.13919999999999,1822.401,106.64819999999999
1822.884,105.8449,1822.884,106.32,1822.884,107.1267,1822.884,106.6222
1823.366,105.8239,1823.366,106.2975,1823.366,107.11710000000001,1823.366,106.5975
1823.848,105.81450000000001,1823.848,106.2748,1823.848,107.1108,1823.848,106.57600000000001
1824.33,105.81739999999999,1824.33,106.2556,1824.33,107.1095,1824.33,106.56129999999999
1824.8120000000001,105.8289,1824.8120000000001,106.2438,1824.8120000000001,107.1145,1824.8120000000001,106.55600000000001
1825.2939999999999,105.84039999999999,1825.2939999999999,106.2406,1825.2939999999999,107.12459999999999,1825.2939999999999,106.55930000000001
1825.7759999999998,105.8419,1825.7759999999998,106.2417,1825.7759999999998,107.1345,1825.7759999999998,106.56509999999999
1826.2580000000003,105.8262,1826.2580000000003,106.2399,1826.2580000000003,107.1371,1826.2580000000003,106.5653
1826.74,105.7923,1826.74,106.2277,1826.74,107.12660000000001,1826.74,106.55330000000001
1827.223,105.7445,1827.223,106.20190000000001,1827.223,107.1005,1827.223,106.5274
1827.705,105.6921,1827.705,106.16460000000001,1827.705,107.0619,1827.705,106.49159999999999
1828.187,105.6476,1828.187,106.1255,1828.187,107.0203,1828.187,106.4565
1828.669,105.62650000000001,1828.669,106.10109999999999,1828.669,106.9919,1828.669,106.43880000000001
1829.151,105.64309999999999,1829.151,106.10969999999999,1829.151,106.99449999999999,1829.151,106.45579999999998
1829.6329999999998,105.7026,1829.6329999999998,106.161,1829.6329999999998,107.0384,1829.6329999999998,106.516
1830.1150000000002,105.79400000000001,1830.1150000000002,106.2473,1830.1150000000002,107.11699999999999,1830.1150000000002,106.6095
1830.597,105.8921,1830.597,106.34429999999999,1830.597,107.20719999999999,1830.597,106.70960000000001
1831.08,105.97030000000001,1831.08,106.4246,1831.08,107.2819,1831.08,106.7877
1831.562,106.01270000000001,1831.562,106.4721,1831.562,107.32379999999999,1831.562,106.82780000000001
1832.044,106.01879999999998,1832.044,106.48629999999999,1832.044,107.33109999999999,1832.044,106.8311
1832.526,105.99810000000001,1832.526,106.4778,1832.526,107.31299999999999,1832.526,106.8107
1833.008,105.9638,1833.008,106.4606,1833.008,107.2831,1833.008,106.7824
1833.4899999999998,105.9275,1833.4899999999998,106.4454,1833.4899999999998,107.25340000000001,1833.4899999999998,106.75829999999999
1833.9720000000002,105.8964,1833.9720000000002,106.4368,1833.9720000000002,107.23069999999998,1833.9720000000002,106.7433
1834.454,105.87299999999999,1834.454,106.4332,1834.454,107.216,1834.454,106.7353
1834.9370000000001,105.8562,1834.9370000000001,106.42970000000001,1834.9370000000001,107.20639999999999,1834.9370000000001,106.7285
1835.418,105.8438,1835.418,106.4222,1835.418,107.1982,1835.418,106.71770000000001
1835.901,105.83439999999999,1835.901,106.41080000000001,1835.901,107.19000000000001,1835.901,106.7024
1836.383,105.82860000000001,1836.383,106.4003,1836.383,107.184,1836.383,106.6872
1836.865,105.82830000000001,1836.865,106.398,1836.865,107.1845,1836.865,106.6794
1837.3469999999998,105.8342,1837.3469999999998,106.40780000000001,1837.3469999999998,107.1944,1837.3469999999998,106.6837
1837.8290000000002,105.84400000000001,1837.8290000000002,106.4276,1837.8290000000002,107.21199999999999,1837.8290000000002,106.69850000000001
1838.311,105.8511,1838.311,106.44800000000001,1838.311,107.2301,1838.311,106.71509999999999
1838.793,105.8467,1838.793,106.4569,1838.793,107.23899999999999,1838.793,106.7209
1839.275,105.8237,1839.275,106.4445,1839.275,107.2306,1839.275,106.70630000000001
1839.758,105.7798,1839.758,106.40879999999999,1839.758,107.20270000000001,1839.758,106.6687
1840.24,105.7193,1840.24,106.35570000000001,1840.24,107.16000000000001,1840.24,106.6147
1840.722,105.6513,1840.722,106.29660000000001,1840.722,107.11200000000001,1840.722,106.55630000000001
1841.204,105.5871,1841.204,106.243,1841.204,107.06850000000001,1841.204,106.5059
1841.6860000000001,105.53630000000001,1841.6860000000001,106.20259999999999,1841.6860000000001,107.03670000000001,1841.6860000000001,106.4718
1842.1680000000001,105.5056,1842.1680000000001,106.1777,1842.1680000000001,107.0186,1842.1680000000001,106.4556
1842.6499999999999,105.49839999999999,1842.6499999999999,106.16650000000001,1842.6499999999999,107.0125,1842.6499999999999,106.45370000000001
1843.132,105.5147,1843.132,106.1662,1843.132,107.01480000000001,1843.132,106.4604
1843.615,105.55069999999999,1843.615,106.1753,1843.615,107.02210000000001,1843.615,106.47070000000001
1844.0970000000002,105.59670000000001,1844.0970000000002,106.1928,1844.0970000000002,107.0307,1844.0970000000002,106.48120000000002
1844.579,105.6392,1844.579,106.21579999999999,1844.579,107.03640000000001,1844.579,106.4887
1845.061,105.666,1845.061,106.23899999999999,1845.061,107.03529999999999,1845.061,106.49059999999999
1845.5430000000001,105.67249999999999,1845.5430000000001,106.2573,1845.5430000000001,107.0254,1845.5430000000001,106.48580000000001
1846.025,105.6627,1846.025,106.26830000000001,1846.025,107.00829999999999,1846.025,106.4763
1846.5069999999998,105.646,1846.5069999999998,106.27359999999999,1846.5069999999998,106.9885,1846.5069999999998,106.46739999999998
1846.989,105.63210000000001,1846.989,106.27770000000001,1846.989,106.9721,1846.989,106.4651
1847.471,105.62800000000001,1847.471,106.28630000000001,1847.471,106.96520000000001,1847.471,106.4754
1847.9540000000002,105.63659999999999,1847.9540000000002,106.30409999999999,1847.9540000000002,106.9721,1847.9540000000002,106.5018
1848.436,105.657,1848.436,106.3336,1848.436,106.9946,1848.436,106.54440000000001
1848.918,105.6851,1848.918,106.3731,1848.918,107.0307,1848.918,106.599
1849.4,105.71520000000001,1849.4,106.4169,1849.4,107.0746,1849.4,106.65729999999999
1849.882,105.7413,1849.882,106.4568,1849.882,107.11870000000002,1849.882,106.7091
1850.3639999999998,105.7593,1850.3639999999998,106.4857,1850.3639999999998,107.1561,1850.3639999999998,106.74589999999999
1850.846,105.7676,1850.846,106.5005,1850.846,107.1831,1850.846,106.7638
1851.328,105.7679,1851.328,106.504,1851.328,107.20060000000001,1851.328,106.765
1851.8110000000001,105.7642,1851.8110000000001,106.50269999999999,1851.8110000000001,107.2128,1851.8110000000001,106.7569
1852.293,105.76159999999999,1852.293,106.5051,1852.293,107.225,1852.293,106.7486
1852.7749999999999,105.7636,1852.7749999999999,106.5164,1852.7749999999999,107.2402,1852.7749999999999,106.74730000000001
1853.257,105.7713,1853.257,106.5366,1853.257,107.25739999999999,1853.257,106.7551
1853.739,105.78179999999999,1853.739,106.5596,1853.739,107.2713,1853.739,106.768
1854.221,105.79019999999998,1854.221,106.5763,1854.221,107.2751,1854.221,106.77829999999999
1854.703,105.7909,1854.703,106.57900000000001,1854.703,107.26420000000002,1854.703,106.77859999999998
1855.1850000000002,105.7804,1855.1850000000002,106.56509999999999,1855.1850000000002,107.23949999999999,1855.1850000000002,106.76589999999999
1855.667,105.75959999999999,1855.667,106.5384,1855.667,107.20700000000001,1855.667,106.74300000000001
1856.1499999999999,105.7326,1856.1499999999999,106.5072,1856.1499999999999,107.1767,1856.1499999999999,106.7172
1856.6319999999998,105.70580000000001,1856.6319999999998,106.4802,1856.6319999999998,107.1577,1856.6319999999998,106.6969
1857.1140000000003,105.6859,1857.1140000000003,106.46379999999999,1857.1140000000003,107.15539999999999,1857.1140000000003,106.68789999999998
1857.596,105.6764,1857.596,106.4589,1857.596,107.16890000000001,1857.596,106.69139999999999
1858.078,105.6781,1858.078,106.46230000000001,1858.078,107.192,1858.078,106.7044
1858.56,105.68809999999999,1858.56,106.4689,1858.56,107.2164,1858.56,106.7216
1859.0420000000001,105.70280000000001,1859.0420000000001,106.4751,1859.0420000000001,107.2357,1859.0420000000001,106.7391
1859.524,105.7185,1859.524,106.47999999999999,1859.524,107.2475,1859.524,106.7561
1860.007,105.7334,1860.007,106.48519999999999,1860.007,107.2533,1860.007,106.7742
1860.4889999999998,105.74680000000001,1860.4889999999998,106.49249999999999,1860.4889999999998,107.2568,1860.4889999999998,106.7952
1860.9710000000002,105.75829999999999,1860.9710000000002,106.50170000000001,1860.9710000000002,107.26089999999999,1860.9710000000002,106.8191
1861.453,105.767,1861.453,106.5102,1861.453,107.26549999999999,1861.453,106.842
1861.935,105.7711,1861.935,106.5139,1861.935,107.2684,1861.935,106.8578
1862.417,105.768,1862.417,106.50949999999999,1862.417,107.2664,1862.417,106.8603
1862.8990000000001,105.7558,1862.8990000000001,106.49640000000001,1862.8990000000001,107.25739999999999,1862.8990000000001,106.8462
1863.3809999999999,105.73410000000001,1863.3809999999999,106.4764,1863.3809999999999,107.2414,1863.3809999999999,106.8157
1863.864,105.70349999999999,1863.864,106.4525,1863.864,107.2202,1863.864,106.77170000000001
1864.3450000000003,105.666,1864.3450000000003,106.4263,1864.3450000000003,107.196,1864.3450000000003,106.7183
1864.8280000000002,105.6233,1864.8280000000002,106.39669999999998,1864.8280000000002,107.1694,1864.8280000000002,106.65830000000001
1865.31,105.5769,1865.31,106.3598,1865.31,107.1394,1865.31,106.5923
1865.792,105.528,1865.792,106.311,1865.792,107.10390000000001,1865.792,106.52010000000001
1866.274,105.4786,1866.274,106.24880000000002,1866.274,107.0621,1866.274,106.44340000000001
1866.756,105.4332,1866.756,106.1785,1866.756,107.0171,1866.756,106.36829999999999
1867.238,105.4,1867.238,106.11330000000001,1867.238,106.97710000000001,1867.238,106.3075
1867.72,105.3902,1867.72,106.07200000000002,1867.72,106.9545,1867.72,106.2778
1868.2020000000002,105.4134,1868.2020000000002,106.07150000000001,1868.2020000000002,106.96039999999999,1868.2020000000002,106.29379999999999
1868.6850000000002,105.4715,1868.6850000000002,106.1174,1868.6850000000002,106.99799999999999,1868.6850000000002,106.3578
1869.167,105.5542,1869.167,106.19810000000001,1869.167,107.0583,1869.167,106.45519999999999
1869.649,105.6421,1869.649,106.2905,1869.649,107.1239,1869.649,106.5599
1870.131,105.7156,1870.131,106.3722,1870.131,107.1783,1870.131,106.6471
1870.613,105.76350000000001,1870.613,106.4319,1870.613,107.21350000000001,1870.613,106.7047
1871.095,105.785,1871.095,106.4702,1871.095,107.23089999999999,1871.095,106.73440000000001
1871.577,105.78689999999999,1871.577,106.4953,1871.577,107.23780000000001,1871.577,106.74669999999999
1872.0590000000002,105.77799999999999,1872.0590000000002,106.516,1872.0590000000002,107.24199999999999,1872.0590000000002,106.75319999999999
1872.5420000000001,105.766,1872.5420000000001,106.53710000000001,1872.5420000000001,107.2484,1872.5420000000001,106.7618
1873.0240000000001,105.7549,1873.0240000000001,106.5584,1873.0240000000001,107.25750000000001,1873.0240000000001,106.7744
1873.5059999999999,105.74589999999999,1873.5059999999999,106.57620000000001,1873.5059999999999,107.2669,1873.5059999999999,106.7887
1873.988,105.73790000000001,1873.988,106.58609999999999,1873.988,107.2729,1873.988,106.80019999999999
1874.47,105.72980000000001,1874.47,106.58680000000001,1874.47,107.2735,1874.47,106.8062
1874.952,105.72140000000002,1874.952,106.5804,1874.952,107.2689,1874.952,106.807
1875.434,105.7135,1875.434,106.5709,1875.434,107.2616,1875.434,106.8054
1875.9160000000002,105.7067,1875.9160000000002,106.562,1875.9160000000002,107.2538,1875.9160000000002,106.80430000000001
1876.398,105.7006,1876.398,106.55369999999999,1876.398,107.2457,1876.398,106.80380000000001
1876.881,105.6926,1876.881,106.5423,1876.881,107.2351,1876.881,106.8011
1877.3629999999998,105.6791,1877.3629999999998,106.5231,1877.3629999999998,107.21910000000001,1877.3629999999998,106.7911
1877.845,105.65729999999999,1877.845,106.49340000000001,1877.845,107.19590000000001,1877.845,106.7701
1878.327,105.62689999999999,1878.327,106.4557,1878.327,107.16749999999999,1878.327,106.738
1878.809,105.5915,1878.809,106.4179,1878.809,107.13919999999999,1878.809,106.7002
1879.291,105.55760000000001,1879.291,106.39,1879.291,107.1184,1879.291,106.6648
1879.7730000000001,105.5322,1879.7730000000001,106.38000000000001,1879.7730000000001,107.11059999999999,1879.7730000000001,106.64
1880.255,105.52,1880.255,106.3895,1880.255,107.1173,1880.255,106.6298
1880.738,105.5213,1880.738,106.41290000000001,1880.738,107.13440000000001,1880.738,106.6325
1881.2199999999998,105.5323,1881.2199999999998,106.43990000000001,1881.2199999999998,107.15490000000001,1881.2199999999998,106.6422
1881.702,105.54669999999999,1881.702,106.4597,1881.702,107.1709,1881.702,106.6514
1882.184,105.5587,1882.184,106.46629999999999,1882.184,107.1782,1882.184,106.6552
1882.666,105.56540000000001,1882.666,106.46029999999999,1882.666,107.17699999999999,1882.666,106.6533
1883.1480000000001,105.5676,1883.1480000000001,106.44770000000001,1883.1480000000001,107.17129999999999,1883.1480000000001,106.64869999999999
1883.63,105.5683,1883.63,106.43579999999999,1883.63,107.16600000000001,1883.63,106.64620000000001
1884.112,105.57039999999999,1884.112,106.4293,1884.112,107.1641,1884.112,106.6481
1884.5939999999998,105.57419999999999,1884.5939999999998,106.42689999999999,1884.5939999999998,107.1647,1884.5939999999998,106.6522
1885.077,105.57700000000001,1885.077,106.4228,1885.077,107.16369999999999,1885.077,106.6532
1885.559,105.5744,1885.559,106.4096,1885.559,107.15639999999999,1885.559,106.64519999999999
1886.0410000000002,105.56309999999999,1886.0410000000002,106.3833,1886.0410000000002,107.14079999999998,1886.0410000000002,106.62549999999999
1886.523,105.5433,1886.523,106.34570000000001,1886.523,107.1186,1886.523,106.5963
1887.005,105.51950000000001,1887.005,106.30420000000001,1887.005,107.09519999999999,1887.005,106.56490000000001
1887.487,105.49980000000001,1887.487,106.2697,1887.487,107.0773,1887.487,106.541
1887.969,105.4935,1887.969,106.2533,1887.969,107.0714,1887.969,106.53399999999999
1888.4509999999998,105.508,1888.4509999999998,106.26279999999998,1888.4509999999998,107.08059999999999,1888.4509999999998,106.55000000000001
1888.934,105.54589999999999,1888.934,106.3005,1888.934,107.10470000000001,1888.934,106.58909999999999
1889.416,105.6019,1889.416,106.3614,1889.416,107.13950000000001,1889.416,106.6453
1889.8980000000001,105.66489999999999,1889.8980000000001,106.4354,1889.8980000000001,107.17890000000001,1889.8980000000001,106.70790000000001
1890.3799999999999,105.7223,1890.3799999999999,106.511,1890.3799999999999,107.21730000000001,1890.3799999999999,106.76559999999999
1890.862,105.76559999999999,1890.862,106.5791,1890.862,107.2511,1890.862,106.8107
1891.344,105.79240000000001,1891.344,106.6346,1891.344,107.27839999999999,1891.344,106.8403
1891.826,105.80609999999999,1891.826,106.6751,1891.826,107.2983,1891.826,106.8547
1892.308,105.81179999999999,1892.308,106.6996,1892.308,107.3094,1892.308,106.8557
1892.791,105.81439999999999,1892.791,106.708,1892.791,107.311,1892.791,106.8459
1893.2720000000002,105.81689999999999,1893.2720000000002,106.7021,1893.2720000000002,107.30390000000001,1893.2720000000002,106.82910000000001
1893.755,105.8214,1893.755,106.68690000000001,1893.755,107.29260000000001,1893.755,106.8113
1894.2369999999999,105.829,1894.2369999999999,106.6703,1894.2369999999999,107.2843,1894.2369999999999,106.8004
1894.719,105.8403,1894.719,106.661,1894.719,107.2867,1894.719,106.80380000000001
1895.201,105.8547,1895.201,106.6651,1895.201,107.305,1895.201,106.8252
1895.683,105.8705,1895.683,106.6832,1895.683,107.3379,1895.683,106.86240000000001
1896.165,105.8845,1896.165,106.71010000000001,1896.165,107.3785,1896.165,106.9078
1896.647,105.89280000000001,1896.647,106.73760000000001,1896.647,107.4171,1896.647,106.95159999999998
1897.1290000000001,105.8924,1897.1290000000001,106.7585,1897.1290000000001,107.44510000000001,1897.1290000000001,106.98570000000001
1897.612,105.8828,1897.612,106.7696,1897.612,107.4594,1897.612,107.00739999999999
1898.094,105.866,1898.094,106.7723,1898.094,107.46249999999999,1898.094,107.0188
1898.576,105.8471,1898.576,106.77099999999999,1898.576,107.4605,1898.576,107.02560000000001
1899.0580000000002,105.8317,1899.0580000000002,106.7698,1899.0580000000002,107.46039999999999,1899.0580000000002,107.0328
1899.54,105.8244,1899.54,106.7706,1899.54,107.46579999999999,1899.54,107.0424
1900.022,105.8264,1900.022,106.77159999999999,1900.022,107.47569999999999,1900.022,107.05149999999999
1900.504,105.8352,1900.504,106.7693,1900.504,107.4849,1900.504,107.0545
1900.986,105.84530000000001,1900.986,106.76060000000001,1900.986,107.4871,1900.986,107.04599999999999
1901.469,105.8509,1901.469,106.7458,1901.469,107.4778,1901.469,107.0241
1901.951,105.8479,1901.951,106.7286,1901.951,107.45670000000001,1901.951,106.9918
1902.433,105.8354,1902.433,106.7145,1902.433,107.4271,1902.433,106.956
1902.9150000000002,105.81540000000001,1902.9150000000002,106.7077,1902.9150000000002,107.3937,1902.9150000000002,106.92360000000001
1903.397,105.7919,1903.397,106.7081,1903.397,107.36019999999999,1903.397,106.8989
1903.879,105.7679,1903.879,106.71090000000001,1903.879,107.3273,1903.879,106.881
1904.3609999999999,105.7453,1904.3609999999999,106.7089,1904.3609999999999,107.29379999999999,1904.3609999999999,106.8653
1904.843,105.7236,1904.843,106.69539999999999,1904.843,107.2576,1904.843,106.8463
1905.325,105.7018,1905.325,106.668,1905.325,107.21860000000001,1905.325,106.8206
1905.808,105.67880000000001,1905.808,106.6293,1905.808,107.17920000000001,1905.808,106.789
1906.29,105.6551,1906.29,106.5855,1906.29,107.14349999999999,1906.29,106.7559
1906.7720000000002,105.63210000000001,1906.7720000000002,106.5435,1906.7720000000002,107.1156,1906.7720000000002,106.72699999999999
1907.254,105.612,1907.254,106.50800000000001,1907.254,107.09779999999999,1907.254,106.70660000000001
1907.7359999999999,105.5966,1907.7359999999999,106.4798,1907.7359999999999,107.0896,1907.7359999999999,106.6956
1908.218,105.5865,1908.218,106.45739999999999,1908.218,107.08869999999999,1908.218,106.69219999999999
1908.7,105.58160000000001,1908.7,106.43849999999999,1908.7,107.0927,1908.7,106.693
1909.182,105.5811,1909.182,106.423,1909.182,107.101,1909.182,106.6958
1909.665,105.58449999999999,1909.665,106.41329999999999,1909.665,107.11489999999999,1909.665,106.7006
1910.147,105.59179999999999,1910.147,106.41290000000001,1910.147,107.13600000000001,1910.147,106.7088
1910.6290000000001,105.6031,1910.6290000000001,106.42370000000001,1910.6290000000001,107.1642,1910.6290000000001,106.72170000000001
1911.111,105.6176,1911.111,106.4444,1911.111,107.1955,1911.111,106.73859999999999
1911.5929999999998,105.6335,1911.5929999999998,106.47059999999999,1911.5929999999998,107.2234,1911.5929999999998,106.756
1912.075,105.64750000000001,1912.075,106.4967,1912.075,107.2404,1912.075,106.76920000000001
1912.557,105.65579999999999,1912.557,106.5183,1912.557,107.2419,1912.557,106.77430000000001
1913.039,105.6556,1913.039,106.53410000000001,1913.039,107.2277,1913.039,106.77019999999999
1913.521,105.6459,1913.521,106.54570000000001,1913.521,107.20259999999999,1913.521,106.7588
1914.0040000000001,105.6281,1914.0040000000001,106.5559,1914.0040000000001,107.1742,1914.0040000000001,106.74440000000001
1914.486,105.6057,1914.486,106.56589999999998,1914.486,107.1495,1914.486,106.73079999999999
1914.968,105.5831,1914.968,106.5741,1914.968,107.13219999999998,1914.968,106.7198
1915.4499999999998,105.56429999999999,1915.4499999999998,106.57620000000001,1915.4499999999998,107.12129999999999,1915.4499999999998,106.7107
1915.932,105.55250000000001,1915.932,106.56790000000001,1915.932,107.1136,1915.932,106.7018
1916.414,105.5504,1916.414,106.5486,1916.414,107.1057,1916.414,106.69239999999999
1916.896,105.5599,1916.896,106.5233,1916.896,107.0979,1916.896,106.6857
1917.378,105.58130000000001,1917.378,106.50200000000001,1917.378,107.09329999999999,1917.378,106.687
1917.861,105.61160000000001,1917.861,106.4942,1917.861,107.0962,1917.861,106.7004
1918.343,105.6438,1918.343,106.5024,1918.343,107.10690000000001,1918.343,106.7245
1918.825,105.66819999999998,1918.825,106.5197,1918.825,107.1199,1918.825,106.7504
1919.3069999999998,105.67629999999998,1919.3069999999998,106.53349999999999,1919.3069999999998,107.12610000000001,1919.3069999999998,106.7663
1919.789,105.664,1919.789,106.53280000000001,1919.789,107.1176,1919.789,106.76339999999999
1920.271,105.6327,1920.271,106.5137,1920.271,107.0919,1920.271,106.7397
1920.753,105.5892,1920.753,106.48169999999999,1920.753,107.05420000000001,1920.753,106.70139999999999
1921.2350000000001,105.54410000000001,1921.2350000000001,106.4492,1921.2350000000001,107.0161,1921.2350000000001,106.6609
1921.718,105.50949999999999,1921.718,106.43130000000001,1921.718,106.9924,1921.718,106.633
1922.199,105.496,1922.199,106.4384,1922.199,106.9957,1922.199,106.6295
1922.682,105.5089,1922.682,106.4708,1922.682,107.0303,1922.682,106.6536
1923.1639999999998,105.54540000000001,1923.1639999999998,106.5162,1923.1639999999998,107.08869999999999,1923.1639999999998,106.69740000000002
1923.646,105.5952,1923.646,106.5559,1923.646,107.15490000000001,1923.646,106.74570000000001
1924.1280000000002,105.6457,1924.1280000000002,106.5748,1924.1280000000002,107.2121,1924.1280000000002,106.7839
1924.61,105.688,1924.61,106.5696,1924.61,107.2516,1924.61,106.80529999999999
1925.092,105.72,1925.092,106.54950000000001,1925.092,107.27459999999999,1925.092,106.8133
1925.574,105.7451,1925.574,106.5312,1925.574,107.28979999999999,1925.574,106.8179
1926.056,105.76939999999999,1926.056,106.5306,1926.056,107.30720000000001,1926.056,106.8295
1926.539,105.7981,1926.539,106.5564,1926.539,107.33250000000001,1926.539,106.8535
1927.021,105.8319,1927.021,106.6063,1927.021,107.36399999999999,1927.021,106.8881
1927.503,105.8676,1927.503,106.6688,1927.503,107.3939,1927.503,106.9255
1927.9850000000001,105.89900000000002,1927.9850000000001,106.7281,1927.9850000000001,107.41179999999999,1927.9850000000001,106.956
1928.4669999999999,105.9201,1928.4669999999999,106.7711,1928.4669999999999,107.4112,1928.4669999999999,106.9726
1928.949,105.9282,1928.949,106.79240000000001,1928.949,107.3925,1928.949,106.9742
1929.431,105.9244,1929.431,106.79469999999999,1929.431,107.3637,1929.431,106.96520000000001
1929.913,105.9131,1929.913,106.78540000000001,1929.913,107.33619999999999,1929.913,106.95179999999999
1930.396,105.89930000000001,1930.396,106.7721,1930.396,107.32029999999999,1930.396,106.93839999999999
1930.878,105.8868,1930.878,106.759,1930.878,107.321,1930.878,106.92600000000002
1931.36,105.87679999999999,1931.36,106.74680000000001,1931.36,107.33749999999999,1931.36,106.913
1931.842,105.86869999999999,1931.842,106.73559999999999,1931.842,107.3644,1931.842,106.8983
1932.3239999999998,105.862,1932.3239999999998,106.728,1932.3239999999998,107.3965,1932.3239999999998,106.88439999999999
1932.806,105.85709999999999,1932.806,106.72980000000001,1932.806,107.4311,1932.806,106.8779
1933.288,105.85610000000001,1933.288,106.7486,1933.288,107.4687,1933.288,106.88709999999999
1933.77,105.8611,1933.77,106.78890000000001,1933.77,107.5107,1933.77,106.9176
1934.252,105.87310000000001,1934.252,106.8487,1934.252,107.55699999999999,1934.252,106.9684
1934.735,105.89059999999999,1934.735,106.918,1934.735,107.6039,1934.735,107.0307
1935.2169999999999,105.9097,1935.2169999999999,106.98140000000001,1935.2169999999999,107.6447,1935.2169999999999,107.0914
1935.699,105.92580000000001,1935.699,107.0242,1935.699,107.67219999999999,1935.699,107.1381
1936.181,105.9361,1936.181,107.0379,1936.181,107.68279999999999,1936.181,107.1648
1936.663,105.94019999999999,1936.663,107.0233,1936.663,107.6771,1936.663,107.173
1937.1450000000002,105.94019999999999,1937.1450000000002,106.98890000000002,1937.1450000000002,107.6594,1937.1450000000002,107.17049999999999
1937.627,105.9388,1937.627,106.9459,1937.627,107.6346,1937.627,107.1647
1938.109,105.9367,1938.109,106.90310000000001,1938.109,107.60480000000001,1938.109,107.15840000000001
1938.5919999999999,105.932,1938.5919999999999,106.86370000000001,1938.5919999999999,107.56809999999999,1938.5919999999999,107.14760000000001
1939.074,105.92029999999998,1939.074,106.8259,1939.074,107.5205,1939.074,107.1237
1939.556,105.8973,1939.556,106.78639999999999,1939.556,107.4589,1939.556,107.0784
1940.038,105.8611,1940.038,106.7448,1940.038,107.3853,1940.038,107.0095
1940.52,105.81419999999999,1940.52,106.7049,1940.52,107.3081,1940.52,106.92349999999999
1941.0020000000002,105.76350000000001,1941.0020000000002,106.6746,1941.0020000000002,107.24130000000001,1941.0020000000002,106.8344
1941.484,105.71759999999999,1941.484,106.66120000000001,1941.484,107.19940000000001,1941.484,106.759
1941.966,105.6835,1941.966,106.66660000000002,1941.966,107.19160000000001,1941.966,106.7102
1942.4479999999999,105.6624,1942.4479999999999,106.6835,1942.4479999999999,107.216,1942.4479999999999,106.6903
1942.931,105.6494,1942.931,106.6988,1942.931,107.25970000000001,1942.931,106.69109999999999
1943.413,105.63640000000001,1943.413,106.6999,1943.413,107.3045,1943.413,106.6988
1943.895,105.61769999999999,1943.895,106.6835,1943.895,107.33649999999999,1943.895,106.70329999999998
1944.377,105.59400000000001,1944.377,106.657,1944.377,107.35140000000001,1944.377,106.7034
1944.8590000000002,105.57270000000001,1944.8590000000002,106.6349,1944.8590000000002,107.3539,1944.8590000000002,106.7059
1945.341,105.5634,1945.341,106.63130000000001,1945.341,107.35269999999998,1945.341,106.7201
1945.8229999999999,105.5741,1945.8229999999999,106.6541,1945.8229999999999,107.355,1945.8229999999999,106.7514
1946.305,105.6066,1946.305,106.7008,1946.305,107.3622,1946.305,106.7971
1946.788,105.6552,1946.788,106.7605,1946.788,107.37030000000001,1946.788,106.84750000000001
1947.27,105.7084,1947.27,106.81739999999999,1947.27,107.37239999999998,1947.27,106.88990000000001
1947.752,105.7536,1947.752,106.85810000000001,1947.752,107.3631,1947.752,106.91470000000001
1948.234,105.7807,1948.234,106.87580000000001,1948.234,107.3407,1948.234,106.9191
1948.7160000000001,105.78620000000001,1948.7160000000001,106.8706,1948.7160000000001,107.3083,1948.7160000000001,106.907
1949.198,105.7712,1949.198,106.8461,1949.198,107.27029999999999,1949.198,106.8854
1949.6799999999998,105.73989999999999,1949.6799999999998,106.806,1949.6799999999998,107.23020000000001,1949.6799999999998,106.85929999999999
1950.162,105.69649999999999,1950.162,106.7518,1950.162,107.1882,1950.162,106.82910000000001
1950.645,105.64450000000001,1950.645,106.68409999999999,1950.645,107.14349999999999,1950.645,106.7923
1951.126,105.5871,1951.126,106.606,1951.126,107.09599999999999,1951.126,106.74730000000001
1951.609,105.5293,1951.609,106.5263,1951.609,107.04990000000001,1951.609,106.6975
1952.0910000000001,105.47800000000001,1952.0910000000001,106.4584,1952.0910000000001,107.01369999999999,1952.0910000000001,106.6524
1952.573,105.4417,1952.573,106.4173,1952.573,106.9979,1952.573,106.6251
1953.055,105.4276,1953.055,106.4134,1953.055,107.00989999999999,1953.055,106.62620000000001
1953.5369999999998,105.4381,1953.5369999999998,106.4488,1953.5369999999998,107.0507,1953.5369999999998,106.6589
1954.019,105.4691,1954.019,106.51429999999999,1954.019,107.1126,1954.019,106.7157
1954.501,105.5099,1954.501,106.5936,1954.501,107.182,1954.501,106.7814
1954.983,105.5466,1954.983,106.66839999999999,1954.983,107.2441,1954.983,106.8393
1955.466,105.569,1955.466,106.72649999999999,1955.466,107.2906,1955.466,106.87899999999999
1955.948,105.57419999999999,1955.948,106.76559999999999,1955.948,107.3224,1955.948,106.90129999999999
1956.43,105.56840000000001,1956.43,106.7916,1956.43,107.3483,1956.43,106.9163
1956.912,105.5633,1956.912,106.8128,1956.912,107.37939999999999,1956.912,106.9368
1957.3939999999998,105.5708,1957.3939999999998,106.8342,1957.3939999999998,107.4222,1957.3939999999998,106.97049999999999
1957.876,105.5968,1957.876,106.8541,1957.876,107.4746,1957.876,107.0154
1958.358,105.6388,1958.358,106.8664,1958.358,107.5272,1958.358,107.0608
1958.84,105.6864,1958.84,106.8653,1958.84,107.568,1958.84,107.0934
1959.3229999999999,105.72760000000001,1959.3229999999999,106.8519,1959.3229999999999,107.59060000000001,1959.3229999999999,107.1067
1959.805,105.75429999999999,1959.805,106.83640000000001,1959.805,107.59859999999999,1959.805,107.10589999999999
1960.287,105.7668,1960.287,106.8345,1960.287,107.6056,1960.287,107.10740000000001
1960.769,105.7731,1960.769,106.8602,1960.769,107.6286,1960.769,107.13029999999999
1961.2509999999997,105.78490000000001,1961.2509999999997,106.9181,1961.2509999999997,107.67999999999999,1961.2509999999997,107.18719999999999
1961.733,105.8111,1961.733,107.0,1961.733,107.76060000000001,1961.733,107.2758
1962.2150000000001,105.8537,1962.2150000000001,107.08770000000001,1962.2150000000001,107.85910000000001,1962.2150000000001,107.37840000000001
1962.697,105.90679999999999,1962.697,107.1609,1962.697,107.95570000000001,1962.697,107.469
1963.179,105.96000000000001,1963.179,107.2073,1963.179,108.0318,1963.179,107.52420000000001
1963.662,106.0035,1963.662,107.22689999999999,1963.662,108.07679999999999,1963.662,107.5331
1964.144,106.03190000000001,1964.144,107.2318,1964.144,108.09150000000001,1964.144,107.50059999999999
1964.626,106.0451,1964.626,107.23830000000001,1964.626,108.0856,1964.626,107.44340000000001
1965.108,106.04690000000001,1965.108,107.2601,1965.108,108.0727,1965.108,107.3828
1965.59,106.0422,1965.59,107.3013,1965.59,108.06469999999999,1965.59,107.3369
1966.0720000000001,106.035,1966.0720000000001,107.3564,1966.0720000000001,108.06929999999998,1966.0720000000001,107.31649999999999
1966.5539999999999,106.0274,1966.5539999999999,107.4131,1966.5539999999999,108.08850000000001,1966.5539999999999,107.3232
1967.036,106.02149999999999,1967.036,107.4605,1967.036,108.1204,1967.036,107.3528
1967.519,106.0195,1967.519,107.49329999999999,1967.519,108.16069999999999,1967.519,107.398
1968.0010000000002,106.02480000000001,1968.0010000000002,107.51330000000002,1968.0010000000002,108.2035,1968.0010000000002,107.45230000000001
1968.483,106.03899999999999,1968.483,107.524,1968.483,108.2411,1968.483,107.5094
1968.965,106.06119999999999,1968.965,107.5263,1968.965,108.2637,1968.965,107.5623
1969.447,106.08550000000001,1969.447,107.5153,1969.447,108.26089999999999,1969.447,107.6018
1969.929,106.10310000000001,1969.929,107.4832,1969.929,108.2257,1969.929,107.61959999999999
1970.4109999999998,106.10459999999999,1970.4109999999998,107.4243,1970.4109999999998,108.15870000000001,1970.4109999999998,107.6105
1970.893,106.08539999999999,1970.893,107.34049999999999,1970.893,108.07039999999999,1970.893,107.57600000000001
1971.375,106.0476,1971.375,107.24080000000001,1971.375,107.9787,1971.375,107.524
1971.8580000000002,106.0001,1971.8580000000002,107.1386,1971.8580000000002,107.90230000000001,1971.8580000000002,107.465
1972.34,105.954,1972.34,107.04419999999999,1972.34,107.85249999999999,1972.34,107.406
1972.822,105.91850000000001,1972.822,106.9607,1972.822,107.82830000000001,1972.822,107.34660000000001
1973.3039999999999,105.89569999999999,1973.3039999999999,106.88310000000001,1973.3039999999999,107.81590000000001,1973.3039999999999,107.27869999999999
1973.786,105.8807,1973.786,106.80350000000001,1973.786,107.7956,1973.786,107.19330000000001
1974.2679999999998,105.8638,1974.2679999999998,106.71759999999999,1974.2679999999998,107.75099999999999,1974.2679999999998,107.0873
1974.75,105.83689999999999,1974.75,106.63119999999999,1974.75,107.67850000000001,1974.75,106.97030000000001
1975.2320000000002,105.7974,1975.2320000000002,106.5596,1975.2320000000002,107.58970000000001,1975.2320000000002,106.86359999999999
1975.7150000000001,105.7507,1975.7150000000001,106.5215,1975.7150000000001,107.50649999999999,1975.7150000000001,106.7928
1976.197,105.707,1976.197,106.5293,1976.197,107.4505,1976.197,106.7753
1976.6789999999999,105.6761,1976.6789999999999,106.5826,1976.6789999999999,107.4332,1976.6789999999999,106.8109
1977.161,105.66260000000001,1977.161,106.665,1977.161,107.4503,1977.161,106.8786
1977.643,105.66329999999999,1977.643,106.75129999999999,1977.643,107.4846,1977.643,106.9439
1978.125,105.6694,1978.125,106.81670000000001,1978.125,107.5139,1978.125,106.9726
1978.607,105.67120000000001,1978.607,106.84849999999999,1978.607,107.5215,1978.607,106.94650000000001
1979.0890000000002,105.663,1979.0890000000002,106.8479,1979.0890000000002,107.5026,1979.0890000000002,106.8701
1979.5720000000001,105.6451,1979.5720000000001,106.8264,1979.5720000000001,107.46340000000001,1979.5720000000001,106.76619999999998
1980.0529999999999,105.6215,1980.0529999999999,106.7951,1980.0529999999999,107.41449999999999,1980.0529999999999,106.6637
1980.5359999999998,105.59700000000001,1980.5359999999998,106.759,1980.5359999999998,107.36429999999999,1980.5359999999998,106.58510000000001
1981.018,105.57369999999999,1981.018,106.71459999999999,1981.018,107.31580000000001,1981.018,106.5387
1981.5,105.55099999999999,1981.5,106.65469999999999,1981.5,107.2677,1981.5,106.5191
1981.982,105.52649999999998,1981.982,106.5753,1981.982,107.2181,1981.982,106.5129
1982.464,105.4999,1982.464,106.4819,1982.464,107.1692,1982.464,106.5066
1982.9460000000001,105.47370000000001,1982.9460000000001,106.3894,1982.9460000000001,107.12740000000001,1982.9460000000001,106.493
1983.4279999999999,105.45320000000001,1983.4279999999999,106.3172,1983.4279999999999,107.1015,1983.4279999999999,106.4733
1983.9099999999999,105.44279999999999,1983.9099999999999,106.2808,1983.9099999999999,107.09679999999999,1983.9099999999999,106.45389999999999
1984.3929999999998,105.44409999999999,1984.3929999999998,106.28549999999998,1984.3929999999998,107.1126,1984.3929999999998,106.441
1984.875,105.4524,1984.875,106.32360000000001,1984.875,107.13950000000001,1984.875,106.4368
1985.357,105.45850000000002,1985.357,106.37780000000001,1985.357,107.1641,1985.357,106.4387
1985.839,105.45230000000001,1985.839,106.4279,1985.839,107.17330000000001,1985.839,106.44210000000001
1986.321,105.4276,1986.321,106.45899999999999,1986.321,107.1609,1986.321,106.444
1986.803,105.3857,1986.803,106.4657,1986.803,107.1298,1986.803,106.44610000000002
1987.2849999999999,105.3353,1987.2849999999999,106.45169999999999,1987.2849999999999,107.0899,1987.2849999999999,106.45370000000001
1987.7669999999998,105.2883,1987.7669999999998,106.4251,1987.7669999999998,107.0522,1987.7669999999998,106.4724
1988.2499999999998,105.25489999999999,1988.2499999999998,106.39359999999999,1988.2499999999998,107.0234,1988.2499999999998,106.504
1988.7320000000002,105.23819999999999,1988.7320000000002,106.3607,1988.7320000000002,107.0022,1988.7320000000002,106.54410000000001
1989.214,105.2343,1989.214,106.3269,1989.214,106.9817,1989.214,106.58350000000002
1989.696,105.2344,1989.696,106.29299999999999,1989.696,106.9531,1989.696,106.61290000000001
1990.178,105.2314,1990.178,106.26389999999999,1990.178,106.9126,1990.178,106.62780000000001
1990.66,105.2246,1990.66,106.2492,1990.66,106.86340000000001,1990.66,106.63149999999999
1991.142,105.222,1991.142,106.26,1991.142,106.8158,1991.142,106.6345
1991.6239999999998,105.2376,1991.6239999999998,106.30390000000001,1991.6239999999998,106.7828,1991.6239999999998,106.6494
1992.1060000000002,105.2848,1992.1060000000002,106.37939999999999,1992.1060000000002,106.77430000000001,1992.1060000000002,106.6848
1992.5890000000002,105.3682,1992.5890000000002,106.47470000000001,1992.5890000000002,106.7925,1992.5890000000002,106.74090000000001
1993.0710000000001,105.4806,1993.0710000000001,106.5725,1993.0710000000001,106.8332,1993.0710000000001,106.80940000000001
1993.5529999999999,105.6047,1993.5529999999999,106.6571,1993.5529999999999,106.8883,1993.5529999999999,106.8784
1994.035,105.7205,1994.035,106.72220000000002,1994.035,106.95190000000001,1994.035,106.9383
1994.517,105.8128,1994.517,106.77099999999999,1994.517,107.0216,1994.517,106.98490000000001
1994.999,105.87480000000001,1994.999,106.813,1994.999,107.0986,1994.999,107.0195
1995.4809999999998,105.9077,1995.4809999999998,106.85690000000001,1995.4809999999998,107.1828,1995.4809999999998,107.04480000000001
1995.9630000000002,105.9175,1995.9630000000002,106.90599999999999,1995.9630000000002,107.27109999999999,1995.9630000000002,107.06230000000001
1996.4460000000001,105.9107,1996.4460000000001,106.956,1996.4460000000001,107.3551,1996.4460000000001,107.07
1996.928,105.89269999999999,1996.928,106.9976,1996.928,107.4245,1996.928,107.0649
1997.4099999999999,105.86670000000001,1997.4099999999999,107.02149999999999,1997.4099999999999,107.47089999999999,1997.4099999999999,107.0459
1997.892,105.837,1997.892,107.0247,1997.892,107.49360000000001,1997.892,107.01780000000001
1998.374,105.81,1998.374,107.0116,1998.374,107.5001,1998.374,106.9906
1998.856,105.7958,1998.856,106.9922,1998.856,107.50319999999999,1998.856,106.97730000000001
1999.3379999999997,105.80560000000001,1999.3379999999997,106.9761,1999.3379999999997,107.5142,1999.3379999999997,106.98719999999999
1999.8200000000002,105.8478,1999.8200000000002,106.9681,1999.8200000000002,107.538,1999.8200000000002,107.0217
2000.3020000000001,105.92349999999999,2000.3020000000001,106.96600000000001,2000.3020000000001,107.57000000000001,2000.3020000000001,107.0722
2000.785,106.0244,2000.785,106.96369999999999,2000.785,107.59970000000001,2000.785,107.12379999999999
2001.2669999999998,106.13300000000001,2001.2669999999998,106.95540000000001,2001.2669999999998,107.61540000000001,2001.2669999999998,107.1608
2001.7489999999998,106.2287,2001.7489999999998,106.9409,2001.7489999999998,107.6119,2001.7489999999998,107.1744
2002.231,106.2937,2002.231,106.9261,2002.231,107.5923,2002.231,107.16600000000001
2002.713,106.319,2002.713,106.9199,2002.713,107.5667,2002.713,107.14529999999999
2003.195,106.3046,2003.195,106.9277,2003.195,107.54520000000001,2003.195,107.12429999999999
2003.6770000000001,106.2586,2003.6770000000001,106.94779999999999,2003.6770000000001,107.5319,2003.6770000000001,107.1104
2004.159,106.19149999999999,2004.159,106.96969999999999,2004.159,107.5215,2004.159,107.1015
2004.642,106.11410000000001,2004.642,106.979,2004.642,107.50189999999999,2004.642,107.0878
2005.1239999999998,106.0335,2005.1239999999998,106.9639,2005.1239999999998,107.4603,2005.1239999999998,107.056
2005.6060000000002,105.9544,2005.6060000000002,106.92349999999999,2005.6060000000002,107.3914,2005.6060000000002,106.9982
2006.0880000000002,105.87960000000001,2006.0880000000002,106.8686,2006.0880000000002,107.3025,2006.0880000000002,106.9168
2006.57,105.8115,2006.57,106.8178,2006.57,107.21130000000001,2006.57,106.8246
2007.052,105.7523,2007.052,106.78779999999999,2007.052,107.1388,2007.052,106.7397
2007.534,105.70330000000001,2007.534,106.78559999999999,2007.534,107.1,2007.534,106.6781
2008.016,105.66290000000001,2008.016,106.8047,2008.016,107.09740000000001,2008.016,106.6468
2008.499,105.6271,2008.499,106.8289,2008.499,107.1214,2008.499,106.64359999999999
2008.9800000000002,105.5905,2008.9800000000002,106.8403,2008.9800000000002,107.15490000000001,2008.9800000000002,106.65899999999999
2009.4630000000002,105.55000000000001,2009.4630000000002,106.82910000000001,2009.4630000000002,107.18319999999999,2009.4630000000002,106.6835
2009.9450000000002,105.50729999999999,2009.9450000000002,106.7968,2009.9450000000002,107.1997,2009.9450000000002,106.71170000000001
2010.427,105.46940000000001,2010.427,106.75380000000001,2010.427,107.2079,2010.427,106.7436
2010.9089999999999,105.44610000000002,2010.9089999999999,106.71139999999998,2010.9089999999999,107.2159,2010.9089999999999,106.7815
2011.391,105.4454,2011.391,106.6751,2011.391,107.22959999999999,2011.391,106.82450000000001
2011.873,105.4683,2011.873,106.64020000000001,2011.873,107.24659999999999,2011.873,106.8646
2012.3549999999998,105.50630000000001,2012.3549999999998,106.59490000000001,2012.3549999999998,107.2556,2012.3549999999998,106.8873
2012.8370000000002,105.54159999999999,2012.8370000000002,106.5259,2012.8370000000002,107.2403,2012.8370000000002,106.8762
2013.3200000000002,105.55449999999999,2013.3200000000002,106.42769999999999,2013.3200000000002,107.18719999999999,2013.3200000000002,106.82050000000001
2013.8020000000001,105.52900000000001,2013.8020000000001,106.30550000000001,2013.8020000000001,107.09219999999999,2013.8020000000001,106.7203
2014.2839999999999,105.4606,2014.2839999999999,106.17479999999999,2014.2839999999999,106.9638,2014.2839999999999,106.5885
2014.7659999999998,105.3566,2014.7659999999998,106.0543,2014.7659999999998,106.8194,2014.7659999999998,106.44739999999999
2015.248,105.2356,2015.248,105.96140000000001,2015.248,106.6811,2015.248,106.3228
2015.73,105.1202,2015.73,105.90520000000001,2015.73,106.5688,2015.73,106.2374
2016.212,105.0318,2016.212,105.8867,2016.212,106.4966,2016.212,106.2056
2016.6940000000002,104.982,2016.6940000000002,105.8994,2016.6940000000002,106.46860000000001,2016.6940000000002,106.22890000000001
2017.1770000000001,104.9706,2017.1770000000001,105.93490000000001,2017.1770000000001,106.48100000000001,2017.1770000000001,106.2965
2017.659,104.9853,2017.659,105.985,2017.659,106.524,2017.659,106.38860000000001
2018.141,105.0083,2018.141,106.0446,2018.141,106.58590000000001,2018.141,106.4824
2018.6229999999998,105.0225,2018.6229999999998,106.10889999999999,2018.6229999999998,106.65549999999999,2018.6229999999998,106.55779999999999
2019.1050000000002,105.01750000000001,2019.1050000000002,106.1727,2019.1050000000002,106.72319999999999,2019.1050000000002,106.6006
2019.587,104.9906,2019.587,106.228,2019.587,106.78110000000001,2019.587,106.60510000000001
2020.069,104.9471,2020.069,106.267,2020.069,106.8239,2020.069,106.5744
2020.5510000000002,104.89729999999999,2020.5510000000002,106.28470000000002,2020.5510000000002,106.8491,2020.5510000000002,106.52040000000001
2021.0330000000001,104.85409999999999,2021.0330000000001,106.2829,2021.0330000000001,106.85940000000001,2021.0330000000001,106.4608
2021.516,104.829,2021.516,106.26929999999999,2021.516,106.86059999999999,2021.516,106.41449999999999
2021.998,104.82959999999999,2021.998,106.25469999999999,2021.998,106.86,2021.998,106.39590000000001
2022.4799999999998,104.85759999999999,2022.4799999999998,106.2477,2022.4799999999998,106.8623,2022.4799999999998,106.4103
2022.9620000000002,104.9088,2022.9620000000002,106.2511,2022.9620000000002,106.86800000000001,2022.9620000000002,106.4528
2023.444,104.9736,2023.444,106.2613,2023.444,106.87249999999999,2023.444,106.5097
2023.926,105.0398,2023.926,106.2714,2023.926,106.8699,2023.926,106.56540000000001
2024.4080000000001,105.0957,2024.4080000000001,106.27629999999999,2024.4080000000001,106.85629999999999,2024.4080000000001,106.6069
2024.89,105.135,2024.89,106.2783,2024.89,106.835,2024.89,106.6301
2025.373,105.15859999999999,2025.373,106.2861,2025.373,106.81590000000001,2025.373,106.6392
2025.855,105.17510000000001,2025.855,106.3129,2025.855,106.8135,2025.855,106.64450000000001
2026.3369999999998,105.19639999999998,2026.3369999999998,106.369,2026.3369999999998,106.84009999999999,2026.3369999999998,106.6559
2026.8190000000002,105.2344,2026.8190000000002,106.45750000000001,2026.8190000000002,106.9022,2026.8190000000002,106.67869999999999
2027.301,105.29509999999999,2027.301,106.5718,2027.301,106.9956,2027.301,106.7123
2027.783,105.3766,2027.783,106.69789999999999,2027.783,107.10790000000001,2027.783,106.7517
2028.265,105.4688,2028.265,106.8194,2028.265,107.22160000000001,2028.265,106.7912
2028.747,105.55810000000001,2028.747,106.92429999999999,2028.747,107.32059999999998,2028.747,106.82830000000001
2029.229,105.6317,2029.229,107.00689999999999,2029.229,107.395,2029.229,106.86390000000002
2029.712,105.6829,2029.712,107.0686,2029.712,107.44260000000001,2029.712,106.9014
2030.1939999999997,105.71209999999999,2030.1939999999997,107.1123,2030.1939999999997,107.46709999999999,2030.1939999999997,106.94269999999999
2030.6760000000002,105.7267,2030.6760000000002,107.14030000000001,2030.6760000000002,107.47489999999999,2030.6760000000002,106.98719999999999
2031.1580000000001,105.7372,2031.1580000000001,107.15239999999999,2031.1580000000001,107.4721,2031.1580000000001,107.0312
2031.6399999999999,105.7536,2031.6399999999999,107.14859999999999,2031.6399999999999,107.4649,2031.6399999999999,107.07119999999999
2032.1220000000003,105.782,2032.1220000000003,107.13189999999999,2032.1220000000003,107.4592,2032.1220000000003,107.107
2032.604,105.8229,2032.604,107.11189999999999,2032.604,107.4617,2032.604,107.14269999999999
2033.086,105.8704,2033.086,107.1015,2033.086,107.47850000000001,2033.086,107.18520000000001
2033.569,105.9145,2033.569,107.1131,2033.569,107.51219999999999,2033.569,107.2394
2034.051,105.94330000000001,2034.051,107.1517,2034.051,107.55980000000001,2034.051,107.30420000000001
2034.5330000000001,105.9469,2034.5330000000001,107.2131,2034.5330000000001,107.6117,2034.5330000000001,107.3717
2035.015,105.91919999999999,2035.015,107.2841,2035.015,107.65350000000001,2035.015,107.429
2035.4969999999998,105.8618,2035.4969999999998,107.34909999999999,2035.4969999999998,107.6724,2035.4969999999998,107.46560000000001
2035.9790000000003,105.784,2035.9790000000003,107.3955,2035.9790000000003,107.6614,2035.9790000000003,107.4781
2036.461,105.70150000000001,2036.461,107.42020000000001,2036.461,107.62469999999999,2036.461,107.47310000000002
2036.943,105.6317,2036.943,107.42819999999999,2036.943,107.57540000000002,2036.943,107.463
2037.426,105.58909999999999,2037.426,107.4286,2037.426,107.5313,2037.426,107.45960000000001
2037.9070000000002,105.5809,2037.9070000000002,107.4276,2037.9070000000002,107.5067,2037.9070000000002,107.46690000000001
2038.39,105.60549999999999,2038.39,107.4253,2038.39,107.5084,2038.39,107.4778
2038.872,105.65310000000001,2038.872,107.41460000000001,2038.872,107.5331,2038.872,107.4776
2039.3539999999998,105.7094,2039.3539999999998,107.3866,2039.3539999999998,107.5698,2039.3539999999998,107.45039999999999
2039.8360000000002,105.7604,2039.8360000000002,107.3353,2039.8360000000002,107.6047,2039.8360000000002,107.3879
2040.318,105.79719999999999,2040.318,107.2633,2040.318,107.62700000000001,2040.318,107.295
2040.8,105.81799999999998,2040.8,107.1808,2040.8,107.6324,2040.8,107.1885
2041.282,105.82830000000001,2041.282,107.1015,2041.282,107.623,2041.282,107.0906
2041.7640000000001,105.8357,2041.7640000000001,107.0361,2041.7640000000001,107.6046,2041.7640000000001,107.0193
2042.247,105.8466,2042.247,106.98780000000001,2042.247,107.5829,2042.247,106.9817
2042.729,105.8615,2042.729,106.9507,2042.729,107.55969999999999,2042.729,106.9724
2043.2109999999998,105.8749,2043.2109999999998,106.9137,2043.2109999999998,107.5339,2043.2109999999998,106.9769
2043.6930000000002,105.87629999999999,2043.6930000000002,106.8651,2043.6930000000002,107.50120000000001,2043.6930000000002,106.9787
2044.1750000000002,105.8552,2044.1750000000002,106.79860000000001,2044.1750000000002,107.45819999999999,2044.1750000000002,106.96570000000001
2044.657,105.8041,2044.657,106.7148,2044.657,107.40289999999999,2044.657,106.9332
2045.139,105.72170000000001,2045.139,106.6205,2045.139,107.3361,2045.139,106.88359999999999
2045.6219999999998,105.6128,2045.6219999999998,106.52550000000001,2045.6219999999998,107.2608,2045.6219999999998,106.8222
2046.104,105.4879,2046.104,106.44,2046.104,107.1818,2046.104,106.75479999999999
2046.586,105.36080000000001,2046.586,106.3725,2046.586,107.1053,2046.586,106.68580000000001
2047.068,105.247,2047.068,106.3298,2047.068,107.0388,2047.068,106.62020000000001
2047.5500000000002,105.1601,2047.5500000000002,106.3162,2047.5500000000002,106.9898,2047.5500000000002,106.5645
2048.032,105.1103,2048.032,106.3334,2048.032,106.9641,2048.032,106.528
2048.514,105.1012,2048.514,106.3785,2048.514,106.96289999999999,2048.514,106.5192
2048.9959999999996,105.129,2048.9959999999996,106.4432,2048.9959999999996,106.98160000000001,2048.9959999999996,106.54220000000001
2049.479,105.18339999999999,2049.479,106.51360000000001,2049.479,107.00989999999999,2049.479,106.5933
2049.96,105.24990000000001,2049.96,106.5738,2049.96,107.0348,2049.96,106.66009999999999
2050.443,105.3131,2050.443,106.6101,2050.443,107.04499999999999,2050.443,106.72500000000001
2050.9249999999997,105.36099999999999,2050.9249999999997,106.6155,2050.9249999999997,107.0357,2050.9249999999997,106.7712
2051.407,105.3874,2051.407,106.59160000000001,2051.407,107.00959999999999,2051.407,106.7885
2051.889,105.39359999999999,2051.889,106.54889999999999,2051.889,106.977,2051.889,106.7763
2052.371,105.38719999999999,2052.371,106.50189999999999,2052.371,106.95159999999998,2052.371,106.74289999999999
2052.8529999999996,105.3788,2052.8529999999996,106.464,2052.8529999999996,106.9449,2052.8529999999996,106.7011
2053.335,105.3785,2053.335,106.4432,2053.335,106.9625,2053.335,106.66340000000001
2053.817,105.3927,2053.817,106.4404,2053.817,107.00229999999999,2053.817,106.6374
2054.3,105.4217,2054.3,106.45039999999999,2054.3,107.0552,2054.3,106.62400000000001
2054.7819999999997,105.4602,2054.7819999999997,106.4665,2054.7819999999997,107.11,2054.7819999999997,106.62039999999999
2055.264,105.4994,2055.264,106.4826,2055.264,107.1569,2055.264,106.62180000000001
2055.746,105.53030000000001,2055.746,106.4973,2055.746,107.192,2055.746,106.6261
2056.228,105.54650000000001,2056.228,106.5117,2056.228,107.2164,2056.228,106.63380000000001
2056.71,105.54570000000001,2056.71,106.5274,2056.71,107.2343,2056.71,106.64750000000001
2057.192,105.52919999999999,2057.192,106.5432,2057.192,107.2489,2057.192,106.6687
2057.674,105.5011,2057.674,106.5553,2057.674,107.2604,2057.674,106.6969
2058.156,105.46629999999999,2058.156,106.55879999999999,2058.156,107.26599999999999,2058.156,106.7284
2058.6389999999997,105.43050000000001,2058.6389999999997,106.5515,2058.6389999999997,107.26230000000001,2058.6389999999997,106.75909999999999
2059.121,105.39890000000001,2059.121,106.5372,2059.121,107.2484,2059.121,106.7867
2059.603,105.37639999999999,2059.603,106.5256,2059.603,107.2281,2059.603,106.8125
2060.085,105.3667,2060.085,106.5291,2060.085,107.209,2060.085,106.84
2060.567,105.37140000000001,2060.567,106.55680000000001,2060.567,107.2002,2060.567,106.8729
2061.049,105.3897,2061.049,106.61,2061.049,107.20769999999999,2061.049,106.91139999999999
2061.531,105.4178,2061.531,106.6807,2061.531,107.2331,2061.531,106.95110000000001
2062.013,105.45040000000002,2062.013,106.7542,2062.013,107.2722,2062.013,106.984
2062.496,105.48169999999999,2062.496,106.8152,2062.496,107.31779999999999,2062.496,107.0028
2062.978,105.5074,2062.978,106.8539,2062.978,107.3619,2062.978,107.00460000000001
2063.46,105.5258,2063.46,106.8697,2063.46,107.39909999999999,2063.46,106.99369999999999
2063.942,105.53779999999999,2063.942,106.8703,2063.942,107.4263,2063.942,106.9801
2064.424,105.5455,2064.424,106.8671,2064.424,107.4427,2064.424,106.975
2064.906,105.55049999999999,2064.906,106.8684,2064.906,107.4473,2064.906,106.9855
2065.388,105.5523,2065.388,106.87599999999999,2065.388,107.43879999999999,2065.388,107.01089999999999
2065.87,105.549,2065.87,106.8843,2065.87,107.41609999999999,2065.87,107.0429
2066.353,105.5385,2066.353,106.8856,2066.353,107.381,2066.353,107.0704
2066.835,105.5206,2066.835,106.8746,2066.835,107.33919999999999,2066.835,107.08500000000001
2067.317,105.4988,2067.317,106.8527,2067.317,107.3007,2067.317,107.0853
2067.799,105.47919999999999,2067.799,106.8274,2067.799,107.27640000000001,2067.799,107.0773
2068.281,105.4684,2068.281,106.80780000000001,2068.281,107.2735,2068.281,107.0703
2068.763,105.471,2068.763,106.7999,2068.763,107.29230000000001,2068.763,107.07169999999999
2069.245,105.487,2069.245,106.8026,2069.245,107.3247,2069.245,107.0825
2069.727,105.5115,2069.727,106.80810000000001,2069.727,107.3563,2069.727,107.0967
2070.2090000000003,105.53680000000001,2070.2090000000003,106.8057,2070.2090000000003,107.37259999999999,2070.2090000000003,107.10440000000001
2070.692,105.5555,2070.692,106.7873,2070.692,107.36410000000001,2070.692,107.09740000000001
2071.174,105.5644,2071.174,106.75319999999999,2071.174,107.3316,2071.174,107.0745
2071.656,105.56540000000001,2071.656,106.7113,2071.656,107.28550000000001,2071.656,107.04249999999999
2072.138,105.5652,2072.138,106.67519999999999,2072.138,107.24210000000001,2072.138,107.01400000000001
2072.6200000000003,105.5723,2072.6200000000003,106.6577,2072.6200000000003,107.2169,2072.6200000000003,107.0017
2073.102,105.593,2073.102,106.6657,2073.102,107.21929999999999,2073.102,107.01259999999999
2073.584,105.62910000000001,2073.584,106.69740000000002,2073.584,107.24929999999999,2073.584,107.04480000000001
2074.0660000000003,105.6776,2074.0660000000003,106.74440000000001,2074.0660000000003,107.2995,2074.0660000000003,107.0888
2074.549,105.73179999999999,2074.549,106.7945,2074.549,107.3577,2074.549,107.13159999999999
2075.031,105.7847,2075.031,106.83769999999998,2075.031,107.4124,2075.031,107.1619
2075.513,105.8306,2075.513,106.8681,2075.513,107.45530000000001,2075.513,107.1737
2075.995,105.8671,2075.995,106.8848,2075.995,107.48280000000001,2075.995,107.16760000000001
2076.4770000000003,105.8929,2076.4770000000003,106.88889999999999,2076.4770000000003,107.4935,2076.4770000000003,107.14779999999999
2076.959,105.90740000000001,2076.959,106.8817,2076.959,107.4875,2076.959,107.11919999999999
2077.441,105.9088,2077.441,106.8628,2077.441,107.4645,2077.441,107.0845
2077.9230000000002,105.89470000000001,2077.9230000000002,106.8314,2077.9230000000002,107.4251,2077.9230000000002,107.04469999999999
2078.4060000000004,105.86290000000001,2078.4060000000004,106.78779999999999,2078.4060000000004,107.37190000000001,2078.4060000000004,107.0
2078.8869999999997,105.81450000000001,2078.8869999999997,106.73559999999999,2078.8869999999997,107.3111,2078.8869999999997,106.9524
2079.37,105.7536,2079.37,106.6812,2079.37,107.2512,2079.37,106.9065
2079.852,105.68820000000001,2079.852,106.6324,2079.852,107.2013,2079.852,106.8686
2080.3340000000003,105.6273,2080.3340000000003,106.59559999999999,2080.3340000000003,107.1679,2080.3340000000003,106.84389999999999
2080.816,105.5788,2080.816,106.57319999999999,2080.816,107.153,2080.816,106.834
2081.298,105.547,2081.298,106.56380000000001,2081.298,107.1537,2081.298,106.836
2081.78,105.5322,2081.78,106.5631,2081.78,107.1641,2081.78,106.84320000000001
2082.262,105.53079999999999,2082.262,106.5666,2082.262,107.1773,2082.262,106.8481
2082.744,105.53760000000001,2082.744,106.5715,2082.744,107.1888,2082.744,106.84499999999998
2083.227,105.5469,2083.227,106.5768,2083.227,107.1962,2083.227,106.83279999999999
2083.709,105.55449999999999,2083.709,106.5831,2083.709,107.19940000000001,2083.709,106.8136
2084.1910000000003,105.55699999999999,2084.1910000000003,106.5893,2084.1910000000003,107.19810000000001,2084.1910000000003,106.7918
2084.673,105.552,2084.673,106.59240000000001,2084.673,107.19080000000001,2084.673,106.77099999999999
2085.1549999999997,105.5372,2085.1549999999997,106.5874,2085.1549999999997,107.17460000000001,2085.1549999999997,106.7523
2085.637,105.51079999999999,2085.637,106.5695,2085.637,107.1474,2085.637,106.73429999999999
2086.119,105.4718,2086.119,106.5362,2086.119,107.1094,2086.119,106.7143
2086.601,105.4216,2086.601,106.49,2086.601,107.0651,2086.601,106.6903
2087.0829999999996,105.3634,2087.0829999999996,106.4374,2087.0829999999996,107.02180000000001,2087.0829999999996,106.6614
2087.566,105.3026,2087.566,106.3864,2087.566,106.9876,2087.566,106.6287
2088.0480000000002,105.2448,2088.0480000000002,106.34380000000002,2088.0480000000002,106.9674,2088.0480000000002,106.5933
2088.53,105.19449999999999,2088.53,106.31280000000001,2088.53,106.9615,2088.53,106.55600000000001
2089.0119999999997,105.1541,2089.0119999999997,106.29249999999999,2089.0119999999997,106.96470000000001,2089.0119999999997,106.51679999999999
2089.494,105.1242,2089.494,106.28,2089.494,106.96950000000001,2089.494,106.4761
2089.976,105.1043,2089.976,106.2722,2089.976,106.96889999999999,2089.976,106.4359
2090.458,105.09440000000001,2090.458,106.2686,2090.458,106.9608,2090.458,106.40039999999999
2090.9399999999996,105.0952,2090.9399999999996,106.2705,2090.9399999999996,106.9477,2090.9399999999996,106.37570000000001
2091.423,105.10900000000001,2091.423,106.28020000000001,2091.423,106.93619999999999,2091.423,106.36779999999999
2091.905,105.13719999999999,2091.905,106.2975,2091.905,106.9329,2091.905,106.37939999999999
2092.387,105.17989999999999,2092.387,106.3193,2092.387,106.94170000000001,2092.387,106.4091
2092.8689999999997,105.2338,2092.8689999999997,106.3394,2092.8689999999997,106.96170000000001,2092.8689999999997,106.4505
2093.351,105.2924,2093.351,106.3512,2093.351,106.9885,2093.351,106.4951
2093.833,105.34779999999999,2093.833,106.3511,2093.833,107.016,2093.833,106.5351
2094.315,105.3927,2094.315,106.341,2094.315,107.04020000000001,2094.315,106.56609999999999
2094.7969999999996,105.42290000000001,2094.7969999999996,106.32820000000001,2094.7969999999996,107.06009999999999,2094.7969999999996,106.589
2095.2799999999997,105.4382,2095.2799999999997,106.3227,2095.2799999999997,107.07770000000001,2095.2799999999997,106.60810000000001
2095.762,105.4419,2095.762,106.33250000000001,2095.762,107.0956,2095.762,106.6284
2096.244,105.43910000000001,2096.244,106.3607,2096.244,107.1148,2096.244,106.6526
2096.7259999999997,105.4346,2096.7259999999997,106.40369999999999,2096.7259999999997,107.1337,2096.7259999999997,106.67979999999999
2097.208,105.43199999999999,2097.208,106.4536,2097.208,107.1491,2097.208,106.70729999999999
2097.69,105.4331,2097.69,106.5013,2097.69,107.1588,2097.69,106.7322
2098.172,105.439,2098.172,106.5405,2098.172,107.1634,2098.172,106.7551
2098.654,105.4508,2098.654,106.56989999999999,2098.654,107.1677,2098.654,106.78049999999999
2099.136,105.46990000000001,2099.136,106.59179999999999,2099.136,107.1788,2099.136,106.8147
2099.619,105.4967,2099.619,106.6097,2099.619,107.20209999999999,2099.619,106.8627
2100.101,105.5304,2100.101,106.6257,2100.101,107.2397,2100.101,106.9245
2100.583,105.5675,2100.583,106.6392,2100.583,107.28800000000001,2100.583,106.99430000000001
2101.065,105.6029,2101.065,106.64819999999999,2101.065,107.33930000000001,2101.065,107.0616
2101.547,105.6302,2101.547,106.6508,2101.547,107.38479999999998,2101.547,107.11500000000001
2102.029,105.6448,2102.029,106.6476,2102.029,107.4177,2102.029,107.1464
2102.511,105.64499999999998,2102.511,106.64229999999999,2102.511,107.4361,2102.511,107.1538
2102.993,105.63260000000001,2102.993,106.64009999999999,2102.993,107.4422,2102.993,107.1413
2103.476,105.6128,2103.476,106.6453,2103.476,107.4409,2103.476,107.11679999999998
2103.958,105.59210000000002,2103.958,106.65910000000001,2103.958,107.4365,2103.958,107.08820000000001
2104.44,105.5761,2104.44,106.67949999999999,2104.44,107.43149999999999,2104.44,107.0608
2104.922,105.5688,2104.922,106.7016,2104.922,107.4258,2104.922,107.0368
2105.404,105.5711,2105.404,106.7206,2105.404,107.4179,2105.404,107.01570000000001
2105.886,105.58149999999999,2105.886,106.734,2105.886,107.40700000000001,2105.886,106.99700000000001
2106.368,105.5968,2106.368,106.742,2106.368,107.3938,2106.368,106.98129999999999
2106.85,105.6132,2106.85,106.7466,2106.85,107.3803,2106.85,106.97049999999999
2107.333,105.6267,2107.333,106.74999999999999,2107.333,107.3687,2107.333,106.96669999999999
2107.814,105.634,2107.814,106.7526,2107.814,107.3599,2107.814,106.97049999999999
2108.297,105.63260000000001,2108.297,106.75300000000001,2108.297,107.3526,2108.297,106.98
2108.779,105.6219,2108.779,106.74870000000001,2108.779,107.34490000000001,2108.779,106.9916
2109.261,105.60320000000002,2109.261,106.7383,2109.261,107.3345,2109.261,107.00080000000001
2109.743,105.58000000000001,2109.743,106.7228,2109.743,107.3215,2109.743,107.0049
2110.225,105.5571,2110.225,106.70519999999999,2110.225,107.3078,2110.225,107.0037
2110.7070000000003,105.5394,2110.7070000000003,106.6894,2110.7070000000003,107.29610000000001,2110.7070000000003,106.9994
2111.189,105.52969999999999,2111.189,106.67750000000001,2111.189,107.28899999999999,2111.189,106.99449999999999
2111.671,105.528,2111.671,106.6692,2111.671,107.2861,2111.671,106.9904
2112.154,105.53110000000001,2112.154,106.6618,2112.154,107.2849,2112.154,106.98620000000001
2112.636,105.53410000000001,2112.636,106.6521,2112.636,107.28139999999999,2112.636,106.97859999999999
2113.118,105.53200000000001,2113.118,106.63830000000002,2113.118,107.2719,2113.118,106.9641
2113.6,105.52170000000001,2113.6,106.6217,2113.6,107.2557,2113.6,106.9409
2114.082,105.5034,2114.082,106.6061,2114.082,107.23469999999999,2114.082,106.90960000000001
2114.5640000000003,105.47979999999998,2114.5640000000003,106.59590000000001,2114.5640000000003,107.21270000000001,2114.5640000000003,106.8732
2115.046,105.45439999999999,2115.046,106.593,2115.046,107.1934,2115.046,106.83590000000001
2115.528,105.43039999999999,2115.528,106.59590000000001,2115.528,107.17859999999999,2115.528,106.8014
2116.01,105.40830000000001,2116.01,106.59989999999999,2116.01,107.1674,2116.01,106.7715
2116.4930000000004,105.38730000000001,2116.4930000000004,106.59939999999999,2116.4930000000004,107.1572,2116.4930000000004,106.7466
2116.975,105.3652,2116.975,106.5905,2116.975,107.1457,2116.975,106.7267
2117.457,105.341,2117.457,106.5733,2117.457,107.1321,2117.457,106.71189999999999
2117.939,105.31569999999999,2117.939,106.5513,2117.939,107.118,2117.939,106.7034
2118.4210000000003,105.292,2118.4210000000003,106.5294,2118.4210000000003,107.1061,2118.4210000000003,106.70230000000001
2118.903,105.27340000000001,2118.903,106.5111,2118.903,107.0979,2118.903,106.7084
2119.3849999999998,105.2621,2119.3849999999998,106.4968,2119.3849999999998,107.0927,2119.3849999999998,106.71949999999998
2119.867,105.25800000000001,2119.867,106.4838,2119.867,107.087,2119.867,106.7307
2120.3500000000004,105.25880000000001,2120.3500000000004,106.46860000000001,2120.3500000000004,107.07629999999999,2120.3500000000004,106.73649999999999
2120.832,105.2601,2120.832,106.4495,2120.832,107.0575,2120.832,106.733
2121.314,105.2583,2121.314,106.4288,2121.314,107.0315,2121.314,106.7193
2121.796,105.2518,2121.796,106.4116,2121.796,107.003,2121.796,106.6988
2122.2780000000002,105.2414,2122.2780000000002,106.4036,2122.2780000000002,106.9794,2122.2780000000002,106.67750000000001
2122.7599999999998,105.2295,2122.7599999999998,106.4071,2122.7599999999998,106.9674,2122.7599999999998,106.661
2123.2419999999997,105.2187,2123.2419999999997,106.41910000000001,2123.2419999999997,106.97030000000001,2123.2419999999997,106.6527
2123.724,105.20970000000001,2123.724,106.4311,2123.724,106.9861,2123.724,106.65180000000001
2124.2070000000003,105.20190000000001,2124.2070000000003,106.4334,2124.2070000000003,107.009,2124.2070000000003,106.6544
2124.689,105.1932,2124.689,106.41910000000001,2124.689,107.0312,2124.689,106.6554
2125.171,105.18220000000001,2125.171,106.38810000000001,2125.171,107.047,2125.171,106.65150000000001
2125.653,105.1696,2125.653,106.3477,2125.653,107.05409999999999,2125.653,106.64240000000001
2126.135,105.1585,2126.135,106.30999999999999,2126.135,107.054,2126.135,106.6311
2126.617,105.1532,2126.617,106.2864,2126.617,107.05,2126.617,106.6216
2127.0989999999997,105.1575,2127.0989999999997,106.2829,2127.0989999999997,107.04480000000001,2127.0989999999997,106.6165
2127.581,105.1725,2127.581,106.29729999999999,2127.581,107.0388,2127.581,106.6155
2128.063,105.1957,2128.063,106.3213,2128.063,107.03059999999999,2128.063,106.61529999999999
2128.5460000000003,105.22160000000001,2128.5460000000003,106.3434,2128.5460000000003,107.0179,2128.5460000000003,106.6117
2129.028,105.2441,2129.028,106.3551,2129.028,107.00050000000002,2129.028,106.6014
2129.5099999999998,105.2586,2129.5099999999998,106.3539,2129.5099999999998,106.98080000000002,2129.5099999999998,106.58460000000001
2129.992,105.2636,2129.992,106.3439,2129.992,106.9633,2129.992,106.56479999999999
2130.474,105.26070000000001,2130.474,106.3328,2130.474,106.9531,2130.474,106.54729999999999
2130.9559999999997,105.25359999999999,2130.9559999999997,106.3286,2130.9559999999997,106.9531,2130.9559999999997,106.5375
2131.438,105.24530000000001,2131.438,106.3358,2131.438,106.96289999999999,2131.438,106.53779999999999
2131.92,105.2376,2131.92,106.355,2131.92,106.9795,2131.92,106.5483
2132.4030000000002,105.22940000000001,2132.4030000000002,106.3836,2132.4030000000002,106.9991,2132.4030000000002,106.5668
2132.8849999999998,105.21940000000001,2132.8849999999998,106.419,2132.8849999999998,107.0201,2132.8849999999998,106.5907
2133.3669999999997,105.2066,2133.3669999999997,106.45960000000001,2133.3669999999997,107.0434,2133.3669999999997,106.618
2133.849,105.1924,2133.849,106.5054,2133.849,107.07260000000001,2133.849,106.64800000000001
2134.331,105.18050000000001,2134.331,106.55600000000001,2134.331,107.11059999999999,2134.331,106.68009999999998
2134.8129999999996,105.176,2134.8129999999996,106.6089,2134.8129999999996,107.1571,2134.8129999999996,106.7129
2135.295,105.1831,2135.295,106.6584,2135.295,107.20689999999999,2135.295,106.7436
2135.777,105.20369999999998,2135.777,106.6973,2135.777,107.2517,2135.777,106.76890000000002
2136.26,105.23610000000001,2136.26,106.7196,2136.26,107.2833,2136.26,106.7872
2136.741,105.27640000000001,2136.741,106.72399999999999,2136.741,107.2978,2136.741,106.80050000000001
2137.2239999999997,105.3193,2137.2239999999997,106.7145,2137.2239999999997,107.29729999999999,2137.2239999999997,106.8143
2137.706,105.3601,2137.706,106.69900000000001,2137.706,107.28930000000001,2137.706,106.83590000000001
2138.188,105.3949,2138.188,106.6844,2138.188,107.28219999999999,2138.188,106.87089999999999
2138.67,105.42089999999999,2138.67,106.67469999999999,2138.67,107.2821,2138.67,106.9201
2139.152,105.4352,2139.152,106.6686,2139.152,107.28949999999999,2139.152,106.97810000000001
2139.634,105.4352,2139.634,106.6624,2139.634,107.3005,2139.634,107.0346
2140.116,105.4187,2140.116,106.6529,2140.116,107.30949999999999,2140.116,107.0786
2140.598,105.38529999999999,2140.598,106.6412,2140.598,107.3131,2140.598,107.102
2141.0809999999997,105.3371,2141.0809999999997,106.6324,2141.0809999999997,107.31230000000001,2141.0809999999997,107.10260000000001
2141.563,105.27869999999999,2141.563,106.6339,2141.563,107.31120000000001,2141.563,107.08409999999999
2142.045,105.21629999999999,2142.045,106.6498,2142.045,107.3137,2142.045,107.0532
2142.527,105.15620000000001,2142.527,106.6779,2142.527,107.32,2142.527,107.0159
2143.009,105.10379999999999,2143.009,106.70930000000001,2143.009,107.32409999999999,2143.009,106.9752
2143.491,105.0629,2143.491,106.73179999999999,2143.491,107.31630000000001,2143.491,106.93189999999998
2143.973,105.0363,2143.973,106.7361,2143.973,107.2878,2143.973,106.8861
2144.455,105.02709999999999,2144.455,106.7215,2144.455,107.2368,2144.455,106.84100000000001
2144.9379999999996,105.0383,2144.9379999999996,106.69740000000002,2144.9379999999996,107.1712,2144.9379999999996,106.8036
2145.42,105.07280000000002,2145.42,106.67979999999999,2145.42,107.1075,2145.42,106.78399999999999
2145.902,105.1308,2145.902,106.68299999999999,2145.902,107.06439999999999,2145.902,106.7912
2146.384,105.2076,2146.384,106.71379999999999,2146.384,107.05590000000001,2146.384,106.829
2146.866,105.29250000000002,2146.866,106.76619999999998,2146.866,107.08519999999999,2146.866,106.8926
2147.348,105.36970000000001,2147.348,106.8244,2147.348,107.1436,2147.348,106.9701
2147.83,105.4214,2147.83,106.8689,2147.83,107.21350000000001,2147.83,107.04450000000001
2148.312,105.4339,2148.312,106.8856,2148.312,107.27590000000001,2148.312,107.10059999999999
2148.794,105.402,2148.794,106.87150000000001,2148.794,107.31759999999998,2148.794,107.1293
2149.277,105.3308,2149.277,106.83510000000001,2149.277,107.3348,2149.277,107.13
2149.759,105.23389999999999,2149.759,106.7903,2149.759,107.3318,2149.759,107.10839999999999
2150.241,105.12840000000001,2150.241,106.7499,2150.241,107.31679999999999,2150.241,107.07260000000001
2150.723,105.0295,2150.723,106.71870000000001,2150.723,107.29580000000001,2150.723,107.02860000000001
2151.205,104.94669999999999,2151.205,106.6928,2151.205,107.27009999999999,2151.205,106.9793
2151.687,104.8819,2151.687,106.66199999999999,2151.687,107.2355,2151.687,106.9231
2152.169,104.83180000000002,2152.169,106.61659999999999,2152.169,107.1869,2152.169,106.858
2152.6510000000003,104.79039999999999,2152.6510000000003,106.55220000000001,2152.6510000000003,107.1209,2152.6510000000003,106.7828
2153.134,104.7536,2153.134,106.4725,2153.134,107.0393,2153.134,106.7002
2153.616,104.71969999999999,2153.616,106.38730000000001,2153.616,106.9485,2153.616,106.6158
2154.098,104.69040000000001,2154.098,106.3094,2154.098,106.85810000000001,2154.098,106.53779999999999
2154.5800000000004,104.66850000000001,2154.5800000000004,106.2511,2154.5800000000004,106.77749999999999,2154.5800000000004,106.47489999999999
2155.062,104.6557,2155.062,106.2222,2155.062,106.71470000000001,2155.062,106.43599999999999
2155.544,104.6513,2155.544,106.2308,2155.544,106.6751,2155.544,106.4284
2156.026,104.65310000000001,2156.026,106.2846,2156.026,106.66279999999999,2156.026,106.45769999999999
2156.5080000000003,104.6587,2156.5080000000003,106.3895,2156.5080000000003,106.67999999999999,2156.5080000000003,106.52619999999999
2156.99,104.66709999999999,2156.99,106.54669999999999,2156.99,106.72699999999999,2156.99,106.63050000000001
2157.473,104.67999999999999,2157.473,106.7479,2157.473,106.7994,2157.473,106.761
2157.955,104.7001,2157.955,106.9719,2157.955,106.8867,2157.955,106.901
2158.4370000000004,104.7299,2158.4370000000004,107.1853,2158.4370000000004,106.9725,2158.4370000000004,107.03039999999999
2158.919,104.7693,2158.919,107.35190000000001,2158.919,107.0393,2158.919,107.1313
2159.401,104.8151,2159.401,107.44460000000001,2159.401,107.0744,2159.401,107.1949
2159.883,104.8631,2159.883,107.45849999999999,2159.883,107.07770000000001,2159.883,107.22510000000001
2160.3650000000002,104.9105,2160.3650000000002,107.4103,2160.3650000000002,107.0611,2160.3650000000002,107.2348
2160.8469999999998,104.9568,2160.8469999999998,107.3295,2160.8469999999998,107.0431,2160.8469999999998,107.2398
2161.33,105.0041,2161.33,107.2446,2161.33,107.04100000000001,2161.33,107.25009999999999
2161.812,105.05489999999999,2161.812,107.17360000000001,2161.812,107.06389999999999,2161.812,107.2664
2162.2940000000003,105.10999999999999,2162.2940000000003,107.1202,2162.2940000000003,107.1097,2162.2940000000003,107.2808
2162.776,105.16829999999999,2162.776,107.0789,2162.776,107.1682,2162.776,107.2823
2163.258,105.22659999999999,2163.258,107.0408,2163.258,107.22510000000001,2163.258,107.26199999999999
2163.74,105.28219999999999,2163.74,107.0027,2163.74,107.26979999999999,2163.74,107.2192
2164.222,105.3334,2164.222,106.9676,2164.222,107.29839999999999,2164.222,107.1609
2164.704,105.3809,2164.704,106.94399999999999,2164.704,107.3148,2164.704,107.10040000000001
2165.187,105.42620000000001,2165.187,106.9385,2165.187,107.3264,2165.187,107.0511
2165.668,105.4705,2165.668,106.9517,2165.668,107.3409,2165.668,107.0236
2166.1510000000003,105.5129,2166.1510000000003,106.9755,2166.1510000000003,107.3618,2166.1510000000003,107.0225
2166.633,105.55049999999999,2166.633,106.99680000000001,2166.633,107.3889,2166.633,107.04860000000001
2167.115,105.5788,2167.115,107.00259999999999,2167.115,107.41890000000001,2167.115,107.0986
2167.5969999999998,105.5951,2167.5969999999998,106.9875,2167.5969999999998,107.44940000000001,2167.5969999999998,107.16829999999999
2168.079,105.5985,2168.079,106.9545,2168.079,107.47919999999999,2168.079,107.2516
2168.561,105.5917,2168.561,106.91440000000001,2168.561,107.50930000000001,2168.561,107.34049999999999
2169.0429999999997,105.5784,2169.0429999999997,106.87880000000001,2169.0429999999997,107.54010000000001,2169.0429999999997,107.42370000000001
2169.525,105.5635,2169.525,106.85659999999999,2169.525,107.5707,2169.525,107.48880000000001
2170.0080000000003,105.54969999999999,2170.0080000000003,106.84949999999999,2170.0080000000003,107.59700000000001,2170.0080000000003,107.52390000000001
2170.4900000000002,105.5387,2170.4900000000002,106.8542,2170.4900000000002,107.61410000000001,2170.4900000000002,107.5236
2170.9719999999998,105.52999999999999,2170.9719999999998,106.86469999999998,2170.9719999999998,107.6178,2170.9719999999998,107.49109999999999
2171.4539999999997,105.523,2171.4539999999997,106.8775,2171.4539999999997,107.60730000000001,2171.4539999999997,107.43910000000001
2171.936,105.5175,2171.936,106.89249999999998,2171.936,107.5854,2171.936,107.3856
2172.418,105.5137,2172.418,106.91189999999999,2172.418,107.55669999999999,2172.418,107.3464
2172.8999999999996,105.5121,2172.8999999999996,106.9371,2172.8999999999996,107.52520000000001,2172.8999999999996,107.32939999999999
2173.382,105.5127,2173.382,106.96539999999999,2173.382,107.49249999999999,2173.382,107.33109999999999
2173.8650000000002,105.5147,2173.8650000000002,106.98989999999999,2173.8650000000002,107.45700000000001,2173.8650000000002,107.33930000000001
2174.347,105.5169,2174.347,107.0025,2174.347,107.41780000000001,2174.347,107.3397
2174.8289999999997,105.5188,2174.8289999999997,106.99810000000001,2174.8289999999997,107.37619999999998,2174.8289999999997,107.3234
2175.3109999999997,105.52140000000001,2175.3109999999997,106.9802,2175.3109999999997,107.3386,2175.3109999999997,107.29249999999999
2175.793,105.5269,2175.793,106.95989999999999,2175.793,107.3142,2175.793,107.2586
2176.275,105.53779999999999,2176.275,106.9527,2176.275,107.3119,2176.275,107.23700000000001
2176.7569999999996,105.55449999999999,2176.7569999999996,106.9704,2176.7569999999996,107.3345,2176.7569999999996,107.23769999999999
2177.239,105.5746,2177.239,107.0159,2177.239,107.37719999999999,2177.239,107.2599
2177.721,105.5923,2177.721,107.0797,2177.721,107.42639999999999,2177.721,107.29079999999999
2178.204,105.60050000000001,2178.204,107.14399999999999,2178.204,107.46610000000001,2178.204,107.3113
2178.6859999999997,105.593,2178.6859999999997,107.1879,2178.6859999999997,107.48199999999999,2178.6859999999997,107.3048
2179.1679999999997,105.56779999999999,2179.1679999999997,107.1971,2179.1679999999997,107.4684,2179.1679999999997,107.2649
2179.65,105.5272,2179.65,107.1671,2179.65,107.4291,2179.65,107.19879999999999
2180.132,105.4776,2180.132,107.1051,2180.132,107.37429999999999,2180.132,107.12410000000001
2180.614,105.4257,2180.614,107.0246,2180.614,107.31550000000001,2180.614,107.0606
2181.096,105.3761,2181.096,106.9405,2181.096,107.2598,2181.096,107.02279999999999
2181.578,105.32950000000001,2181.578,106.8633,2181.578,107.20739999999999,2181.578,107.0141
2182.061,105.2831,2182.061,106.79719999999999,2182.061,107.1545,2182.061,107.0276
2182.543,105.2326,2182.543,106.7413,2182.543,107.0964,2182.543,107.0502
2183.0249999999996,105.1757,2183.0249999999996,106.6932,2183.0249999999996,107.03419999999998,2183.0249999999996,107.0701
2183.507,105.11299999999999,2183.507,106.65039999999999,2183.507,106.97479999999999,2183.507,107.0808
2183.989,105.04850000000002,2183.989,106.61160000000001,2183.989,106.9292,2183.989,107.0822
2184.471,104.9873,2184.471,106.5756,2184.471,106.9065,2184.471,107.07690000000001
2184.953,104.9338,2184.953,106.54079999999999,2184.953,106.9095,2184.953,107.06720000000001
2185.435,104.8904,2185.435,106.5044,2185.435,106.932,2185.435,107.0514
2185.917,104.8581,2185.917,106.4647,2185.917,106.96170000000001,2185.917,107.02579999999999
2186.4,104.83720000000001,2186.4,106.4228,2186.4,106.9853,2186.4,106.98700000000001
2186.8819999999996,104.82929999999999,2186.8819999999996,106.3844,2186.8819999999996,106.99510000000001,2186.8819999999996,106.93619999999999
2187.364,104.8378,2187.364,106.35810000000001,2187.364,106.9928,2187.364,106.8808
2187.846,104.8669,2187.846,106.3528,2187.846,106.9883,2187.846,106.83259999999999
2188.328,104.91870000000002,2188.328,106.37259999999999,2188.328,106.99499999999999,2188.328,106.80369999999999
2188.81,104.99149999999999,2188.81,106.4149,2188.81,107.0232,2188.81,106.80149999999999
2189.292,105.07820000000001,2189.292,106.4693,2189.292,107.0745,2189.292,106.826
2189.774,105.16779999999999,2189.774,106.522,2189.774,107.1414,2189.774,106.8701
2190.257,105.24770000000001,2190.257,106.5596,2190.257,107.2095,2190.257,106.9219
2190.7389999999996,105.30850000000001,2190.7389999999996,106.575,2190.7389999999996,107.2635,2190.7389999999996,106.9696
2191.221,105.34589999999999,2191.221,106.56909999999999,2191.221,107.29310000000001,2191.221,107.0039
2191.703,105.36149999999999,2191.703,106.54950000000001,2191.703,107.2957,2191.703,107.0198
2192.185,105.3607,2192.185,106.5264,2192.185,107.27660000000002,2192.185,107.01570000000001
2192.6670000000004,105.35000000000001,2192.6670000000004,106.5083,2192.6670000000004,107.2459,2192.6670000000004,106.9918
2193.149,105.33399999999999,2193.149,106.49889999999999,2193.149,107.2141,2193.149,106.9489
2193.631,105.31569999999999,2193.631,106.49789999999999,2193.631,107.1901,2193.631,106.8896
2194.114,105.29610000000001,2194.114,106.5021,2194.114,107.1787,2194.114,106.81989999999999
2194.5950000000003,105.2773,2194.5950000000003,106.5094,2194.5950000000003,107.1816,2194.5950000000003,106.7496
2195.078,105.26230000000001,2195.078,106.5192,2195.078,107.1972,2195.078,106.6915
2195.56,105.2551,2195.56,106.5331,2195.56,107.2219,2195.56,106.65830000000001
2196.042,105.25880000000001,2196.042,106.55220000000001,2196.042,107.25039999999998,2196.042,106.6584
2196.5240000000003,105.2735,2196.5240000000003,106.57639999999999,2196.5240000000003,107.27640000000001,2196.5240000000003,106.6931
2197.006,105.2957,2197.006,106.6033,2197.006,107.29379999999999,2197.006,106.7551
2197.488,105.31980000000001,2197.488,106.6301,2197.488,107.2992,2197.488,106.8322
2197.9700000000003,105.34060000000001,2197.9700000000003,106.6554,2197.9700000000003,107.2937,2197.9700000000003,106.91060000000002
2198.452,105.35730000000001,2198.452,106.6812,2198.452,107.28370000000001,2198.452,106.97959999999999
2198.935,105.37369999999999,2198.935,106.71159999999999,2198.935,107.2786,2198.935,107.03450000000001
2199.417,105.3976,2199.417,106.75129999999999,2199.417,107.28850000000001,2199.417,107.076
2199.899,105.4365,2199.899,106.8009,2199.899,107.3185,2199.899,107.1075
2200.3810000000003,105.4932,2200.3810000000003,106.85579999999999,2200.3810000000003,107.3667,2200.3810000000003,107.13239999999999
2200.863,105.5635,2200.863,106.9062,2200.863,107.42419999999998,2200.863,107.15110000000001
2201.345,105.63579999999999,2201.345,106.941,2201.345,107.47789999999999,2201.345,107.1626
2201.827,105.69539999999999,2201.827,106.9525,2201.827,107.51610000000001,2201.827,107.16550000000001
2202.309,105.73060000000001,2202.309,106.94069999999999,2202.309,107.53349999999999,2202.309,107.1606
2202.792,105.7368,2202.792,106.914,2202.792,107.53280000000001,2202.792,107.15140000000001
2203.274,105.7183,2203.274,106.8861,2203.274,107.5237,2203.274,107.1431
2203.756,105.6865,2203.756,106.8703,2203.756,107.518,2203.756,107.1393
2204.2380000000003,105.65450000000001,2204.2380000000003,106.87480000000001,2204.2380000000003,107.52459999999999,2204.2380000000003,107.1406
2204.72,105.6324,2204.72,106.8989,2204.72,107.5455,2204.72,107.14410000000001
2205.2019999999998,105.62370000000001,2205.2019999999998,106.9348,2205.2019999999998,107.5768,2205.2019999999998,107.1452
2205.684,105.6262,2205.684,106.9711,2205.684,107.61030000000001,2205.684,107.1412
2206.166,105.6345,2206.166,106.99829999999999,2206.166,107.63910000000001,2206.166,107.1341
2206.648,105.64420000000001,2206.648,107.0121,2206.648,107.6595,2206.648,107.13060000000002
2207.131,105.65450000000001,2207.131,107.01499999999999,2207.131,107.67320000000001,2207.131,107.13980000000001
2207.613,105.66850000000001,2207.613,107.0136,2207.613,107.684,2207.613,107.16890000000001
2208.0950000000003,105.6907,2208.0950000000003,107.0161,2208.0950000000003,107.6956,2208.0950000000003,107.21929999999999
2208.577,105.72399999999999,2208.577,107.0284,2208.577,107.7082,2208.577,107.2848
2209.0589999999997,105.76689999999999,2209.0589999999997,107.05340000000001,2209.0589999999997,107.7191,2209.0589999999997,107.3539
2209.541,105.8136,2209.541,107.0903,2209.541,107.72319999999999,2209.541,107.4135
2210.023,105.8559,2210.023,107.1364,2210.023,107.71679999999999,2210.023,107.4543
2210.505,105.886,2210.505,107.18700000000001,2210.505,107.6989,2210.505,107.4733
2210.988,105.89900000000002,2210.988,107.2358,2210.988,107.672,2210.988,107.47420000000001
2211.47,105.8936,2211.47,107.274,2211.47,107.6397,2211.47,107.4635
2211.952,105.87089999999999,2211.952,107.29169999999999,2211.952,107.6053,2211.952,107.44709999999999
2212.434,105.83229999999999,2212.434,107.2791,2212.434,107.5687,2212.434,107.4268
2212.9159999999997,105.7787,2212.9159999999997,107.2305,2212.9159999999997,107.5281,2212.9159999999997,107.40050000000001
2213.398,105.71,2213.398,107.14710000000001,2213.398,107.48100000000001,2213.398,107.36429999999999
2213.88,105.62800000000001,2213.88,107.0396,2213.88,107.4276,2213.88,107.31600000000002
2214.362,105.5367,2214.362,106.92530000000001,2214.362,107.37209999999999,2214.362,107.25720000000001
2214.8439999999996,105.4443,2214.8439999999996,106.82430000000001,2214.8439999999996,107.3215,2214.8439999999996,107.19369999999999
2215.3269999999998,105.3614,2215.3269999999998,106.7522,2215.3269999999998,107.284,2215.3269999999998,107.1335
2215.809,105.29839999999999,2215.809,106.7162,2215.809,107.2649,2215.809,107.08359999999999
2216.291,105.26230000000001,2216.291,106.7128,2216.291,107.26469999999999,2216.291,107.0473
2216.7729999999997,105.25389999999999,2216.7729999999997,106.7304,2216.7729999999997,107.2786,2216.7729999999997,107.02430000000001
2217.255,105.268,2217.255,106.75399999999999,2217.255,107.29839999999999,2217.255,107.01100000000001
2217.737,105.29489999999998,2217.737,106.77159999999999,2217.737,107.31630000000001,2217.737,107.0038
2218.219,105.324,2218.219,106.7777,2218.219,107.3271,2218.219,107.0004
2218.701,105.3472,2218.701,106.7742,2218.701,107.3301,2218.701,107.00099999999999
2219.1839999999997,105.3609,2219.1839999999997,106.7676,2219.1839999999997,107.3285,2219.1839999999997,107.007
2219.666,105.3657,2219.666,106.76509999999999,2219.666,107.3265,2219.666,107.0192
2220.148,105.36479999999999,2220.148,106.7709,2220.148,107.32740000000001,2220.148,107.0365
2220.63,105.3617,2220.63,106.785,2220.63,107.33220000000001,2220.63,107.0554
2221.112,105.3579,2221.112,106.8032,2221.112,107.33919999999999,2221.112,107.071
2221.594,105.3531,2221.594,106.81989999999999,2221.594,107.3453,2221.594,107.0785
2222.076,105.34559999999999,2222.076,106.82990000000001,2222.076,107.3469,2222.076,107.075
2222.558,105.3329,2222.558,106.829,2222.558,107.341,2222.558,107.0595
2223.0409999999997,105.31299999999999,2223.0409999999997,106.8142,2223.0409999999997,107.32509999999999,2223.0409999999997,107.03290000000001
2223.522,105.28519999999999,2223.522,106.7837,2223.522,107.29709999999999,2223.522,106.99680000000001
2224.005,105.24940000000001,2224.005,106.7362,2224.005,107.2556,2224.005,106.9528
2224.487,105.2068,2224.487,106.67269999999999,2224.487,107.2008,2224.487,106.9027
2224.969,105.15939999999999,2224.969,106.5974,2224.969,107.1353,2224.969,106.84899999999999
2225.451,105.11120000000001,2225.451,106.5191,2225.451,107.06530000000001,2225.451,106.7949
2225.933,105.06739999999999,2225.933,106.4491,2225.933,106.9989,2225.933,106.7443
2226.415,105.03370000000001,2226.415,106.3993,2226.415,106.9447,2226.415,106.7007
2226.897,105.0154,2226.897,106.3773,2226.897,106.9088,2226.897,106.6657
2227.379,105.01480000000001,2227.379,106.3847,2227.379,106.8929,2227.379,106.63959999999999
2227.862,105.03089999999999,2227.862,106.41560000000001,2227.862,106.8937,2227.862,106.6206
2228.344,105.05839999999999,2228.344,106.45899999999999,2228.344,106.9049,2228.344,106.6077
2228.826,105.0897,2228.826,106.50249999999998,2228.826,106.91950000000001,2228.826,106.60119999999999
2229.308,105.11749999999999,2229.308,106.53760000000001,2229.308,106.9335,2229.308,106.6038
2229.79,105.13729999999998,2229.79,106.5609,2229.79,106.9464,2229.79,106.61970000000001
2230.272,105.14920000000001,2230.272,106.57570000000001,2230.272,106.96090000000001,2230.272,106.6526
2230.754,105.1566,2230.754,106.5885,2230.754,106.98080000000002,2230.754,106.70219999999999
2231.236,105.1649,2231.236,106.60579999999999,2231.236,107.00739999999999,2231.236,106.764
2231.719,105.178,2231.719,106.63070000000002,2231.719,107.0386,2231.719,106.82879999999999
2232.201,105.1963,2232.201,106.6616,2232.201,107.0691,2232.201,106.886
2232.683,105.21640000000001,2232.683,106.69340000000001,2232.683,107.09280000000001,2232.683,106.92710000000001
2233.165,105.2323,2233.165,106.71969999999999,2233.165,107.1062,2233.165,106.9486
2233.647,105.2379,2233.647,106.7358,2233.647,107.1098,2233.647,106.9524
2234.129,105.22940000000001,2234.129,106.7393,2234.129,107.1081,2234.129,106.9447
2234.6110000000003,105.20719999999999,2234.6110000000003,106.73079999999999,2234.6110000000003,107.10740000000001,2234.6110000000003,106.9325
2235.093,105.1752,2235.093,106.7133,2235.093,107.1129,2235.093,106.9208
2235.575,105.1401,2235.575,106.6905,2235.575,107.1265,2235.575,106.91090000000001
2236.058,105.1088,2236.058,106.6668,2236.058,107.1461,2236.058,106.9021
2236.5400000000004,105.0872,2236.5400000000004,106.64640000000001,2236.5400000000004,107.1674,2236.5400000000004,106.8932
2237.022,105.0786,2237.022,106.6337,2237.022,107.18639999999999,2237.022,106.8851
2237.504,105.08420000000001,2237.504,106.63229999999999,2237.504,107.2014,2237.504,106.88109999999999
2237.986,105.1032,2237.986,106.6438,2237.986,107.21370000000002,2237.986,106.88640000000001
2238.4680000000003,105.1333,2238.4680000000003,106.66690000000001,2238.4680000000003,107.2265,2238.4680000000003,106.9049
2238.95,105.1714,2238.95,106.6973,2238.95,107.24260000000001,2238.95,106.9371
2239.432,105.21370000000002,2239.432,106.7277,2239.432,107.2628,2239.432,106.97890000000001
2239.915,105.25569999999999,2239.915,106.7504,2239.915,107.2856,2239.915,107.0231
2240.3970000000004,105.2932,2240.3970000000004,106.7597,2240.3970000000004,107.3074,2240.3970000000004,107.06169999999999
2240.879,105.3235,2240.879,106.75429999999999,2240.879,107.3263,2240.879,107.0891
2241.361,105.3458,2241.361,106.73740000000001,2241.361,107.3419,2241.361,107.1043
2241.843,105.3614,2241.843,106.7156,2241.843,107.3571,2241.843,107.1102
2242.3250000000003,105.37339999999999,2242.3250000000003,106.6958,2242.3250000000003,107.37559999999999,2242.3250000000003,107.11139999999999
2242.807,105.3852,2242.807,106.68329999999999,2242.807,107.3998,2242.807,107.1118
2243.2889999999998,105.39840000000001,2243.2889999999998,106.6792,2243.2889999999998,107.429,2243.2889999999998,107.1121
2243.771,105.41279999999999,2243.771,106.68169999999999,2243.771,107.4586,2243.771,107.1103
2244.2540000000004,105.4251,2244.2540000000004,106.68630000000002,2244.2540000000004,107.4813,2244.2540000000004,107.1027
2244.736,105.43100000000001,2244.736,106.6889,2244.736,107.4897,2244.736,107.0865
2245.218,105.42640000000002,2245.218,106.6865,2245.218,107.4791,2245.218,107.06119999999999
2245.7,105.4094,2245.7,106.67819999999999,2245.7,107.4497,2245.7,107.02940000000001
2246.1820000000002,105.38050000000001,2246.1820000000002,106.664,2246.1820000000002,107.4055,2246.1820000000002,106.9952
2246.664,105.3428,2246.664,106.6446,2246.664,107.3533,2246.664,106.96300000000001
2247.1459999999997,105.3013,2247.1459999999997,106.62100000000001,2247.1459999999997,107.3008,2247.1459999999997,106.9356
2247.628,105.26089999999999,2247.628,106.59490000000001,2247.628,107.254,2247.628,106.9143
2248.1110000000003,105.22590000000001,2248.1110000000003,106.56920000000001,2248.1110000000003,107.21719999999999,2248.1110000000003,106.89899999999999
2248.593,105.19909999999999,2248.593,106.54870000000001,2248.593,107.19229999999999,2248.593,106.8897
2249.075,105.18209999999999,2249.075,106.5393,2249.075,107.17970000000001,2249.075,106.88690000000001
2249.557,105.17479999999999,2249.557,106.5456,2249.557,107.1785,2249.557,106.89120000000001
2250.039,105.17620000000001,2250.039,106.56859999999999,2250.039,107.18650000000001,2250.039,106.90180000000001
2250.521,105.18399999999998,2250.521,106.60510000000001,2250.521,107.19989999999999,2250.521,106.9163
2251.0029999999997,105.19460000000001,2251.0029999999997,106.6465,2251.0029999999997,107.2134,2251.0029999999997,106.92980000000001
2251.485,105.2041,2251.485,106.6822,2251.485,107.2209,2251.485,106.9361
2251.9680000000003,105.2084,2251.9680000000003,106.7024,2251.9680000000003,107.2171,2251.9680000000003,106.9304
2252.449,105.2047,2252.449,106.70200000000001,2252.449,107.1992,2252.449,106.9107
2252.932,105.1926,2252.932,106.6819,2252.932,107.16829999999999,2252.932,106.8792
2253.4139999999998,105.1742,2253.4139999999998,106.64849999999998,2253.4139999999998,107.1292,2253.4139999999998,106.842
2253.896,105.1535,2253.896,106.6112,2253.896,107.08919999999999,2253.896,106.8063
2254.378,105.13539999999999,2254.378,106.57849999999999,2254.378,107.0555,2254.378,106.77829999999999
2254.8599999999997,105.1232,2254.8599999999997,106.5549,2254.8599999999997,107.0327,2254.8599999999997,106.7607
2255.342,105.1182,2255.342,106.54060000000001,2255.342,107.0219,2255.342,106.75250000000001
2255.824,105.1186,2255.824,106.5314,2255.824,107.02020000000002,2255.824,106.74980000000001
2256.306,105.1212,2256.306,106.52239999999999,2256.306,107.02210000000001,2256.306,106.7477
2256.7889999999998,105.122,2256.7889999999998,106.50930000000001,2256.7889999999998,107.02199999999999,2256.7889999999998,106.7423
2257.271,105.118,2257.271,106.4905,2257.271,107.0154,2257.271,106.73179999999999
2257.753,105.1083,2257.753,106.467,2257.753,107.0006,2257.753,106.7164
2258.235,105.0934,2258.235,106.441,2258.235,106.97810000000001,2258.235,106.69720000000001
2258.7169999999996,105.0748,2258.7169999999996,106.41480000000001,2258.7169999999996,106.9502,2258.7169999999996,106.6759
2259.199,105.054,2259.199,106.3897,2259.199,106.9209,2259.199,106.65350000000001
2259.681,105.0315,2259.681,106.3664,2259.681,106.894,2259.681,106.6316
2260.163,105.008,2260.163,106.3453,2260.163,106.874,2260.163,106.61210000000001
2260.6459999999997,104.9838,2260.6459999999997,106.3275,2260.6459999999997,106.8648,2260.6459999999997,106.5978
2261.128,104.96039999999999,2261.128,106.3152,2261.128,106.86919999999999,2261.128,106.59190000000001
2261.61,104.9404,2261.61,106.3107,2261.61,106.88819999999998,2261.61,106.5971
2262.092,104.92660000000001,2262.092,106.31580000000001,2262.092,106.9204,2262.092,106.6143
2262.574,104.9218,2262.574,106.3309,2262.574,106.96159999999999,2262.574,106.64240000000001
2263.056,104.9274,2263.056,106.35419999999999,2263.056,107.0055,2263.056,106.67770000000002
2263.538,104.94239999999999,2263.538,106.38220000000001,2263.538,107.04530000000001,2263.538,106.7158
2264.02,104.9644,2264.02,106.41069999999999,2264.02,107.07549999999999,2264.02,106.7522
2264.5020000000004,104.98970000000001,2264.5020000000004,106.43560000000001,2264.5020000000004,107.0931,2264.5020000000004,106.7835
2264.985,105.0152,2264.985,106.45450000000001,2264.985,107.0987,2264.985,106.8082
2265.467,105.0386,2265.467,106.4659,2265.467,107.0956,2265.467,106.8251
2265.949,105.0588,2265.949,106.46990000000001,2265.949,107.08800000000001,2265.949,106.8338
2266.431,105.0753,2266.431,106.46709999999999,2266.431,107.07930000000002,2266.431,106.83309999999999
2266.913,105.0874,2266.913,106.4589,2266.913,107.07130000000001,2266.913,106.8221
2267.395,105.09329999999999,2267.395,106.4463,2267.395,107.0629,2267.395,106.8001
2267.877,105.0911,2267.877,106.4309,2267.877,107.05210000000001,2267.877,106.76840000000001
2268.3590000000004,105.0788,2268.3590000000004,106.4142,2268.3590000000004,107.0363,2268.3590000000004,106.7297
2268.842,105.0562,2268.842,106.3981,2268.842,107.0146,2268.842,106.6889
2269.324,105.02560000000001,2269.324,106.38430000000001,2269.324,106.9883,2269.324,106.6516
2269.806,104.9916,2269.806,106.37440000000001,2269.806,106.96039999999999,2269.806,106.6221
2270.288,104.96039999999999,2270.288,106.36939999999998,2270.288,106.93570000000001,2270.288,106.6034
2270.77,104.9383,2270.77,106.37,2270.77,106.91839999999999,2270.77,106.5958
2271.252,104.9294,2271.252,106.37620000000001,2271.252,106.91189999999999,2271.252,106.59769999999999
2271.734,104.9348,2271.734,106.38730000000001,2271.734,106.91720000000001,2271.734,106.6064
2272.2160000000003,104.9525,2272.2160000000003,106.4023,2272.2160000000003,106.9333,2272.2160000000003,106.61860000000001
2272.6980000000003,104.9782,2272.6980000000003,106.41940000000001,2272.6980000000003,106.957,2272.6980000000003,106.6319
2273.181,105.00659999999999,2273.181,106.4364,2273.181,106.9842,2273.181,106.64450000000001
2273.663,105.0333,2273.663,106.4513,2273.663,107.0108,2273.663,106.6554
2274.145,105.0555,2274.145,106.46249999999999,2274.145,107.0333,2274.145,106.66420000000001
2274.627,105.07260000000001,2274.627,106.46979999999999,2274.627,107.05,2274.627,106.6716
2275.109,105.08519999999999,2275.109,106.4738,2275.109,107.0605,2275.109,106.67819999999999
2275.591,105.0951,2275.591,106.4764,2275.591,107.0661,2275.591,106.68530000000001
2276.0730000000003,105.1033,2276.0730000000003,106.4796,2276.0730000000003,107.06830000000001,2276.0730000000003,106.6935
2276.5550000000003,105.1105,2276.5550000000003,106.4844,2276.5550000000003,107.06830000000001,2276.5550000000003,106.7027
2277.038,105.1166,2277.038,106.49010000000001,2277.038,107.0663,2277.038,106.71159999999999
2277.52,105.12079999999999,2277.52,106.49459999999999,2277.52,107.0611,2277.52,106.7173
2278.002,105.1222,2278.002,106.49489999999999,2278.002,107.0507,2278.002,106.7165
2278.4840000000004,105.11999999999999,2278.4840000000004,106.488,2278.4840000000004,107.03370000000001,2278.4840000000004,106.70660000000001
2278.966,105.1139,2278.966,106.4726,2278.966,107.00959999999999,2278.966,106.68679999999999
2279.448,105.104,2279.448,106.449,2279.448,106.98,2279.448,106.6589
2279.9300000000003,105.0909,2279.9300000000003,106.41929999999999,2279.9300000000003,106.9482,2279.9300000000003,106.6273
2280.4120000000003,105.0755,2280.4120000000003,106.38650000000001,2280.4120000000003,106.91839999999999,2280.4120000000003,106.5976
2280.895,105.0589,2280.895,106.35319999999999,2280.895,106.89440000000002,2280.895,106.5754
2281.3759999999997,105.04249999999999,2281.3759999999997,106.3212,2281.3759999999997,106.8786,2281.3759999999997,106.56490000000001
2281.859,105.0277,2281.859,106.2917,2281.859,106.8711,2281.859,106.5673
2282.3410000000003,105.01599999999999,2282.3410000000003,106.26530000000001,2282.3410000000003,106.8705,2282.3410000000003,106.5817
2282.823,105.0084,2282.823,106.2427,2282.823,106.8737,2282.823,106.6049
2283.305,105.0057,2283.305,106.2253,2283.305,106.87830000000001,2283.305,106.6329
2283.7870000000003,105.0076,2283.7870000000003,106.21449999999999,2283.7870000000003,106.88230000000001,2283.7870000000003,106.6613
2284.2690000000002,105.01320000000001,2284.2690000000002,106.2111,2284.2690000000002,106.8851,2284.2690000000002,106.68599999999999
2284.751,105.02100000000002,2284.751,106.2146,2284.751,106.8868,2284.751,106.7034
2285.2329999999997,105.02880000000002,2285.2329999999997,106.22309999999999,2285.2329999999997,106.888,2285.2329999999997,106.71090000000001
2285.716,105.0341,2285.716,106.2331,2285.716,106.88839999999999,2285.716,106.7067
2286.1980000000003,105.03469999999999,2286.1980000000003,106.2409,2286.1980000000003,106.88690000000001,2286.1980000000003,106.69040000000001
2286.68,105.02880000000002,2286.68,106.24279999999999,2286.68,106.8817,2286.68,106.6632
2287.162,105.0152,2287.162,106.23670000000001,2287.162,106.8704,2287.162,106.6276
2287.6440000000002,104.9933,2287.6440000000002,106.22149999999999,2287.6440000000002,106.8511,2287.6440000000002,106.587
2288.126,104.9636,2288.126,106.1974,2288.126,106.8229,2288.126,106.54440000000001
2288.608,104.92710000000001,2288.608,106.1653,2288.608,106.7858,2288.608,106.50189999999999
2289.0899999999997,104.8856,2289.0899999999997,106.1267,2289.0899999999997,106.74170000000001,2289.0899999999997,106.46029999999999
2289.573,104.8414,2289.573,106.0833,2289.573,106.69340000000001,2289.573,106.419
2290.0550000000003,104.79700000000001,2290.0550000000003,106.03800000000001,2290.0550000000003,106.64489999999999,2290.0550000000003,106.3779
2290.5370000000003,104.7552,2290.5370000000003,105.9944,2290.5370000000003,106.6003,2290.5370000000003,106.3371
2291.019,104.7188,2291.019,105.9567,2291.019,106.56349999999999,2291.019,106.2989
2291.501,104.6895,2291.501,105.92859999999999,2291.501,106.53710000000001,2291.501,106.26610000000001
2291.983,104.66850000000001,2291.983,105.91239999999999,2291.983,106.52219999999998,2291.983,106.2422
2292.465,104.6559,2292.465,105.90790000000001,2292.465,106.518,2292.465,106.2293
2292.9469999999997,104.65050000000001,2292.9469999999997,105.9123,2292.9469999999997,106.52189999999999,2292.9469999999997,106.22739999999999
2293.429,104.6507,2293.429,105.92099999999999,2293.429,106.53049999999999,2293.429,106.2344
2293.9120000000003,104.6542,2293.9120000000003,105.9289,2293.9120000000003,106.54030000000002,2293.9120000000003,106.24659999999999
2294.3940000000002,104.65910000000001,2294.3940000000002,105.932,2294.3940000000002,106.54889999999999,2294.3940000000002,106.2602
2294.8759999999997,104.664,2294.8759999999997,105.92839999999998,2294.8759999999997,106.5554,2294.8759999999997,106.27260000000001
2295.358,104.668,2295.358,105.9189,2295.358,106.5602,2295.358,106.28269999999999
2295.84,104.67089999999999,2295.84,105.9057,2295.84,106.56430000000002,2295.84,106.2912
2296.322,104.67249999999999,2296.322,105.8913,2296.322,106.5688,2296.322,106.2993
2296.8039999999996,104.6726,2296.8039999999996,105.878,2296.8039999999996,106.57399999999998,2296.8039999999996,106.3078
2297.286,104.6706,2297.286,105.867,2297.286,106.5791,2297.286,106.3164
2297.7690000000002,104.6658,2297.7690000000002,105.85849999999999,2297.7690000000002,106.5826,2297.7690000000002,106.32379999999999
2298.251,104.65709999999999,2298.251,105.8529,2298.251,106.583,2298.251,106.3286
2298.7329999999997,104.6441,2298.7329999999997,105.8507,2298.7329999999997,106.5799,2298.7329999999997,106.32969999999999
2299.215,104.6268,2299.215,105.85260000000001,2299.215,106.5738,2299.215,106.3273
2299.697,104.60640000000001,2299.697,105.8595,2299.697,106.56639999999999,2299.697,106.3225
2300.179,104.58449999999999,2300.179,105.8707,2300.179,106.55950000000001,2300.179,106.31710000000001
2300.661,104.5634,2300.661,105.88439999999999,2300.661,106.555,2300.661,106.31250000000001
2301.143,104.54520000000001,2301.143,105.8976,2301.143,106.55330000000001,2301.143,106.30919999999999
2301.625,104.5315,2301.625,105.90690000000001,2301.625,106.5542,2301.625,106.3066
2302.108,104.5233,2302.108,105.9098,2302.108,106.55669999999999,2302.108,106.304
2302.5899999999997,104.52090000000001,2302.5899999999997,105.90610000000001,2302.5899999999997,106.5599,2302.5899999999997,106.30060000000002
2303.072,104.52369999999999,2303.072,105.8978,2303.072,106.5631,2303.072,106.2964
2303.554,104.53110000000001,2303.554,105.88850000000001,2303.554,106.5667,2303.554,106.2919
2304.036,104.542,2304.036,105.8822,2304.036,106.5713,2304.036,106.28820000000002
2304.518,104.5552,2304.518,105.88139999999999,2304.518,106.5777,2304.518,106.28549999999998
2305.0,104.5698,2305.0,105.88690000000001,2305.0,106.5863,2305.0,106.2839
2305.482,104.58449999999999,2305.482,105.89710000000001,2305.482,106.5968,2305.482,106.2823
2305.965,104.5981,2305.965,105.9088,2305.965,106.6082,2305.965,106.2796
2306.447,104.60940000000001,2306.447,105.91870000000002,2306.447,106.6192,2306.447,106.27489999999999
2306.929,104.61739999999999,2306.929,105.9242,2306.929,106.62819999999999,2306.929,106.2682
2307.411,104.6213,2307.411,105.92399999999999,2307.411,106.63430000000001,2307.411,106.26050000000001
2307.893,104.6214,2307.893,105.91820000000001,2307.893,106.637,2307.893,106.2532
2308.375,104.6183,2308.375,105.9083,2308.375,106.63640000000001,2308.375,106.2479
2308.857,104.6138,2308.857,105.89599999999999,2308.857,106.6335,2308.857,106.2452
2309.339,104.60979999999999,2309.339,105.8835,2309.339,106.6296,2309.339,106.24530000000001
2309.822,104.60810000000001,2309.822,105.87249999999999,2309.822,106.6264,2309.822,106.2473
2310.3030000000003,104.60979999999999,2310.3030000000003,105.8645,2310.3030000000003,106.6254,2310.3030000000003,106.25009999999999
2310.786,104.6149,2310.786,105.86040000000001,2310.786,106.6279,2310.786,106.2526
2311.268,104.6221,2311.268,105.85990000000001,2311.268,106.6341,2311.268,106.2543
2311.75,104.62929999999999,2311.75,105.8621,2311.75,106.64290000000001,2311.75,106.25489999999999
2312.232,104.6343,2312.232,105.8651,2312.232,106.6527,2312.232,106.2546
2312.714,104.6352,2312.714,105.8671,2312.714,106.6608,2312.714,106.25389999999999
2313.196,104.6311,2313.196,105.86670000000001,2313.196,106.6652,2313.196,106.25359999999999
2313.678,104.6221,2313.678,105.86359999999999,2313.678,106.6643,2313.678,106.25439999999999
2314.1600000000003,104.60940000000001,2314.1600000000003,105.85849999999999,2314.1600000000003,106.6579,2314.1600000000003,106.2568
2314.643,104.5943,2314.643,105.85309999999998,2314.643,106.6468,2314.643,106.2606
2315.125,104.57799999999999,2315.125,105.84899999999999,2315.125,106.63210000000001,2315.125,106.26450000000001
2315.607,104.5614,2315.607,105.84700000000001,2315.607,106.61540000000001,2315.607,106.26660000000001
2316.089,104.5453,2316.089,105.8467,2316.089,106.5979,2316.089,106.2644
2316.5710000000004,104.53049999999999,2316.5710000000004,105.8467,2316.5710000000004,106.58050000000001,2316.5710000000004,106.2559
2317.053,104.51820000000001,2317.053,105.8458,2317.053,106.5647,2317.053,106.24080000000001
2317.535,104.5105,2317.535,105.84309999999999,2317.535,106.55220000000001,2317.535,106.2209
2318.0170000000003,104.5096,2318.0170000000003,105.8393,2318.0170000000003,106.54490000000001,2318.0170000000003,106.2003
2318.5,104.5169,2318.5,105.83610000000002,2318.5,106.54429999999999,2318.5,106.1841
2318.982,104.5325,2318.982,105.8357,2318.982,106.55019999999999,2318.982,106.17620000000001
2319.464,104.5542,2319.464,105.8395,2319.464,106.5601,2319.464,106.178
2319.946,104.57780000000001,2319.946,105.8476,2319.946,106.5688,2319.946,106.18650000000001
2320.4280000000003,104.5979,2320.4280000000003,105.85849999999999,2320.4280000000003,106.5698,2320.4280000000003,106.1957
2320.91,104.60959999999999,2320.91,105.86949999999999,2320.91,106.55730000000001,2320.91,106.19810000000001
2321.392,104.60959999999999,2321.392,105.8775,2321.392,106.52820000000001,2321.392,106.1879
2321.8740000000003,104.59750000000001,2321.8740000000003,105.8802,2321.8740000000003,106.4845,2321.8740000000003,106.1639
2322.356,104.5756,2322.356,105.87580000000001,2322.356,106.4326,2322.356,106.12950000000001
2322.839,104.5476,2322.839,105.864,2322.839,106.38250000000001,2322.839,106.09230000000001
2323.321,104.51790000000001,2323.321,105.84469999999999,2323.321,106.3439,2323.321,106.0608
2323.803,104.4897,2323.803,105.8186,2323.803,106.32360000000001,2323.803,106.0416
2324.2850000000003,104.465,2324.2850000000003,105.7867,2324.2850000000003,106.32410000000002,2324.2850000000003,106.0371
2324.767,104.44389999999999,2324.767,105.7509,2324.767,106.3424,2324.767,106.04549999999999
2325.249,104.4264,2325.249,105.7142,2325.249,106.37259999999999,2325.249,106.0621
2325.731,104.41229999999999,2325.731,105.68029999999999,2325.731,106.4071,2325.731,106.0813
2326.213,104.4019,2326.213,105.6527,2326.213,106.43959999999998,2326.213,106.09930000000001
2326.696,104.39609999999999,2326.696,105.6343,2326.696,106.46580000000002,2326.696,106.1142
2327.178,104.3957,2327.178,105.6256,2327.178,106.4842,2327.178,106.1267
2327.66,104.40069999999999,2327.66,105.6251,2327.66,106.49519999999998,2327.66,106.1384
2328.1420000000003,104.41,2328.1420000000003,105.62899999999999,2328.1420000000003,106.50070000000001,2328.1420000000003,106.15060000000001
2328.6240000000003,104.4211,2328.6240000000003,105.6336,2328.6240000000003,106.5023,2328.6240000000003,106.1629
2329.1059999999998,104.43119999999999,2329.1059999999998,105.6354,2329.1059999999998,106.50150000000001,2329.1059999999998,106.17360000000001
2329.588,104.4373,2329.588,105.63329999999999,2329.588,106.49900000000001,2329.588,106.1798
2330.07,104.4381,2330.07,105.6281,2330.07,106.495,2330.07,106.1787
2330.552,104.4335,2330.552,105.6215,2330.552,106.4889,2330.552,106.16890000000001
2331.035,104.42530000000001,2331.035,105.61529999999999,2331.035,106.48010000000001,2331.035,106.15090000000001
2331.517,104.4162,2331.517,105.61009999999999,2331.517,106.46789999999999,2331.517,106.1267
2331.9990000000003,104.4087,2331.9990000000003,105.60510000000001,2331.9990000000003,106.4518,2331.9990000000003,106.09949999999999
2332.481,104.4049,2332.481,105.59909999999999,2332.481,106.4321,2332.481,106.0724
2332.9629999999997,104.4052,2332.9629999999997,105.5913,2332.9629999999997,106.4099,2332.9629999999997,106.0479
2333.445,104.4094,2333.445,105.5826,2333.445,106.38780000000001,2333.445,106.0279
2333.927,104.4162,2333.927,105.5754,2333.927,106.3693,2333.927,106.0138
2334.409,104.42450000000001,2334.409,105.5726,2334.409,106.3586,2334.409,106.00670000000001
2334.892,104.4331,2334.892,105.5763,2334.892,106.3594,2334.892,106.00750000000001
2335.374,104.4412,2335.374,105.5872,2335.374,106.3733,2335.374,106.0171
2335.856,104.4486,2335.856,105.6041,2335.856,106.39940000000001,2335.856,106.0352
2336.338,104.4551,2336.338,105.62480000000001,2336.338,106.43450000000001,2336.338,106.0611
2336.8199999999997,104.4612,2336.8199999999997,105.6463,2336.8199999999997,106.4738,2336.8199999999997,106.0932
2337.302,104.46740000000001,2337.302,105.66660000000002,2337.302,106.51280000000001,2337.302,106.1298
2337.784,104.47470000000001,2337.784,105.68459999999999,2337.784,106.5483,2337.784,106.16929999999999
2338.266,104.484,2338.266,105.7002,2338.266,106.57939999999999,2338.266,106.2103
2338.749,104.4965,2338.749,105.71459999999999,2338.749,106.6067,2338.749,106.25139999999999
2339.23,104.5126,2339.23,105.72900000000001,2339.23,106.63080000000001,2339.23,106.29090000000001
2339.713,104.5318,2339.713,105.7443,2339.713,106.6519,2339.713,106.3268
2340.195,104.5528,2340.195,105.7609,2340.195,106.6687,2340.195,106.35669999999999
2340.6769999999997,104.5726,2340.6769999999997,105.7785,2340.6769999999997,106.67880000000001,2340.6769999999997,106.37780000000001
2341.159,104.5872,2341.159,105.7966,2341.159,106.67949999999999,2341.159,106.38749999999999
2341.641,104.59210000000002,2341.641,105.81309999999999,2341.641,106.66929999999999,2341.641,106.3844
2342.123,104.5847,2342.123,105.82419999999999,2342.123,106.65020000000001,2342.123,106.37
2342.605,104.566,2342.605,105.826,2342.605,106.62700000000001,2342.605,106.349
2343.087,104.5412,2343.087,105.81719999999999,2343.087,106.6049,2343.087,106.3278
2343.57,104.5175,2343.57,105.8009,2343.57,106.58760000000001,2343.57,106.31150000000001
2344.052,104.5007,2344.052,105.7828,2344.052,106.5763,2344.052,106.30250000000001
2344.534,104.4925,2344.534,105.7678,2344.534,106.57039999999999,2344.534,106.2995
2345.016,104.4902,2345.016,105.7587,2345.016,106.56790000000001,2345.016,106.2988
2345.498,104.48960000000001,2345.498,105.7557,2345.498,106.5665,2345.498,106.29710000000001
2345.98,104.4875,2345.98,105.7575,2345.98,106.5642,2345.98,106.29299999999999
2346.462,104.4839,2346.462,105.76289999999999,2346.462,106.5599,2346.462,106.2874
2346.944,104.481,2346.944,105.77049999999998,2346.944,106.55399999999999,2346.944,106.2826
2347.427,104.4809,2347.427,105.77890000000001,2347.427,106.5472,2347.427,106.28
2347.909,104.48409999999998,2347.909,105.78689999999999,2347.909,106.5402,2347.909,106.2798
2348.391,104.4894,2348.391,105.79289999999999,2348.391,106.53330000000001,2348.391,106.28040000000001
2348.873,104.494,2348.873,105.79570000000001,2348.873,106.52680000000001,2348.873,106.2796
2349.355,104.4948,2349.355,105.79400000000001,2349.355,106.52060000000002,2349.355,106.27539999999999
2349.837,104.4892,2349.837,105.7875,2349.837,106.51509999999999,2349.837,106.26660000000001
2350.319,104.4774,2350.319,105.7769,2350.319,106.50999999999999,2350.319,106.2541
2350.801,104.4617,2350.801,105.7646,2350.801,106.5053,2350.801,106.2405
2351.283,104.4476,2351.283,105.75460000000001,2351.283,106.50040000000001,2351.283,106.2301
2351.766,104.44059999999999,2351.766,105.7515,2351.766,106.49539999999999,2351.766,106.22739999999999
2352.248,104.4437,2352.248,105.75840000000001,2352.248,106.49010000000001,2352.248,106.2346
2352.73,104.4543,2352.73,105.7754,2352.73,106.4848,2352.73,106.2492
2353.212,104.4657,2353.212,105.7991,2353.212,106.4797,2353.212,106.2652
2353.694,104.4718,2353.694,105.82430000000001,2353.694,106.4758,2353.694,106.27629999999999
2354.176,104.4708,2354.176,105.84519999999999,2354.176,106.47489999999999,2354.176,106.2794
2354.6580000000004,104.4655,2354.6580000000004,105.858,2354.6580000000004,106.47899999999998,2354.6580000000004,106.27459999999999
2355.14,104.461,2355.14,105.86070000000001,2355.14,106.4885,2355.14,106.2637
2355.623,104.4613,2355.623,105.85480000000001,2355.623,106.5011,2355.623,106.24880000000002
2356.105,104.46679999999999,2356.105,105.84450000000001,2356.105,106.51219999999999,2356.105,106.23100000000001
2356.587,104.4758,2356.587,105.8363,2356.587,106.51679999999999,2356.587,106.2128
2357.069,104.48630000000001,2357.069,105.83590000000001,2357.069,106.5127,2357.069,106.1985
2357.551,104.4971,2357.551,105.8444,2357.551,106.5026,2357.551,106.1939
2358.033,104.50699999999999,2358.033,105.8573,2358.033,106.4927,2358.033,106.2017
2358.5150000000003,104.5128,2358.5150000000003,105.86670000000001,2358.5150000000003,106.4878,2358.5150000000003,106.2177
2358.997,104.51010000000001,2358.997,105.8671,2358.997,106.4881,2358.997,106.2314
2359.479,104.4973,2359.479,105.8605,2359.479,106.48949999999999,2359.479,106.23320000000001
2359.962,104.4788,2359.962,105.8547,2359.962,106.4889,2359.962,106.22309999999999
2360.4440000000004,104.46329999999999,2360.4440000000004,105.85510000000001,2360.4440000000004,106.4899,2360.4440000000004,106.2119
2360.926,104.4573,2360.926,105.8587,2360.926,106.4999,2360.926,106.2125
2361.408,104.4617,2361.408,105.85910000000001,2361.408,106.52140000000001,2361.408,106.23070000000001
2361.89,104.47420000000001,2361.89,105.853,2361.89,106.5485,2361.89,106.2635
2362.3720000000003,104.48980000000002,2362.3720000000003,105.8414,2362.3720000000003,106.5698,2362.3720000000003,106.301
2362.854,104.5031,2362.854,105.8271,2362.854,106.5745,2362.854,106.3314
2363.336,104.5107,2363.336,105.81419999999999,2363.336,106.5574,2363.336,106.3466
2363.819,104.5123,2363.819,105.8055,2363.819,106.52250000000001,2363.819,106.3455
2364.3010000000004,104.51060000000001,2364.3010000000004,105.8027,2364.3010000000004,106.48089999999999,2364.3010000000004,106.33319999999999
2364.783,104.5084,2364.783,105.80609999999999,2364.783,106.44610000000002,2364.783,106.31680000000001
2365.265,104.50779999999999,2365.265,105.81640000000002,2365.265,106.4278,2365.265,106.3026
2365.747,104.5089,2365.747,105.83389999999999,2365.747,106.4296,2365.747,106.2935
2366.2290000000003,104.511,2366.2290000000003,105.85739999999998,2366.2290000000003,106.4497,2366.2290000000003,106.28960000000001
2366.711,104.5125,2366.711,105.8835,2366.711,106.4816,2366.711,106.28880000000001
2367.1929999999998,104.5126,2367.1929999999998,105.908,2367.1929999999998,106.51790000000001,2367.1929999999998,106.28899999999999
2367.676,104.5121,2367.676,105.92660000000001,2367.676,106.5518,2367.676,106.28880000000001
2368.157,104.5129,2368.157,105.9371,2368.157,106.5801,2368.157,106.2879
2368.64,104.51710000000001,2368.64,105.93919999999999,2368.64,106.6016,2368.64,106.28699999999999
2369.122,104.5261,2369.122,105.93459999999999,2369.122,106.6173,2369.122,106.2867
2369.604,104.54,2369.604,105.9255,2369.604,106.62799999999999,2369.604,106.2869
2370.0860000000002,104.5571,2370.0860000000002,105.9133,2370.0860000000002,106.6339,2370.0860000000002,106.2871
2370.568,104.57419999999999,2370.568,105.89880000000001,2370.568,106.6341,2370.568,106.28599999999999
2371.0499999999997,104.5877,2371.0499999999997,105.8815,2371.0499999999997,106.62700000000001,2371.0499999999997,106.2824
2371.532,104.5941,2371.532,105.8613,2371.532,106.61149999999999,2371.532,106.2748
2372.014,104.59140000000001,2372.014,105.839,2372.014,106.58810000000001,2372.014,106.2624
2372.4970000000003,104.5795,2372.4970000000003,105.8165,2372.4970000000003,106.5591,2372.4970000000003,106.24510000000001
2372.979,104.5601,2372.979,105.7961,2372.979,106.52839999999999,2372.979,106.22370000000001
2373.461,104.53630000000001,2373.461,105.7804,2373.461,106.50059999999999,2373.461,106.2005
2373.943,104.5119,2373.943,105.7712,2373.943,106.4799,2373.943,106.1788
2374.425,104.49040000000001,2374.425,105.76920000000001,2374.425,106.4683,2374.425,106.16250000000001
2374.9069999999997,104.474,2374.9069999999997,105.7742,2374.9069999999997,106.46629999999999,2374.9069999999997,106.15509999999999
2375.389,104.46340000000001,2375.389,105.7852,2375.389,106.4722,2375.389,106.1591
2375.8720000000003,104.45830000000001,2375.8720000000003,105.80030000000001,2375.8720000000003,106.48329999999999,2375.8720000000003,106.17430000000002
2376.3540000000003,104.4569,2376.3540000000003,105.8173,2376.3540000000003,106.4966,2376.3540000000003,106.19829999999999
2376.836,104.4577,2376.836,105.83339999999998,2376.836,106.5094,2376.836,106.2263
2377.3179999999998,104.4594,2377.3179999999998,105.8458,2377.3179999999998,106.52010000000001,2377.3179999999998,106.2528
2377.8,104.4614,2377.8,105.85230000000001,2377.8,106.5281,2377.8,106.2727
2378.282,104.46390000000001,2378.282,105.8517,2378.282,106.5331,2378.282,106.2826
2378.7639999999997,104.46740000000001,2378.7639999999997,105.8448,2378.7639999999997,106.5355,2378.7639999999997,106.2824
2379.246,104.4725,2379.246,105.83409999999999,2379.246,106.53580000000001,2379.246,106.27409999999999
2379.7290000000003,104.47949999999999,2379.7290000000003,105.82350000000001,2379.7290000000003,106.53459999999998,2379.7290000000003,106.26169999999999
2380.21,104.48809999999999,2380.21,105.81689999999999,2380.21,106.5326,2380.21,106.24910000000001
2380.6929999999998,104.4973,2380.6929999999998,105.8168,2380.6929999999998,106.5302,2380.6929999999998,106.2394
2381.1749999999997,104.50600000000001,2381.1749999999997,105.82400000000001,2381.1749999999997,106.5278,2381.1749999999997,106.2336
2381.657,104.5129,2381.657,105.83689999999999,2381.657,106.5256,2381.657,106.2311
2382.139,104.5169,2382.139,105.85210000000001,2382.139,106.5233,2382.139,106.23039999999999
2382.621,104.51740000000001,2382.621,105.8663,2382.621,106.5208,2382.621,106.23
2383.103,104.5142,2383.103,105.87679999999999,2383.103,106.51759999999999,2383.103,106.22940000000001
2383.585,104.508,2383.585,105.8828,2383.585,106.5137,2383.585,106.22940000000001
2384.067,104.49949999999998,2384.067,105.885,2384.067,106.5097,2384.067,106.2313
2384.5499999999997,104.4899,2384.5499999999997,105.885,2384.5499999999997,106.50630000000001,2384.5499999999997,106.2364
2385.0319999999997,104.48049999999999,2385.0319999999997,105.88489999999999,2385.0319999999997,106.5043,2385.0319999999997,106.2452
2385.514,104.4724,2385.514,105.8857,2385.514,106.5048,2385.514,106.2568
2385.996,104.4667,2385.996,105.88770000000001,2385.996,106.5082,2385.996,106.26910000000001
2386.478,104.464,2386.478,105.89059999999999,2386.478,106.51440000000001,2386.478,106.2795
2386.96,104.46470000000001,2386.96,105.8936,2386.96,106.5226,2386.96,106.2859
2387.442,104.4683,2387.442,105.8964,2387.442,106.5312,2387.442,106.2871
2387.924,104.47370000000001,2387.924,105.89930000000001,2387.924,106.5384,2387.924,106.28299999999999
2388.406,104.4794,2388.406,105.90280000000001,2388.406,106.5423,2388.406,106.2747
2388.8889999999997,104.48349999999999,2388.8889999999997,105.90690000000001,2388.8889999999997,106.54140000000001,2388.8889999999997,106.2632
2389.371,104.48440000000001,2389.371,105.9113,2389.371,106.5347,2389.371,106.2498
2389.853,104.481,2389.853,105.91520000000001,2389.853,106.52219999999998,2389.853,106.23530000000001
2390.335,104.47370000000001,2390.335,105.9174,2390.335,106.50500000000001,2390.335,106.2204
2390.817,104.4635,2390.817,105.9172,2390.817,106.4847,2390.817,106.20620000000001
2391.299,104.4529,2391.299,105.91470000000001,2391.299,106.464,2391.299,106.19380000000001
2391.781,104.4445,2391.781,105.91060000000002,2391.781,106.4454,2391.781,106.18449999999999
2392.263,104.4405,2392.263,105.906,2392.263,106.43100000000001,2392.263,106.17909999999999
2392.7459999999996,104.442,2392.7459999999996,105.90180000000001,2392.7459999999996,106.4222,2392.7459999999996,106.17760000000001
2393.228,104.4485,2393.228,105.8981,2393.228,106.4192,2393.228,106.179
2393.71,104.4581,2393.71,105.8944,2393.71,106.4211,2393.71,106.1811
2394.192,104.4678,2394.192,105.8897,2394.192,106.42620000000001,2394.192,106.18209999999999
2394.674,104.4746,2394.674,105.8837,2394.674,106.4327,2394.674,106.1806
2395.156,104.47599999999998,2395.156,105.8764,2395.156,106.43880000000001,2395.156,106.1766
2395.638,104.471,2395.638,105.8689,2395.638,106.4432,2395.638,106.17129999999999
2396.12,104.46029999999999,2396.12,105.86240000000001,2396.12,106.4454,2396.12,106.16669999999999
2396.6029999999996,104.44590000000001,2396.6029999999996,105.85770000000001,2396.6029999999996,106.4453,2396.6029999999996,106.1647
2397.085,104.43039999999999,2397.085,105.85480000000001,2397.085,106.44290000000001,2397.085,106.1664
2397.567,104.4167,2397.567,105.8529,2397.567,106.4389,2397.567,106.17160000000001
2398.049,104.40700000000001,2398.049,105.8509,2398.049,106.4339,2398.049,106.1795
2398.5310000000004,104.4025,2398.5310000000004,105.84819999999999,2398.5310000000004,106.4289,2398.5310000000004,106.1889
2399.013,104.4033,2399.013,105.8451,2399.013,106.4252,2399.013,106.199
2399.495,104.40849999999999,2399.495,105.8429,2399.495,106.4238,2399.495,106.2095
2399.977,104.4165,2399.977,105.8433,2399.977,106.4257,2399.977,106.2205
2400.4590000000003,104.4254,2400.4590000000003,105.84720000000002,2400.4590000000003,106.4308,2400.4590000000003,106.23119999999999
2400.942,104.43430000000001,2400.942,105.8552,2400.942,106.4389,2400.942,106.2416
2401.424,104.4422,2401.424,105.86619999999999,2401.424,106.4486,2401.424,106.24990000000001
2401.906,104.44839999999999,2401.906,105.8781,2401.906,106.45819999999999,2401.906,106.25389999999999
2402.3880000000004,104.45219999999999,2402.3880000000004,105.8886,2402.3880000000004,106.4657,2402.3880000000004,106.2518
2402.87,104.4535,2402.87,105.8967,2402.87,106.47,2402.87,106.24279999999999
2403.352,104.45219999999999,2403.352,105.9026,2403.352,106.47070000000001,2403.352,106.2276
2403.834,104.4485,2403.834,105.90759999999999,2403.834,106.4684,2403.834,106.2088
2404.3160000000003,104.44279999999999,2404.3160000000003,105.9137,2404.3160000000003,106.4645,2404.3160000000003,106.18970000000002
2404.799,104.43610000000001,2404.799,105.9222,2404.799,106.4602,2404.799,106.1738
2405.281,104.42949999999999,2405.281,105.9334,2405.281,106.4569,2405.281,106.1636
2405.763,104.4243,2405.763,105.94619999999999,2405.763,106.45530000000001,2405.763,106.16019999999999
2406.2450000000003,104.4217,2406.2450000000003,105.9588,2406.2450000000003,106.45579999999998,2406.2450000000003,106.16369999999999
2406.727,104.42260000000002,2406.727,105.9694,2406.727,106.4586,2406.727,106.1727
2407.209,104.4271,2407.209,105.9766,2407.209,106.46379999999999,2407.209,106.18570000000001
2407.691,104.43450000000001,2407.691,105.9798,2407.691,106.471,2407.691,106.2006
2408.1730000000002,104.44340000000001,2408.1730000000002,105.979,2408.1730000000002,106.4798,2408.1730000000002,106.2157
2408.656,104.4521,2408.656,105.9752,2408.656,106.48949999999999,2408.656,106.22940000000001
2409.1369999999997,104.4587,2409.1369999999997,105.96900000000001,2409.1369999999997,106.49869999999999,2409.1369999999997,106.2406
2409.62,104.4621,2409.62,105.96190000000001,2409.62,106.50569999999999,2409.62,106.2487
2410.1020000000003,104.4621,2410.1020000000003,105.95509999999999,2410.1020000000003,106.50900000000001,2410.1020000000003,106.2535
2410.584,104.4594,2410.584,105.9499,2410.584,106.5075,2410.584,106.25569999999999
2411.066,104.4554,2411.066,105.9474,2411.066,106.50120000000001,2411.066,106.2561
2411.548,104.45199999999998,2411.548,105.9485,2411.548,106.4908,2411.548,106.25569999999999
2412.03,104.45089999999999,2412.03,105.9529,2412.03,106.47789999999999,2412.03,106.2551
2412.512,104.4531,2412.512,105.95989999999999,2412.512,106.4646,2412.512,106.2546
2412.9939999999997,104.4592,2412.9939999999997,105.9683,2412.9939999999997,106.4529,2412.9939999999997,106.254
2413.477,104.4692,2413.477,105.977,2413.477,106.4448,2413.477,106.25359999999999
2413.9590000000003,104.4826,2413.9590000000003,105.98570000000001,2413.9590000000003,106.4417,2413.9590000000003,106.254
2414.4410000000003,104.49839999999999,2414.4410000000003,105.9949,2414.4410000000003,106.4445,2414.4410000000003,106.2568
2414.923,104.51520000000001,2414.923,106.00529999999999,2414.923,106.45320000000001,2414.923,106.26310000000001
2415.4049999999997,104.53079999999999,2415.4049999999997,106.01750000000001,2415.4049999999997,106.46739999999998,2415.4049999999997,106.2737
2415.887,104.54239999999999,2415.887,106.0308,2415.887,106.48550000000002,2415.887,106.2878
2416.369,104.5471,2416.369,106.0433,2416.369,106.50500000000001,2416.369,106.3029
2416.8509999999997,104.54270000000001,2416.8509999999997,106.05199999999999,2416.8509999999997,106.5232,2416.8509999999997,106.315
2417.333,104.5283,2417.333,106.05420000000001,2417.333,106.53680000000001,2417.333,106.31980000000001
2417.8160000000003,104.5048,2417.8160000000003,106.0482,2417.8160000000003,106.5436,2417.8160000000003,106.3145
2418.2980000000002,104.47550000000001,2418.2980000000002,106.03439999999999,2418.2980000000002,106.54239999999999,2418.2980000000002,106.2983
2418.7799999999997,104.44489999999999,2418.7799999999997,106.01499999999999,2418.7799999999997,106.5332,2418.7799999999997,106.2735
2419.2619999999997,104.41799999999999,2419.2619999999997,105.99369999999999,2419.2619999999997,106.51790000000001,2419.2619999999997,106.24499999999999
2419.744,104.39890000000001,2419.744,105.97430000000001,2419.744,106.4993,2419.744,106.21849999999999
2420.226,104.38959999999999,2420.226,105.95939999999999,2420.226,106.4802,2420.226,106.1993
2420.708,104.39020000000001,2420.708,105.95030000000001,2420.708,106.46309999999998,2420.708,106.1909
2421.19,104.3987,2421.19,105.94680000000001,2421.19,106.4496,2421.19,106.19400000000002
2421.6730000000002,104.41199999999999,2421.6730000000002,105.94749999999999,2421.6730000000002,106.4402,2421.6730000000002,106.2065
2422.155,104.4268,2422.155,105.951,2422.155,106.43430000000001,2422.155,106.2245
2422.6369999999997,104.44059999999999,2422.6369999999997,105.956,2422.6369999999997,106.43100000000001,2422.6369999999997,106.24329999999999
2423.1189999999997,104.45150000000001,2423.1189999999997,105.9612,2423.1189999999997,106.429,2423.1189999999997,106.2583
2423.601,104.45850000000002,2423.601,105.9655,2423.601,106.42750000000001,2423.601,106.26610000000001
2424.083,104.4612,2424.083,105.96779999999998,2424.083,106.426,2424.083,106.26530000000001
2424.565,104.45960000000001,2424.565,105.96700000000001,2424.565,106.4246,2424.565,106.2562
2425.047,104.45400000000001,2425.047,105.9626,2425.047,106.4238,2425.047,106.24100000000001
2425.53,104.44500000000001,2425.53,105.95479999999999,2425.53,106.4238,2425.53,106.2227
2426.012,104.4338,2426.012,105.9449,2426.012,106.4249,2426.012,106.2048
2426.494,104.4216,2426.494,105.93490000000001,2426.494,106.4265,2426.494,106.1899
2426.9759999999997,104.40990000000001,2426.9759999999997,105.92649999999999,2426.9759999999997,106.42769999999999,2426.9759999999997,106.17920000000001
2427.458,104.39920000000001,2427.458,105.92029999999998,2427.458,106.42689999999999,2427.458,106.1722
2427.94,104.38940000000001,2427.94,105.91600000000001,2427.94,106.42260000000002,2427.94,106.1677
2428.422,104.3796,2428.422,105.9118,2428.422,106.4141,2428.422,106.16369999999999
2428.904,104.3687,2428.904,105.906,2428.904,106.4015,2428.904,106.15920000000001
2429.386,104.35600000000001,2429.386,105.8969,2429.386,106.3862,2429.386,106.1545
2429.869,104.34190000000001,2429.869,105.8851,2429.869,106.3707,2429.869,106.15079999999999
2430.351,104.3279,2430.351,105.87169999999999,2430.351,106.3578,2430.351,106.15
2430.8329999999996,104.316,2430.8329999999996,105.8589,2430.8329999999996,106.34969999999998,2430.8329999999996,106.1531
2431.315,104.3082,2431.315,105.84880000000001,2431.315,106.34740000000001,2431.315,106.1596
2431.797,104.3056,2431.797,105.8423,2431.797,106.35040000000001,2431.797,106.16749999999999
2432.279,104.308,2432.279,105.8395,2432.279,106.3568,2432.279,106.17410000000001
2432.761,104.31349999999999,2432.761,105.8395,2432.761,106.36429999999999,2432.761,106.1767
2433.243,104.3199,2433.243,105.84150000000001,2433.243,106.37049999999999,2433.243,106.17479999999999
2433.726,104.325,2433.726,105.8451,2433.726,106.37389999999999,2433.726,106.1696
2434.208,104.3273,2434.208,105.8503,2434.208,106.3743,2434.208,106.16430000000001
2434.6899999999996,104.3266,2434.6899999999996,105.8573,2434.6899999999996,106.3725,2434.6899999999996,106.16220000000001
2435.172,104.32339999999999,2435.172,105.86580000000001,2435.172,106.36959999999999,2435.172,106.16550000000001
2435.654,104.3187,2435.654,105.87450000000001,2435.654,106.36680000000001,2435.654,106.1738
2436.136,104.31349999999999,2436.136,105.8817,2436.136,106.3647,2436.136,106.1846
2436.6180000000004,104.30850000000001,2436.6180000000004,105.8856,2436.6180000000004,106.36319999999999,2436.6180000000004,106.19400000000002
2437.1,104.3045,2437.1,105.8853,2437.1,106.36179999999999,2437.1,106.1987
2437.583,104.30189999999999,2437.583,105.8815,2437.583,106.36019999999999,2437.583,106.1968
2438.064,104.3015,2438.064,105.87610000000001,2438.064,106.3579,2438.064,106.1888
2438.5469999999996,104.30369999999999,2438.5469999999996,105.8711,2438.5469999999996,106.3548,2438.5469999999996,106.17689999999999
2439.029,104.30900000000001,2439.029,105.8683,2439.029,106.35140000000001,2439.029,106.16399999999999
2439.511,104.3169,2439.511,105.86800000000001,2439.511,106.3482,2439.511,106.1525
2439.993,104.32639999999999,2439.993,105.8696,2439.993,106.3459,2439.993,106.1432
2440.4750000000004,104.33630000000001,2440.4750000000004,105.8721,2440.4750000000004,106.3455,2440.4750000000004,106.13619999999999
2440.957,104.3452,2440.957,105.87500000000001,2440.957,106.34790000000001,2440.957,106.131
2441.439,104.35239999999999,2441.439,105.87899999999999,2441.439,106.3538,2441.439,106.12740000000001
2441.921,104.35799999999999,2441.921,105.88550000000001,2441.921,106.3634,2441.921,106.12559999999999
2442.404,104.36240000000001,2442.404,105.89599999999999,2442.404,106.3761,2442.404,106.1264
2442.886,104.36589999999998,2442.886,105.91040000000001,2442.886,106.3902,2442.886,106.12950000000001
2443.368,104.3685,2443.368,105.92710000000001,2443.368,106.4033,2443.368,106.134
2443.85,104.36939999999998,2443.85,105.94269999999999,2443.85,106.4127,2443.85,106.1378
2444.3320000000003,104.3677,2444.3320000000003,105.9537,2444.3320000000003,106.41659999999999,2444.3320000000003,106.1388
2444.814,104.3631,2444.814,105.9577,2444.814,106.41460000000001,2444.814,106.13589999999999
2445.296,104.35620000000002,2445.296,105.9552,2445.296,106.4084,2445.296,106.1301
2445.778,104.3488,2445.778,105.9492,2445.778,106.40069999999999,2445.778,106.1245
2446.26,104.34380000000002,2446.26,105.9442,2446.26,106.3952,2446.26,106.12349999999999
2446.743,104.3433,2446.743,105.9439,2446.743,106.3945,2446.743,106.1305
2447.225,104.34840000000001,2447.225,105.9499,2447.225,106.39959999999999,2447.225,106.14680000000001
2447.707,104.3576,2447.707,105.96019999999999,2447.707,106.4093,2447.707,106.17000000000002
2448.1890000000003,104.3682,2448.1890000000003,105.9707,2448.1890000000003,106.42089999999999,2448.1890000000003,106.19559999999998
2448.671,104.3761,2448.671,105.9766,2448.671,106.43050000000001,2448.671,106.21750000000002
2449.153,104.3781,2449.153,105.97430000000001,2449.153,106.43499999999999,2449.153,106.2308
2449.6349999999998,104.373,2449.6349999999998,105.9634,2449.6349999999998,106.4329,2449.6349999999998,106.23339999999999
2450.117,104.3621,2450.117,105.94650000000001,2450.117,106.42439999999999,2450.117,106.2263
2450.6,104.3485,2450.6,105.9282,2450.6,106.41179999999999,2450.6,106.21350000000001
2451.082,104.33600000000001,2451.082,105.9128,2451.082,106.3978,2451.082,106.19959999999999
2451.564,104.3278,2451.564,105.90329999999999,2451.564,106.3854,2451.564,106.1887
2452.0460000000003,104.32520000000001,2452.0460000000003,105.8996,2452.0460000000003,106.37650000000001,2452.0460000000003,106.1831
2452.5280000000002,104.3272,2452.5280000000002,105.89980000000001,2452.5280000000002,106.37159999999999,2452.5280000000002,106.18270000000001
2453.0099999999998,104.3316,2453.0099999999998,105.90079999999999,2453.0099999999998,106.37010000000001,2453.0099999999998,106.1859
2453.4919999999997,104.3356,2453.4919999999997,105.89999999999999,2453.4919999999997,106.37049999999999,2453.4919999999997,106.19050000000001
2453.974,104.33730000000001,2453.974,105.8962,2453.974,106.3708,2453.974,106.19430000000001
2454.4570000000003,104.3357,2454.4570000000003,105.8899,2454.4570000000003,106.3695,2454.4570000000003,106.196
2454.939,104.3312,2454.939,105.8825,2454.939,106.3657,2454.939,106.19480000000001
2455.421,104.32459999999999,2455.421,105.87580000000001,2455.421,106.35920000000002,2455.421,106.19030000000001
2455.9030000000002,104.31680000000001,2455.9030000000002,105.87100000000001,2455.9030000000002,106.3506,2455.9030000000002,106.18240000000002
2456.385,104.3081,2456.385,105.86819999999999,2456.385,106.34109999999998,2456.385,106.17110000000001
2456.8669999999997,104.29839999999999,2456.8669999999997,105.8668,2456.8669999999997,106.3318,2456.8669999999997,106.15669999999999
2457.3489999999997,104.28729999999999,2457.3489999999997,105.8653,2457.3489999999997,106.32360000000001,2457.3489999999997,106.13980000000001
2457.831,104.2748,2457.831,105.8622,2457.831,106.31660000000001,2457.831,106.12140000000001
2458.313,104.2612,2458.313,105.85610000000001,2458.313,106.3102,2458.313,106.1025
2458.796,104.2475,2458.796,105.8464,2458.796,106.3036,2458.796,106.08420000000001
2459.278,104.2348,2459.278,105.83290000000001,2459.278,106.2954,2459.278,106.0672
2459.76,104.224,2459.76,105.81640000000002,2459.76,106.2854,2459.76,106.05180000000001
2460.242,104.216,2460.242,105.79860000000001,2460.242,106.27390000000001,2460.242,106.0384
2460.7239999999997,104.21100000000001,2460.7239999999997,105.78179999999999,2460.7239999999997,106.2626,2460.7239999999997,106.0276
2461.2059999999997,104.209,2461.2059999999997,105.76840000000001,2461.2059999999997,106.2535,2461.2059999999997,106.02000000000001
2461.688,104.2096,2461.688,105.76,2461.688,106.2483,2461.688,106.016
2462.17,104.2121,2462.17,105.7569,2462.17,106.248,2462.17,106.0155
2462.653,104.2154,2462.653,105.7574,2462.653,106.2521,2462.653,106.0176
2463.1349999999998,104.21780000000001,2463.1349999999998,105.75909999999999,2463.1349999999998,106.2586,2463.1349999999998,106.0206
2463.617,104.21780000000001,2463.617,105.7588,2463.617,106.2651,2463.617,106.02260000000001
2464.099,104.2138,2464.099,105.75429999999999,2464.099,106.26929999999999,2464.099,106.02210000000001
2464.581,104.20519999999999,2464.581,105.7455,2464.581,106.27010000000001,2464.581,106.0187
2465.0629999999996,104.19259999999998,2465.0629999999996,105.734,2465.0629999999996,106.26729999999999,2465.0629999999996,106.0136
2465.545,104.1782,2465.545,105.7229,2465.545,106.2624,2465.545,106.0088
2466.027,104.16460000000001,2466.027,105.71539999999999,2466.027,106.2568,2466.027,106.0063
2466.5099999999998,104.1547,2466.5099999999998,105.71379999999999,2466.5099999999998,106.252,2466.5099999999998,106.00739999999999
2466.9919999999997,104.1504,2466.9919999999997,105.71809999999999,2466.9919999999997,106.2484,2466.9919999999997,106.0119
2467.474,104.1517,2467.474,105.72699999999999,2467.474,106.24560000000001,2467.474,106.01830000000001
2467.956,104.1568,2467.956,105.7375,2467.956,106.2427,2467.956,106.0242
2468.438,104.16250000000001,2468.438,105.7463,2468.438,106.2386,2468.438,106.0273
2468.9199999999996,104.1652,2468.9199999999996,105.75129999999999,2468.9199999999996,106.2324,2468.9199999999996,106.02609999999999
2469.402,104.1621,2469.402,105.7509,2469.402,106.2242,2469.402,106.0203
2469.884,104.1518,2469.884,105.745,2469.884,106.2141,2469.884,106.01039999999999
2470.366,104.135,2470.366,105.73410000000001,2470.366,106.20289999999999,2470.366,105.99730000000001
2470.8489999999997,104.11399999999999,2470.8489999999997,105.7188,2470.8489999999997,106.19099999999999,2470.8489999999997,105.98179999999999
2471.331,104.0926,2471.331,105.7003,2471.331,106.17920000000001,2471.331,105.9648
2471.813,104.0745,2471.813,105.6802,2471.813,106.16779999999999,2471.813,105.94680000000001
2472.295,104.0633,2472.295,105.6605,2472.295,106.1576,2472.295,105.929
2472.7769999999996,104.061,2472.7769999999996,105.644,2472.7769999999996,106.1494,2472.7769999999996,105.91319999999999
2473.259,104.0686,2473.259,105.6335,2473.259,106.14410000000001,2473.259,105.90180000000001
2473.741,104.08500000000001,2473.741,105.63119999999999,2473.741,106.1422,2473.741,105.89710000000001
2474.223,104.1078,2474.223,105.638,2474.223,106.14380000000001,2474.223,105.90060000000001
2474.7059999999997,104.1336,2474.7059999999997,105.6527,2474.7059999999997,106.14829999999999,2474.7059999999997,105.91239999999999
2475.188,104.1582,2475.188,105.67269999999999,2475.188,106.1547,2475.188,105.9312
2475.67,104.1779,2475.67,105.69440000000002,2475.67,106.162,2475.67,105.95429999999999
2476.152,104.1901,2476.152,105.71390000000001,2476.152,106.1692,2476.152,105.9785
2476.6339999999996,104.19380000000001,2476.6339999999996,105.7285,2476.6339999999996,106.17589999999998,2476.6339999999996,106.0009
2477.116,104.1901,2477.116,105.7368,2477.116,106.18209999999999,2477.116,106.0194
2477.598,104.1814,2477.598,105.73870000000001,2477.598,106.18799999999999,2477.598,106.03290000000001
2478.08,104.1709,2478.08,105.7353,2478.08,106.19369999999999,2478.08,106.04119999999999
2478.5629999999996,104.16149999999999,2478.5629999999996,105.72829999999999,2478.5629999999996,106.19890000000001,2478.5629999999996,106.04450000000001
2479.044,104.15490000000001,2479.044,105.71969999999999,2479.044,106.20270000000001,2479.044,106.0435
2479.527,104.15160000000002,2479.527,105.7112,2479.527,106.20439999999999,2479.527,106.0389
2480.009,104.1505,2480.009,105.70429999999999,2480.009,106.20309999999999,2480.009,106.0313
2480.491,104.1497,2480.491,105.7001,2480.491,106.1982,2480.491,106.0217
2480.973,104.14730000000002,2480.973,105.69869999999999,2480.973,106.19000000000001,2480.973,106.01069999999999
2481.455,104.14179999999999,2481.455,105.69919999999999,2481.455,106.1787,2481.455,105.9989
2481.937,104.1328,2481.937,105.7004,2481.937,106.1652,2481.937,105.98669999999998
2482.4190000000003,104.121,2482.4190000000003,105.7008,2482.4190000000003,106.15030000000002,2482.4190000000003,105.9742
2482.901,104.1075,2482.901,105.69919999999999,2482.901,106.13550000000001,2482.901,105.96170000000001
2483.384,104.09440000000001,2483.384,105.6956,2483.384,106.1221,2483.384,105.94980000000001
2483.866,104.0834,2483.866,105.69120000000001,2483.866,106.11200000000001,2483.866,105.93969999999999
2484.348,104.0765,2484.348,105.68820000000001,2484.348,106.10690000000001,2484.348,105.93289999999999
2484.83,104.0748,2484.83,105.6886,2484.83,106.10820000000001,2484.83,105.93110000000001
2485.312,104.0791,2485.312,105.69390000000001,2485.312,106.1167,2485.312,105.93509999999999
2485.794,104.08900000000001,2485.794,105.7039,2485.794,106.13170000000001,2485.794,105.9451
2486.2760000000003,104.1035,2486.2760000000003,105.7171,2486.2760000000003,106.1517,2486.2760000000003,105.95969999999998
2486.758,104.1207,2486.758,105.73109999999998,2486.758,106.17430000000002,2486.758,105.9769
2487.24,104.1382,2487.24,105.74319999999999,2487.24,106.1967,2487.24,105.99449999999999
2487.723,104.1536,2487.723,105.7524,2487.723,106.2165,2487.723,106.0108
2488.205,104.1654,2488.205,105.75859999999999,2488.205,106.2322,2488.205,106.02510000000001
2488.687,104.17309999999999,2488.687,105.76319999999998,2488.687,106.2432,2488.687,106.03769999999999
2489.169,104.1771,2489.169,105.7679,2489.169,106.2498,2489.169,106.04929999999999
2489.651,104.1787,2489.651,105.7741,2489.651,106.25290000000001,2489.651,106.06040000000002
2490.1330000000003,104.1796,2490.1330000000003,105.782,2490.1330000000003,106.2535,2490.1330000000003,106.0711
2490.6150000000002,104.1806,2490.6150000000002,105.7908,2490.6150000000002,106.2527,2490.6150000000002,106.0805
2491.0969999999998,104.1819,2491.0969999999998,105.79860000000001,2491.0969999999998,106.251,2491.0969999999998,106.0875
2491.58,104.1826,2491.58,105.804,2491.58,106.2487,2491.58,106.0908
2492.062,104.1814,2492.062,105.80560000000001,2492.062,106.24579999999999,2492.062,106.0898
2492.544,104.177,2492.544,105.8031,2492.544,106.2424,2492.544,106.08470000000001
2493.026,104.1684,2493.026,105.79650000000001,2493.026,106.23800000000001,2493.026,106.0764
2493.508,104.15589999999999,2493.508,105.78659999999999,2493.508,106.2322,2493.508,106.06599999999999
2493.9900000000002,104.1406,2493.9900000000002,105.7739,2493.9900000000002,106.2249,2493.9900000000002,106.0545
2494.472,104.1242,2494.472,105.7592,2494.472,106.2161,2494.472,106.04299999999999
2494.9539999999997,104.1085,2494.9539999999997,105.7434,2494.9539999999997,106.20620000000001,2494.9539999999997,106.032
2495.437,104.0949,2495.437,105.7274,2495.437,106.19609999999999,2495.437,106.02180000000001
2495.919,104.084,2495.919,105.7123,2495.919,106.1866,2495.919,106.01259999999999
2496.4010000000003,104.07509999999999,2496.4010000000003,105.6989,2496.4010000000003,106.17810000000001,2496.4010000000003,106.0043
2496.883,104.0672,2496.883,105.68740000000001,2496.883,106.1707,2496.883,105.9964
2497.365,104.0591,2497.365,105.6774,2497.365,106.16350000000001,2497.365,105.988
2497.847,104.0497,2497.847,105.66819999999998,2497.847,106.15520000000001,2497.847,105.978
2498.329,104.0391,2498.329,105.65880000000001,2498.329,106.1445,2498.329,105.9655
2498.8109999999997,104.0281,2498.8109999999997,105.64869999999999,2498.8109999999997,106.13090000000001,2498.8109999999997,105.94999999999999
2499.2929999999997,104.01830000000001,2499.2929999999997,105.6382,2499.2929999999997,106.1147,2499.2929999999997,105.932
2499.776,104.0116,2499.776,105.62780000000001,2499.776,106.09759999999999,2499.776,105.91269999999999
2500.2580000000003,104.0092,2500.2580000000003,105.6183,2500.2580000000003,106.0818,2500.2580000000003,105.8939
2500.74,104.01100000000001,2500.74,105.6102,2500.74,106.0694,2500.74,105.8772
2501.2219999999998,104.0161,2501.2219999999998,105.6033,2501.2219999999998,106.0621,2501.2219999999998,105.86359999999999
2501.704,104.02180000000001,2501.704,105.59700000000001,2501.704,106.0603,2501.704,105.85329999999999
2502.186,104.02560000000001,2502.186,105.5909,2502.186,106.0633,2502.186,105.8459
2502.6679999999997,104.0252,2502.6679999999997,105.5855,2502.6679999999997,106.06979999999999,2502.6679999999997,105.84089999999999
2503.1499999999996,104.0202,2503.1499999999996,105.5822,2503.1499999999996,106.07789999999999,2503.1499999999996,105.83800000000001
2503.633,104.012,2503.633,105.58279999999999,2503.633,106.0861,2503.633,105.83769999999998
2504.1150000000002,104.00339999999998,2504.1150000000002,105.58909999999999,2504.1150000000002,106.0932,2504.1150000000002,105.84089999999999
2504.5969999999998,103.9982,2504.5969999999998,105.6014,2504.5969999999998,106.09880000000001,2504.5969999999998,105.84800000000001
2505.0789999999997,103.99929999999999,2505.0789999999997,105.6182,2505.0789999999997,106.1023,2505.0789999999997,105.8589
2505.561,104.0081,2505.561,105.63629999999999,2505.561,106.1037,2505.561,105.8726
2506.043,104.02359999999999,2506.043,105.6514,2506.043,106.1032,2506.043,105.887
2506.525,104.04299999999999,2506.525,105.65990000000001,2506.525,106.101,2506.525,105.89980000000001
2507.0069999999996,104.06249999999999,2507.0069999999996,105.66029999999999,2507.0069999999996,106.0982,2507.0069999999996,105.9096
2507.49,104.0791,2507.49,105.6535,2507.49,106.09599999999999,2507.49,105.91550000000001
2507.971,104.0912,2507.971,105.64260000000002,2507.971,106.09599999999999,2507.971,105.9186
2508.454,104.09909999999999,2508.454,105.6322,2508.454,106.09960000000001,2508.454,105.9207
2508.936,104.10470000000001,2508.936,105.6264,2508.936,106.1075,2508.936,105.92399999999999
2509.418,104.1105,2509.418,105.62830000000001,2509.418,106.11919999999999,2509.418,105.92999999999999
2509.9,104.1179,2509.9,105.6387,2509.9,106.1336,2509.9,105.9396
2510.382,104.1267,2510.382,105.6567,2510.382,106.14840000000001,2510.382,105.952
2510.8639999999996,104.1348,2510.8639999999996,105.6797,2510.8639999999996,106.1615,2510.8639999999996,105.96600000000001
2511.346,104.1394,2511.346,105.70429999999999,2511.346,106.1709,2511.346,105.9795
2511.828,104.1378,2511.828,105.7272,2511.828,106.1755,2511.828,105.99069999999999
2512.311,104.1285,2512.311,105.7446,2512.311,106.175,2512.311,105.9982
2512.793,104.1123,2512.793,105.75410000000001,2512.793,106.1699,2512.793,106.00130000000001
2513.275,104.0915,2513.275,105.75380000000001,2513.275,106.1613,2513.275,105.9998
2513.757,104.06960000000001,2513.757,105.74380000000001,2513.757,106.15030000000002,2513.757,105.99449999999999
2514.239,104.04990000000001,2514.239,105.72550000000001,2514.239,106.1381,2514.239,105.9865
2514.7209999999995,104.03450000000001,2514.7209999999995,105.70250000000001,2514.7209999999995,106.12539999999998,2514.7209999999995,105.9768
2515.203,104.0237,2515.203,105.67880000000001,2515.203,106.11280000000001,2515.203,105.96669999999999
2515.685,104.01689999999999,2515.685,105.65880000000001,2515.685,106.101,2515.685,105.9572
2516.1670000000004,104.0126,2516.1670000000004,105.64519999999999,2516.1670000000004,106.0902,2516.1670000000004,105.9488
2516.65,104.00990000000002,2516.65,105.63910000000001,2516.65,106.08120000000001,2516.65,105.9416
2517.132,104.0085,2517.132,105.6395,2517.132,106.0745,2517.132,105.93570000000001
2517.614,104.0088,2517.614,105.64420000000001,2517.614,106.0709,2517.614,105.93140000000001
2518.096,104.0116,2518.096,105.6506,2518.096,106.0707,2518.096,105.9288
2518.578,104.0172,2518.578,105.65690000000001,2518.578,106.074,2518.578,105.92859999999999
2519.06,104.0249,2519.06,105.66230000000002,2519.06,106.0803,2519.06,105.93140000000001
2519.542,104.03309999999999,2519.542,105.66690000000001,2519.542,106.08820000000001,2519.542,105.937
2520.0240000000003,104.0399,2520.0240000000003,105.67089999999999,2520.0240000000003,106.0961,2520.0240000000003,105.9447
2520.507,104.0434,2520.507,105.67450000000001,2520.507,106.1025,2520.507,105.95330000000001
2520.989,104.0429,2520.989,105.6774,2520.989,106.10640000000001,2520.989,105.96090000000001
2521.471,104.03880000000001,2521.471,105.6791,2521.471,106.10770000000001,2521.471,105.9661
2521.953,104.0325,2521.953,105.67949999999999,2521.953,106.10740000000001,2521.953,105.96799999999999
2522.435,104.02530000000002,2522.435,105.6794,2522.435,106.10690000000001,2522.435,105.9671
2522.917,104.01849999999999,2522.917,105.68029999999999,2522.917,106.1078,2522.917,105.9643
2523.399,104.0121,2523.399,105.6837,2523.399,106.11070000000001,2523.399,105.961
2523.8810000000003,104.0051,2523.8810000000003,105.6903,2523.8810000000003,106.11520000000002,2523.8810000000003,105.9583
2524.3640000000005,103.996,2524.3640000000005,105.6991,2524.3640000000005,106.1197,2524.3640000000005,105.9564
2524.846,103.9838,2524.846,105.7077,2524.846,106.122,2524.846,105.95490000000001
2525.328,103.9684,2525.328,105.7132,2525.328,106.12049999999999,2525.328,105.953
2525.81,103.9509,2525.81,105.7128,2525.81,106.1146,2525.81,105.95049999999999
2526.292,103.9339,2526.292,105.70580000000001,2526.292,106.1055,2526.292,105.94749999999999
2526.774,103.91969999999999,2526.774,105.6933,2526.774,106.09530000000001,2526.774,105.945
2527.256,103.9107,2527.256,105.67830000000001,2527.256,106.0869,2527.256,105.9439
2527.7380000000003,103.9075,2527.7380000000003,105.6643,2527.7380000000003,106.0821,2527.7380000000003,105.9446
2528.2200000000003,103.9096,2528.2200000000003,105.6543,2528.2200000000003,106.08139999999999,2528.2200000000003,105.9464
2528.703,103.91520000000001,2528.703,105.6493,2528.703,106.0835,2528.703,105.9477
2529.185,103.9219,2529.185,105.6491,2529.185,106.0858,2529.185,105.9464
2529.667,103.9275,2529.667,105.65180000000001,2529.667,106.08539999999999,2529.667,105.9408
2530.149,103.9304,2530.149,105.6557,2530.149,106.08010000000002,2530.149,105.93030000000002
2530.631,103.9302,2530.631,105.65929999999999,2530.631,106.0694,2530.631,105.9161
2531.113,103.92699999999999,2531.113,105.66199999999999,2531.113,106.0545,2531.113,105.9004
2531.5950000000003,103.9219,2531.5950000000003,105.66359999999999,2531.5950000000003,106.0379,2531.5950000000003,105.88589999999999
2532.077,103.91600000000001,2532.077,105.664,2532.077,106.0229,2532.077,105.8749
2532.56,103.9102,2532.56,105.66260000000001,2532.56,106.0119,2532.56,105.86850000000001
2533.042,103.90539999999999,2533.042,105.6585,2533.042,106.00659999999999,2533.042,105.86670000000001
2533.524,103.90220000000001,2533.524,105.6509,2533.524,106.0071,2533.524,105.86819999999999
2534.006,103.90079999999999,2534.006,105.64,2534.006,106.01240000000001,2534.006,105.87150000000001
2534.4880000000003,103.901,2534.4880000000003,105.6266,2534.4880000000003,106.02050000000001,2534.4880000000003,105.87530000000001
2534.97,103.9023,2534.97,105.6127,2534.97,106.029,2534.97,105.87819999999999
2535.452,103.904,2535.452,105.6003,2535.452,106.0356,2535.452,105.87960000000001
2535.934,103.9053,2535.934,105.59110000000001,2535.934,106.03849999999998,2535.934,105.87899999999999
2536.4170000000004,103.9055,2536.4170000000004,105.5854,2536.4170000000004,106.0368,2536.4170000000004,105.8759
2536.8979999999997,103.90440000000001,2536.8979999999997,105.58229999999999,2536.8979999999997,106.03039999999999,2536.8979999999997,105.8702
2537.381,103.90209999999999,2537.381,105.58050000000001,2537.381,106.02000000000001,2537.381,105.86240000000001
2537.863,103.8991,2537.863,105.5787,2537.863,106.00750000000001,2537.863,105.8532
2538.3450000000003,103.89600000000002,2538.3450000000003,105.57620000000001,2538.3450000000003,105.99510000000001,2538.3450000000003,105.84420000000001
2538.8269999999998,103.89299999999999,2538.8269999999998,105.5733,2538.8269999999998,105.9846,2538.8269999999998,105.837
2539.309,103.8901,2539.309,105.5706,2539.309,105.97760000000001,2539.309,105.83279999999999
2539.791,103.8867,2539.791,105.56840000000001,2539.791,105.97460000000001,2539.791,105.8324
2540.273,103.88189999999999,2540.273,105.5667,2540.273,105.97509999999998,2540.273,105.8352
2540.7549999999997,103.87530000000001,2540.7549999999997,105.56479999999999,2540.7549999999997,105.97780000000002,2540.7549999999997,105.8403
2541.238,103.8666,2541.238,105.56160000000001,2541.238,105.98140000000001,2541.238,105.8462
2541.72,103.8567,2541.72,105.5564,2541.72,105.9845,2541.72,105.85180000000001
2542.202,103.8469,2542.202,105.54939999999999,2542.202,105.98669999999998,2542.202,105.8565
2542.6839999999997,103.8388,2542.6839999999997,105.54190000000001,2542.6839999999997,105.9881,2542.6839999999997,105.8602
2543.166,103.83359999999999,2543.166,105.5354,2543.166,105.9895,2543.166,105.8632
2543.648,103.83210000000001,2543.648,105.5315,2543.648,105.99149999999999,2543.648,105.8655
2544.13,103.834,2544.13,105.5306,2544.13,105.9949,2544.13,105.867
2544.612,103.8386,2544.612,105.53269999999999,2544.612,105.9997,2544.612,105.86739999999999
2545.0939999999996,103.8443,2545.0939999999996,105.5366,2545.0939999999996,106.0057,2545.0939999999996,105.8663
2545.5769999999998,103.8499,2545.5769999999998,105.54129999999999,2545.5769999999998,106.0122,2545.5769999999998,105.8638
2546.059,103.8547,2546.059,105.54619999999998,2546.059,106.0187,2546.059,105.8602
2546.541,103.85839999999999,2546.541,105.5516,2546.541,106.0249,2546.541,105.85659999999999
2547.023,103.86169999999998,2547.023,105.5585,2547.023,106.03089999999999,2547.023,105.85409999999999
2547.505,103.86599999999999,2547.505,105.5682,2547.505,106.03739999999999,2547.505,105.8537
2547.987,103.87249999999999,2547.987,105.58160000000001,2547.987,106.04530000000001,2547.987,105.85629999999999
2548.469,103.8823,2548.469,105.5988,2548.469,106.0556,2548.469,105.8623
2548.9509999999996,103.89569999999999,2548.9509999999996,105.61890000000001,2548.9509999999996,106.0686,2548.9509999999996,105.87169999999999
2549.4339999999997,103.91189999999999,2549.4339999999997,105.64039999999999,2549.4339999999997,106.084,2549.4339999999997,105.884
2549.916,103.92920000000001,2549.916,105.6614,2549.916,106.10079999999999,2549.916,105.89869999999999
2550.398,103.9451,2550.398,105.6807,2550.398,106.1169,2550.398,105.91440000000001
2550.88,103.95669999999998,2550.88,105.69720000000001,2550.88,106.13,2550.88,105.9297
2551.362,103.962,2551.362,105.7107,2551.362,106.1381,2551.362,105.9429
2551.844,103.9601,2551.844,105.72140000000002,2551.844,106.1399,2551.844,105.95209999999999
2552.326,103.95160000000001,2552.326,105.72999999999999,2552.326,106.13520000000001,2552.326,105.9563
2552.8079999999995,103.9381,2552.8079999999995,105.737,2552.8079999999995,106.12539999999998,2552.8079999999995,105.955
2553.2909999999997,103.9224,2553.2909999999997,105.7428,2553.2909999999997,106.1124,2553.2909999999997,105.949
2553.773,103.9065,2553.773,105.74719999999999,2553.773,106.0984,2553.773,105.9396
2554.255,103.89219999999999,2554.255,105.74980000000001,2554.255,106.0851,2554.255,105.9287
2554.737,103.8797,2554.737,105.74980000000001,2554.737,106.0734,2554.737,105.9178
2555.219,103.86869999999999,2555.219,105.7466,2555.219,106.063,2555.219,105.9078
2555.701,103.85839999999999,2555.701,105.73989999999999,2555.701,106.0535,2555.701,105.89900000000002
2556.183,103.8484,2556.183,105.73010000000001,2556.183,106.0439,2556.183,105.8916
2556.665,103.8392,2556.665,105.7186,2556.665,106.03439999999999,2556.665,105.88539999999999
2557.147,103.83160000000001,2557.147,105.707,2557.147,106.02510000000001,2557.147,105.88059999999999
2557.63,103.8267,2557.63,105.6968,2557.63,106.01689999999999,2557.63,105.8775
2558.112,103.8251,2558.112,105.6887,2558.112,106.0106,2558.112,105.87610000000001
2558.594,103.826,2558.594,105.6822,2558.594,106.0062,2558.594,105.8759
2559.076,103.8277,2559.076,105.6754,2559.076,106.0033,2559.076,105.87610000000001
2559.558,103.828,2559.558,105.6665,2559.558,106.00110000000001,2559.558,105.8754
2560.04,103.82530000000001,2560.04,105.6541,2560.04,105.99879999999999,2560.04,105.87279999999998
2560.522,103.81899999999999,2560.522,105.6383,2560.522,105.9964,2560.522,105.86850000000001
2561.004,103.8103,2561.004,105.6215,2561.004,105.9947,2561.004,105.86359999999999
2561.487,103.80149999999999,2561.487,105.6071,2561.487,105.9949,2561.487,105.86
2561.969,103.79499999999999,2561.969,105.59909999999999,2561.969,105.9982,2561.969,105.8595
2562.4510000000005,103.7928,2562.4510000000005,105.60000000000001,2562.4510000000005,106.005,2562.4510000000005,105.86340000000001
2562.933,103.7949,2562.933,105.61009999999999,2562.933,106.0143,2562.933,105.87089999999999
2563.415,103.8,2563.415,105.62689999999999,2563.415,106.0241,2563.415,105.88
2563.897,103.80510000000001,2563.897,105.646,2563.897,106.0316,2563.897,105.88759999999999
2564.379,103.80709999999999,2564.379,105.66230000000002,2564.379,106.0343,2564.379,105.8905
2564.861,103.8032,2564.861,105.67150000000001,2564.861,106.0303,2564.861,105.88640000000001
2565.344,103.79220000000001,2565.344,105.6711,2565.344,106.01929999999999,2565.344,105.87450000000001
2565.8250000000003,103.7739,2565.8250000000003,105.6609,2565.8250000000003,106.002,2565.8250000000003,105.8557
2566.3080000000004,103.7493,2566.3080000000004,105.6422,2566.3080000000004,105.98,2566.3080000000004,105.8317
2566.79,103.71999999999998,2566.79,105.61720000000001,2566.79,105.9552,2566.79,105.8047
2567.272,103.6878,2567.272,105.5879,2567.272,105.9289,2567.272,105.7763
2567.754,103.6545,2567.754,105.5558,2567.754,105.90230000000001,2567.754,105.7478
2568.236,103.6219,2568.236,105.52170000000001,2568.236,105.87580000000001,2568.236,105.7201
2568.718,103.59190000000001,2568.718,105.48649999999999,2568.718,105.85,2568.718,105.69409999999999
2569.2,103.56620000000001,2569.2,105.45150000000001,2569.2,105.8252,2569.2,105.67070000000001
2569.6820000000002,103.54669999999999,2569.6820000000002,105.41860000000001,2569.6820000000002,105.8022,2569.6820000000002,105.6508
2570.1650000000004,103.53429999999999,2570.1650000000004,105.3902,2570.1650000000004,105.78160000000001,2570.1650000000004,105.6355
2570.647,103.5293,2570.647,105.3685,2570.647,105.7642,2570.647,105.62529999999998
2571.129,103.53110000000001,2571.129,105.35520000000001,2571.129,105.75049999999999,2571.129,105.6203
2571.611,103.5382,2571.611,105.3509,2571.611,105.74090000000001,2571.611,105.61989999999999
2572.093,103.5486,2572.093,105.3544,2572.093,105.73509999999999,2572.093,105.6231
2572.5750000000003,103.56,2572.5750000000003,105.36380000000001,2572.5750000000003,105.7325,2572.5750000000003,105.6284
2573.057,103.57050000000001,2573.057,105.37589999999999,2573.057,105.732,2573.057,105.63419999999999
2573.539,103.5784,2573.539,105.38749999999999,2573.539,105.7322,2573.539,105.63860000000001
2574.021,103.5824,2574.021,105.3955,2574.021,105.7315,2574.021,105.64
2574.504,103.5819,2574.504,105.3978,2574.504,105.72840000000001,2574.504,105.6368
2574.986,103.57670000000002,2574.986,105.39339999999999,2574.986,105.7221,2574.986,105.6281
2575.468,103.5677,2575.468,105.3828,2575.468,105.7125,2575.468,105.6142
2575.95,103.5561,2575.95,105.36749999999999,2575.95,105.7004,2575.95,105.59609999999999
2576.4320000000002,103.5438,2576.4320000000002,105.34989999999999,2576.4320000000002,105.6877,2576.4320000000002,105.57620000000001
2576.9139999999998,103.5325,2576.9139999999998,105.33250000000001,2576.9139999999998,105.67629999999998,2576.9139999999998,105.5569
2577.396,103.52369999999999,2577.396,105.317,2577.396,105.668,2577.396,105.54060000000001
2577.878,103.5178,2577.878,105.3043,2577.878,105.6638,2577.878,105.5289
2578.3610000000003,103.51429999999999,2578.3610000000003,105.29429999999999,2578.3610000000003,105.664,2578.3610000000003,105.5221
2578.843,103.512,2578.843,105.28630000000001,2578.843,105.6676,2578.843,105.5198
2579.325,103.5096,2579.325,105.27969999999999,2579.325,105.6738,2579.325,105.52140000000001
2579.807,103.50619999999999,2579.807,105.27439999999999,2579.807,105.6814,2579.807,105.5266
2580.289,103.5018,2580.289,105.27109999999999,2580.289,105.6893,2580.289,105.5355
2580.7709999999997,103.497,2580.7709999999997,105.2707,2580.7709999999997,105.6966,2580.7709999999997,105.5488
2581.253,103.4928,2581.253,105.27409999999999,2581.253,105.7026,2581.253,105.5663
2581.735,103.4898,2581.735,105.28120000000001,2581.735,105.70599999999999,2581.735,105.5871
2582.2180000000003,103.488,2582.2180000000003,105.29090000000001,2582.2180000000003,105.70580000000001,2582.2180000000003,105.6089
2582.7,103.48679999999999,2582.7,105.30139999999999,2582.7,105.701,2582.7,105.62830000000001
2583.182,103.4853,2583.182,105.31060000000001,2583.182,105.6916,2583.182,105.64189999999999
2583.6639999999998,103.48310000000001,2583.6639999999998,105.3172,2583.6639999999998,105.6786,2583.6639999999998,105.6473
2584.146,103.47999999999999,2584.146,105.3207,2584.146,105.66420000000001,2584.146,105.644
2584.6279999999997,103.477,2584.6279999999997,105.3218,2584.6279999999997,105.6514,2584.6279999999997,105.63309999999998
2585.11,103.47489999999999,2585.11,105.32159999999999,2585.11,105.64309999999999,2585.11,105.6175
2585.592,103.47439999999999,2585.592,105.32090000000001,2585.592,105.6411,2585.592,105.60000000000001
2586.074,103.47550000000001,2586.074,105.31960000000001,2586.074,105.6458,2586.074,105.5831
2586.557,103.4769,2586.557,105.3169,2586.557,105.65549999999999,2586.557,105.56779999999999
2587.0389999999998,103.4773,2587.0389999999998,105.3112,2587.0389999999998,105.66770000000001,2587.0389999999998,105.55399999999999
2587.5209999999997,103.4753,2587.5209999999997,105.3018,2587.5209999999997,105.67930000000001,2587.5209999999997,105.54110000000001
2588.003,103.47090000000001,2588.003,105.2883,2588.003,105.688,2588.003,105.5289
2588.485,103.4648,2588.485,105.2721,2588.485,105.6926,2588.485,105.5175
2588.967,103.45899999999999,2588.967,105.2551,2588.967,105.6934,2588.967,105.5079
2589.449,103.4554,2589.449,105.2397,2589.449,105.6913,2589.449,105.5013
2589.931,103.45519999999999,2589.931,105.2278,2589.931,105.68809999999999,2589.931,105.49839999999999
2590.414,103.45819999999999,2590.414,105.2204,2590.414,105.6848,2590.414,105.4993
2590.8959999999997,103.46280000000002,2590.8959999999997,105.2177,2590.8959999999997,105.68260000000001,2590.8959999999997,105.50299999999999
2591.3779999999997,103.46690000000001,2591.3779999999997,105.2197,2591.3779999999997,105.68169999999999,2591.3779999999997,105.5083
2591.86,103.46820000000001,2591.86,105.22590000000001,2591.86,105.6824,2591.86,105.5137
2592.342,103.4655,2592.342,105.23599999999999,2592.342,105.68439999999998,2592.342,105.5183
2592.824,103.45880000000001,2592.824,105.2495,2592.824,105.68759999999999,2592.824,105.52170000000001
2593.306,103.4495,2593.306,105.2654,2593.306,105.69170000000001,2593.306,105.5239
2593.788,103.43929999999999,2593.788,105.28200000000001,2593.788,105.69599999999998,2593.788,105.52490000000002
2594.271,103.43,2594.271,105.29710000000001,2594.271,105.6996,2594.271,105.52490000000002
2594.7519999999995,103.4225,2594.7519999999995,105.30839999999999,2594.7519999999995,105.70150000000001,2594.7519999999995,105.5238
2595.2349999999997,103.4167,2595.2349999999997,105.3139,2595.2349999999997,105.7007,2595.2349999999997,105.52159999999999
2595.717,103.41199999999999,2595.717,105.31280000000001,2595.717,105.6966,2595.717,105.51839999999999
2596.199,103.4069,2596.199,105.30550000000001,2596.199,105.68889999999999,2596.199,105.51429999999999
2596.681,103.40039999999999,2596.681,105.29329999999999,2596.681,105.67800000000001,2596.681,105.5096
2597.163,103.3913,2597.163,105.27789999999999,2597.163,105.6646,2597.163,105.5042
2597.645,103.3792,2597.645,105.2604,2597.645,105.6496,2597.645,105.4978
2598.127,103.3642,2598.127,105.2417,2598.127,105.6339,2598.127,105.48980000000002
2598.609,103.34639999999999,2598.609,105.222,2598.609,105.6183,2598.609,105.4796
2599.0919999999996,103.3268,2599.0919999999996,105.2014,2599.0919999999996,105.6034,2599.0919999999996,105.46690000000001
2599.574,103.30630000000001,2599.574,105.18039999999999,2599.574,105.5895,2599.574,105.45219999999999
2600.056,103.28599999999999,2600.056,105.1599,2600.056,105.5766,2600.056,105.4362
2600.5380000000005,103.26709999999999,2600.5380000000005,105.14110000000001,2600.5380000000005,105.5645,2600.5380000000005,105.41959999999999
2601.02,103.25009999999999,2601.02,105.1247,2601.02,105.55250000000001,2601.02,105.40290000000002
2601.502,103.23530000000001,2601.502,105.1111,2601.502,105.5399,2601.502,105.386
2601.984,103.222,2601.984,105.09960000000001,2601.984,105.5264,2601.984,105.36829999999999
2602.466,103.2097,2602.466,105.08919999999999,2602.466,105.5117,2602.466,105.3496
2602.948,103.1975,2602.948,105.0788,2602.948,105.4966,2602.948,105.33030000000001
2603.431,103.1849,2603.431,105.06800000000001,2603.431,105.48230000000001,2603.431,105.3118
2603.913,103.17229999999999,2603.913,105.05739999999999,2603.913,105.4702,2603.913,105.29599999999999
2604.3950000000004,103.16019999999999,2604.3950000000004,105.0479,2604.3950000000004,105.46180000000001,2604.3950000000004,105.2849
2604.877,103.1498,2604.877,105.0411,2604.877,105.4576,2604.877,105.2796
2605.359,103.1419,2605.359,105.03750000000001,2605.359,105.45770000000002,2605.359,105.2796
2605.841,103.1369,2605.841,105.037,2605.841,105.461,2605.841,105.28269999999999
2606.323,103.1349,2606.323,105.0384,2606.323,105.46580000000002,2606.323,105.2862
2606.805,103.1352,2606.805,105.0401,2606.805,105.4703,2606.805,105.2872
2607.288,103.1371,2607.288,105.04039999999999,2607.288,105.47290000000001,2607.288,105.2838
2607.77,103.13969999999999,2607.77,105.0384,2607.77,105.4725,2607.77,105.2758
2608.2520000000004,103.1425,2608.2520000000004,105.03389999999999,2608.2520000000004,105.4687,2608.2520000000004,105.2643
2608.734,103.1449,2608.734,105.0275,2608.734,105.46130000000001,2608.734,105.251
2609.216,103.1466,2609.216,105.0201,2609.216,105.45100000000001,2609.216,105.23769999999999
2609.698,103.1473,2609.698,105.01259999999999,2609.698,105.43849999999999,2609.698,105.2255
2610.18,103.1467,2610.18,105.0058,2610.18,105.42519999999999,2610.18,105.2151
2610.6620000000003,103.14460000000001,2610.6620000000003,105.0,2610.6620000000003,105.41279999999999,2610.6620000000003,105.20670000000001
2611.145,103.1409,2611.145,104.996,2611.145,105.403,2611.145,105.2007
2611.627,103.13600000000001,2611.627,104.9939,2611.627,105.3972,2611.627,105.1977
2612.1090000000004,103.1303,2612.1090000000004,104.9939,2612.1090000000004,105.3963,2612.1090000000004,105.1984
2612.591,103.1242,2612.591,104.9959,2612.591,105.4001,2612.591,105.20320000000001
2613.073,103.118,2613.073,104.999,2613.073,105.4074,2613.073,105.2117
2613.555,103.11170000000001,2613.555,105.0019,2613.555,105.41629999999999,2613.555,105.22210000000001
2614.0370000000003,103.10520000000001,2614.0370000000003,105.0028,2614.0370000000003,105.42419999999998,2614.0370000000003,105.23219999999999
2614.5190000000002,103.09809999999999,2614.5190000000002,105.0003,2614.5190000000002,105.4293,2614.5190000000002,105.23929999999999
2615.0009999999997,103.0902,2615.0009999999997,104.99369999999999,2615.0009999999997,105.43020000000001,2615.0009999999997,105.2417
2615.484,103.0816,2615.484,104.98339999999999,2615.484,105.42670000000001,2615.484,105.2389
2615.9660000000003,103.07280000000002,2615.9660000000003,104.9707,2615.9660000000003,105.4195,2615.9660000000003,105.2319
2616.4480000000003,103.06450000000001,2616.4480000000003,104.9575,2616.4480000000003,105.4099,2616.4480000000003,105.22240000000001
2616.93,103.05709999999999,2616.93,104.9461,2616.93,105.39959999999999,2616.93,105.2127
2617.412,103.05120000000001,2617.412,104.93790000000001,2617.412,105.3899,2617.412,105.2043
2617.8940000000002,103.04690000000001,2617.8940000000002,104.9336,2617.8940000000002,105.3818,2617.8940000000002,105.1982
2618.376,103.04390000000001,2618.376,104.9332,2618.376,105.376,2618.376,105.1941
2618.8579999999997,103.04180000000001,2618.8579999999997,104.9356,2618.8579999999997,105.3725,2618.8579999999997,105.19149999999999
2619.341,103.0399,2619.341,104.9393,2619.341,105.3708,2619.341,105.18950000000001
2619.8230000000003,103.03750000000001,2619.8230000000003,104.94300000000001,2619.8230000000003,105.3702,2619.8230000000003,105.1874
2620.3050000000003,103.0341,2620.3050000000003,104.9451,2620.3050000000003,105.36939999999998,2620.3050000000003,105.18469999999999
2620.787,103.029,2620.787,104.9447,2620.787,105.36749999999999,2620.787,105.1811
2621.269,103.02229999999999,2621.269,104.9413,2621.269,105.3636,2621.269,105.1763
2621.751,103.01450000000001,2621.751,104.9353,2621.751,105.3577,2621.751,105.1702
2622.233,103.00640000000001,2622.233,104.9272,2622.233,105.3505,2622.233,105.16300000000001
2622.7149999999997,102.99940000000001,2622.7149999999997,104.9183,2622.7149999999997,105.3434,2622.7149999999997,105.1553
2623.198,102.99480000000001,2623.198,104.9097,2623.198,105.3379,2623.198,105.1479
2623.679,102.9937,2623.679,104.9024,2623.679,105.33539999999999,2623.679,105.14179999999999
2624.1620000000003,102.996,2624.1620000000003,104.8967,2624.1620000000003,105.3361,2624.1620000000003,105.1379
2624.644,103.001,2624.644,104.8923,2624.644,105.3391,2624.644,105.1364
2625.1259999999997,103.00689999999999,2625.1259999999997,104.88869999999999,2625.1259999999997,105.34270000000001,2625.1259999999997,105.13680000000001
2625.608,103.0119,2625.608,104.88519999999998,2625.608,105.3445,2625.608,105.138
2626.09,103.01419999999999,2626.09,104.8813,2626.09,105.3426,2626.09,105.13889999999999
2626.572,103.01320000000001,2626.572,104.87740000000001,2626.572,105.3359,2626.572,105.1387
2627.054,103.009,2627.054,104.8742,2627.054,105.3247,2627.054,105.13719999999999
2627.536,103.0028,2627.536,104.8726,2627.536,105.31049999999999,2627.536,105.1348
2628.0190000000002,102.99609999999998,2628.0190000000002,104.87299999999999,2628.0190000000002,105.2953,2628.0190000000002,105.13239999999999
2628.501,102.99020000000002,2628.501,104.87550000000002,2628.501,105.28120000000001,2628.501,105.1306
2628.9829999999997,102.9856,2628.9829999999997,104.8789,2628.9829999999997,105.26979999999999,2628.9829999999997,105.12939999999999
2629.465,102.9822,2629.465,104.8819,2629.465,105.26180000000001,2629.465,105.1283
2629.947,102.97890000000001,2629.947,104.8828,2629.947,105.2571,2629.947,105.1259
2630.429,102.97480000000002,2630.429,104.88040000000001,2630.429,105.2548,2630.429,105.1212
2630.911,102.9687,2630.911,104.8741,2630.911,105.2535,2630.911,105.1129
2631.393,102.96019999999999,2631.393,104.8641,2631.393,105.25189999999999,2631.393,105.10090000000001
2631.875,102.9494,2631.875,104.8512,2631.875,105.2489,2631.875,105.0856
2632.358,102.9369,2632.358,104.83659999999999,2632.358,105.2439,2632.358,105.06800000000001
2632.8399999999997,102.92360000000001,2632.8399999999997,104.82180000000001,2632.8399999999997,105.2367,2632.8399999999997,105.04979999999999
2633.322,102.9106,2633.322,104.8078,2633.322,105.22769999999998,2633.322,105.0325
2633.804,102.8989,2633.804,104.7954,2633.804,105.21780000000001,2633.804,105.01750000000001
2634.286,102.8891,2634.286,104.785,2634.286,105.20769999999999,2634.286,105.0057
2634.768,102.88170000000001,2634.768,104.7764,2634.768,105.19810000000001,2634.768,104.99730000000001
2635.25,102.8764,2635.25,104.7688,2635.25,105.189,2635.25,104.99199999999999
2635.732,102.87230000000001,2635.732,104.7608,2635.732,105.1801,2635.732,104.9886
2636.215,102.86800000000001,2636.215,104.75129999999999,2636.215,105.17060000000001,2636.215,104.9855
2636.6969999999997,102.8621,2636.6969999999997,104.7393,2636.6969999999997,105.15950000000001,2636.6969999999997,104.9811
2637.179,102.8532,2637.179,104.7247,2637.179,105.1466,2637.179,104.9744
2637.661,102.8408,2637.661,104.70859999999999,2637.661,105.1323,2637.661,104.9653
2638.143,102.8257,2638.143,104.6928,2638.143,105.118,2638.143,104.9544
2638.625,102.8093,2638.625,104.67930000000001,2638.625,105.1053,2638.625,104.94330000000001
2639.107,102.79370000000002,2639.107,104.6699,2639.107,105.0962,2639.107,104.9336
2639.589,102.78110000000001,2639.589,104.66539999999999,2639.589,105.0916,2639.589,104.9267
2640.072,102.7725,2640.072,104.66489999999999,2640.072,105.0913,2640.072,104.9231
2640.5539999999996,102.7682,2640.5539999999996,104.66690000000001,2640.5539999999996,105.094,2640.5539999999996,104.9223
2641.036,102.76700000000001,2641.036,104.6693,2641.036,105.0975,2641.036,104.92300000000002
2641.518,102.7671,2641.518,104.6701,2641.518,105.0993,2641.518,104.92379999999999
2642.0,102.76639999999999,2642.0,104.66839999999999,2642.0,105.09759999999999,2642.0,104.9232
2642.4820000000004,102.76350000000001,2642.4820000000004,104.66390000000001,2642.4820000000004,105.09150000000001,2642.4820000000004,104.9202
2642.964,102.7575,2642.964,104.65729999999999,2642.964,105.08139999999999,2642.964,104.9145
2643.446,102.74849999999999,2643.446,104.6491,2643.446,105.06850000000001,2643.446,104.90610000000001
2643.928,102.73740000000001,2643.928,104.63990000000001,2643.928,105.0546,2643.928,104.8954
2644.411,102.7252,2644.411,104.6295,2644.411,105.04169999999999,2644.411,104.8829
2644.893,102.7128,2644.893,104.61789999999999,2644.893,105.03119999999998,2644.893,104.86919999999999
2645.375,102.7009,2645.375,104.60510000000001,2645.375,105.0239,2645.375,104.85510000000001
2645.857,102.69,2645.857,104.59179999999999,2645.857,105.0197,2645.857,104.84169999999999
2646.3390000000004,102.68029999999999,2646.3390000000004,104.5787,2646.3390000000004,105.01800000000001,2646.3390000000004,104.83
2646.821,102.67200000000001,2646.821,104.5671,2646.821,105.01750000000001,2646.821,104.8209
2647.303,102.66489999999999,2647.303,104.55779999999999,2647.303,105.0168,2647.303,104.8146
2647.785,102.6592,2647.785,104.5511,2647.785,105.01469999999999,2647.785,104.811
2648.268,102.6547,2648.268,104.54669999999999,2648.268,105.0103,2648.268,104.8093
2648.75,102.6514,2648.75,104.5441,2648.75,105.00359999999999,2648.75,104.8087
2649.232,102.6494,2649.232,104.54270000000001,2649.232,104.9952,2649.232,104.8083
2649.714,102.6489,2649.714,104.5425,2649.714,104.9863,2649.714,104.8082
2650.1960000000004,102.65010000000001,2650.1960000000004,104.5435,2650.1960000000004,104.97840000000001,2650.1960000000004,104.8087
2650.678,102.65299999999999,2650.678,104.54620000000001,2650.678,104.9729,2650.678,104.81
2651.16,102.65740000000001,2651.16,104.55030000000001,2651.16,104.97049999999999,2651.16,104.81259999999999
2651.642,102.6626,2651.642,104.55499999999999,2651.642,104.97099999999999,2651.642,104.8157
2652.125,102.66740000000001,2652.125,104.55890000000001,2652.125,104.9739,2652.125,104.8181
2652.606,102.6706,2652.606,104.56030000000001,2652.606,104.97810000000001,2652.606,104.8184
2653.089,102.6709,2653.089,104.55810000000001,2653.089,104.98240000000001,2653.089,104.8152
2653.571,102.6678,2653.571,104.5522,2653.571,104.986,2653.571,104.8083
2654.0530000000003,102.66139999999999,2654.0530000000003,104.5437,2654.0530000000003,104.9885,2654.0530000000003,104.7981
2654.5350000000003,102.6524,2654.5350000000003,104.5345,2654.5350000000003,104.9895,2654.5350000000003,104.78639999999999
2655.017,102.64169999999999,2655.017,104.5264,2655.017,104.9888,2655.017,104.7747
2655.499,102.6305,2655.499,104.5207,2655.499,104.98620000000001,2655.499,104.7647
2655.981,102.6196,2655.981,104.5172,2655.981,104.9811,2655.981,104.7568
2656.463,102.60959999999999,2656.463,104.51520000000001,2656.463,104.9734,2656.463,104.7509
2656.946,102.6009,2656.946,104.51330000000002,2656.946,104.9634,2656.946,104.74589999999999
2657.428,102.5936,2657.428,104.5102,2657.428,104.95179999999999,2657.428,104.74090000000001
2657.9100000000003,102.5878,2657.9100000000003,104.50569999999999,2657.9100000000003,104.93999999999998,2657.9100000000003,104.7352
2658.3920000000003,102.58370000000001,2658.3920000000003,104.50019999999999,2658.3920000000003,104.9292,2658.3920000000003,104.7286
2658.874,102.58080000000001,2658.874,104.4948,2658.874,104.92049999999999,2658.874,104.72109999999999
2659.3559999999998,102.5784,2659.3559999999998,104.49,2659.3559999999998,104.9143,2659.3559999999998,104.7132
2659.838,102.5751,2659.838,104.48610000000001,2659.838,104.91,2659.838,104.70479999999999
2660.32,102.5698,2660.32,104.48230000000001,2660.32,104.9063,2660.32,104.6958
2660.8019999999997,102.56110000000001,2660.8019999999997,104.4774,2660.8019999999997,104.9018,2660.8019999999997,104.68610000000001
2661.285,102.5489,2661.285,104.4702,2661.285,104.8953,2661.285,104.67569999999999
2661.7670000000003,102.53380000000001,2661.7670000000003,104.4605,2661.7670000000003,104.8863,2661.7670000000003,104.6648
2662.2490000000003,102.5172,2662.2490000000003,104.4488,2662.2490000000003,104.8751,2662.2490000000003,104.6542
2662.7309999999998,102.5009,2662.7309999999998,104.4362,2662.7309999999998,104.8623,2662.7309999999998,104.64469999999999
2663.2129999999997,102.48660000000001,2663.2129999999997,104.4243,2663.2129999999997,104.84899999999999,2663.2129999999997,104.63659999999999
2663.695,102.4751,2663.695,104.4141,2663.695,104.83610000000002,2663.695,104.6302
2664.177,102.4663,2664.177,104.4058,2664.177,104.8241,2664.177,104.62480000000001
2664.659,102.45899999999999,2664.659,104.3991,2664.659,104.813,2664.659,104.6195
2665.142,102.45200000000001,2665.142,104.39290000000001,2665.142,104.80290000000001,2665.142,104.6135
2665.6240000000003,102.44390000000001,2665.6240000000003,104.3865,2665.6240000000003,104.7936,2665.6240000000003,104.60640000000001
2666.106,102.43430000000001,2666.106,104.3793,2666.106,104.7847,2666.106,104.5979
2666.5879999999997,102.42309999999999,2666.5879999999997,104.3717,2666.5879999999997,104.7764,2666.5879999999997,104.5885
2667.0699999999997,102.411,2667.0699999999997,104.36410000000001,2667.0699999999997,104.76859999999999,2667.0699999999997,104.5784
2667.552,102.3988,2667.552,104.3571,2667.552,104.76129999999999,2667.552,104.5678
2668.034,102.38719999999999,2668.034,104.3511,2668.034,104.75430000000001,2668.034,104.5569
2668.516,102.37650000000001,2668.516,104.34589999999999,2668.516,104.74730000000001,2668.516,104.54570000000001
2668.999,102.3671,2668.999,104.3412,2668.999,104.74019999999999,2668.999,104.5344
2669.481,102.3591,2669.481,104.3364,2669.481,104.7327,2669.481,104.5234
2669.963,102.35240000000002,2669.963,104.3312,2669.963,104.7249,2669.963,104.51360000000001
2670.445,102.3473,2670.445,104.32570000000001,2670.445,104.7171,2670.445,104.50580000000001
2670.9269999999997,102.3434,2670.9269999999997,104.32010000000001,2670.9269999999997,104.7095,2670.9269999999997,104.50019999999999
2671.409,102.34049999999999,2671.409,104.315,2671.409,104.7026,2671.409,104.4967
2671.891,102.3377,2671.891,104.3107,2671.891,104.6971,2671.891,104.49440000000001
2672.373,102.33399999999999,2672.373,104.3073,2672.373,104.6931,2672.373,104.4922
2672.855,102.3288,2672.855,104.3045,2672.855,104.69109999999999,2672.855,104.4888
2673.338,102.3218,2673.338,104.3018,2673.338,104.69090000000001,2673.338,104.4837
2673.82,102.3134,2673.82,104.29889999999999,2673.82,104.6923,2673.82,104.4771
2674.302,102.3046,2674.302,104.295,2674.302,104.69440000000002,2674.302,104.47010000000002
2674.7839999999997,102.2965,2674.7839999999997,104.2899,2674.7839999999997,104.6966,2674.7839999999997,104.46379999999999
2675.266,102.28999999999999,2675.266,104.2836,2675.266,104.6978,2675.266,104.45960000000001
2675.748,102.28550000000001,2675.748,104.2763,2675.748,104.6976,2675.748,104.45800000000001
2676.23,102.28280000000001,2676.23,104.2686,2676.23,104.69569999999999,2676.23,104.45899999999999
2676.712,102.2808,2676.712,104.2613,2676.712,104.6923,2676.712,104.46200000000002
2677.195,102.27870000000001,2677.195,104.2551,2677.195,104.68789999999998,2677.195,104.4659
2677.677,102.27569999999999,2677.677,104.25089999999999,2677.677,104.68299999999999,2677.677,104.4697
2678.159,102.2715,2678.159,104.2488,2678.159,104.6779,2678.159,104.4723
2678.6409999999996,102.2665,2678.6409999999996,104.2487,2678.6409999999996,104.6726,2678.6409999999996,104.473
2679.123,102.2613,2679.123,104.25,2679.123,104.66660000000002,2679.123,104.47139999999999
2679.605,102.25649999999999,2679.605,104.25169999999999,2679.605,104.6594,2679.605,104.4675
2680.087,102.2529,2680.087,104.2531,2680.087,104.6511,2680.087,104.4615
2680.5690000000004,102.2508,2680.5690000000004,104.25359999999999,2680.5690000000004,104.64189999999999,2680.5690000000004,104.45439999999999
2681.052,102.2502,2681.052,104.2533,2681.052,104.633,2681.052,104.44709999999999
2681.533,102.2508,2681.533,104.2523,2681.533,104.62549999999999,2681.533,104.4409
2682.016,102.25219999999999,2682.016,104.2511,2682.016,104.6205,2682.016,104.43679999999999
2682.498,102.25370000000001,2682.498,104.25009999999999,2682.498,104.6187,2682.498,104.43530000000001
2682.98,102.25470000000001,2682.98,104.24940000000001,2682.98,104.61990000000002,2682.98,104.43610000000001
2683.462,102.2548,2683.462,104.249,2683.462,104.6234,2683.462,104.43830000000001
2683.944,102.2535,2683.944,104.2487,2683.944,104.62780000000001,2683.944,104.4408
2684.4260000000004,102.2511,2684.4260000000004,104.2486,2684.4260000000004,104.6322,2684.4260000000004,104.4425
2684.908,102.24819999999998,2684.908,104.2489,2684.908,104.636,2684.908,104.4432
2685.39,102.2459,2685.39,104.2498,2685.39,104.639,2685.39,104.44290000000001
2685.873,102.2452,2685.873,104.25169999999999,2685.873,104.64169999999999,2685.873,104.4427
2686.355,102.24709999999999,2686.355,104.25469999999999,2686.355,104.64500000000001,2686.355,104.44359999999999
2686.837,102.2518,2686.837,104.25850000000001,2686.837,104.64949999999999,2686.837,104.44640000000001
2687.319,102.2589,2687.319,104.2629,2687.319,104.6557,2687.319,104.45139999999999
2687.801,102.2678,2687.801,104.26740000000001,2687.801,104.6637,2687.801,104.4581
2688.2830000000004,102.2775,2688.2830000000004,104.272,2688.2830000000004,104.6729,2688.2830000000004,104.46560000000001
2688.765,102.28699999999999,2688.765,104.2767,2688.765,104.68280000000001,2688.765,104.4728
2689.247,102.296,2689.247,104.28150000000001,2689.247,104.6923,2689.247,104.47869999999999
2689.729,102.3042,2689.729,104.2864,2689.729,104.70060000000001,2689.729,104.48249999999999
2690.212,102.3114,2690.212,104.29090000000001,2690.212,104.70679999999999,2690.212,104.4839
2690.694,102.3174,2690.694,104.29409999999999,2690.694,104.7102,2690.694,104.48310000000001
2691.176,102.3217,2691.176,104.2947,2691.176,104.7102,2691.176,104.48010000000001
2691.658,102.3236,2691.658,104.2918,2691.658,104.707,2691.658,104.4756
2692.1400000000003,102.3225,2692.1400000000003,104.2851,2692.1400000000003,104.7013,2692.1400000000003,104.47040000000001
2692.6220000000003,102.3185,2692.6220000000003,104.27519999999998,2692.6220000000003,104.694,2692.6220000000003,104.4655
2693.104,102.3123,2693.104,104.2639,2693.104,104.6865,2693.104,104.4619
2693.586,102.30520000000001,2693.586,104.2531,2693.586,104.68010000000001,2693.586,104.4607
2694.069,102.2988,2694.069,104.2449,2694.069,104.67569999999999,2694.069,104.46260000000001
2694.551,102.29410000000001,2694.551,104.2404,2694.551,104.67360000000001,2694.551,104.46759999999999
2695.033,102.2917,2695.033,104.2397,2695.033,104.6734,2695.033,104.47489999999999
2695.515,102.291,2695.515,104.2419,2695.515,104.6743,2695.515,104.4834
2695.9970000000003,102.29090000000001,2695.9970000000003,104.24510000000001,2695.9970000000003,104.67500000000001,2695.9970000000003,104.4913
2696.4790000000003,102.28980000000001,2696.4790000000003,104.2475,2696.4790000000003,104.6746,2696.4790000000003,104.4972
2696.961,102.28649999999999,2696.961,104.2473,2696.961,104.6718,2696.961,104.4996
2697.4429999999998,102.2804,2697.4429999999998,104.2437,2697.4429999999998,104.66629999999999,2697.4429999999998,104.49820000000001
2697.926,102.2718,2697.926,104.2366,2697.926,104.658,2697.926,104.4931
2698.4080000000004,102.2616,2698.4080000000004,104.2268,2698.4080000000004,104.64739999999999,2698.4080000000004,104.4848
2698.89,102.2511,2698.89,104.21530000000001,2698.89,104.63560000000001,2698.89,104.47470000000001
2699.372,102.2414,2699.372,104.2035,2699.372,104.6238,2699.372,104.4637
2699.8540000000003,102.23349999999999,2699.8540000000003,104.1925,2699.8540000000003,104.6135,2699.8540000000003,104.453
2700.3360000000002,102.22739999999999,2700.3360000000002,104.1833,2700.3360000000002,104.6057,2700.3360000000002,104.4433
2700.8179999999998,102.22310000000002,2700.8179999999998,104.17609999999999,2700.8179999999998,104.6008,2700.8179999999998,104.4346
2701.2999999999997,102.2197,2701.2999999999997,104.1705,2701.2999999999997,104.5984,2701.2999999999997,104.4266
2701.782,102.21640000000001,2701.782,104.1656,2701.782,104.5971,2701.782,104.4182
2702.2650000000003,102.21199999999999,2702.2650000000003,104.16000000000001,2702.2650000000003,104.5949,2702.2650000000003,104.4084
2702.747,102.2055,2702.747,104.1525,2702.747,104.5903,2702.747,104.39639999999999
2703.229,102.1962,2703.229,104.142,2703.229,104.58179999999999,2703.229,104.3816
2703.7110000000002,102.18419999999999,2703.7110000000002,104.1285,2703.7110000000002,104.5695,2703.7110000000002,104.36449999999999
2704.193,102.1697,2704.193,104.1123,2704.193,104.5542,2704.193,104.34559999999999
2704.6749999999997,102.1538,2704.6749999999997,104.0947,2704.6749999999997,104.5374,2704.6749999999997,104.3261
2705.1569999999997,102.1377,2705.1569999999997,104.077,2705.1569999999997,104.5208,2705.1569999999997,104.30699999999999
2705.639,102.1225,2705.639,104.06040000000002,2705.639,104.5056,2705.639,104.2889
2706.1220000000003,102.10870000000001,2706.1220000000003,104.0451,2706.1220000000003,104.49189999999999,2706.1220000000003,104.2718
2706.604,102.0962,2706.604,104.03119999999998,2706.604,104.4791,2706.604,104.25569999999999
2707.086,102.08420000000001,2707.086,104.0181,2707.086,104.46610000000001,2707.086,104.24029999999999
2707.568,102.072,2707.568,104.0052,2707.568,104.4516,2707.568,104.22590000000001
2708.05,102.0588,2708.05,103.9923,2708.05,104.4352,2708.05,104.2129
2708.532,102.0447,2708.532,103.97959999999999,2708.532,104.4173,2708.532,104.2023
2709.0139999999997,102.03009999999999,2709.0139999999997,103.9677,2709.0139999999997,104.3991,2709.0139999999997,104.1944
2709.496,102.0159,2709.496,103.9571,2709.496,104.3819,2709.496,104.1896
2709.9790000000003,102.00290000000001,2709.9790000000003,103.94810000000001,2709.9790000000003,104.3672,2709.9790000000003,104.1869
2710.461,101.99130000000001,2710.461,103.94049999999999,2710.461,104.35570000000001,2710.461,104.18499999999999
2710.9429999999998,101.9806,2710.9429999999998,103.93339999999999,2710.9429999999998,104.3472,2710.9429999999998,104.18220000000001
2711.425,101.96940000000001,2711.425,103.9259,2711.425,104.341,2711.425,104.1772
2711.907,101.9563,2711.907,103.91680000000001,2711.907,104.3358,2711.907,104.169
2712.389,101.9398,2712.389,103.90509999999999,2712.389,104.3301,2712.389,104.1575
2712.8709999999996,101.9191,2712.8709999999996,103.8904,2712.8709999999996,104.3228,2712.8709999999996,104.1432
2713.353,101.89429999999999,2713.353,103.8724,2713.353,104.31280000000001,2713.353,104.1267
2713.835,101.86619999999999,2713.835,103.8515,2713.835,104.2998,2713.835,104.1085
2714.318,101.8361,2714.318,103.8284,2714.318,104.2838,2714.318,104.0888
2714.7999999999997,101.80560000000001,2714.7999999999997,103.8042,2714.7999999999997,104.2654,2714.7999999999997,104.06800000000001
2715.282,101.77629999999999,2715.282,103.7803,2715.282,104.24560000000001,2715.282,104.0464
2715.764,101.7496,2715.764,103.7587,2715.764,104.22590000000001,2715.764,104.02510000000001
2716.246,101.72680000000001,2716.246,103.74080000000001,2716.246,104.20799999999998,2716.246,104.0052
2716.7279999999996,101.70859999999999,2716.7279999999996,103.72779999999999,2716.7279999999996,104.1934,2716.7279999999996,103.9881
2717.21,101.6953,2717.21,103.72019999999999,2717.21,104.18289999999999,2717.21,103.97479999999999
2717.692,101.6861,2717.692,103.7171,2717.692,104.17639999999999,2717.692,103.9652
2718.175,101.6799,2718.175,103.7168,2718.175,104.17289999999998,2718.175,103.9585
2718.6560000000004,101.6749,2718.6560000000004,103.7171,2718.6560000000004,104.17080000000001,2718.6560000000004,103.9529
2719.139,101.6694,2719.139,103.71589999999999,2719.139,104.1679,2719.139,103.94680000000001
2719.621,101.6618,2719.621,103.71140000000001,2719.621,104.16250000000001,2719.621,103.9388
2720.103,101.6516,2720.103,103.7031,2720.103,104.1536,2720.103,103.92840000000001
2720.585,101.63889999999999,2720.585,103.6915,2720.585,104.14129999999999,2720.585,103.9161
2721.067,101.6249,2721.067,103.6776,2721.067,104.1262,2721.067,103.9026
2721.549,101.61089999999999,2721.549,103.6626,2721.549,104.1099,2721.549,103.88869999999999
2722.031,101.59769999999999,2722.031,103.64739999999999,2722.031,104.09349999999999,2722.031,103.8748
2722.5130000000004,101.58560000000001,2722.5130000000004,103.6325,2722.5130000000004,104.07820000000001,2722.5130000000004,103.86059999999999
2722.996,101.5741,2722.996,103.6181,2722.996,104.0646,2722.996,103.8454
2723.478,101.56240000000001,2723.478,103.60400000000001,2723.478,104.05260000000001,2723.478,103.8289
2723.96,101.5496,2723.96,103.59009999999999,2723.96,104.04180000000001,2723.96,103.8111
2724.442,101.5355,2724.442,103.5766,2724.442,104.0318,2724.442,103.7928
2724.924,101.52069999999999,2724.924,103.5639,2724.924,104.0224,2724.924,103.7752
2725.406,101.50630000000001,2725.406,103.5523,2725.406,104.01350000000001,2725.406,103.75970000000001
2725.888,101.4938,2725.888,103.54209999999999,2725.888,104.0051,2725.888,103.7471
2726.3700000000003,101.48459999999999,2726.3700000000003,103.53330000000001,2726.3700000000003,103.99730000000001,2726.3700000000003,103.7378
2726.853,101.4794,2726.853,103.5256,2726.853,103.9904,2726.853,103.7312
2727.335,101.47800000000001,2727.335,103.5185,2727.335,103.9843,2727.335,103.7266
2727.817,101.47999999999999,2727.817,103.5118,2727.817,103.97879999999999,2727.817,103.7228
2728.299,101.48440000000001,2728.299,103.5052,2728.299,103.9734,2728.299,103.7191
2728.781,101.49040000000001,2728.781,103.4986,2728.781,103.96780000000001,2728.781,103.715
2729.263,101.49719999999999,2729.263,103.492,2729.263,103.9618,2729.263,103.71010000000001
2729.745,101.50410000000001,2729.745,103.4851,2729.745,103.9553,2729.745,103.7042
2730.2270000000003,101.5109,2730.2270000000003,103.47800000000001,2730.2270000000003,103.94859999999998,2730.2270000000003,103.6974
2730.709,101.5173,2730.709,103.47059999999999,2730.709,103.94239999999999,2730.709,103.6898
2731.192,101.5233,2731.192,103.463,2731.192,103.9375,2731.192,103.6819
2731.674,101.5291,2731.674,103.4559,2731.674,103.935,2731.674,103.6747
2732.156,101.5352,2732.156,103.45,2732.156,103.93539999999999,2732.156,103.6693
2732.638,101.54240000000001,2732.638,103.4458,2732.638,103.93889999999999,2732.638,103.66690000000001
2733.12,101.5511,2733.12,103.4438,2733.12,103.945,2733.12,103.66820000000001
2733.602,101.5617,2733.602,103.4438,2733.602,103.95239999999998,2733.602,103.6729
2734.0840000000003,101.5738,2734.0840000000003,103.4446,2734.0840000000003,103.95939999999999,2734.0840000000003,103.67960000000001
2734.5660000000003,101.5865,2734.5660000000003,103.4448,2734.5660000000003,103.96430000000001,2734.5660000000003,103.6864
2735.049,101.59830000000001,2735.049,103.443,2735.049,103.9654,2735.049,103.6908
2735.531,101.6077,2735.531,103.4378,2735.531,103.96220000000001,2735.531,103.691
2736.013,101.61340000000001,2736.013,103.42899999999999,2736.013,103.95479999999999,2736.013,103.68599999999999
2736.4950000000003,101.61500000000001,2736.4950000000003,103.41709999999999,2736.4950000000003,103.9444,2736.4950000000003,103.67599999999999
2736.977,101.61260000000001,2736.977,103.40320000000001,2736.977,103.93270000000001,2736.977,103.6625
2737.459,101.6072,2737.459,103.3892,2737.459,103.9214,2737.459,103.64739999999999
2737.9410000000003,101.5998,2737.9410000000003,103.37650000000001,2737.9410000000003,103.9118,2737.9410000000003,103.63279999999999
2738.4230000000002,101.592,2738.4230000000002,103.36590000000001,2738.4230000000002,103.9045,2738.4230000000002,103.62
2738.906,101.585,2738.906,103.3576,2738.906,103.89930000000001,2738.906,103.61
2739.388,101.5799,2739.388,103.3509,2739.388,103.8953,2739.388,103.6027
2739.87,101.57719999999999,2739.87,103.345,2739.87,103.8916,2739.87,103.59769999999999
2740.3520000000003,101.57730000000001,2740.3520000000003,103.33890000000001,2740.3520000000003,103.8875,2740.3520000000003,103.5941
2740.834,101.5799,2740.834,103.33200000000001,2740.834,103.883,2740.834,103.5908
2741.316,101.5847,2741.316,103.32390000000001,2741.316,103.8783,2741.316,103.5872
2741.7980000000002,101.59039999999999,2741.7980000000002,103.31509999999999,2741.7980000000002,103.8742,2741.7980000000002,103.5827
2742.28,101.5959,2742.28,103.30600000000001,2742.28,103.8713,2742.28,103.5769
2742.7619999999997,101.5999,2742.7619999999997,103.2972,2742.7619999999997,103.86979999999998,2742.7619999999997,103.57000000000001
2743.245,101.6016,2743.245,103.2889,2743.245,103.8691,2743.245,103.5623
2743.727,101.6008,2743.727,103.28120000000001,2743.727,103.86850000000001,2743.727,103.55430000000001
2744.2090000000003,101.59769999999999,2744.2090000000003,103.2738,2744.2090000000003,103.8666,2744.2090000000003,103.5466
2744.691,101.59290000000001,2744.691,103.26629999999999,2744.691,103.8625,2744.691,103.53939999999999
2745.173,101.58739999999999,2745.173,103.2584,2745.173,103.8557,2745.173,103.5327
2745.655,101.58149999999999,2745.655,103.24990000000001,2745.655,103.8462,2745.655,103.52619999999999
2746.137,101.57529999999998,2746.137,103.2409,2746.137,103.83489999999999,2746.137,103.51950000000001
2746.619,101.5687,2746.619,103.23150000000001,2746.619,103.82260000000001,2746.619,103.5122
2747.102,101.56110000000001,2747.102,103.2219,2747.102,103.81009999999999,2747.102,103.5043
2747.583,101.5526,2747.583,103.2121,2747.583,103.79799999999999,2747.583,103.4961
2748.0660000000003,101.54350000000001,2748.0660000000003,103.202,2748.0660000000003,103.78670000000001,2748.0660000000003,103.4883
2748.548,101.5347,2748.548,103.1914,2748.548,103.7761,2748.548,103.4814
2749.0299999999997,101.5272,2749.0299999999997,103.17989999999999,2749.0299999999997,103.7663,2749.0299999999997,103.47569999999999
2749.512,101.522,2749.512,103.1674,2749.512,103.75710000000001,2749.512,103.4708
2749.994,101.5191,2749.994,103.1539,2749.994,103.7488,2749.994,103.466
2750.476,101.5178,2750.476,103.13969999999999,2750.476,103.74159999999999,2750.476,103.4599
2750.9579999999996,101.51689999999999,2750.9579999999996,103.1253,2750.9579999999996,103.7352,2750.9579999999996,103.45169999999999
2751.44,101.5147,2751.44,103.11099999999999,2751.44,103.7293,2751.44,103.44089999999998
2751.9230000000002,101.51010000000001,2751.9230000000002,103.0975,2751.9230000000002,103.7234,2751.9230000000002,103.42800000000001
2752.405,101.5026,2752.405,103.0851,2752.405,103.71669999999999,2752.405,103.41409999999999
2752.8869999999997,101.4926,2752.8869999999997,103.074,2752.8869999999997,103.70859999999999,2752.8869999999997,103.40050000000001
2753.369,101.4812,2753.369,103.0643,2753.369,103.6989,2753.369,103.38860000000001
2753.851,101.46969999999999,2753.851,103.056,2753.851,103.68790000000001,2753.851,103.3788
2754.333,101.459,2754.333,103.04899999999999,2754.333,103.67630000000001,2754.333,103.371
2754.8149999999996,101.44930000000001,2754.8149999999996,103.0429,2754.8149999999996,103.6646,2754.8149999999996,103.3642
2755.297,101.44040000000001,2755.297,103.0373,2755.297,103.6535,2755.297,103.35730000000001
2755.78,101.4312,2755.78,103.03150000000001,2755.78,103.6433,2755.78,103.34939999999999
2756.262,101.42089999999999,2756.262,103.0248,2756.262,103.6338,2756.262,103.34
2756.7439999999997,101.40880000000001,2756.7439999999997,103.0166,2756.7439999999997,103.62480000000001,2756.7439999999997,103.32920000000001
2757.226,101.3948,2757.226,103.0063,2757.226,103.61590000000001,2757.226,103.3177
2757.708,101.3794,2757.708,102.99380000000001,2757.708,103.60679999999999,2757.708,103.30619999999999
2758.19,101.3638,2758.19,102.9793,2758.19,103.59750000000001,2758.19,103.29520000000001
2758.6719999999996,101.34870000000001,2758.6719999999996,102.9634,2758.6719999999996,103.5878,2758.6719999999996,103.2849
2759.154,101.335,2759.154,102.9469,2759.154,103.57780000000001,2759.154,103.275
2759.636,101.32289999999999,2759.636,102.9306,2759.636,103.5673,2759.636,103.2649
2760.119,101.3124,2760.119,102.9151,2760.119,103.5564,2760.119,103.25439999999999
2760.6009999999997,101.3029,2760.6009999999997,102.90090000000001,2760.6009999999997,103.5453,2760.6009999999997,103.24329999999999
2761.083,101.2935,2761.083,102.888,2761.083,103.53410000000001,2761.083,103.2316
2761.565,101.2837,2761.565,102.87630000000001,2761.565,103.5233,2761.565,103.21990000000001
2762.047,101.27269999999999,2762.047,102.8653,2762.047,103.5132,2762.047,103.20830000000001
2762.529,101.26029999999999,2762.529,102.8543,2762.529,103.50410000000001,2762.529,103.19689999999999
2763.011,101.2462,2763.011,102.84249999999999,2763.011,103.4956,2763.011,103.18549999999999
2763.493,101.2304,2763.493,102.82910000000001,2763.493,103.487,2763.493,103.1736
2763.976,101.21260000000001,2763.976,102.81340000000002,2763.976,103.4772,2763.976,103.1603
2764.458,101.193,2764.458,102.79499999999999,2764.458,103.4652,2764.458,103.145
2764.94,101.1714,2764.94,102.77380000000001,2764.94,103.45009999999999,2764.94,103.12740000000001
2765.422,101.1482,2765.422,102.75019999999999,2765.422,103.43169999999999,2765.422,103.1074
2765.904,101.1236,2765.904,102.72460000000001,2765.904,103.4103,2765.904,103.08520000000001
2766.386,101.09809999999999,2766.386,102.69800000000001,2766.386,103.3869,2766.386,103.0613
2766.868,101.0723,2766.868,102.6711,2766.868,103.3625,2766.868,103.0364
2767.35,101.04679999999999,2767.35,102.6446,2767.35,103.3379,2767.35,103.01089999999999
2767.833,101.0219,2767.833,102.619,2767.833,103.31349999999999,2767.833,102.9853
2768.315,100.9975,2768.315,102.59450000000001,2768.315,103.28930000000001,2768.315,102.95989999999999
2768.797,100.9735,2768.797,102.57130000000001,2768.797,103.2649,2768.797,102.93490000000001
2769.279,100.94959999999999,2769.279,102.54950000000001,2769.279,103.24009999999998,2769.279,102.9104
2769.761,100.9252,2769.761,102.5289,2769.761,103.21480000000001,2769.761,102.8866
2770.243,100.9002,2770.243,102.5097,2770.243,103.1895,2770.243,102.8635
2770.725,100.8745,2770.725,102.49189999999999,2770.725,103.16479999999999,2770.725,102.8411
2771.207,100.8484,2771.207,102.4753,2771.207,103.14160000000001,2771.207,102.8197
2771.689,100.8219,2771.689,102.45960000000001,2771.689,103.12030000000001,2771.689,102.79899999999999
2772.172,100.7951,2772.172,102.4445,2772.172,103.1013,2772.172,102.7792
2772.654,100.76780000000001,2772.654,102.42899999999999,2772.654,103.08420000000001,2772.654,102.75989999999999
2773.136,100.73939999999999,2773.136,102.41260000000001,2773.136,103.0679,2773.136,102.7409
2773.618,100.7096,2773.618,102.39439999999999,2773.618,103.05139999999999,2773.618,102.72149999999999
2774.1,100.67790000000001,2774.1,102.37389999999999,2774.1,103.0335,2774.1,102.7012
2774.582,100.64420000000001,2774.582,102.3508,2774.582,103.0131,2774.582,102.67949999999999
2775.064,100.6088,2775.064,102.325,2775.064,102.9897,2775.064,102.6556
2775.546,100.5722,2775.546,102.297,2775.546,102.9633,2775.546,102.6295
2776.029,100.535,2776.029,102.26729999999999,2776.029,102.9346,2776.029,102.60119999999999
2776.51,100.4978,2776.51,102.23679999999999,2776.51,102.9042,2776.51,102.5709
2776.993,100.461,2776.993,102.2064,2776.993,102.87310000000001,2776.993,102.53939999999999
2777.475,100.4251,2777.475,102.17689999999999,2777.475,102.8418,2777.475,102.50729999999999
2777.957,100.3903,2777.957,102.14920000000001,2777.957,102.8108,2777.957,102.47569999999999
2778.4390000000003,100.35700000000001,2778.4390000000003,102.12349999999999,2778.4390000000003,102.7803,2778.4390000000003,102.4453
2778.921,100.32589999999999,2778.921,102.0999,2778.921,102.75019999999999,2778.921,102.417
2779.403,100.29729999999999,2779.403,102.07790000000001,2779.403,102.72049999999999,2779.403,102.3911
2779.885,100.2713,2779.885,102.057,2779.885,102.69120000000001,2779.885,102.36760000000001
2780.367,100.24770000000001,2780.367,102.03599999999999,2780.367,102.66239999999999,2780.367,102.34620000000001
2780.85,100.2251,2780.85,102.01400000000001,2780.85,102.6344,2780.85,102.32600000000001
2781.332,100.2019,2781.332,101.99000000000001,2781.332,102.6072,2781.332,102.3059
2781.814,100.1765,2781.814,101.96350000000001,2781.814,102.5806,2781.814,102.2846
2782.2960000000003,100.1472,2782.2960000000003,101.9342,2782.2960000000003,102.55460000000001,2782.2960000000003,102.2611
2782.778,100.11380000000001,2782.778,101.90259999999999,2782.778,102.5286,2782.778,102.23500000000001
2783.2599999999998,100.0767,2783.2599999999998,101.8694,2783.2599999999998,102.5024,2783.2599999999998,102.2065
2783.742,100.0373,2783.742,101.8359,2783.742,102.4759,2783.742,102.1765
2784.224,99.99743000000001,2784.224,101.80309999999999,2784.224,102.4491,2784.224,102.1463
2784.707,99.95853,2784.707,101.7719,2784.707,102.4223,2784.707,102.1169
2785.189,99.92146,2785.189,101.74289999999999,2785.189,102.3956,2785.189,102.0889
2785.671,99.88605,2785.671,101.71589999999999,2785.671,102.3687,2785.671,102.0624
2786.1530000000002,99.85139000000001,2786.1530000000002,101.6907,2786.1530000000002,102.34129999999999,2786.1530000000002,102.0366
2786.6349999999998,99.81608,2786.6349999999998,101.6669,2786.6349999999998,102.3129,2786.6349999999998,102.01050000000001
2787.1169999999997,99.77878000000001,2787.1169999999997,101.6439,2787.1169999999997,102.28299999999999,2787.1169999999997,101.9831
2787.599,99.73869,2787.599,101.62169999999999,2787.599,102.25139999999999,2787.599,101.9542
2788.081,99.69559000000001,2788.081,101.6004,2788.081,102.21849999999999,2788.081,101.92399999999999
2788.563,99.64993,2788.563,101.5801,2788.563,102.18529999999998,2788.563,101.89330000000001
2789.046,99.60255000000001,2789.046,101.5609,2789.046,102.15270000000001,2789.046,101.86319999999999
2789.528,99.55439,2789.528,101.54209999999999,2789.528,102.1217,2789.528,101.8343
2790.01,99.50627,2790.01,101.52300000000001,2790.01,102.0924,2790.01,101.8068
2790.492,99.45888,2790.492,101.5023,2790.492,102.06450000000001,2790.492,101.78039999999999
2790.9739999999997,99.41255,2790.9739999999997,101.4789,2790.9739999999997,102.03720000000001,2790.9739999999997,101.75399999999999
2791.456,99.36747,2791.456,101.45200000000001,2791.456,102.00919999999999,2791.456,101.7267
2791.938,99.32349,2791.938,101.42139999999999,2791.938,101.97959999999999,2791.938,101.6978
2792.42,99.28029000000001,2792.42,101.3879,2792.42,101.94780000000002,2792.42,101.6669
2792.903,99.23743,2792.903,101.35270000000001,2792.903,101.9141,2792.903,101.6343
2793.3849999999998,99.19427999999999,2793.3849999999998,101.3172,2793.3849999999998,101.87889999999999,2793.3849999999998,101.6008
2793.867,99.15036,2793.867,101.2829,2793.867,101.8432,2793.867,101.5671
2794.349,99.1055,2794.349,101.25059999999999,2794.349,101.8078,2794.349,101.5339
2794.8309999999997,99.05973,2794.8309999999997,101.2205,2794.8309999999997,101.7732,2794.8309999999997,101.5015
2795.313,99.01347,2795.313,101.19229999999999,2795.313,101.7398,2795.313,101.4699
2795.795,98.96715999999999,2795.795,101.16499999999999,2795.795,101.7072,2795.795,101.4388
2796.277,98.92117,2796.277,101.1377,2796.277,101.67530000000001,2796.277,101.4079
2796.7599999999998,98.87545,2796.7599999999998,101.1093,2796.7599999999998,101.6435,2796.7599999999998,101.37650000000001
2797.2419999999997,98.82948,2797.2419999999997,101.07919999999999,2797.2419999999997,101.6112,2797.2419999999997,101.34440000000001
2797.724,98.78235000000001,2797.724,101.0472,2797.724,101.5779,2797.724,101.31129999999999
2798.206,98.73295999999999,2798.206,101.0134,2798.206,101.5431,2798.206,101.2772
2798.6879999999996,98.68029,2798.6879999999996,100.9781,2798.6879999999996,101.50650000000002,2798.6879999999996,101.2424
2799.17,98.62360000000001,2799.17,100.94160000000001,2799.17,101.46790000000001,2799.17,101.2071
2799.652,98.56258,2799.652,100.90429999999999,2799.652,101.4271,2799.652,101.17160000000001
2800.134,98.49724,2800.134,100.8659,2800.134,101.38430000000001,2800.134,101.1358
2800.616,98.42783,2800.616,100.82629999999999,2800.616,101.3395,2800.616,101.0995
2801.0989999999997,98.35478,2801.0989999999997,100.7852,2801.0989999999997,101.2927,2801.0989999999997,101.0618
2801.581,98.27855,2801.581,100.7422,2801.581,101.244,2801.581,101.0219
2802.063,98.19981,2802.063,100.69779999999999,2802.063,101.1938,2802.063,100.97910000000002
2802.5449999999996,98.11948,2802.5449999999996,100.65249999999999,2802.5449999999996,101.14229999999999,2802.5449999999996,100.9331
2803.027,98.03855999999999,2803.027,100.60759999999999,2803.027,101.0902,2803.027,100.8843
2803.509,97.95817,2803.509,100.5641,2803.509,101.0384,2803.509,100.8335
2803.991,97.87919000000001,2803.991,100.5233,2803.991,100.9876,2803.991,100.782
2804.473,97.80208999999999,2804.473,100.4853,2804.473,100.9382,2804.473,100.731
2804.9559999999997,97.72676000000001,2804.9559999999997,100.44979999999998,2804.9559999999997,100.8901,2804.9559999999997,100.6812
2805.438,97.65253,2805.438,100.4154,2805.438,100.84249999999999,2805.438,100.6327
2805.92,97.57849,2805.92,100.38069999999999,2805.92,100.7941,2805.92,100.5849
2806.402,97.50368,2806.402,100.3442,2806.402,100.7434,2806.402,100.5369
2806.884,97.42749,2806.884,100.3051,2806.884,100.68950000000001,2806.884,100.488
2807.366,97.34961999999999,2807.366,100.26299999999999,2807.366,100.6315,2807.366,100.43759999999999
2807.848,97.27008,2807.848,100.2183,2807.848,100.57000000000001,2807.848,100.3855
2808.33,97.18906000000001,2808.33,100.1718,2808.33,100.5058,2808.33,100.3317
2808.8129999999996,97.10641000000001,2808.8129999999996,100.124,2808.8129999999996,100.44,2808.8129999999996,100.27619999999999
2809.294,97.0219,2809.294,100.07520000000001,2809.294,100.37389999999999,2809.294,100.21910000000001
2809.777,96.93499,2809.777,100.0256,2809.777,100.3081,2809.777,100.1599
2810.259,96.84519,2810.259,99.97501,2810.259,100.24260000000001,2810.259,100.0985
2810.741,96.75219999999999,2810.741,99.92333,2810.741,100.177,2810.741,100.0349
2811.223,96.65607,2811.223,99.87053,2811.223,100.1106,2811.223,99.96909000000001
2811.705,96.55714,2811.705,99.81667,2811.705,100.0424,2811.705,99.90172
2812.187,96.45588000000001,2812.187,99.76167000000001,2812.187,99.97201000000001,2812.187,99.83332000000001
2812.669,96.35249,2812.669,99.70522000000001,2812.669,99.89879,2812.669,99.76428999999999
2813.151,96.24688,2813.151,99.64669,2813.151,99.82258999999999,2813.151,99.69469000000001
2813.634,96.13852,2813.634,99.58520999999999,2813.634,99.74347,2813.634,99.62418
2814.116,96.02672999999999,2814.116,99.52013000000001,2814.116,99.66172,2814.116,99.55223000000001
2814.598,95.9109,2814.598,99.45115,2814.598,99.57775999999998,2814.598,99.47836000000001
2815.08,95.79083,2815.08,99.37863,2815.08,99.49213,2815.08,99.40238000000001
2815.562,95.66673,2815.562,99.30345,2815.562,99.40522,2815.562,99.32439000000001
2816.044,95.53927,2816.044,99.22672,2816.044,99.31723,2816.044,99.24471
2816.5260000000003,95.40936,2816.5260000000003,99.14941,2816.5260000000003,99.22793,2816.5260000000003,99.16364
2817.008,95.2778,2817.008,99.07189000000001,2817.008,99.13683,2817.008,99.08121
2817.4900000000002,95.14506,2817.4900000000002,98.99395999999999,2817.4900000000002,99.04310000000001,2817.4900000000002,98.99703000000001
2817.973,95.01111999999999,2817.973,98.91481,2817.973,98.94591,2817.973,98.91040000000001
2818.455,94.87545,2818.455,98.83342,2818.455,98.84461999999999,2818.455,98.82047
2818.937,94.73705000000001,2818.937,98.74882,2818.937,98.73893000000001,2818.937,98.72643
2819.419,94.59462,2819.419,98.66033999999999,2819.419,98.62876999999999,2819.419,98.62768
2819.901,94.4467,2819.901,98.56754000000001,2819.901,98.51417,2819.901,98.52366
2820.3830000000003,94.2919,2820.3830000000003,98.47026,2820.3830000000003,98.39508000000001,2820.3830000000003,98.41397
2820.865,94.12914,2820.865,98.36842000000001,2820.865,98.27123,2820.865,98.29825
2821.347,93.95778999999999,2821.347,98.26205999999999,2821.347,98.14219,2821.347,98.17616
2821.83,93.77786,2821.83,98.15124,2821.83,98.00747,2821.83,98.04758
2822.3120000000004,93.59,2822.3120000000004,98.03629000000001,2822.3120000000004,97.86690999999999,2822.3120000000004,97.9128
2822.794,93.39531000000001,2822.794,97.91767999999999,2822.794,97.72063,2822.794,97.77248
2823.276,93.19501000000001,2823.276,97.7959,2823.276,97.56904,2823.276,97.62746
2823.758,92.98994,2823.758,97.67108999999999,2823.758,97.41232,2823.758,97.47847999999999
2824.2400000000002,92.78026,2824.2400000000002,97.54294,2824.2400000000002,97.25025000000001,2824.2400000000002,97.32587000000001
2824.7219999999998,92.56509,2824.7219999999998,97.41033,2824.7219999999998,97.08199,2824.7219999999998,97.16922
2825.204,92.3428,2825.204,97.27176999999999,2825.204,96.90604,2825.204,97.00748000000002
2825.687,92.11124,2825.687,97.12553,2825.687,96.72066000000001,2825.687,96.83928
2826.1690000000003,91.86829,2826.1690000000003,96.97037999999999,2826.1690000000003,96.52452,2826.1690000000003,96.66331
2826.651,91.61243,2826.651,96.80585,2826.651,96.31712,2826.651,96.47881
2827.133,91.34304,2827.133,96.63244,2827.133,96.09903,2827.133,96.28556
2827.615,91.06036,2827.615,96.45129,2827.615,95.87167000000001,2827.615,96.08378
2828.097,90.76527,2828.097,96.26357999999999,2828.097,95.63673,2828.097,95.87374
2828.579,90.45867,2828.579,96.06992,2828.579,95.39543,2828.579,95.65523999999999
2829.061,90.14111,2829.061,95.86995999999999,2829.061,95.14804999999998,2829.061,95.42738999999999
2829.543,89.81229,2829.543,95.6621,2829.543,94.89349000000001,2829.543,95.18860000000001
2830.0260000000003,89.47108,2830.0260000000003,95.44396,2830.0260000000003,94.62955000000001,2830.0260000000003,94.93689
2830.508,89.11555,2830.508,95.21278000000001,2830.508,94.35341,2830.508,94.6703
2830.99,88.74352,2830.99,94.96614,2830.99,94.06216,2830.99,94.38737
2831.4719999999998,88.35293999999999,2831.4719999999998,94.70238,2831.4719999999998,93.75334000000001,2831.4719999999998,94.08716999999999
2831.954,87.94230999999999,2831.954,94.42083,2831.954,93.42529,2831.954,93.76947
2832.436,87.51098999999999,2832.436,94.12189,2832.436,93.07715,2832.436,93.43458
2832.918,87.05909,2832.918,93.80666,2832.918,92.70870000000001,2832.918,93.08301999999999
2833.4,86.58751000000001,2833.4,93.47690999999999,2833.4,92.32030999999999,2833.4,92.71556000000001
2833.8830000000003,86.09740000000001,2833.8830000000003,93.1344,2833.8830000000003,91.91259000000001,2833.8830000000003,92.33302
2834.3650000000002,85.58984000000001,2834.3650000000002,92.78075,2834.3650000000002,91.4863,2834.3650000000002,91.93619999999999
2834.8469999999998,85.06543,2834.8469999999998,92.41698,2834.8469999999998,91.04208,2834.8469999999998,91.52569
2835.3289999999997,84.52432999999999,2835.3289999999997,92.04352999999999,2835.3289999999997,90.58059999999999,2835.3289999999997,91.10177
2835.811,83.96622,2835.811,91.65997000000002,2835.811,90.10230999999999,2835.811,90.66422
2836.293,83.39069,2836.293,91.26529,2836.293,89.60751,2836.293,90.21228
2836.775,82.79757000000001,2836.775,90.85825,2836.775,89.09652,2836.775,89.74493000000001
2837.257,82.18722,2837.257,90.43777,2837.257,88.56971,2837.257,89.26116999999999
2837.7400000000002,81.56065,2837.7400000000002,90.0033,2837.7400000000002,88.02765000000001,2837.7400000000002,88.76052
2838.221,80.91946,2838.221,89.55507,2838.221,87.47109999999999,2838.221,88.24332999999999
2838.7039999999997,80.26554000000002,2838.7039999999997,89.09396,2838.7039999999997,86.90099000000001,2838.7039999999997,87.71088
2839.1859999999997,79.60075,2839.1859999999997,88.62135,2839.1859999999997,86.31828999999999,2839.1859999999997,87.16511
2839.668,78.92675,2839.668,88.13861,2839.668,85.72379,2839.668,86.60823
2840.15,78.24481,2840.15,87.64685999999999,2840.15,85.11825,2840.15,86.0423
2840.632,77.55598,2840.632,87.14689,2840.632,84.50232,2840.632,85.4688
2841.114,76.86111,2841.114,86.63918000000001,2841.114,83.87684,2841.114,84.8885
2841.596,76.16087999999999,2841.596,86.12405000000001,2841.596,83.24292,2841.596,84.30148
2842.078,75.45597,2842.078,85.6019,2842.078,82.60213,2842.078,83.70744
2842.5609999999997,74.74704,2842.5609999999997,85.07339999999999,2842.5609999999997,81.95644,2842.5609999999997,83.10606
2843.0429999999997,74.03484,2843.0429999999997,84.53947,2843.0429999999997,81.30814000000001,2843.0429999999997,82.49727
2843.525,73.32051,2843.525,84.00143,2843.525,80.65979999999999,2843.525,81.88174000000001
2844.007,72.60588,2844.007,83.46088,2844.007,80.01402,2844.007,81.26111
2844.4890000000005,71.89408,2844.4890000000005,82.91993,2844.4890000000005,79.37362,2844.4890000000005,80.63839
2844.971,71.18987,2844.971,82.38145,2844.971,78.74188000000001,2844.971,80.01801999999999
2845.453,70.49994,2845.453,81.8492,2845.453,78.12263,2845.453,79.406
2845.935,69.83278,2845.935,81.3278,2845.935,77.52032,2845.935,78.80938
2846.417,69.19843,2846.417,80.82288,2846.417,76.94014,2846.417,78.23582
2846.8999999999996,68.60794,2846.8999999999996,80.34063,2846.8999999999996,76.38783000000001,2846.8999999999996,77.69291
2847.382,68.07249,2847.382,79.88747000000001,2847.382,75.86928999999999,2847.382,77.1873
2847.864,67.60255,2847.864,79.46947,2847.864,75.39028,2847.864,76.7243
2848.3460000000005,67.20682,2848.3460000000005,79.09193,2848.3460000000005,74.95599999999999,2848.3460000000005,76.30759
2848.828,66.8914,2848.828,78.75883,2848.828,74.57073,2848.828,75.93933
2849.31,66.65912,2849.31,78.47259,2849.31,74.23772,2849.31,75.62048
2849.792,66.50934000000001,2849.792,78.23393,2849.792,73.95911,2849.792,75.35119
2850.274,66.43845,2850.274,78.04195,2850.274,73.73609,2850.274,75.13129
2850.7569999999996,66.44082,2850.7569999999996,77.89443,2850.7569999999996,73.56918,2850.7569999999996,74.96058
2851.239,66.51022,2851.239,77.78846,2851.239,73.45854,2851.239,74.83895000000001
2851.721,66.6408,2851.721,77.72086,2851.721,73.40398,2851.721,74.76623000000001
2852.2030000000004,66.8279,2852.2030000000004,77.68871,2852.2030000000004,73.4049,2852.2030000000004,74.74199999999999
2852.685,67.06792,2852.685,77.68951,2852.685,73.45999,2852.685,74.76505
2853.167,67.35777,2853.167,77.72133,2853.167,73.56695,2853.167,74.8334
2853.649,67.69416,2853.649,77.7824,2853.649,73.72224,2853.649,74.94396
2854.131,68.07297,2854.131,77.87105,2854.131,73.9213,2854.131,75.09282
2854.6139999999996,68.48911,2854.6139999999996,77.98523,2854.6139999999996,74.15898,2854.6139999999996,75.27538
2855.096,68.93668,2855.096,78.12236999999999,2855.096,74.42991,2855.096,75.48679
2855.578,69.40941000000001,2855.578,78.27924,2855.578,74.72903,2855.578,75.72218000000001
2856.0600000000004,69.90105,2856.0600000000004,78.452,2856.0600000000004,75.05169000000001,2856.0600000000004,75.97666000000001
2856.542,70.40523999999999,2856.542,78.63627,2856.542,75.39327,2856.542,76.24539
2857.024,70.91553,2857.024,78.82739,2857.024,75.74892,2857.024,76.52357
2857.506,71.42515999999999,2857.506,79.0208,2857.506,76.11308,2857.506,76.80635
2857.988,71.92725,2857.988,79.21245,2857.988,76.4795,2857.988,77.08913
2858.4700000000003,72.41507,2858.4700000000003,79.39903,2858.4700000000003,76.84152,2858.4700000000003,77.36761
2858.953,72.88268000000001,2858.953,79.57827,2858.953,77.19273,2858.953,77.63803
2859.435,73.32542000000001,2859.435,79.74867,2859.435,77.52754999999999,2859.435,77.89713
2859.9170000000004,73.74004000000001,2859.9170000000004,79.90923000000001,2859.9170000000004,77.84174,2859.9170000000004,78.14198
2860.3990000000003,74.12462,2860.3990000000003,80.05888,2860.3990000000003,78.13253,2860.3990000000003,78.36981
2860.881,74.47809000000001,2860.881,80.1962,2860.881,78.39848,2860.881,78.57804
2861.363,74.79978,2861.363,80.31928,2861.363,78.63918,2861.363,78.76437
2861.845,75.0891,2861.845,80.42600999999999,2861.845,78.85499,2861.845,78.92706000000001
2862.327,75.34576,2862.327,80.51465999999999,2862.327,79.04678,2862.327,79.06560999999999
2862.81,75.57006,2862.81,80.58448999999999,2862.81,79.21577,2862.81,79.18081
2863.292,75.76341000000001,2863.292,80.63634,2863.292,79.36373,2863.292,79.27504
2863.7740000000003,75.92857000000001,2863.7740000000003,80.67261,2863.7740000000003,79.49274,2863.7740000000003,79.35182
2864.2560000000003,76.06962,2864.2560000000003,80.69709,2864.2560000000003,79.60526,2864.2560000000003,79.41528
2864.738,76.19148,2864.738,80.71422999999999,2864.738,79.70397,2864.738,79.46964
2865.22,76.29942,2865.22,80.72832,2865.22,79.79162,2865.22,79.51854
2865.7019999999998,76.39829,2865.7019999999998,80.74308,2865.7019999999998,79.87091000000001,2865.7019999999998,79.5649
2866.184,76.49236,2866.184,80.76122,2866.184,79.94462999999999,2866.184,79.61103
2866.667,76.58525,2866.667,80.78465,2866.667,80.01563000000002,2866.667,79.65877
2867.148,76.68019,2867.148,80.81484,2867.148,80.08704,2867.148,79.70998
2867.6310000000003,76.78032,2867.6310000000003,80.85326,2867.6310000000003,80.16216,2867.6310000000003,79.76671999999999
2868.1130000000003,76.88901,2868.1130000000003,80.90156999999999,2868.1130000000003,80.24453,2868.1130000000003,79.83143
2868.595,77.00979000000001,2868.595,80.96170000000001,2868.595,80.33768,2868.595,79.90685
2869.0769999999998,77.14619,2869.0769999999998,81.03562,2869.0769999999998,80.44485,2869.0769999999998,79.99577000000001
2869.5589999999997,77.30127999999999,2869.5589999999997,81.12489,2869.5589999999997,80.5687,2869.5589999999997,80.10069
2870.041,77.4772,2870.041,81.23029000000001,2870.041,80.71095,2870.041,80.22342
2870.523,77.67477,2870.523,81.35168,2870.523,80.87225000000001,2870.523,80.36462
2871.005,77.89318,2871.005,81.48775,2871.005,81.05193,2871.005,80.52346
2871.4880000000003,78.12988,2871.4880000000003,81.63644,2871.4880000000003,81.24808,2871.4880000000003,80.69742
2871.9700000000003,78.38058000000001,2871.9700000000003,81.79489000000001,2871.9700000000003,81.45756,2871.9700000000003,80.88234999999999
2872.452,78.63978,2872.452,81.96002999999999,2872.452,81.67633000000001,2872.452,81.0731
2872.9339999999997,78.90112,2872.9339999999997,82.12862,2872.9339999999997,81.89993,2872.9339999999997,81.26423000000001
2873.4159999999997,79.15832,2873.4159999999997,82.29762,2873.4159999999997,82.12388000000001,2873.4159999999997,81.45108
2873.898,79.40568999999999,2873.898,82.46443,2873.898,82.34428,2873.898,81.6305
2874.38,79.63865,2874.38,82.62687,2874.38,82.55797,2874.38,81.80116
2874.862,79.85367,2874.862,82.78317,2874.862,82.7624,2874.862,81.96318
2875.344,80.04813,2875.344,82.93199,2875.344,82.95543,2875.344,82.11737
2875.827,80.21954,2875.827,83.07200999999999,2875.827,83.13491,2875.827,82.26402
2876.309,80.36533,2876.309,83.20193,2876.309,83.29831,2876.309,82.40218
2876.7909999999997,80.48263,2876.7909999999997,83.32032,2876.7909999999997,83.44278,2876.7909999999997,82.52929999999999
2877.2729999999997,80.56871,2877.2729999999997,83.42580999999998,2877.2729999999997,83.56555999999999,2877.2729999999997,82.64186000000001
2877.755,80.62154,2877.755,83.51706,2877.755,83.66434,2877.755,82.73618
2878.237,80.6405,2878.237,83.5932,2878.237,83.73787,2878.237,82.80977999999999
2878.719,80.62671999999999,2878.719,83.65370999999999,2878.719,83.78614999999999,2878.719,82.86179000000001
2879.201,80.58292,2879.201,83.69868,2879.201,83.81033000000001,2879.201,82.89339
2879.684,80.51283,2879.684,83.72849000000001,2879.684,83.81232,2879.684,82.90706
2880.166,80.42007,2880.166,83.74364,2880.166,83.79418,2880.166,82.90561
2880.6479999999997,80.30743,2880.6479999999997,83.74452,2880.6479999999997,83.75771,2880.6479999999997,82.89132000000001
2881.1299999999997,80.17621,2881.1299999999997,83.73134,2881.1299999999997,83.70398,2881.1299999999997,82.86519
2881.612,80.02641,2881.612,83.70401,2881.612,83.63365,2881.612,82.82703
2882.094,79.85712000000001,2882.094,83.6626,2882.094,83.54698,2882.094,82.77591
2882.576,79.66738000000001,2882.576,83.60725000000001,2882.576,83.44425,2882.576,82.71077
2883.058,79.45697,2883.058,83.53858000000001,2883.058,83.32597,2883.058,82.63121
2883.541,79.2268,2883.541,83.45765999999999,2883.541,83.19300999999999,2883.541,82.53764000000001
2884.023,78.97891,2884.023,83.36594,2884.023,83.04652000000002,2884.023,82.43128999999999
2884.5049999999997,78.71624,2884.5049999999997,83.26496,2884.5049999999997,82.88786,2884.5049999999997,82.31374000000001
2884.9869999999996,78.44201,2884.9869999999996,83.15615,2884.9869999999996,82.71839999999999,2884.9869999999996,82.18636000000001
2885.469,78.15931,2885.469,83.04059000000001,2885.469,82.53947,2885.469,82.05005999999999
2885.951,77.87071,2885.951,82.919,2885.951,82.35233,2885.951,81.90523999999999
2886.4330000000004,77.57813999999999,2886.4330000000004,82.79182,2886.4330000000004,82.15822,2886.4330000000004,81.75181
2886.915,77.28288,2886.915,82.65942000000001,2886.915,81.95823000000001,2886.915,81.5898
2887.397,76.98567,2887.397,82.52229,2887.397,81.75339,2887.397,81.41959999999999
2887.88,76.68688,2887.88,82.38108,2887.88,81.54455999999999,2887.88,81.24224
2888.362,76.38652,2888.362,82.23660000000001,2888.362,81.33231,2888.362,81.05928
2888.8439999999996,76.08465,2888.8439999999996,82.08978,2888.8439999999996,81.11717999999999,2888.8439999999996,80.87281000000002
2889.326,75.78148999999999,2889.326,81.94142,2889.326,80.89955,2889.326,80.68494
2889.808,75.47773000000001,2889.808,81.79218,2889.808,80.67994,2889.808,80.49775
2890.2900000000004,75.17443,2890.2900000000004,81.64249,2890.2900000000004,80.45898,2890.2900000000004,80.31280000000001
2890.772,74.873,2890.772,81.49255,2890.772,80.23737,2890.772,80.13112
2891.254,74.57491,2891.254,81.34247,2891.254,80.01590999999999,2891.254,79.95317
2891.737,74.28122,2891.737,81.19247,2891.737,79.79533,2891.737,79.77888
2892.219,73.99239,2892.219,81.04266000000001,2892.219,79.57621,2892.219,79.6078
2892.7009999999996,73.70819,2892.7009999999996,80.8934,2892.7009999999996,79.35905,2892.7009999999996,79.43932000000001
2893.183,73.42793,2893.183,80.74499,2893.183,79.1443,2893.183,79.27279999999999
2893.665,73.1507,2893.665,80.59789,2893.665,78.93247,2893.665,79.10776999999999
2894.1470000000004,72.8758,2894.1470000000004,80.45242999999999,2894.1470000000004,78.72408,2894.1470000000004,78.94391999999999
2894.629,72.60281,2894.629,80.30901,2894.629,78.51952,2894.629,78.78109
2895.111,72.33154,2895.111,80.16781999999999,2895.111,78.31873,2895.111,78.61916
2895.594,72.06158,2895.594,80.02890000000001,2895.594,78.1211,2895.594,78.45795
2896.075,71.79226,2896.075,79.89198,2896.075,77.92534,2896.075,78.29713
2896.5579999999995,71.52243999999999,2896.5579999999995,79.75672,2896.5579999999995,77.72977,2896.5579999999995,78.13633
2897.04,71.25084,2897.04,79.62265000000001,2897.04,77.53271,2897.04,77.97504
2897.522,70.9763,2897.522,79.48942,2897.522,77.33301,2897.522,77.81284000000001
2898.0040000000004,70.69830999999999,2898.0040000000004,79.35679999999999,2898.0040000000004,77.13033,2898.0040000000004,77.64938
2898.4860000000003,70.41708,2898.4860000000003,79.22476,2898.4860000000003,76.92525,2898.4860000000003,77.48424
2898.968,70.13347999999999,2898.968,79.0933,2898.968,76.71898999999999,2898.968,77.31705
2899.45,69.84857,2899.45,78.96218,2899.45,76.51282,2899.45,77.14744999999999
2899.932,69.56322,2899.932,78.83071,2899.932,76.30761,2899.932,76.97512
2900.415,69.2778,2900.415,78.69764,2900.415,76.10352,2900.415,76.79998
2900.897,68.99212,2900.897,78.56133,2900.897,75.8999,2900.897,76.62227
2901.379,68.70555999999999,2901.379,78.42005,2901.379,75.69551,2901.379,76.44263000000001
2901.8610000000003,68.41727,2901.8610000000003,78.27233,2901.8610000000003,75.48889,2901.8610000000003,76.26167
2902.3430000000003,68.12627,2902.3430000000003,78.11765,2902.3430000000003,75.27860000000001,2902.3430000000003,76.07972000000001
2902.825,67.83135,2902.825,77.95637,2902.825,75.06332,2902.825,75.89622
2903.307,67.53079,2903.307,77.78972999999999,2903.307,74.84181,2903.307,75.70953
2903.7889999999998,67.22232,2903.7889999999998,77.6195,2903.7889999999998,74.61285000000001,2903.7889999999998,75.51698
2904.271,66.90337,2904.271,77.44733,2904.271,74.37526,2904.271,75.31539000000001
2904.754,66.57155,2904.754,77.27427,2904.754,74.12801,2904.754,75.10192
2905.236,66.22524999999999,2905.236,77.10041000000001,2905.236,73.87049,2905.236,74.87477
2905.7180000000003,65.86417,2905.7180000000003,76.92486,2905.7180000000003,73.60262,2905.7180000000003,74.6337
2906.2000000000003,65.48936,2906.2000000000003,76.7459,2906.2000000000003,73.32478,2906.2000000000003,74.37998999999999
2906.682,65.10284,2906.682,76.56149,2906.682,73.03777,2906.682,74.11591
2907.1639999999998,64.70668,2907.1639999999998,76.36963,2907.1639999999998,72.74226,2907.1639999999998,73.84385
2907.6459999999997,64.30233,2907.6459999999997,76.16875,2907.6459999999997,72.4386,2907.6459999999997,73.56561
2908.128,63.89005,2908.128,75.95788999999999,2908.128,72.12669,2908.128,73.28184
2908.611,63.469100000000005,2908.611,75.73669,2908.611,71.80611,2908.611,72.99201
2909.093,63.03818,2909.093,75.5052,2909.093,71.47643000000001,2909.093,72.69492
2909.5750000000003,62.596109999999996,2909.5750000000003,75.26363,2909.5750000000003,71.13752,2909.5750000000003,72.389
2910.0570000000002,62.1425,2910.0570000000002,75.01217,2910.0570000000002,70.78966,2910.0570000000002,72.07300000000001
2910.5389999999998,61.677749999999996,2910.5389999999998,74.75075000000001,2910.5389999999998,70.43342,2910.5389999999998,71.7461
2911.0209999999997,61.20292,2911.0209999999997,74.47909,2911.0209999999997,70.06935,2911.0209999999997,71.40799
2911.5029999999997,60.71933,2911.5029999999997,74.19691,2911.5029999999997,69.69778,2911.5029999999997,71.05884
2911.985,60.22856,2911.985,73.90425,2911.985,69.31872999999999,2911.985,70.69928
2912.468,59.73253,2912.468,73.60185,2912.468,68.93213,2912.468,70.33059
2912.95,59.234210000000004,2912.95,73.29166,2912.95,68.53851,2912.95,69.95497999999999
2913.4320000000002,58.738060000000004,2913.4320000000002,72.97686,2913.4320000000002,68.13934,2913.4320000000002,69.57562
2913.914,58.25032,2913.914,72.66193,2913.914,67.73745,2913.914,69.19669999999999
2914.396,57.77847,2914.396,72.35206,2914.396,67.33684,2914.396,68.82282000000001
2914.8779999999997,57.330439999999996,2914.8779999999997,72.05249,2914.8779999999997,66.94226,2914.8779999999997,68.4586
2915.3599999999997,56.91341,2915.3599999999997,71.76777,2915.3599999999997,66.55854,2915.3599999999997,68.10798
2915.842,56.532939999999996,2915.842,71.50116,2915.842,66.19003000000001,2915.842,67.77402000000001
2916.324,56.19272000000001,2916.324,71.2545,2916.324,65.84048,2916.324,67.45889
2916.807,55.89486,2916.807,71.02831,2916.807,65.51298,2916.807,67.16435
2917.289,55.64059,2917.289,70.82237,2917.289,65.21035,2917.289,66.89206999999999
2917.771,55.43084,2917.771,70.63637,2917.771,64.93532,2917.771,66.64406
2918.253,55.266580000000005,2918.253,70.47044,2918.253,64.69057000000001,2918.253,66.42246
2918.7349999999997,55.14859,2918.7349999999997,70.32541,2918.7349999999997,64.47861,2918.7349999999997,66.22942
2919.2169999999996,55.07723,2919.2169999999996,70.20273999999999,2919.2169999999996,64.30147,2919.2169999999996,66.06657
2919.699,55.05223,2919.699,70.10433,2919.699,64.1608,2919.699,65.93504
2920.181,55.073049999999995,2920.181,70.03219,2920.181,64.05793,2920.181,65.83554000000001
2920.6639999999998,55.139269999999996,2920.6639999999998,69.98814,2920.6639999999998,63.99431,2920.6639999999998,65.7688
2921.146,55.25121,2921.146,69.97369,2921.146,63.97176,2921.146,65.73592
2921.628,55.40999,2921.628,69.98983,2921.628,63.99243,2921.628,65.73846
2922.11,55.61703,2922.11,70.03701000000001,2922.11,64.05843,2922.11,65.77802
2922.5919999999996,55.87310000000001,2922.5919999999996,70.11514,2922.5919999999996,64.1711,2922.5919999999996,65.85573
2923.0739999999996,56.17739,2923.0739999999996,70.22344000000001,2923.0739999999996,64.33030000000001,2923.0739999999996,65.97146000000001
2923.556,56.52697,2923.556,70.36071,2923.556,64.53417,2923.556,66.12367
2924.038,56.91706,2924.038,70.52523,2924.038,64.77932,2924.038,66.30959
2924.5209999999997,57.34198,2924.5209999999997,70.71519,2924.5209999999997,65.06151,2924.5209999999997,66.52591
2925.002,57.7963,2925.002,70.92873,2925.002,65.37654,2925.002,66.76959
2925.485,58.27574,2925.485,71.1641,2925.485,65.72086,2925.485,67.03844000000001
2925.967,58.777590000000004,2925.967,71.41969999999999,2925.967,66.0918,2925.967,67.33127999999999
2926.449,59.30025,2926.449,71.69400999999999,2926.449,66.48735,2926.449,67.64752
2926.9309999999996,59.842769999999994,2926.9309999999996,71.98559,2926.9309999999996,66.90598,2926.9309999999996,67.98673
2927.413,60.40413,2927.413,72.29311,2927.413,67.34606000000001,2927.413,68.34804
2927.895,60.983090000000004,2927.895,72.61542,2927.895,67.80597,2927.895,68.72999
2928.3770000000004,61.578239999999994,2928.3770000000004,72.95165,2928.3770000000004,68.2841,2928.3770000000004,69.13067
2928.859,62.188179999999996,2928.859,73.30122,2928.859,68.77899000000001,2928.859,69.54789
2929.342,62.8116,2929.342,73.66369,2929.342,69.28928,2929.342,69.97949
2929.824,63.44709,2929.824,74.03875000000001,2929.824,69.81351000000001,2929.824,70.42342
2930.306,64.09276,2930.306,74.42598000000001,2930.306,70.34987,2930.306,70.87785
2930.7879999999996,64.746,2930.7879999999996,74.82486,2930.7879999999996,70.89608,2930.7879999999996,71.3411
2931.27,65.40373,2931.27,75.23486,2931.27,71.44957,2931.27,71.8119
2931.752,66.06284000000001,2931.752,75.65551,2931.752,72.00795000000001,2931.752,72.28957
2932.2340000000004,66.72081,2932.2340000000004,76.08641,2932.2340000000004,72.56936999999999,2932.2340000000004,72.7741
2932.716,67.37608,2932.716,76.52702,2932.716,73.13289,2932.716,73.26606
2933.198,68.02795,2933.198,76.97649,2933.198,73.6982,2933.198,73.76602
2933.681,68.67506,2933.681,77.43317,2933.681,74.26514,2933.681,74.27383
2934.163,69.31703999999999,2934.163,77.89465,2934.163,74.83303000000001,2934.163,74.78791
2934.6449999999995,69.95133,2934.6449999999995,78.35773999999999,2934.6449999999995,75.40011,2934.6449999999995,75.30497
2935.127,70.57376,2935.127,78.81909,2935.127,75.96364,2935.127,75.82034
2935.609,71.17937,2935.609,79.27557,2935.609,76.52023,2935.609,76.32876999999999
2936.0910000000003,71.76359,2936.0910000000003,79.72488,2936.0910000000003,77.06651,2936.0910000000003,76.82566
2936.5730000000003,72.32321999999999,2936.5730000000003,80.16563,2936.5730000000003,77.59973000000001,2936.5730000000003,77.30785
2937.055,72.85696,2937.055,80.59701000000001,2937.055,78.11787,2937.055,77.77401
2937.538,73.36493,2937.538,81.01838000000001,2937.538,78.61937,2937.538,78.22437
2938.02,73.84774,2938.02,81.42879,2938.02,79.10271,2938.02,78.65996
2938.5019999999995,74.30544,2938.5019999999995,81.82654,2938.5019999999995,79.566,2938.5019999999995,79.0816
2938.984,74.73701,2938.984,82.20939,2938.984,80.00686999999999,2938.984,79.48929
2939.466,75.14027,2939.466,82.57476,2939.466,80.42267000000001,2939.466,79.88176
2939.9480000000003,75.51265,2939.9480000000003,82.92026,2939.9480000000003,80.81103999999999,2939.9480000000003,80.25681
2940.4300000000003,75.85191,2940.4300000000003,83.24401,2940.4300000000003,81.1704,2940.4300000000003,80.61165000000001
2940.912,76.15679,2940.912,83.54467,2940.912,81.49997,2940.912,80.94334
2941.395,76.42702,2941.395,83.82147,2941.395,81.79966,2941.395,81.24921
2941.877,76.66303,2941.877,84.07404,2941.877,82.06981999999999,2941.877,81.52744
2942.359,76.86555,2942.359,84.30215000000001,2942.359,82.31090999999999,2942.359,81.77692
2942.841,77.03531,2942.841,84.50602,2942.841,82.52328,2942.841,81.99774
2943.323,77.17322,2943.323,84.68605,2943.323,82.70742999999999,2943.323,82.19106
2943.8050000000003,77.28062,2943.8050000000003,84.84323,2943.8050000000003,82.86426,2943.8050000000003,82.35906999999999
2944.2870000000003,77.35954,2944.2870000000003,84.97878,2944.2870000000003,82.9951,2944.2870000000003,82.50446
2944.769,77.41278,2944.769,85.0943,2944.769,83.10181,2944.769,82.63
2945.2509999999997,77.4434,2945.2509999999997,85.19129,2945.2509999999997,83.18636,2945.2509999999997,82.73772
2945.734,77.45417,2945.734,85.27119,2945.734,83.25046,2945.734,82.82865
2946.216,77.44717,2946.216,85.33519,2946.216,83.29537,2946.216,82.90266000000001
2946.698,77.42377,2946.698,85.38448000000001,2946.698,83.32198,2946.698,82.95904
2947.18,77.3851,2947.18,85.42032,2947.18,83.33109999999999,2947.18,82.99718
2947.6620000000003,77.33303000000001,2947.6620000000003,85.44431,2947.6620000000003,83.32413000000001,2947.6620000000003,83.01747
2948.1440000000002,77.27090000000001,2948.1440000000002,85.45839000000001,2948.1440000000002,83.30341000000001,2948.1440000000002,83.02183
2948.6259999999997,77.20382,2948.6259999999997,85.46464999999999,2948.6259999999997,83.27248,2948.6259999999997,83.01377000000001
2949.1079999999997,77.13821,2949.1079999999997,85.46517,2949.1079999999997,83.23566,2949.1079999999997,82.99791
2949.591,77.08073999999999,2949.591,85.46188000000001,2949.591,83.19758,2949.591,82.97923
2950.073,77.03732000000001,2950.073,85.45638,2950.073,83.16245,2950.073,82.96227
2950.555,77.01227,2950.555,85.45035,2950.555,83.13383,2950.555,82.95066
2951.037,77.00815,2951.037,85.44556999999999,2951.037,83.11439999999999,2951.037,82.9471
2951.5190000000002,77.02625,2951.5190000000002,85.44418999999999,2951.5190000000002,83.10628,2951.5190000000002,82.95352
2952.001,77.06746,2952.001,85.44866999999999,2952.001,83.11137000000001,2952.001,82.97148999999999
2952.483,77.13283,2952.483,85.46155999999999,2952.483,83.13161000000001,2952.483,83.00241
2952.9649999999997,77.22373,2952.9649999999997,85.48499,2952.9649999999997,83.16882,2952.9649999999997,83.04739
2953.448,77.34156999999999,2953.448,85.52028999999999,2953.448,83.22459,2953.448,83.1072
2953.929,77.48717,2953.929,85.56765999999999,2953.929,83.29983999999999,2953.929,83.18173
2954.4120000000003,77.66038,2954.4120000000003,85.62630999999999,2954.4120000000003,83.39473999999998,2954.4120000000003,83.27013000000001
2954.894,77.86011,2954.894,85.69468,2954.894,83.5086,2954.894,83.37080999999999
2955.376,78.08463,2955.376,85.77087,2955.376,83.64017000000001,2955.376,83.48186
2955.858,78.33223000000001,2955.858,85.85302,2955.858,83.78790000000001,2955.858,83.60139000000001
2956.34,78.60151,2956.34,85.9395,2956.34,83.95006000000001,2956.34,83.72759
2956.8219999999997,78.89151,2956.8219999999997,86.02897999999999,2956.8219999999997,84.12487999999999,2956.8219999999997,83.85889
2957.304,79.20123000000001,2957.304,86.12011000000001,2957.304,84.31044,2957.304,83.99363
2957.786,79.52944000000001,2957.786,86.21167,2957.786,84.50482,2957.786,84.13
2958.2690000000002,79.87438,2958.2690000000002,86.30238,2958.2690000000002,84.70621,2958.2690000000002,84.26614000000001
2958.7509999999997,80.23396,2958.7509999999997,86.39099,2958.7509999999997,84.91324,2958.7509999999997,84.40024
2959.233,80.60631000000001,2959.233,86.47643000000001,2959.233,85.12521,2959.233,84.53093000000001
2959.715,80.99019999999999,2959.715,86.55770000000001,2959.715,85.34212,2959.715,84.65742
2960.197,81.38528000000001,2960.197,86.63394,2960.197,85.56441,2960.197,84.77946
2960.6789999999996,81.79187999999999,2960.6789999999996,86.70429,2960.6789999999996,85.79253,2960.6789999999996,84.89727
2961.161,82.21043,2961.161,86.76807,2961.161,86.02615,2961.161,85.01111999999999
2961.643,82.64113,2961.643,86.82485,2961.643,86.26438,2961.643,85.12141
2962.125,83.08355,2962.125,86.87483999999999,2962.125,86.50560999999999,2962.125,85.22874999999999
2962.6079999999997,83.53706000000001,2962.6079999999997,86.91924999999999,2962.6079999999997,86.74833,2962.6079999999997,85.33443
2963.09,84.00107,2963.09,86.96036,2963.09,86.99180999999999,2963.09,85.44067
2963.572,84.47552,2963.572,87.0013,2963.572,87.23653,2963.572,85.55078
2964.054,84.96066,2964.054,87.04569,2964.054,87.48407,2964.054,85.66864000000001
2964.536,85.45662,2964.536,87.0968,2964.536,87.73656000000001,2964.536,85.79799
2965.018,85.96261999999999,2965.018,87.15713000000001,2965.018,87.99574,2965.018,85.94149
2965.5,86.47639999999998,2965.5,87.22813000000001,2965.5,88.26227,2965.5,86.10006999999999
2965.982,86.99427,2965.982,87.31038,2965.982,88.53542000000002,2965.982,86.2729
2966.4649999999997,87.51163,2966.4649999999997,87.40401,2966.4649999999997,88.81337,2966.4649999999997,86.45785000000001
2966.947,88.02421000000001,2966.947,87.50918999999999,2966.947,89.09399,2966.947,86.65238000000001
2967.429,88.529,2967.429,87.62653,2967.429,89.37563,2967.429,86.85457
2967.911,89.02479,2967.911,87.75695999999999,2967.911,89.65782000000002,2967.911,87.06356
2968.393,89.51209,2968.393,87.90154,2968.393,89.94123,2968.393,87.27967
2968.875,89.99231,2968.875,88.06097,2968.875,90.22728000000001,2968.875,87.50392
2969.357,90.46673999999999,2969.357,88.23531,2969.357,90.51767999999998,2969.357,87.73742999999999
2969.839,90.93584,2969.839,88.42399999999999,2969.839,90.81365,2969.839,87.98088
2970.322,91.39907000000001,2970.322,88.62611,2970.322,91.11586000000001,2970.322,88.23437
2970.804,91.85499999999999,2970.804,88.84062,2970.804,91.42412999999999,2970.804,88.49743000000001
2971.286,92.30181999999999,2971.286,89.06663999999999,2971.286,91.73766,2971.286,88.76925999999999
2971.768,92.738,2971.768,89.30353,2971.768,92.05511,2971.768,89.04906
2972.25,93.16232,2972.25,89.55043,2972.25,92.37469000000002,2972.25,89.33577
2972.732,93.574,2972.732,89.80621,2972.732,92.69421,2972.732,89.62833
2973.214,93.97261,2973.214,90.06935,2973.214,93.01125,2973.214,89.9254
2973.696,94.35797000000001,2973.696,90.33785,2973.696,93.32343,2973.696,90.2254
2974.1780000000003,94.73046,2974.1780000000003,90.60983999999999,2974.1780000000003,93.62888,2974.1780000000003,90.5269
2974.661,95.09109000000001,2974.661,90.88379,2974.661,93.92652999999999,2974.661,90.82889
2975.143,95.44157999999999,2975.143,91.15878000000001,2975.143,94.2163,2975.143,91.1309
2975.625,95.7841,2975.625,91.43459,2975.625,94.49902,2975.625,91.43307999999999
2976.107,96.1207,2976.107,91.7112,2976.107,94.7758,2976.107,91.7358
2976.589,96.45251,2976.589,91.98869,2976.589,95.04767,2976.589,92.03936999999999
2977.071,96.77932,2977.071,92.26672,2977.071,95.31496000000001,2977.071,92.34356
2977.553,97.09949,2977.553,92.54471000000001,2977.553,95.57745,2977.553,92.64766999999999
2978.0350000000003,97.41056999999999,2978.0350000000003,92.82199,2978.0350000000003,95.83449999999999,2978.0350000000003,92.95078000000001
2978.518,97.71001,2978.518,93.09801999999999,2978.518,96.08551,2978.518,93.25213
2979.0,97.99621,2979.0,93.37257,2979.0,96.33041,2979.0,93.55156000000001
2979.482,98.26908,2979.482,93.64568,2979.482,96.56980000000001,2979.482,93.84962
2979.964,98.52986,2979.964,93.9174,2979.964,96.80469000000001,2979.964,94.14726999999999
2980.4460000000004,98.78059999999999,2980.4460000000004,94.18746,2980.4460000000004,97.03608,2980.4460000000004,94.4454
2980.928,99.02338,2980.928,94.45527999999999,2980.928,97.2646,2980.928,94.74443000000001
2981.41,99.25957,2981.41,94.72,2981.41,97.49018,2981.41,95.04384999999999
2981.8920000000003,99.48952,2981.8920000000003,94.98082,2981.8920000000003,97.71212,2981.8920000000003,95.34236999999999
2982.375,99.71276,2982.375,95.23733999999999,2982.375,97.92956000000001,2982.375,95.63811
2982.8559999999998,99.92844,2982.8559999999998,95.48983,2982.8559999999998,98.14192,2982.8559999999998,95.92924
2983.339,100.1357,2983.339,95.73907,2983.339,98.34912,2983.339,96.21426
2983.821,100.3341,2983.821,95.98624000000001,2983.821,98.55183,2983.821,96.49229
2984.3030000000003,100.5233,2984.3030000000003,96.23229,2984.3030000000003,98.75104999999999,2984.3030000000003,96.76302
2984.785,100.70349999999999,2984.785,96.47778000000001,2984.785,98.94784,2984.785,97.0266
2985.267,100.87459999999999,2985.267,96.72285000000001,2985.267,99.14293,2985.267,97.28321
2985.7490000000003,101.03649999999999,2985.7490000000003,96.96718000000001,2985.7490000000003,99.33644,2985.7490000000003,97.53309
2986.231,101.18929999999999,2986.231,97.21025,2986.231,99.52788999999999,2986.231,97.77631
2986.7129999999997,101.33330000000001,2986.7129999999997,97.45152000000002,2986.7129999999997,99.71631000000001,2986.7129999999997,98.01264
2987.196,101.46900000000001,2987.196,97.69026,2987.196,99.90046,2987.196,98.24171
2987.678,101.59689999999999,2987.678,97.92541999999999,2987.678,100.07889999999999,2987.678,98.46280999999999
2988.1600000000003,101.7177,2988.1600000000003,98.15559999999999,2988.1600000000003,100.25040000000001,2988.1600000000003,98.67523
2988.642,101.8313,2988.642,98.37882,2988.642,100.4137,2988.642,98.87819999999999
2989.124,101.9371,2989.124,98.59306000000001,2989.124,100.56819999999999,2989.124,99.07130000000001
2989.606,102.03469999999999,2989.606,98.79673,2989.606,100.71349999999998,2989.606,99.25476
2990.088,102.1234,2990.088,98.98928,2990.088,100.85,2990.088,99.4296
2990.57,102.2035,2990.57,99.17142999999999,2990.57,100.97910000000002,2990.57,99.59766
2991.0519999999997,102.2761,2991.0519999999997,99.34523,2991.0519999999997,101.1026,2991.0519999999997,99.76120999999999
2991.535,102.3433,2991.535,99.51342,2991.535,101.2226,2991.535,99.92258
2992.0170000000003,102.4072,2992.0170000000003,99.67878999999999,2992.0170000000003,101.34129999999999,2992.0170000000003,100.08349999999999
2992.499,102.4697,2992.499,99.84348,2992.499,101.4604,2992.499,100.24489999999999
2992.9809999999998,102.53179999999999,2992.9809999999998,100.0084,2992.9809999999998,101.58080000000001,2992.9809999999998,100.4062
2993.463,102.59370000000001,2993.463,100.17309999999999,2993.463,101.7026,2993.463,100.56639999999999
2993.945,102.6547,2993.945,100.3365,2993.945,101.82500000000002,2993.945,100.72350000000002
2994.427,102.7141,2994.427,100.4969,2994.427,101.94669999999999,2994.427,100.8759
2994.9089999999997,102.77149999999999,2994.9089999999997,100.6527,2994.9089999999997,102.0661,2994.9089999999997,101.0224
2995.392,102.82690000000001,2995.392,100.803,2995.392,102.1814,2995.392,101.1624
2995.8740000000003,102.8808,2995.8740000000003,100.9474,2995.8740000000003,102.29109999999999,2995.8740000000003,101.29570000000001
2996.356,102.93369999999999,2996.356,101.0858,2996.356,102.394,2996.356,101.42269999999999
2996.8379999999997,102.9856,2996.8379999999997,101.21849999999999,2996.8379999999997,102.4894,2996.8379999999997,101.54339999999999
2997.32,103.03580000000001,2997.32,101.3455,2997.32,102.5774,2997.32,101.65809999999999
2997.802,103.08319999999999,2997.802,101.46679999999999,2997.802,102.6586,2997.802,101.7666
2998.284,103.1267,2998.284,101.5822,2998.284,102.73429999999999,2998.284,101.8689
2998.7659999999996,103.1655,2998.7659999999996,101.6915,2998.7659999999996,102.8062,2998.7659999999996,101.9651
2999.249,103.19959999999999,2999.249,101.79469999999999,2999.249,102.8762,2999.249,102.0556
2999.731,103.2296,2999.731,101.89170000000001,2999.731,102.9454,2999.731,102.14080000000001
3000.213,103.25619999999999,3000.213,101.9828,3000.213,103.0146,3000.213,102.2215
3000.6949999999997,103.2799,3000.6949999999997,102.0683,3000.6949999999997,103.0836,3000.6949999999997,102.298
3001.177,103.3005,3001.177,102.1485,3001.177,103.1515,3001.177,102.37039999999999
3001.659,103.31760000000001,3001.659,102.2238,3001.659,103.2172,3001.659,102.4387
3002.141,103.3304,3002.141,102.29490000000001,3002.141,103.27949999999998,3002.141,102.5026
3002.6229999999996,103.33890000000001,3002.6229999999996,102.3625,3002.6229999999996,103.3379,3002.6229999999996,102.5622
3003.105,103.3439,3003.105,102.4273,3003.105,103.3925,3003.105,102.61789999999999
3003.588,103.3473,3003.588,102.4898,3003.588,103.44359999999999,3003.588,102.6704
3004.07,103.3514,3004.07,102.55080000000001,3004.07,103.49239999999999,3004.07,102.7209
3004.5519999999997,103.3586,3004.5519999999997,102.61039999999998,3004.5519999999997,103.5395,3004.5519999999997,102.7706
3005.034,103.3703,3005.034,102.6683,3005.034,103.58529999999999,3005.034,102.82039999999999
3005.516,103.3868,3005.516,102.7241,3005.516,103.62960000000001,3005.516,102.87049999999999
3005.998,103.40700000000001,3005.998,102.7769,3005.998,103.6719,3005.998,102.92049999999999
3006.48,103.42929999999998,3006.48,102.82579999999999,3006.48,103.7112,3006.48,102.9691
3006.962,103.4516,3006.962,102.86979999999998,3006.962,103.7464,3006.962,103.01499999999999
3007.445,103.47219999999999,3007.445,102.9083,3007.445,103.7769,3007.445,103.0565
3007.927,103.49,3007.927,102.94080000000001,3007.927,103.8022,3007.927,103.0924
3008.409,103.5043,3008.409,102.96730000000001,3008.409,103.82229999999998,3008.409,103.1222
3008.891,103.5147,3008.891,102.9881,3008.891,103.8376,3008.891,103.14589999999998
3009.373,103.521,3009.373,103.004,3009.373,103.84880000000001,3009.373,103.1642
3009.855,103.5231,3009.855,103.0163,3009.855,103.857,3009.855,103.1787
3010.337,103.5215,3010.337,103.0265,3010.337,103.86340000000001,3010.337,103.1911
3010.819,103.51729999999999,3010.819,103.0364,3010.819,103.8694,3010.819,103.2033
3011.302,103.5123,3011.302,103.0475,3011.302,103.8765,3011.302,103.2174
3011.783,103.5091,3011.783,103.061,3011.783,103.8861,3011.783,103.2346
3012.266,103.51010000000001,3012.266,103.0775,3012.266,103.89930000000001,3012.266,103.2559
3012.748,103.51740000000001,3012.748,103.09680000000002,3012.748,103.91669999999999,3012.748,103.28120000000001
3013.23,103.53190000000001,3013.23,103.11779999999999,3013.23,103.9383,3013.23,103.30950000000001
3013.712,103.55270000000002,3013.712,103.1396,3013.712,103.9634,3013.712,103.3394
3014.194,103.57799999999999,3014.194,103.16099999999999,3014.194,103.99080000000001,3014.194,103.3692
3014.676,103.6049,3014.676,103.1815,3014.676,104.0192,3014.676,103.39750000000001
3015.158,103.6307,3015.158,103.20100000000001,3015.158,104.04709999999999,3015.158,103.42309999999999
3015.64,103.65310000000001,3015.64,103.21990000000001,3015.64,104.0735,3015.64,103.446
3016.123,103.6711,3016.123,103.23830000000001,3016.123,104.09740000000001,3016.123,103.4662
3016.605,103.68489999999998,3016.605,103.25619999999999,3016.605,104.1186,3016.605,103.48429999999999
3017.087,103.6956,3017.087,103.27329999999999,3017.087,104.1369,3017.087,103.5006
3017.569,103.70479999999999,3017.569,103.2884,3017.569,104.15239999999999,3017.569,103.51539999999999
3018.051,103.7141,3018.051,103.3005,3018.051,104.1655,3018.051,103.52850000000001
3018.5330000000004,103.7247,3018.5330000000004,103.30919999999999,3018.5330000000004,104.1765,3018.5330000000004,103.5397
3019.015,103.737,3019.015,103.3147,3019.015,104.1861,3019.015,103.54920000000001
3019.497,103.7507,3019.497,103.31809999999999,3019.497,104.19510000000001,3019.497,103.55730000000001
3019.9790000000003,103.76490000000001,3019.9790000000003,103.321,3019.9790000000003,104.20439999999999,3019.9790000000003,103.56490000000001
3020.462,103.77860000000001,3020.462,103.32509999999999,3020.462,104.21499999999999,3020.462,103.57320000000001
3020.944,103.7908,3020.944,103.3316,3020.944,104.22769999999998,3020.944,103.5831
3021.426,103.8011,3021.426,103.3407,3021.426,104.243,3021.426,103.5951
3021.908,103.8095,3021.908,103.352,3021.908,104.2607,3021.908,103.6092
3022.3900000000003,103.81689999999999,3022.3900000000003,103.3644,3022.3900000000003,104.2804,3022.3900000000003,103.6249
3022.872,103.82450000000001,3022.872,103.3771,3022.872,104.30139999999999,3022.872,103.64139999999999
3023.354,103.8338,3023.354,103.3897,3023.354,104.3227,3023.354,103.6579
3023.8360000000002,103.84599999999999,3023.8360000000002,103.40270000000001,3023.8360000000002,104.3439,3023.8360000000002,103.674
3024.3190000000004,103.8615,3024.3190000000004,103.41659999999999,3024.3190000000004,104.36430000000001,3024.3190000000004,103.68939999999999
3024.801,103.88,3024.801,103.43180000000001,3024.801,104.38350000000001,3024.801,103.70349999999999
3025.283,103.9004,3025.283,103.4481,3025.283,104.40119999999999,3025.283,103.71570000000001
3025.765,103.92110000000001,3025.765,103.4643,3025.765,104.41659999999999,3025.765,103.7249
3026.2470000000003,103.9401,3026.2470000000003,103.4783,3026.2470000000003,104.42869999999999,3026.2470000000003,103.73010000000001
3026.729,103.956,3026.729,103.4882,3026.729,104.4367,3026.729,103.7307
3027.211,103.9679,3027.211,103.49239999999999,3027.211,104.44009999999999,3027.211,103.7272
3027.693,103.9757,3027.693,103.49060000000001,3027.693,104.439,3027.693,103.7207
3028.1760000000004,103.98,3028.1760000000004,103.4837,3028.1760000000004,104.43450000000001,3028.1760000000004,103.71379999999999
3028.658,103.98190000000001,3028.658,103.474,3028.658,104.42880000000001,3028.658,103.70870000000001
3029.14,103.98259999999999,3029.14,103.46439999999998,3029.14,104.42439999999999,3029.14,103.708
3029.622,103.9838,3029.622,103.4577,3029.622,104.42419999999998,3029.622,103.7126
3030.1040000000003,103.9866,3030.1040000000003,103.45649999999999,3030.1040000000003,104.4301,3030.1040000000003,103.7226
3030.586,103.9922,3030.586,103.462,3030.586,104.443,3030.586,103.7365
3031.0679999999998,104.0012,3031.0679999999998,103.4743,3031.0679999999998,104.4622,3031.0679999999998,103.75229999999999
3031.55,104.0138,3031.55,103.4922,3031.55,104.4854,3031.55,103.7676
3032.032,104.02940000000001,3032.032,103.51330000000002,3032.032,104.5097,3032.032,103.7808
3032.515,104.047,3032.515,103.53479999999999,3032.515,104.53190000000001,3032.515,103.79119999999999
3032.997,104.06500000000001,3032.997,103.5539,3032.997,104.54950000000001,3032.997,103.79899999999999
3033.479,104.08200000000001,3033.479,103.5687,3033.479,104.5614,3033.479,103.8052
3033.9610000000002,104.0972,3033.9610000000002,103.57860000000001,3033.9610000000002,104.5682,3033.9610000000002,103.8113
3034.443,104.10999999999999,3034.443,103.5844,3034.443,104.5714,3034.443,103.81879999999998
3034.9249999999997,104.1209,3034.9249999999997,103.5883,3034.9249999999997,104.5736,3034.9249999999997,103.829
3035.407,104.1308,3035.407,103.59309999999999,3035.407,104.57730000000001,3035.407,103.8427
3035.889,104.1407,3035.889,103.6014,3035.889,104.58430000000001,3035.889,103.8597
3036.3720000000003,104.1512,3036.3720000000003,103.6145,3036.3720000000003,104.5952,3036.3720000000003,103.8792
3036.854,104.1624,3036.854,103.63210000000001,3036.854,104.60929999999999,3036.854,103.8991
3037.336,104.17339999999999,3037.336,103.6521,3037.336,104.62499999999999,3037.336,103.91699999999999
3037.818,104.18289999999999,3037.818,103.6716,3037.818,104.64020000000001,3037.818,103.9302
3038.3,104.1896,3038.3,103.68740000000001,3038.3,104.6527,3038.3,103.93650000000001
3038.7819999999997,104.19290000000001,3038.7819999999997,103.6973,3038.7819999999997,104.6615,3038.7819999999997,103.93520000000001
3039.264,104.19290000000001,3039.264,103.7007,3039.264,104.66629999999999,3039.264,103.9269
3039.746,104.19080000000001,3039.746,103.69870000000002,3039.746,104.66789999999999,3039.746,103.9141
3040.2290000000003,104.18829999999998,3040.2290000000003,103.6934,3040.2290000000003,104.6676,3040.2290000000003,103.89980000000001
3040.711,104.1871,3040.711,103.68759999999999,3040.711,104.66660000000002,3040.711,103.88759999999999
3041.1929999999998,104.18829999999998,3041.1929999999998,103.6835,3041.1929999999998,104.6659,3041.1929999999998,103.88010000000001
3041.675,104.192,3041.675,103.68260000000001,3041.675,104.6657,3041.675,103.8786
3042.157,104.1974,3042.157,103.6853,3042.157,104.6657,3042.157,103.8829
3042.6389999999997,104.203,3042.6389999999997,103.69120000000001,3042.6389999999997,104.6651,3042.6389999999997,103.8918
3043.121,104.20720000000001,3043.121,103.6994,3043.121,104.6632,3043.121,103.90299999999999
3043.603,104.2087,3043.603,103.70870000000001,3043.603,104.6594,3043.603,103.9145
3044.085,104.2071,3044.085,103.7178,3044.085,104.65379999999999,3044.085,103.9245
3044.5679999999998,104.20259999999999,3044.5679999999998,103.7257,3044.5679999999998,104.647,3044.5679999999998,103.93159999999999
3045.0499999999997,104.1963,3045.0499999999997,103.73140000000001,3045.0499999999997,104.6397,3045.0499999999997,103.9355
3045.532,104.1897,3045.532,103.73410000000001,3045.532,104.633,3045.532,103.936
3046.014,104.18400000000001,3046.014,103.7338,3046.014,104.6279,3046.014,103.9341
3046.496,104.18069999999999,3046.496,103.7309,3046.496,104.62519999999999,3046.496,103.93090000000001
3046.978,104.18039999999999,3046.978,103.72619999999999,3046.978,104.6254,3046.978,103.92809999999999
3047.46,104.1831,3047.46,103.7209,3047.46,104.6284,3047.46,103.9274
3047.942,104.18829999999998,3047.942,103.7156,3047.942,104.63359999999999,3047.942,103.92999999999999
3048.4249999999997,104.19460000000001,3048.4249999999997,103.71060000000001,3048.4249999999997,104.63960000000002,3048.4249999999997,103.93639999999999
3048.906,104.2005,3048.906,103.7056,3048.906,104.64500000000001,3048.906,103.9457
3049.389,104.20419999999999,3049.389,103.69980000000001,3049.389,104.64800000000001,3049.389,103.95609999999999
3049.871,104.20439999999999,3049.871,103.69299999999998,3049.871,104.64750000000001,3049.871,103.9655
3050.353,104.2008,3050.353,103.68539999999999,3050.353,104.6431,3050.353,103.97179999999999
3050.835,104.19369999999999,3050.835,103.6779,3050.835,104.63530000000002,3050.835,103.9739
3051.317,104.18449999999999,3051.317,103.6723,3051.317,104.6258,3051.317,103.97209999999998
3051.799,104.175,3051.799,103.6703,3051.799,104.6165,3051.799,103.9679
3052.281,104.1671,3052.281,103.6729,3052.281,104.60979999999999,3052.281,103.9633
3052.763,104.1626,3052.763,103.68029999999999,3052.763,104.60750000000002,3052.763,103.96039999999999
3053.246,104.16250000000001,3053.246,103.6916,3053.246,104.6107,3053.246,103.96069999999999
3053.728,104.1672,3053.728,103.70580000000001,3053.728,104.6195,3053.728,103.9647
3054.21,104.17670000000001,3054.21,103.7215,3054.21,104.63329999999999,3054.21,103.97209999999998
3054.692,104.1904,3054.692,103.738,3054.692,104.6507,3054.692,103.9822
3055.174,104.2073,3055.174,103.755,3055.174,104.67020000000001,3055.174,103.99380000000001
3055.656,104.2263,3055.656,103.7723,3055.656,104.6901,3055.656,104.00609999999999
3056.138,104.246,3056.138,103.7895,3056.138,104.7088,3056.138,104.0182
3056.62,104.2649,3056.62,103.80590000000001,3056.62,104.7253,3056.62,104.02960000000002
3057.103,104.28170000000001,3057.103,103.8201,3057.103,104.73870000000001,3057.103,104.0398
3057.585,104.2954,3057.585,103.8312,3057.585,104.7489,3057.585,104.0489
3058.067,104.3059,3058.067,103.8386,3058.067,104.7562,3058.067,104.05690000000001
3058.549,104.31379999999999,3058.549,103.8428,3058.549,104.76160000000002,3058.549,104.06470000000002
3059.031,104.3204,3059.031,103.8451,3059.031,104.7663,3059.031,104.07310000000001
3059.513,104.3272,3059.513,103.8474,3059.513,104.77149999999999,3059.513,104.0834
3059.995,104.3358,3059.995,103.8512,3059.995,104.7785,3059.995,104.0962
3060.4770000000003,104.3471,3060.4770000000003,103.857,3060.4770000000003,104.788,3060.4770000000003,104.1114
3060.959,104.36129999999999,3060.959,103.8646,3060.959,104.8001,3060.959,104.128
3061.442,104.3779,3061.442,103.8727,3061.442,104.8146,3061.442,104.1444
3061.924,104.39590000000001,3061.924,103.8799,3061.924,104.8308,3061.924,104.1584
3062.4060000000004,104.41460000000001,3062.4060000000004,103.88539999999999,3062.4060000000004,104.8479,3062.4060000000004,104.16859999999998
3062.888,104.4335,3062.888,103.88900000000001,3062.888,104.8651,3062.888,104.1745
3063.37,104.4524,3063.37,103.8913,3063.37,104.88170000000001,3063.37,104.177
3063.852,104.4718,3063.852,103.8934,3063.852,104.89710000000001,3063.852,104.178
3064.3340000000003,104.4922,3064.3340000000003,103.89649999999999,3064.3340000000003,104.91109999999999,3064.3340000000003,104.18019999999999
3064.816,104.5137,3064.816,103.90109999999999,3064.816,104.92349999999999,3064.816,104.1861
3065.299,104.5365,3065.299,103.9077,3065.299,104.9348,3065.299,104.1977
3065.781,104.56030000000001,3065.781,103.91649999999998,3065.781,104.9459,3065.781,104.21549999999999
3066.2630000000004,104.585,3066.2630000000004,103.9277,3066.2630000000004,104.958,3066.2630000000004,104.23929999999999
3066.745,104.6103,3066.745,103.9417,3066.745,104.97240000000001,3066.745,104.26729999999999
3067.227,104.636,3067.227,103.9588,3067.227,104.9903,3067.227,104.29729999999999
3067.709,104.6618,3067.709,103.9785,3067.709,105.012,3067.709,104.3269
3068.1910000000003,104.68710000000002,3068.1910000000003,103.9998,3068.1910000000003,105.03689999999999,3068.1910000000003,104.3534
3068.673,104.71109999999999,3068.673,104.0209,3068.673,105.0636,3068.673,104.375
3069.156,104.73259999999999,3069.156,104.0397,3069.156,105.0902,3069.156,104.3905
3069.638,104.75049999999999,3069.638,104.0543,3069.638,105.1144,3069.638,104.39989999999999
3070.1200000000003,104.7643,3070.1200000000003,104.0642,3070.1200000000003,105.1348,3070.1200000000003,104.40400000000001
3070.602,104.77449999999999,3070.602,104.06960000000001,3070.602,105.15060000000001,3070.602,104.4049
3071.084,104.78179999999999,3071.084,104.0722,3071.084,105.1621,3071.084,104.40499999999999
3071.566,104.7881,3071.566,104.07390000000001,3071.566,105.17060000000001,3071.566,104.4067
3072.0480000000002,104.7951,3072.0480000000002,104.07679999999999,3072.0480000000002,105.1777,3072.0480000000002,104.4119
3072.53,104.8042,3072.53,104.0821,3072.53,105.1853,3072.53,104.4217
3073.0119999999997,104.8163,3073.0119999999997,104.09029999999998,3073.0119999999997,105.19510000000001,3073.0119999999997,104.4362
3073.495,104.8314,3073.495,104.10140000000001,3073.495,105.20799999999998,3073.495,104.4548
3073.9770000000003,104.8491,3073.9770000000003,104.1147,3073.9770000000003,105.2243,3073.9770000000003,104.47619999999999
3074.459,104.86880000000001,3074.459,104.1298,3074.459,105.24329999999999,3074.459,104.49869999999999
3074.941,104.8898,3074.941,104.1458,3074.941,105.2637,3074.941,104.5205
3075.423,104.91189999999999,3075.423,104.1617,3075.423,105.2837,3075.423,104.5398
3075.905,104.93459999999999,3075.905,104.1765,3075.905,105.3015,3075.905,104.55479999999999
3076.387,104.9577,3076.387,104.1887,3076.387,105.31569999999999,3076.387,104.5644
3076.8689999999997,104.981,3076.8689999999997,104.19709999999999,3076.8689999999997,105.3258,3076.8689999999997,104.5682
3077.352,105.0042,3077.352,104.2013,3077.352,105.33250000000001,3077.352,104.5672
3077.833,105.02689999999998,3077.833,104.2014,3077.833,105.3374,3077.833,104.5633
3078.3160000000003,105.0489,3078.3160000000003,104.19879999999999,3078.3160000000003,105.3426,3078.3160000000003,104.5591
3078.798,105.07010000000001,3078.798,104.1954,3078.798,105.3501,3078.798,104.5572
3079.2799999999997,105.09049999999999,3079.2799999999997,104.1933,3079.2799999999997,105.3612,3079.2799999999997,104.55969999999999
3079.762,105.1099,3079.762,104.19380000000001,3079.762,105.37559999999999,3079.762,104.56689999999999
3080.244,105.12809999999999,3080.244,104.1977,3080.244,105.3922,3080.244,104.5781
3080.7259999999997,105.1447,3080.7259999999997,104.20469999999999,3080.7259999999997,105.40899999999999,3080.7259999999997,104.5912
3081.208,105.15950000000001,3081.208,104.21419999999999,3081.208,105.424,3081.208,104.60419999999999
3081.69,105.17259999999999,3081.69,104.22560000000001,3081.69,105.43629999999999,3081.69,104.6157
3082.1730000000002,105.1849,3082.1730000000002,104.2387,3082.1730000000002,105.4457,3082.1730000000002,104.6251
3082.6549999999997,105.1972,3082.6549999999997,104.2535,3082.6549999999997,105.45320000000001,3082.6549999999997,104.63329999999999
3083.1369999999997,105.2109,3083.1369999999997,104.2699,3083.1369999999997,105.4602,3083.1369999999997,104.6411
3083.619,105.22670000000001,3083.619,104.2874,3083.619,105.46770000000001,3083.619,104.64949999999999
3084.101,105.2448,3084.101,104.305,3084.101,105.4761,3084.101,104.65880000000001
3084.5829999999996,105.2642,3084.5829999999996,104.32109999999999,3084.5829999999996,105.4848,3084.5829999999996,104.6683
3085.065,105.2831,3085.065,104.3339,3085.065,105.4927,3085.065,104.6771
3085.547,105.2993,3085.547,104.3423,3085.547,105.49839999999999,3085.547,104.6843
3086.03,105.3109,3086.03,104.3455,3086.03,105.5009,3086.03,104.6894
3086.5119999999997,105.317,3086.5119999999997,104.344,3086.5119999999997,105.5002,3086.5119999999997,104.6931
3086.9939999999997,105.31779999999999,3086.9939999999997,104.33879999999999,3086.9939999999997,105.49710000000002,3086.9939999999997,104.69619999999999
3087.476,105.31479999999999,3087.476,104.3312,3087.476,105.49310000000001,3087.476,104.69999999999999
3087.958,105.31029999999998,3087.958,104.3227,3087.958,105.49,3087.958,104.7052
3088.44,105.3069,3088.44,104.31490000000001,3088.44,105.48930000000001,3088.44,104.712
3088.922,105.3066,3088.922,104.3091,3088.922,105.4921,3088.922,104.7196
3089.404,105.31060000000001,3089.404,104.30619999999999,3089.404,105.49839999999999,3089.404,104.72699999999999
3089.886,105.3185,3089.886,104.30669999999999,3089.886,105.5077,3089.886,104.73259999999999
3090.369,105.3291,3090.369,104.31049999999999,3090.369,105.51839999999999,3090.369,104.73509999999999
3090.8509999999997,105.3401,3090.8509999999997,104.31649999999999,3090.8509999999997,105.52839999999999,3090.8509999999997,104.7337
3091.333,105.3495,3091.333,104.3231,3091.333,105.5358,3091.333,104.72779999999999
3091.815,105.3554,3091.815,104.32840000000002,3091.815,105.539,3091.815,104.71770000000001
3092.297,105.35730000000001,3092.297,104.33099999999999,3092.297,105.5374,3092.297,104.7047
3092.779,105.3555,3092.779,104.33049999999999,3092.779,105.5319,3092.779,104.6907
3093.261,105.35159999999999,3093.261,104.3283,3093.261,105.5245,3093.261,104.67850000000001
3093.743,105.3477,3093.743,104.32639999999999,3093.743,105.518,3093.743,104.67120000000001
3094.226,105.34559999999999,3094.226,104.3273,3094.226,105.51489999999998,3094.226,104.6713
3094.7079999999996,105.3465,3094.7079999999996,104.33250000000001,3094.7079999999996,105.5167,3094.7079999999996,104.6797
3095.19,105.3503,3095.19,104.34179999999999,3095.19,105.5233,3095.19,104.69569999999999
3095.672,105.35600000000001,3095.672,104.3534,3095.672,105.5329,3095.672,104.7166
3096.154,105.3621,3096.154,104.36430000000001,3096.154,105.54289999999999,3096.154,104.73840000000001
3096.636,105.36710000000001,3096.636,104.37190000000001,3096.636,105.55080000000001,3096.636,104.75760000000001
3097.118,105.37049999999999,3097.118,104.3749,3097.118,105.5553,3097.118,104.7714
3097.6,105.37289999999999,3097.6,104.3741,3097.6,105.55669999999999,3097.6,104.7795
3098.083,105.37559999999999,3098.083,104.3717,3098.083,105.55730000000001,3098.083,104.78320000000001
3098.5649999999996,105.38019999999999,3098.5649999999996,104.37039999999999,3098.5649999999996,105.5594,3098.5649999999996,104.7852
3099.047,105.38749999999999,3099.047,104.37259999999999,3099.047,105.56559999999999,3099.047,104.788
3099.529,105.3977,3099.529,104.379,3099.529,105.57650000000001,3099.529,104.7933
3100.011,105.4096,3100.011,104.3887,3100.011,105.5912,3100.011,104.8012
3100.4930000000004,105.4217,3100.4930000000004,104.39959999999999,3100.4930000000004,105.6077,3100.4930000000004,104.8107
3100.975,105.43279999999999,3100.975,104.41,3100.975,105.6235,3100.975,104.82020000000001
3101.457,105.4424,3101.457,104.4187,3101.457,105.6365,3101.457,104.82849999999999
3101.939,105.45089999999999,3101.939,104.42620000000001,3101.939,105.6464,3101.939,104.835
3102.4219999999996,105.45949999999999,3102.4219999999996,104.4338,3102.4219999999996,105.6541,3102.4219999999996,104.84020000000001
3102.904,105.4695,3102.904,104.4433,3102.904,105.6614,3102.904,104.84519999999999
3103.386,105.48169999999999,3103.386,104.4556,3103.386,105.67,3103.386,104.85079999999999
3103.868,105.4955,3103.868,104.4708,3103.868,105.681,3103.868,104.85709999999999
3104.3500000000004,105.5094,3104.3500000000004,104.48759999999999,3104.3500000000004,105.69420000000001,3104.3500000000004,104.86370000000001
3104.832,105.52140000000001,3104.832,104.50399999999999,3104.832,105.7085,3104.832,104.8697
3105.314,105.52950000000001,3105.314,104.5183,3105.314,105.7221,3105.314,104.8743
3105.796,105.53269999999999,3105.796,104.5289,3105.796,105.73349999999999,3105.796,104.87709999999998
3106.279,105.5307,3106.279,104.53509999999999,3106.279,105.74170000000001,3106.279,104.8784
3106.7599999999998,105.5243,3106.7599999999998,104.5369,3106.7599999999998,105.7466,3106.7599999999998,104.87910000000001
3107.243,105.515,3107.243,104.53479999999999,3107.243,105.7485,3107.243,104.88
3107.725,105.5044,3107.725,104.5301,3107.725,105.7485,3107.725,104.8823
3108.2070000000003,105.4942,3108.2070000000003,104.52420000000001,3108.2070000000003,105.7476,3108.2070000000003,104.8861
3108.689,105.48580000000001,3108.689,104.5191,3108.689,105.74669999999999,3108.689,104.89150000000001
3109.171,105.4803,3109.171,104.5164,3109.171,105.74650000000001,3109.171,104.8981
3109.653,105.4783,3109.653,104.51760000000002,3109.653,105.74719999999999,3109.653,104.90489999999998
3110.135,105.48010000000001,3110.135,104.52289999999999,3110.135,105.74870000000001,3110.135,104.9108
3110.617,105.4851,3110.617,104.5314,3110.617,105.75019999999999,3110.617,104.9144
3111.1,105.492,3111.1,104.54090000000001,3111.1,105.75079999999998,3111.1,104.9144
3111.582,105.49889999999999,3111.582,104.54870000000001,3111.582,105.7493,3111.582,104.9096
3112.0640000000003,105.5038,3112.0640000000003,104.55239999999999,3112.0640000000003,105.7448,3112.0640000000003,104.9002
3112.546,105.5054,3112.546,104.5509,3112.546,105.73710000000001,3112.546,104.88690000000001
3113.028,105.5033,3113.028,104.54490000000001,3113.028,105.72680000000001,3113.028,104.87200000000001
3113.5099999999998,105.4986,3113.5099999999998,104.5362,3113.5099999999998,105.71539999999999,3113.5099999999998,104.8581
3113.992,105.49360000000001,3113.992,104.5271,3113.992,105.7049,3113.992,104.8479
3114.474,105.4907,3114.474,104.5198,3114.474,105.6973,3114.474,104.8433
3114.957,105.4915,3114.957,104.515,3114.957,105.6935,3114.957,104.8446
3115.439,105.4966,3115.439,104.5121,3115.439,105.69390000000001,3115.439,104.8506
3115.9210000000003,105.5051,3115.9210000000003,104.50950000000002,3115.9210000000003,105.6974,3115.9210000000003,104.8588
3116.4030000000002,105.5145,3116.4030000000002,104.5054,3116.4030000000002,105.7024,3116.4030000000002,104.8666
3116.8849999999998,105.52250000000001,3116.8849999999998,104.49839999999999,3116.8849999999998,105.70710000000001,3116.8849999999998,104.87150000000001
3117.3669999999997,105.52699999999999,3117.3669999999997,104.4877,3117.3669999999997,105.70980000000002,3117.3669999999997,104.87219999999999
3117.849,105.52699999999999,3117.849,104.4734,3117.849,105.7094,3117.849,104.86850000000001
3118.331,105.5228,3118.331,104.4556,3118.331,105.7052,3118.331,104.8608
3118.8129999999996,105.515,3118.8129999999996,104.43469999999999,3118.8129999999996,105.69720000000001,3118.8129999999996,104.8499
3119.296,105.50489999999999,3119.296,104.41080000000001,3119.296,105.6855,3119.296,104.83659999999999
3119.7780000000002,105.49329999999999,3119.7780000000002,104.3846,3119.7780000000002,105.671,3119.7780000000002,104.82149999999999
3120.26,105.4806,3120.26,104.35719999999999,3120.26,105.6546,3120.26,104.80529999999999
3120.7419999999997,105.467,3120.7419999999997,104.3306,3120.7419999999997,105.6378,3120.7419999999997,104.7886
3121.2239999999997,105.4529,3121.2239999999997,104.3073,3121.2239999999997,105.6225,3121.2239999999997,104.7722
3121.706,105.4392,3121.706,104.2894,3121.706,105.6103,3121.706,104.75710000000001
3122.188,105.4273,3122.188,104.278,3122.188,105.6026,3122.188,104.74380000000001
3122.6699999999996,105.419,3122.6699999999996,104.27310000000001,3122.6699999999996,105.5995,3122.6699999999996,104.7327
3123.153,105.4155,3123.153,104.2729,3123.153,105.6004,3123.153,104.7237
3123.635,105.4173,3123.635,104.27550000000001,3123.635,105.6038,3123.635,104.7168
3124.117,105.42370000000001,3124.117,104.2791,3124.117,105.60780000000001,3124.117,104.71209999999999
3124.5989999999997,105.43299999999999,3124.5989999999997,104.2826,3124.5989999999997,105.61110000000001,3124.5989999999997,104.7099
3125.0809999999997,105.4427,3125.0809999999997,104.28630000000001,3125.0809999999997,105.6125,3125.0809999999997,104.7107
3125.563,105.45070000000001,3125.563,104.29029999999999,3125.563,105.6122,3125.563,104.7148
3126.045,105.45530000000001,3126.045,104.29459999999999,3126.045,105.6107,3126.045,104.72170000000001
3126.527,105.4562,3126.527,104.29790000000001,3126.527,105.6087,3126.527,104.73030000000001
3127.0099999999998,105.45400000000001,3127.0099999999998,104.2983,3127.0099999999998,105.6068,3127.0099999999998,104.73889999999999
3127.492,105.45070000000001,3127.492,104.29409999999999,3127.492,105.60510000000001,3127.492,104.7456
3127.974,105.4485,3127.974,104.28470000000002,3127.974,105.60369999999999,3127.974,104.7496
3128.456,105.45,3128.456,104.27139999999999,3128.456,105.6027,3128.456,104.7512
3128.9379999999996,105.4564,3128.9379999999996,104.2573,3128.9379999999996,105.6023,3128.9379999999996,104.7517
3129.42,105.46789999999999,3129.42,104.24640000000001,3129.42,105.6029,3129.42,104.7529
3129.902,105.4829,3129.902,104.2419,3129.902,105.60480000000001,3129.902,104.7561
3130.384,105.49839999999999,3130.384,104.2448,3130.384,105.6079,3130.384,104.7615
3130.866,105.51109999999998,3130.866,104.2535,3130.866,105.61149999999999,3130.866,104.76769999999999
3131.349,105.51759999999999,3131.349,104.2642,3131.349,105.6142,3131.349,104.77250000000001
3131.831,105.5162,3131.831,104.2724,3131.831,105.6146,3131.831,104.7736
3132.313,105.50699999999999,3132.313,104.27459999999999,3132.313,105.6114,3132.313,104.76989999999999
3132.7949999999996,105.4923,3132.7949999999996,104.2694,3132.7949999999996,105.6046,3132.7949999999996,104.7615
3133.277,105.47550000000001,3133.277,104.2584,3133.277,105.595,3133.277,104.75019999999999
3133.759,105.46029999999999,3133.759,104.2444,3133.759,105.5847,3133.759,104.7385
3134.241,105.4495,3134.241,104.2313,3134.241,105.57600000000001,3134.241,104.7286
3134.723,105.44420000000001,3134.723,104.2215,3134.723,105.5711,3134.723,104.72170000000001
3135.206,105.44389999999999,3135.206,104.21579999999999,3135.206,105.5712,3135.206,104.71820000000001
3135.688,105.4468,3135.688,104.2138,3135.688,105.5766,3135.688,104.7175
3136.17,105.45139999999999,3136.17,104.2138,3136.17,105.5863,3136.17,104.71900000000001
3136.6519999999996,105.45649999999999,3136.6519999999996,104.21450000000002,3136.6519999999996,105.59909999999999,3136.6519999999996,104.7224
3137.134,105.4621,3137.134,104.21499999999999,3137.134,105.6132,3137.134,104.72749999999999
3137.616,105.4688,3137.616,104.21499999999999,3137.616,105.62720000000002,3137.616,104.73440000000001
3138.098,105.4776,3138.098,104.2146,3138.098,105.64020000000001,3138.098,104.74269999999999
3138.58,105.4889,3138.58,104.2139,3138.58,105.6514,3138.58,104.75129999999999
3139.063,105.5023,3139.063,104.2129,3139.063,105.6605,3139.063,104.75859999999999
3139.544,105.5164,3139.544,104.2117,3139.544,105.66720000000001,3139.544,104.76319999999998
3140.027,105.52950000000001,3140.027,104.21069999999999,3140.027,105.67139999999999,3140.027,104.7642
3140.5089999999996,105.5404,3140.5089999999996,104.2108,3140.5089999999996,105.6732,3140.5089999999996,104.7618
3140.991,105.54809999999999,3140.991,104.213,3140.991,105.6726,3140.991,104.75699999999999
3141.473,105.5526,3141.473,104.21780000000001,3141.473,105.6697,3141.473,104.75129999999999
3141.955,105.5544,3141.955,104.22489999999999,3141.955,105.66489999999999,3141.955,104.74600000000001
3142.4370000000004,105.55380000000001,3142.4370000000004,104.2326,3142.4370000000004,105.6586,3142.4370000000004,104.74140000000001
3142.919,105.55099999999999,3142.919,104.23830000000001,3142.919,105.6513,3142.919,104.73760000000001
3143.401,105.54619999999998,3143.401,104.2392,3143.401,105.64359999999999,3143.401,104.73410000000001
3143.884,105.5395,3143.884,104.2338,3143.884,105.6365,3143.884,104.73110000000001
3144.366,105.5317,3144.366,104.2225,3144.366,105.63100000000001,3144.366,104.7296
3144.848,105.5241,3144.848,104.2073,3144.848,105.62830000000001,3144.848,104.7312
3145.33,105.5183,3145.33,104.19149999999999,3145.33,105.6289,3145.33,104.7372
3145.812,105.5159,3145.812,104.1782,3145.812,105.63329999999999,3145.812,104.7482
3146.2940000000003,105.5172,3146.2940000000003,104.16929999999999,3146.2940000000003,105.6408,3146.2940000000003,104.76289999999999
3146.776,105.521,3146.776,104.16449999999999,3146.776,105.65050000000001,3146.776,104.77860000000001
3147.258,105.52490000000002,3147.258,104.1621,3147.258,105.66059999999999,3147.258,104.7914
3147.7400000000002,105.5258,3147.7400000000002,104.1593,3147.7400000000002,105.6693,3147.7400000000002,104.7979
3148.223,105.52109999999999,3148.223,104.1541,3148.223,105.67549999999999,3148.223,104.7963
3148.705,105.50980000000001,3148.705,104.14509999999999,3148.705,105.67830000000001,3148.705,104.78659999999999
3149.187,105.4928,3149.187,104.1331,3149.187,105.6779,3149.187,104.7712
3149.669,105.47279999999999,3149.669,104.11950000000002,3149.669,105.6748,3149.669,104.7529
3150.1510000000003,105.4534,3150.1510000000003,104.10589999999999,3150.1510000000003,105.67,3150.1510000000003,104.73479999999999
3150.633,105.43769999999999,3150.633,104.0934,3150.633,105.664,3150.633,104.71820000000001
3151.115,105.4276,3151.115,104.0821,3151.115,105.6572,3151.115,104.7032
3151.597,105.4233,3151.597,104.0712,3151.597,105.6491,3151.597,104.6883
3152.08,105.423,3152.08,104.0596,3152.08,105.6389,3152.08,104.6718
3152.562,105.42450000000001,3152.562,104.0467,3152.562,105.6261,3152.562,104.6524
3153.044,105.4256,3153.044,104.0326,3153.044,105.6103,3153.044,104.6299
3153.526,105.4251,3153.526,104.0184,3153.526,105.59190000000001,3153.526,104.60549999999999
3154.0080000000003,105.4227,3154.0080000000003,104.00540000000001,3154.0080000000003,105.5723,3154.0080000000003,104.5812
3154.4900000000002,105.4195,3154.4900000000002,103.99499999999999,3154.4900000000002,105.55330000000001,3154.4900000000002,104.5593
3154.9719999999998,105.417,3154.9719999999998,103.98799999999999,3154.9719999999998,105.5374,3154.9719999999998,104.54220000000001
3155.454,105.41629999999999,3155.454,103.9843,3155.454,105.5263,3155.454,104.53129999999999
3155.937,105.4179,3155.937,103.9831,3155.937,105.521,3155.937,104.52749999999999
3156.419,105.4212,3156.419,103.98259999999999,3156.419,105.521,3156.419,104.5304
3156.901,105.4248,3156.901,103.9812,3156.901,105.52440000000001,3156.901,104.53889999999998
3157.383,105.4266,3157.383,103.977,3157.383,105.5283,3157.383,104.5509
3157.8650000000002,105.42469999999999,3157.8650000000002,103.96879999999999,3157.8650000000002,105.5299,3157.8650000000002,104.56360000000001
3158.347,105.41810000000001,3158.347,103.9563,3158.347,105.5269,3158.347,104.57430000000001
3158.8289999999997,105.40670000000001,3158.8289999999997,103.94030000000001,3158.8289999999997,105.5185,3158.8289999999997,104.58030000000001
3159.311,105.39179999999999,3159.311,103.9223,3159.311,105.5059,3159.311,104.58030000000001
3159.793,105.37589999999999,3159.793,103.9047,3159.793,105.49170000000001,3159.793,104.5739
3160.2760000000003,105.36149999999999,3160.2760000000003,103.8902,3160.2760000000003,105.47899999999998,3160.2760000000003,104.5622
3160.758,105.3509,3160.758,103.88059999999999,3160.758,105.4705,3160.758,104.5475
3161.24,105.34559999999999,3161.24,103.87660000000001,3161.24,105.4678,3161.24,104.532
3161.722,105.3453,3161.722,103.8775,3161.722,105.47040000000001,3161.722,104.51790000000001
3162.204,105.3488,3162.204,103.8812,3162.204,105.4766,3162.204,104.50649999999999
3162.6859999999997,105.35419999999999,3162.6859999999997,103.885,3162.6859999999997,105.48379999999999,3162.6859999999997,104.49839999999999
3163.168,105.3598,3163.168,103.8864,3163.168,105.48949999999999,3163.168,104.49340000000001
3163.65,105.36460000000001,3163.65,103.8838,3163.65,105.4922,3163.65,104.4913
3164.1330000000003,105.3688,3164.1330000000003,103.87679999999999,3164.1330000000003,105.49170000000001,3164.1330000000003,104.4912
3164.615,105.3738,3164.615,103.8665,3164.615,105.4892,3164.615,104.4929
3165.0969999999998,105.38080000000001,3165.0969999999998,103.8548,3165.0969999999998,105.4862,3165.0969999999998,104.4956
3165.579,105.3909,3165.579,103.8438,3165.579,105.4844,3165.579,104.4986
3166.061,105.4039,3166.061,103.8351,3166.061,105.4848,3166.061,104.5009
3166.5429999999997,105.41890000000001,3166.5429999999997,103.83,3166.5429999999997,105.4878,3166.5429999999997,104.5016
3167.025,105.43400000000001,3167.025,103.82830000000001,3167.025,105.493,3167.025,104.50019999999999
3167.507,105.44789999999999,3167.507,103.8297,3167.507,105.49969999999999,3167.507,104.4968
3167.9900000000002,105.4597,3167.9900000000002,103.83290000000001,3167.9900000000002,105.5072,3167.9900000000002,104.492
3168.471,105.4702,3168.471,103.83659999999999,3168.471,105.5148,3168.471,104.48679999999999
3168.9539999999997,105.4805,3168.9539999999997,103.839,3168.9539999999997,105.5223,3168.9539999999997,104.48230000000001
3169.436,105.49189999999999,3169.436,103.83869999999999,3169.436,105.52919999999999,3169.436,104.4789
3169.918,105.5051,3169.918,103.8343,3169.918,105.53479999999999,3169.918,104.47649999999999
3170.4,105.51889999999999,3170.4,103.8249,3170.4,105.5382,3170.4,104.47439999999999
3170.882,105.53099999999999,3170.882,103.81039999999999,3170.882,105.53790000000001,3170.882,104.4713
3171.364,105.5382,3171.364,103.7911,3171.364,105.53280000000001,3171.364,104.46610000000001
3171.846,105.5377,3171.846,103.76780000000001,3171.846,105.5218,3171.846,104.4577
3172.328,105.528,3172.328,103.74190000000002,3172.328,105.5044,3172.328,104.4455
3172.8109999999997,105.50980000000001,3172.8109999999997,103.7143,3172.8109999999997,105.48100000000001,3172.8109999999997,104.4293
3173.293,105.48580000000001,3173.293,103.6863,3173.293,105.45320000000001,3173.293,104.40929999999999
3173.775,105.46029999999999,3173.775,103.65880000000001,3173.775,105.4235,3173.775,104.3863
3174.257,105.43780000000001,3174.257,103.6329,3174.257,105.3949,3174.257,104.36129999999999
3174.739,105.422,3174.739,103.60959999999999,3174.739,105.3709,3174.739,104.3359
3175.221,105.41480000000001,3175.221,103.59009999999999,3175.221,105.3543,3175.221,104.31200000000001
3175.703,105.41590000000001,3175.703,103.5754,3175.703,105.3469,3175.703,104.2912
3176.185,105.42309999999999,3176.185,103.566,3176.185,105.3488,3176.185,104.2748
3176.667,105.4334,3176.667,103.5615,3176.667,105.35849999999999,3176.667,104.26310000000001
3177.15,105.444,3177.15,103.5609,3177.15,105.37289999999999,3177.15,104.25580000000001
3177.632,105.4527,3177.632,103.5622,3177.632,105.3884,3177.632,104.25189999999999
3178.114,105.4589,3178.114,103.5633,3178.114,105.4014,3178.114,104.2503
3178.596,105.46329999999999,3178.596,103.562,3178.596,105.4095,3178.596,104.25040000000001
3179.078,105.4672,3179.078,103.5572,3179.078,105.41179999999999,3179.078,104.2523
3179.56,105.47169999999998,3179.56,103.5479,3179.56,105.40879999999999,3179.56,104.25619999999999
3180.042,105.477,3180.042,103.5342,3180.042,105.4016,3180.042,104.2619
3180.5240000000003,105.48219999999999,3180.5240000000003,103.5162,3180.5240000000003,105.39179999999999,3180.5240000000003,104.26820000000001
3181.007,105.4854,3181.007,103.49440000000001,3181.007,105.38050000000001,3181.007,104.2728
3181.489,105.4846,3181.489,103.4696,3181.489,105.368,3181.489,104.2723
3181.971,105.4789,3181.971,103.4433,3181.971,105.3548,3181.971,104.2641
3182.453,105.4685,3182.453,103.41739999999999,3182.453,105.34140000000001,3182.453,104.24640000000001
3182.935,105.4557,3182.935,103.39439999999999,3182.935,105.3288,3182.935,104.22009999999999
3183.417,105.4433,3183.417,103.37650000000001,3183.417,105.31859999999999,3183.417,104.18829999999998
3183.899,105.4346,3183.899,103.36479999999999,3183.899,105.31220000000002,3183.899,104.15559999999999
3184.3810000000003,105.43149999999999,3184.3810000000003,103.359,3184.3810000000003,105.3102,3184.3810000000003,104.1266
3184.864,105.4339,3184.864,103.3568,3184.864,105.31200000000001,3184.864,104.10470000000001
3185.346,105.44009999999999,3185.346,103.35499999999999,3185.346,105.3152,3185.346,104.0909
3185.828,105.4475,3185.828,103.3501,3185.828,105.3169,3185.828,104.08420000000001
3186.3100000000004,105.4535,3186.3100000000004,103.3401,3186.3100000000004,105.31429999999999,3186.3100000000004,104.08200000000001
3186.792,105.4573,3186.792,103.3247,3186.792,105.3058,3186.792,104.0815
3187.274,105.45949999999999,3187.274,103.3059,3187.274,105.2915,3187.274,104.08109999999999
3187.756,105.46199999999999,3187.756,103.2867,3187.756,105.27329999999999,3187.756,104.08010000000002
3188.2380000000003,105.4667,3188.2380000000003,103.27,3188.2380000000003,105.254,3188.2380000000003,104.0787
3188.72,105.47409999999999,3188.72,103.25720000000001,3188.72,105.2362,3188.72,104.0773
3189.203,105.48299999999999,3189.203,103.248,3189.203,105.22130000000001,3189.203,104.0755
3189.685,105.49040000000001,3189.685,103.24,3189.685,105.20920000000001,3189.685,104.0722
3190.1670000000004,105.49260000000001,3190.1670000000004,103.2301,3190.1670000000004,105.19860000000001,3190.1670000000004,104.06569999999999
3190.649,105.48679999999999,3190.649,103.2154,3190.649,105.18780000000001,3190.649,104.05470000000001
3191.131,105.4721,3191.131,103.19460000000001,3191.131,105.1755,3191.131,104.0386
3191.613,105.4506,3191.613,103.16799999999999,3191.613,105.16149999999999,3191.613,104.0184
3192.0950000000003,105.42620000000001,3192.0950000000003,103.13749999999999,3192.0950000000003,105.14680000000001,3192.0950000000003,103.99560000000001
3192.577,105.4039,3192.577,103.1056,3192.577,105.13289999999999,3192.577,103.97240000000001
3193.06,105.38749999999999,3193.06,103.07440000000001,3193.06,105.12140000000001,3193.06,103.95030000000001
3193.542,105.3793,3193.542,103.04549999999999,3193.542,105.11299999999999,3193.542,103.9299
3194.0240000000003,105.3793,3194.0240000000003,103.0194,3194.0240000000003,105.1078,3194.0240000000003,103.91090000000001
3194.506,105.3856,3194.506,102.99629999999999,3194.506,105.1051,3194.506,103.89299999999999
3194.988,105.3955,3194.988,102.9763,3194.988,105.1045,3194.988,103.87580000000001
3195.47,105.40650000000001,3195.47,102.95970000000001,3195.47,105.10569999999998,3195.47,103.86010000000002
3195.952,105.41709999999999,3195.952,102.9471,3195.952,105.10889999999999,3195.952,103.8467
3196.434,105.4265,3196.434,102.93920000000001,3196.434,105.1147,3196.434,103.83709999999999
3196.917,105.4342,3196.917,102.93570000000001,3196.917,105.1229,3196.917,103.8319
3197.398,105.4402,3197.398,102.93589999999999,3197.398,105.13239999999999,3197.398,103.83070000000001
3197.8810000000003,105.44420000000001,3197.8810000000003,102.9383,3197.8810000000003,105.1414,3197.8810000000003,103.8322
3198.3630000000003,105.44610000000002,3198.3630000000003,102.94080000000001,3198.3630000000003,105.14730000000002,3198.3630000000003,103.83439999999999
3198.845,105.446,3198.845,102.9419,3198.845,105.148,3198.845,103.8353
3199.3269999999998,105.4451,3199.3269999999998,102.94030000000001,3199.3269999999998,105.1424,3199.3269999999998,103.83370000000001
3199.809,105.4447,3199.809,102.9356,3199.809,105.1311,3199.809,103.82880000000002
3200.291,105.4465,3200.291,102.9283,3200.291,105.1161,3200.291,103.82100000000001
3200.7729999999997,105.45150000000001,3200.7729999999997,102.9189,3200.7729999999997,105.10029999999999,3200.7729999999997,103.8108
3201.255,105.45979999999999,3201.255,102.9085,3201.255,105.0864,3201.255,103.7989
3201.7380000000003,105.47059999999999,3201.7380000000003,102.8982,3201.7380000000003,105.07660000000001,3201.7380000000003,103.7863
3202.2200000000003,105.48219999999999,3202.2200000000003,102.88900000000001,3202.2200000000003,105.072,3202.2200000000003,103.7741
3202.7019999999998,105.4932,3202.7019999999998,102.8821,3202.7019999999998,105.0724,3202.7019999999998,103.76350000000001
3203.1839999999997,105.50280000000001,3203.1839999999997,102.8784,3203.1839999999997,105.077,3203.1839999999997,103.756
3203.666,105.51109999999998,3203.666,102.8782,3203.666,105.08440000000002,3203.666,103.7526
3204.148,105.51859999999999,3204.148,102.88109999999999,3204.148,105.09329999999999,3204.148,103.7535
3204.6299999999997,105.52600000000001,3204.6299999999997,102.8858,3204.6299999999997,105.1025,3204.6299999999997,103.75779999999999
3205.112,105.5332,3205.112,102.8903,3205.112,105.1105,3205.112,103.7631
3205.594,105.5393,3205.594,102.8923,3205.594,105.11619999999999,3205.594,103.76689999999999
3206.077,105.543,3206.077,102.8901,3206.077,105.1186,3206.077,103.7666
3206.5589999999997,105.5427,3206.5589999999997,102.88250000000001,3206.5589999999997,105.11710000000001,3206.5589999999997,103.7612
3207.0409999999997,105.53779999999999,3207.0409999999997,102.8697,3207.0409999999997,105.1118,3207.0409999999997,103.7514
3207.523,105.52850000000001,3207.523,102.85280000000002,3207.523,105.10360000000001,3207.523,103.7396
3208.005,105.5164,3208.005,102.83340000000001,3208.005,105.094,3208.005,103.7292
3208.487,105.50319999999999,3208.487,102.81320000000001,3208.487,105.08470000000001,3208.487,103.7231
3208.969,105.49109999999999,3208.969,102.79339999999999,3208.969,105.07740000000001,3208.969,103.72269999999999
3209.451,105.4816,3209.451,102.7749,3209.451,105.0729,3209.451,103.7277
3209.934,105.4754,3209.934,102.758,3209.934,105.07130000000001,3209.934,103.7358
3210.4159999999997,105.4731,3210.4159999999997,102.7433,3210.4159999999997,105.07169999999999,3210.4159999999997,103.7441
3210.8979999999997,105.47470000000001,3210.8979999999997,102.73140000000001,3210.8979999999997,105.073,3210.8979999999997,103.74980000000001
3211.38,105.4806,3211.38,102.72300000000001,3211.38,105.07390000000001,3211.38,103.7515
3211.862,105.49090000000001,3211.862,102.71900000000001,3211.862,105.0735,3211.862,103.7489
3212.344,105.5053,3212.344,102.71969999999999,3212.344,105.0711,3212.344,103.7431
3212.826,105.5226,3212.826,102.72479999999999,3212.826,105.06629999999998,3212.826,103.7355
3213.308,105.54060000000001,3213.308,102.73259999999999,3213.308,105.0588,3213.308,103.72710000000001
3213.791,105.5566,3213.791,102.7411,3213.791,105.04860000000001,3213.791,103.7183
3214.273,105.56790000000001,3214.273,102.74719999999999,3214.273,105.0356,3214.273,103.7088
3214.7549999999997,105.57300000000001,3214.7549999999997,102.74849999999999,3214.7549999999997,105.0205,3214.7549999999997,103.6977
3215.237,105.57190000000001,3215.237,102.7428,3215.237,105.0042,3215.237,103.68440000000001
3215.719,105.56620000000001,3215.719,102.7295,3215.719,104.9881,3215.719,103.6689
3216.201,105.55859999999998,3216.201,102.70909999999999,3216.201,104.9734,3216.201,103.65150000000001
3216.683,105.5519,3216.683,102.68310000000001,3216.683,104.961,3216.683,103.63340000000001
3217.165,105.5477,3217.165,102.6542,3217.165,104.95129999999999,3217.165,103.6157
3217.647,105.5468,3217.647,102.6257,3217.647,104.9436,3217.647,103.5995
3218.13,105.54840000000002,3218.13,102.6003,3218.13,104.9369,3218.13,103.5855
3218.6119999999996,105.5512,3218.6119999999996,102.5805,3218.6119999999996,104.9299,3218.6119999999996,103.57400000000001
3219.094,105.5536,3219.094,102.5671,3219.094,104.9215,3219.094,103.5642
3219.576,105.55429999999998,3219.576,102.55939999999998,3219.576,104.91140000000001,3219.576,103.55529999999999
3220.058,105.5528,3220.058,102.5549,3220.058,104.8997,3220.058,103.54570000000001
3220.54,105.5491,3220.54,102.55019999999999,3220.54,104.8867,3220.54,103.53349999999999
3221.022,105.5432,3221.022,102.5417,3221.022,104.87299999999999,3221.022,103.51740000000001
3221.504,105.5354,3221.504,102.5266,3221.504,104.8586,3221.504,103.4965
3221.987,105.5258,3221.987,102.5037,3221.987,104.84370000000001,3221.987,103.4713
3222.4689999999996,105.51489999999998,3222.4689999999996,102.474,3222.4689999999996,104.828,3222.4689999999996,103.4433
3222.951,105.5034,3222.951,102.4402,3222.951,104.8117,3222.951,103.4152
3223.433,105.4924,3223.433,102.4062,3223.433,104.7952,3223.433,103.39020000000001
3223.915,105.48299999999999,3223.915,102.3756,3223.915,104.77929999999999,3223.915,103.371
3224.3970000000004,105.4759,3224.3970000000004,102.3511,3224.3970000000004,104.7648,3224.3970000000004,103.359
3224.879,105.47120000000001,3224.879,102.3334,3224.879,104.7521,3224.879,103.3541
3225.361,105.46809999999999,3225.361,102.3215,3225.361,104.7412,3225.361,103.35430000000001
3225.844,105.4651,3225.844,102.31280000000001,3225.844,104.7312,3225.844,103.3564
3226.3250000000003,105.4605,3226.3250000000003,102.3042,3226.3250000000003,104.72120000000001,3226.3250000000003,103.35700000000001
3226.808,105.4527,3226.808,102.2928,3226.808,104.7102,3226.808,103.35319999999999
3227.29,105.441,3227.29,102.2771,3227.29,104.6979,3227.29,103.34360000000001
3227.772,105.4254,3227.772,102.25649999999999,3227.772,104.6847,3227.772,103.32820000000001
3228.2540000000004,105.4068,3228.2540000000004,102.23219999999999,3228.2540000000004,104.6716,3228.2540000000004,103.3086
3228.736,105.38650000000001,3228.736,102.2055,3228.736,104.66009999999999,3228.736,103.2867
3229.218,105.366,3229.218,102.1782,3229.218,104.6509,3229.218,103.2645
3229.7,105.3467,3229.7,102.1512,3229.7,104.6443,3229.7,103.2432
3230.1820000000002,105.32999999999998,3230.1820000000002,102.1247,3230.1820000000002,104.6392,3230.1820000000002,103.22290000000001
3230.665,105.317,3230.665,102.0982,3230.665,104.634,3230.665,103.20290000000001
3231.147,105.30870000000002,3231.147,102.07109999999999,3231.147,104.62689999999999,3231.147,103.1823
3231.629,105.30600000000001,3231.629,102.04299999999999,3231.629,104.61670000000001,3231.629,103.1601
3232.1110000000003,105.3094,3232.1110000000003,102.01469999999999,3232.1110000000003,104.6033,3232.1110000000003,103.1366
3232.593,105.3188,3232.593,101.98780000000001,3232.593,104.588,3232.593,103.11280000000001
3233.075,105.3339,3233.075,101.9646,3233.075,104.57339999999999,3233.075,103.0911
3233.557,105.3538,3233.557,101.94780000000002,3233.557,104.56240000000001,3233.557,103.0742
3234.039,105.3774,3234.039,101.93920000000001,3234.039,104.5579,3234.039,103.0643
3234.521,105.40320000000001,3234.521,101.9391,3234.521,104.5612,3234.521,103.06269999999999
3235.004,105.4297,3235.004,101.946,3235.004,104.5717,3235.004,103.0685
3235.486,105.4551,3235.486,101.95689999999999,3235.486,104.5868,3235.486,103.07919999999999
3235.9680000000003,105.4773,3235.9680000000003,101.96780000000001,3235.9680000000003,104.60210000000001,3235.9680000000003,103.0907
3236.4500000000003,105.4943,3236.4500000000003,101.97449999999999,3236.4500000000003,104.6127,3236.4500000000003,103.09839999999998
3236.932,105.50470000000001,3236.932,101.9743,3236.932,104.61439999999999,3236.932,103.09870000000001
3237.4139999999998,105.5078,3237.4139999999998,101.9659,3237.4139999999998,104.60499999999999,3237.4139999999998,103.08949999999999
3237.896,105.50450000000001,3237.896,101.9502,3237.896,104.5849,3237.896,103.0715
3238.378,105.4967,3238.378,101.9295,3238.378,104.5574,3238.378,103.0472
3238.861,105.48759999999999,3238.861,101.90639999999999,3238.861,104.52749999999999,3238.861,103.0205
3239.343,105.4805,3239.343,101.8834,3239.343,104.5005,3239.343,102.9952
3239.8250000000003,105.47770000000001,3239.8250000000003,101.8618,3239.8250000000003,104.48049999999999,3239.8250000000003,102.97430000000001
3240.3070000000002,105.47999999999999,3240.3070000000002,101.84169999999999,3240.3070000000002,104.4693,3240.3070000000002,102.95870000000001
3240.7889999999998,105.48679999999999,3240.7889999999998,101.82249999999999,3240.7889999999998,104.466,3240.7889999999998,102.94779999999999
3241.271,105.4958,3241.271,101.8035,3241.271,104.4678,3241.271,102.93950000000001
3241.753,105.5043,3241.753,101.7845,3241.753,104.47090000000001,3241.753,102.932
3242.235,105.5102,3242.235,101.766,3242.235,104.4718,3242.235,102.9234
3242.718,105.5126,3242.718,101.7492,3242.718,104.4688,3242.718,102.9131
3243.2,105.5119,3243.2,101.7352,3243.2,104.4613,3243.2,102.90129999999999
3243.6820000000002,105.50949999999999,3243.6820000000002,101.72429999999999,3243.6820000000002,104.4506,3243.6820000000002,102.88839999999999
3244.164,105.50699999999999,3244.164,101.71570000000001,3244.164,104.43830000000001,3244.164,102.87459999999999
3244.6459999999997,105.5056,3244.6459999999997,101.7074,3244.6459999999997,104.426,3244.6459999999997,102.86
3245.128,105.50600000000001,3245.128,101.69649999999999,3245.128,104.4144,3245.128,102.8441
3245.61,105.5079,3245.61,101.6807,3245.61,104.4038,3245.61,102.82659999999998
3246.092,105.51109999999998,3246.092,101.6591,3246.092,104.3941,3246.092,102.8081
3246.574,105.5155,3246.574,101.63260000000001,3246.574,104.3852,3246.574,102.78970000000001
3247.057,105.5215,3247.057,101.6037,3247.057,104.37749999999998,3247.057,102.7731
3247.539,105.52969999999999,3247.539,101.576,3247.539,104.3712,3247.539,102.7602
3248.021,105.5404,3248.021,101.5525,3248.021,104.3667,3248.021,102.75160000000001
3248.5029999999997,105.5534,3248.5029999999997,101.53509999999999,3248.5029999999997,104.3634,3248.5029999999997,102.7469
3248.985,105.5671,3248.985,101.5233,3248.985,104.36000000000001,3248.985,102.74369999999999
3249.467,105.5792,3249.467,101.51490000000001,3249.467,104.3549,3249.467,102.739
3249.949,105.587,3249.949,101.5059,3249.949,104.346,3249.949,102.729
3250.431,105.588,3250.431,101.49239999999999,3250.431,104.3323,3250.431,102.71140000000001
3250.9139999999998,105.5809,3250.9139999999998,101.4715,3250.9139999999998,104.31330000000001,3250.9139999999998,102.6853
3251.396,105.5658,3251.396,101.4421,3251.396,104.2899,3251.396,102.6519
3251.878,105.54429999999999,3251.878,101.4054,3251.878,104.2636,3251.878,102.6143
3252.36,105.51889999999999,3252.36,101.36430000000001,3252.36,104.2363,3252.36,102.5766
3252.842,105.49260000000001,3252.842,101.3226,3252.842,104.20989999999999,3252.842,102.54289999999999
3253.324,105.46809999999999,3253.324,101.28399999999999,3253.324,104.1857,3253.324,102.5161
3253.806,105.4475,3253.806,101.25090000000002,3253.806,104.16449999999999,3253.806,102.49770000000001
3254.288,105.43180000000001,3254.288,101.22390000000001,3254.288,104.14680000000001,3254.288,102.4869
3254.7709999999997,105.4206,3254.7709999999997,101.2018,3254.7709999999997,104.13239999999999,3254.7709999999997,102.4811
3255.252,105.413,3255.252,101.18199999999999,3255.252,104.12049999999999,3255.252,102.4764
3255.735,105.40750000000001,3255.735,101.1611,3255.735,104.10999999999999,3255.735,102.4686
3256.217,105.40220000000001,3256.217,101.1362,3256.217,104.09909999999999,3256.217,102.4541
3256.699,105.3957,3256.699,101.1055,3256.699,104.08599999999998,3256.699,102.4305
3257.181,105.38719999999999,3257.181,101.0689,3257.181,104.06949999999999,3257.181,102.39750000000001
3257.663,105.37639999999999,3257.663,101.028,3257.663,104.04910000000001,3257.663,102.3568
3258.145,105.36399999999999,3258.145,100.9855,3258.145,104.0255,3258.145,102.3119
3258.627,105.351,3258.627,100.9444,3258.627,104.0002,3258.627,102.26740000000001
3259.109,105.339,3259.109,100.9073,3259.109,103.97510000000001,3259.109,102.2276
3259.592,105.32939999999999,3259.592,100.8757,3259.592,103.95179999999999,3259.592,102.1955
3260.074,105.3233,3260.074,100.8492,3260.074,103.93079999999999,3260.074,102.17259999999999
3260.556,105.3213,3260.556,100.826,3260.556,103.91120000000001,3260.556,102.15799999999999
3261.038,105.3234,3261.038,100.80389999999998,3261.038,103.89189999999999,3261.038,102.14970000000001
3261.52,105.32900000000001,3261.52,100.7807,3261.52,103.8713,3261.52,102.1444
3262.002,105.3369,3262.002,100.75540000000001,3262.002,103.8492,3262.002,102.1395
3262.4840000000004,105.34570000000001,3262.4840000000004,100.72859999999999,3262.4840000000004,103.82629999999999,3262.4840000000004,102.1333
3262.966,105.3541,3262.966,100.702,3262.966,103.8047,3262.966,102.1253
3263.448,105.36080000000001,3263.448,100.678,3263.448,103.78670000000001,3263.448,102.1157
3263.931,105.36509999999998,3263.931,100.6588,3263.931,103.7736,3263.931,102.10520000000001
3264.413,105.3666,3264.413,100.64489999999999,3264.413,103.7655,3264.413,102.0942
3264.895,105.3657,3264.895,100.63550000000001,3264.895,103.7609,3264.895,102.08200000000001
3265.377,105.3631,3265.377,100.6286,3265.377,103.7572,3265.377,102.0676
3265.859,105.35950000000001,3265.859,100.62150000000001,3265.859,103.7517,3265.859,102.0494
3266.3410000000003,105.35570000000001,3266.3410000000003,100.6118,3266.3410000000003,103.7428,3266.3410000000003,102.02640000000001
3266.823,105.352,3266.823,100.5984,3266.823,103.7302,3266.823,101.9982
3267.305,105.3485,3267.305,100.5812,3267.305,103.7153,3267.305,101.9658
3267.788,105.345,3267.788,100.5612,3267.788,103.6999,3267.788,101.9307
3268.2700000000004,105.34140000000001,3268.2700000000004,100.53939999999999,3268.2700000000004,103.6858,3268.2700000000004,101.8951
3268.752,105.33749999999999,3268.752,100.51669999999999,3268.752,103.6742,3268.752,101.86120000000001
3269.234,105.3339,3269.234,100.4933,3269.234,103.6651,3269.234,101.83040000000001
3269.716,105.331,3269.716,100.46919999999999,3269.716,103.65809999999999,3269.716,101.804
3270.1980000000003,105.32919999999999,3270.1980000000003,100.4446,3270.1980000000003,103.6522,3270.1980000000003,101.7825
3270.68,105.3285,3270.68,100.42040000000001,3270.68,103.64659999999999,3270.68,101.76590000000002
3271.162,105.32870000000001,3271.162,100.3984,3271.162,103.64070000000001,3271.162,101.7542
3271.645,105.3291,3271.645,100.3806,3271.645,103.6337,3271.645,101.74680000000001
3272.1270000000004,105.32919999999999,3272.1270000000004,100.36909999999999,3272.1270000000004,103.62480000000001,3272.1270000000004,101.74319999999999
3272.609,105.32900000000001,3272.609,100.36460000000001,3272.609,103.6135,3272.609,101.7423
3273.091,105.32939999999999,3273.091,100.3665,3273.091,103.5995,3273.091,101.74300000000001
3273.573,105.33170000000001,3273.573,100.3724,3273.573,103.5832,3273.573,101.7439
3274.0550000000003,105.3374,3274.0550000000003,100.3789,3274.0550000000003,103.566,3274.0550000000003,101.74399999999999
3274.537,105.34740000000001,3274.537,100.3827,3274.537,103.55030000000001,3274.537,101.7426
3275.019,105.36149999999999,3275.019,100.3809,3275.019,103.53829999999999,3275.019,101.73920000000001
3275.501,105.3786,3275.501,100.3722,3275.501,103.53129999999999,3275.501,101.7338
3275.9840000000004,105.3963,3275.9840000000004,100.3564,3275.9840000000004,103.5294,3275.9840000000004,101.7266
3276.466,105.4119,3276.466,100.3344,3276.466,103.5307,3276.466,101.7176
3276.948,105.4236,3276.948,100.30749999999999,3276.948,103.5322,3276.948,101.7065
3277.43,105.4303,3277.43,100.2772,3277.43,103.5309,3277.43,101.69319999999999
3277.9120000000003,105.4321,3277.9120000000003,100.24470000000001,3277.9120000000003,103.5244,3277.9120000000003,101.6772
3278.3940000000002,105.43020000000001,3278.3940000000002,100.21119999999999,3278.3940000000002,103.5124,3278.3940000000002,101.6585
3278.8759999999997,105.4258,3278.8759999999997,100.17799999999998,3278.8759999999997,103.49589999999999,3278.8759999999997,101.6373
3279.358,105.42009999999999,3279.358,100.14639999999999,3279.358,103.4772,3279.358,101.6143
3279.8410000000003,105.4136,3279.8410000000003,100.11710000000001,3279.8410000000003,103.45850000000002,3279.8410000000003,101.59039999999999
3280.3230000000003,105.4063,3280.3230000000003,100.09110000000001,3280.3230000000003,103.4413,3280.3230000000003,101.5666
3280.805,105.3982,3280.805,100.0685,3280.805,103.4262,3280.805,101.5439
3281.287,105.3892,3281.287,100.049,3281.287,103.41260000000001,3281.287,101.5234
3281.7690000000002,105.3796,3281.7690000000002,100.03219999999999,3281.7690000000002,103.3998,3281.7690000000002,101.5059
3282.251,105.3699,3282.251,100.0175,3282.251,103.38730000000001,3282.251,101.49170000000001
3282.7329999999997,105.36099999999999,3282.7329999999997,100.00450000000001,3282.7329999999997,103.375,3282.7329999999997,101.4811
3283.215,105.3533,3283.215,99.9932,3283.215,103.3629,3283.215,101.4735
3283.6980000000003,105.3469,3283.6980000000003,99.98338000000001,3283.6980000000003,103.3511,3283.6980000000003,101.468
3284.179,105.34190000000001,3284.179,99.97467,3284.179,103.3392,3284.179,101.46310000000001
3284.662,105.3382,3284.662,99.96634,3284.662,103.3268,3284.662,101.45759999999999
3285.144,105.3359,3285.144,99.9575,3285.144,103.31360000000001,3285.144,101.45070000000001
3285.626,105.33500000000001,3285.626,99.94734,3285.626,103.3002,3285.626,101.4421
3286.108,105.3357,3286.108,99.93565000000001,3286.108,103.2884,3286.108,101.4324
3286.5899999999997,105.33749999999999,3286.5899999999997,99.92278999999999,3286.5899999999997,103.2805,3286.5899999999997,101.42219999999999
3287.072,105.3391,3287.072,99.90970000000002,3287.072,103.2786,3287.072,101.4125
3287.554,105.33879999999999,3287.554,99.89725,3287.554,103.2834,3287.554,101.4032
3288.036,105.3347,3288.036,99.88588,3288.036,103.2934,3288.036,101.39339999999999
3288.519,105.32509999999999,3288.519,99.87505999999999,3288.519,103.3051,3288.519,101.38180000000001
3289.0009999999997,105.30980000000001,3289.0009999999997,99.86345999999999,3289.0009999999997,103.31380000000001,3289.0009999999997,101.36670000000001
3289.483,105.28960000000001,3289.483,99.84946000000001,3289.483,103.3153,3289.483,101.34689999999999
3289.965,105.2672,3289.965,99.83195,3289.965,103.3074,3289.965,101.3226
3290.447,105.2454,3290.447,99.81094,3290.447,103.29079999999999,3290.447,101.2955
3290.929,105.22720000000001,3290.929,99.78782000000001,3290.929,103.2685,3290.929,101.26820000000001
3291.411,105.2141,3291.411,99.76489000000001,3291.411,103.2448,3291.411,101.24359999999999
3291.893,105.2065,3291.893,99.74463999999999,3291.893,103.2238,3291.893,101.22409999999999
3292.375,105.20320000000001,3292.375,99.72872000000001,3292.375,103.2073,3292.375,101.2105
3292.8579999999997,105.2022,3292.8579999999997,99.71750999999999,3292.8579999999997,103.195,3292.8579999999997,101.2025
3293.34,105.2017,3293.34,99.70988,3293.34,103.18469999999999,3293.34,101.19789999999999
3293.822,105.2005,3293.822,99.70393,3293.822,103.1737,3293.822,101.1942
3294.304,105.1984,3294.304,99.69766,3294.304,103.16000000000001,3294.304,101.189
3294.786,105.1962,3294.786,99.68970999999999,3294.786,103.14350000000002,3294.786,101.1806
3295.268,105.1947,3295.268,99.67966000000001,3295.268,103.12570000000001,3295.268,101.16830000000002
3295.75,105.195,3295.75,99.66798,3295.75,103.10900000000001,3295.75,101.15259999999999
3296.232,105.197,3296.232,99.65553,3296.232,103.0959,3296.232,101.1347
3296.7149999999997,105.20009999999999,3296.7149999999997,99.64334000000001,3296.7149999999997,103.0878,3296.7149999999997,101.1165
3297.197,105.203,3297.197,99.63228000000001,3297.197,103.08500000000001,3297.197,101.1002
3297.679,105.20439999999999,3297.679,99.62312,3297.679,103.08679999999998,3297.679,101.08760000000001
3298.161,105.20320000000001,3298.161,99.61664,3298.161,103.0921,3298.161,101.08019999999999
3298.643,105.1992,3298.643,99.61362,3298.643,103.1,3298.643,101.0785
3299.125,105.1925,3299.125,99.61465000000001,3299.125,103.1101,3299.125,101.08220000000001
3299.607,105.18419999999999,3299.607,99.6198,3299.607,103.1223,3299.607,101.0897
3300.089,105.1752,3300.089,99.62817,3300.089,103.13620000000002,3300.089,101.09889999999999
3300.5719999999997,105.16680000000001,3300.5719999999997,99.63808,3300.5719999999997,103.15090000000001,3300.5719999999997,101.1076
3301.054,105.15969999999999,3301.054,99.64722,3301.054,103.1652,3301.054,101.11429999999999
3301.536,105.1542,3301.536,99.65350000000001,3301.536,103.17719999999998,3301.536,101.1185
3302.018,105.1505,3302.018,99.65593,3302.018,103.18549999999999,3302.018,101.1209
3302.5,105.14829999999999,3302.5,99.65489,3302.5,103.1889,3302.5,101.12289999999999
3302.982,105.14710000000001,3302.982,99.65226,3302.982,103.1874,3302.982,101.12589999999999
3303.464,105.14680000000001,3303.464,99.65064999999998,3303.464,103.18130000000001,3303.464,101.1304
3303.946,105.14710000000001,3303.946,99.6524,3303.946,103.17190000000001,3303.946,101.13589999999999
3304.4280000000003,105.14809999999999,3304.4280000000003,99.65871,3304.4280000000003,103.1603,3304.4280000000003,101.1406
3304.911,105.1498,3304.911,99.66910999999999,3304.911,103.1482,3304.911,101.1425
3305.393,105.15270000000001,3305.393,99.68195,3305.393,103.1371,3305.393,101.1402
3305.875,105.1574,3305.875,99.69478000000001,3305.875,103.1285,3305.875,101.1333
3306.3570000000004,105.1642,3306.3570000000004,99.70542999999999,3306.3570000000004,103.12380000000002,3306.3570000000004,101.1232
3306.839,105.173,3306.839,99.71248,3306.839,103.12380000000002,3306.839,101.1118
3307.321,105.18320000000001,3307.321,99.71552,3307.321,103.1282,3307.321,101.10189999999999
3307.803,105.19369999999999,3307.803,99.71486999999999,3307.803,103.1358,3307.803,101.09509999999999
3308.2850000000003,105.203,3308.2850000000003,99.71122,3308.2850000000003,103.14460000000001,3308.2850000000003,101.0924
3308.768,105.2096,3308.768,99.70528,3308.768,103.15209999999999,3308.768,101.0934
3309.25,105.2128,3309.25,99.69785999999999,3309.25,103.1569,3309.25,101.09740000000001
3309.732,105.2128,3309.732,99.69003000000001,3309.732,103.15870000000001,3309.732,101.1041
3310.2140000000004,105.21149999999999,3310.2140000000004,99.68348,3310.2140000000004,103.1593,3310.2140000000004,101.11380000000001
3310.696,105.21149999999999,3310.696,99.68045000000001,3310.696,103.16130000000001,3310.696,101.1276
3311.178,105.2157,3311.178,99.68336000000001,3311.178,103.16760000000001,3311.178,101.147
3311.66,105.2263,3311.66,99.69414,3311.66,103.18,3311.66,101.17229999999999
3312.1420000000003,105.24359999999999,3312.1420000000003,99.71332000000001,3312.1420000000003,103.1985,3312.1420000000003,101.20270000000001
3312.625,105.26599999999999,3312.625,99.73959,3312.625,103.22070000000001,3312.625,101.23549999999999
3313.1059999999998,105.2902,3313.1059999999998,99.76998999999999,3313.1059999999998,103.2429,3313.1059999999998,101.26710000000001
3313.589,105.3117,3313.589,99.8005,3313.589,103.2612,3313.589,101.29390000000001
3314.0710000000004,105.3268,3314.0710000000004,99.82744,3314.0710000000004,103.2731,3314.0710000000004,101.31330000000001
3314.553,105.3334,3314.553,99.84836,3314.553,103.27770000000001,3314.553,101.3248
3315.035,105.3314,3315.035,99.86278,3315.035,103.2765,3315.035,101.33000000000001
3315.517,105.3233,3315.517,99.87194000000001,3315.517,103.2725,3315.517,101.33160000000001
3315.9990000000003,105.3121,3315.9990000000003,99.87824,3315.9990000000003,103.26859999999999,3315.9990000000003,101.33319999999999
3316.481,105.3013,3316.481,99.88423,3316.481,103.2672,3316.481,101.3372
3316.9629999999997,105.29280000000001,3316.9629999999997,99.89165,3316.9629999999997,103.269,3316.9629999999997,101.345
3317.446,105.28699999999999,3317.446,99.90108,3317.446,103.2735,3317.446,101.356
3317.9280000000003,105.28299999999999,3317.9280000000003,99.91185,3317.9280000000003,103.27900000000001,3317.9280000000003,101.3687
3318.41,105.2789,3318.41,99.92265,3318.41,103.28379999999999,3318.41,101.38069999999999
3318.892,105.27340000000001,3318.892,99.93220000000001,3318.892,103.2872,3318.892,101.3903
3319.374,105.26629999999999,3319.374,99.93970000000002,3319.374,103.28930000000001,3319.374,101.39659999999999
3319.856,105.2584,3319.856,99.94524,3319.856,103.2917,3319.856,101.4001
3320.338,105.25150000000001,3320.338,99.94968999999999,3320.338,103.2961,3320.338,101.4024
3320.8199999999997,105.24709999999999,3320.8199999999997,99.95443,3320.8199999999997,103.3044,3320.8199999999997,101.40530000000001
3321.302,105.246,3321.302,99.96074999999999,3321.302,103.3175,3321.302,101.411
3321.7850000000003,105.24789999999999,3321.7850000000003,99.9696,3321.7850000000003,103.3349,3321.7850000000003,101.42020000000001
3322.2670000000003,105.2513,3322.2670000000003,99.98113000000001,3322.2670000000003,103.35510000000001,3322.2670000000003,101.43279999999999
3322.749,105.25420000000001,3322.749,99.99466,3322.749,103.3758,3322.749,101.4473
3323.2309999999998,105.25500000000001,3323.2309999999998,100.00880000000001,3323.2309999999998,103.3941,3323.2309999999998,101.46109999999999
3323.713,105.2527,3323.713,100.022,3323.713,103.40750000000001,3323.713,101.47189999999999
3324.195,105.24770000000001,3324.195,100.0326,3324.195,103.4147,3324.195,101.47800000000001
3324.6769999999997,105.2407,3324.6769999999997,100.03979999999999,3324.6769999999997,103.41510000000001,3324.6769999999997,101.47919999999999
3325.159,105.2329,3325.159,100.0435,3325.159,103.4095,3325.159,101.4766
3325.6420000000003,105.22560000000001,3325.6420000000003,100.0447,3325.6420000000003,103.39990000000002,3325.6420000000003,101.4726
3326.1240000000003,105.21929999999999,3326.1240000000003,100.0449,3326.1240000000003,103.38830000000002,3326.1240000000003,101.4695
3326.6059999999998,105.21400000000001,3326.6059999999998,100.04580000000001,3326.6059999999998,103.37700000000001,3326.6059999999998,101.4691
3327.0879999999997,105.2095,3327.0879999999997,100.0487,3327.0879999999997,103.36749999999999,3327.0879999999997,101.47170000000001
3327.57,105.2051,3327.57,100.054,3327.57,103.3606,3327.57,101.4761
3328.052,105.2,3328.052,100.0611,3328.052,103.35620000000002,3328.052,101.4799
3328.534,105.1934,3328.534,100.0688,3328.534,103.35369999999999,3328.534,101.48079999999999
3329.016,105.1846,3329.016,100.07569999999998,3329.016,103.35239999999999,3329.016,101.47729999999999
3329.4990000000003,105.17309999999999,3329.4990000000003,100.08120000000001,3329.4990000000003,103.352,3329.4990000000003,101.46969999999999
3329.981,105.15890000000002,3329.981,100.08520000000001,3329.981,103.35239999999999,3329.981,101.45949999999999
3330.4629999999997,105.14280000000001,3330.4629999999997,100.0887,3330.4629999999997,103.35419999999999,3330.4629999999997,101.44930000000001
3330.9449999999997,105.126,3330.9449999999997,100.093,3330.9449999999997,103.35779999999998,3330.9449999999997,101.4415
3331.427,105.11019999999999,3331.427,100.0996,3331.427,103.3636,3331.427,101.4377
3331.909,105.0964,3331.909,100.1091,3331.909,103.3712,3331.909,101.438
3332.391,105.08500000000001,3332.391,100.12140000000001,3332.391,103.37950000000001,3332.391,101.4413
3332.873,105.075,3332.873,100.1357,3332.873,103.3871,3332.873,101.446
3333.355,105.06500000000001,3333.355,100.151,3333.355,103.39229999999999,3333.355,101.4509
3333.838,105.0535,3333.838,100.16659999999999,3333.838,103.39450000000001,3333.838,101.45580000000001
3334.32,105.0402,3334.32,100.18260000000001,3334.32,103.3938,3334.32,101.4618
3334.8019999999997,105.02659999999999,3334.8019999999997,100.20009999999999,3334.8019999999997,103.3917,3334.8019999999997,101.47109999999999
3335.284,105.0162,3335.284,100.22040000000001,3335.284,103.3907,3335.284,101.4859
3335.766,105.0131,3335.766,100.2448,3335.766,103.39370000000001,3335.766,101.5074
3336.248,105.0214,3336.248,100.2738,3336.248,103.4028,3336.248,101.5352
3336.73,105.04260000000001,3336.73,100.30630000000001,3336.73,103.419,3336.73,101.56739999999999
3337.212,105.0757,3337.212,100.3406,3337.212,103.4416,3337.212,101.6006
3337.695,105.11619999999999,3337.695,100.3738,3337.695,103.46839999999999,3337.695,101.6311
3338.177,105.1581,3338.177,100.4038,3338.177,103.4969,3338.177,101.65630000000002
3338.6589999999997,105.1949,3338.6589999999997,100.42880000000001,3338.6589999999997,103.5241,3338.6589999999997,101.6748
3339.141,105.222,3339.141,100.4489,3339.141,103.5485,3339.141,101.68710000000002
3339.623,105.2368,3339.623,100.46520000000001,3339.623,103.5695,3339.623,101.69550000000001
3340.105,105.2399,3340.105,100.47980000000001,3340.105,103.588,3340.105,101.703
3340.587,105.23370000000001,3340.587,100.49490000000002,3340.587,103.60549999999999,3340.587,101.7128
3341.069,105.2217,3341.069,100.512,3341.069,103.6232,3341.069,101.7269
3341.552,105.20670000000001,3341.552,100.53129999999999,3341.552,103.6418,3341.552,101.7456
3342.033,105.1909,3342.033,100.5519,3342.033,103.6608,3342.033,101.7676
3342.5159999999996,105.17510000000001,3342.5159999999996,100.5716,3342.5159999999996,103.67869999999999,3342.5159999999996,101.7901
3342.998,105.15939999999999,3342.998,100.5881,3342.998,103.6935,3342.998,101.80990000000001
3343.48,105.1439,3343.48,100.5997,3343.48,103.70379999999999,3343.48,101.8242
3343.962,105.1291,3343.962,100.60610000000001,3343.962,103.709,3343.962,101.8317
3344.4440000000004,105.11619999999999,3344.4440000000004,100.6084,3344.4440000000004,103.71030000000002,3344.4440000000004,101.83279999999999
3344.926,105.1067,3344.926,100.60910000000001,3344.926,103.7099,3344.926,101.83009999999999
3345.408,105.102,3345.408,100.6116,3345.408,103.7113,3345.408,101.8273
3345.89,105.10310000000001,3345.89,100.6191,3345.89,103.7178,3345.89,101.82860000000001
3346.3729999999996,105.1101,3346.3729999999996,100.63359999999999,3346.3729999999996,103.732,3346.3729999999996,101.8375
3346.855,105.12209999999999,3346.855,100.6554,3346.855,103.7549,3346.855,101.8554
3347.337,105.13749999999999,3347.337,100.68299999999999,3347.337,103.7855,3347.337,101.8818
3347.819,105.1547,3347.819,100.71300000000001,3347.819,103.8209,3347.819,101.91369999999999
3348.3010000000004,105.1717,3348.3010000000004,100.7416,3348.3010000000004,103.8567,3348.3010000000004,101.9465
3348.783,105.1871,3348.783,100.7653,3348.783,103.888,3348.783,101.97510000000001
3349.265,105.2003,3349.265,100.7815,3349.265,103.9105,3349.265,101.9952
3349.747,105.21130000000001,3349.747,100.78970000000001,3349.747,103.9216,3349.747,102.0046
3350.2290000000003,105.2208,3350.2290000000003,100.7913,3350.2290000000003,103.92099999999999,3350.2290000000003,102.00309999999999
3350.712,105.22990000000001,3350.712,100.7894,3350.712,103.9108,3350.712,101.9934
3351.194,105.2397,3351.194,100.78750000000001,3351.194,103.8947,3351.194,101.97989999999999
3351.676,105.25089999999999,3351.676,100.7892,3351.676,103.87759999999999,3351.676,101.96780000000001
3352.1580000000004,105.2632,3352.1580000000004,100.7966,3352.1580000000004,103.86340000000001,3352.1580000000004,101.96130000000001
3352.64,105.2757,3352.64,100.8105,3352.64,103.8547,3352.64,101.96320000000001
3353.122,105.28679999999999,3353.122,100.82990000000001,3353.122,103.85210000000001,3353.122,101.9739
3353.604,105.29459999999999,3353.604,100.8528,3353.604,103.8545,3353.604,101.99149999999999
3354.0860000000002,105.2975,3354.0860000000002,100.8764,3354.0860000000002,103.8595,3354.0860000000002,102.0129
3354.569,105.2945,3354.569,100.8977,3354.569,103.86470000000001,3354.569,102.03439999999999
3355.051,105.28550000000001,3355.051,100.9144,3355.051,103.8683,3355.051,102.0525
3355.533,105.27089999999998,3355.533,100.9245,3355.533,103.8697,3355.533,102.0651
3356.0150000000003,105.2517,3356.0150000000003,100.9271,3356.0150000000003,103.8689,3356.0150000000003,102.07109999999999
3356.497,105.2292,3356.497,100.92179999999999,3356.497,103.8669,3356.497,102.0707
3356.979,105.2051,3356.979,100.90939999999999,3356.979,103.86439999999999,3356.979,102.0647
3357.461,105.1814,3357.461,100.8917,3357.461,103.86219999999999,3357.461,102.0545
3357.943,105.16019999999999,3357.943,100.8715,3357.943,103.861,3357.943,102.0419
3358.426,105.14399999999999,3358.426,100.8523,3358.426,103.8616,3358.426,102.0286
3358.908,105.13470000000001,3358.908,100.83789999999999,3358.908,103.8648,3358.908,102.0169
3359.39,105.1334,3359.39,100.83109999999999,3359.39,103.87150000000001,3359.39,102.0091
3359.8720000000003,105.1399,3359.8720000000003,100.8332,3359.8720000000003,103.88170000000001,3359.8720000000003,102.0065
3360.3540000000003,105.1523,3360.3540000000003,100.84329999999999,3360.3540000000003,103.8946,3360.3540000000003,102.00990000000002
3360.836,105.16749999999999,3360.836,100.8585,3360.836,103.90790000000001,3360.836,102.0184
3361.3179999999998,105.18209999999999,3361.3179999999998,100.8745,3361.3179999999998,103.9183,3361.3179999999998,102.0298
3361.8,105.19279999999999,3361.8,100.8871,3361.8,103.9226,3361.8,102.0409
3362.282,105.19810000000001,3362.282,100.89379999999998,3362.282,103.9183,3362.282,102.0489
3362.765,105.1977,3362.765,100.8937,3362.765,103.90509999999999,3362.765,102.05189999999999
3363.247,105.1925,3363.247,100.88839999999999,3363.247,103.88470000000001,3363.247,102.04960000000001
3363.7290000000003,105.1839,3363.7290000000003,100.88040000000001,3363.7290000000003,103.85990000000001,3363.7290000000003,102.04310000000001
3364.2110000000002,105.1727,3364.2110000000002,100.8719,3364.2110000000002,103.83420000000001,3364.2110000000002,102.03390000000002
3364.6929999999998,105.1585,3364.6929999999998,100.8639,3364.6929999999998,103.80959999999999,3364.6929999999998,102.02340000000001
3365.1749999999997,105.14049999999999,3365.1749999999997,100.8556,3365.1749999999997,103.787,3365.1749999999997,102.0121
3365.657,105.1174,3365.657,100.8447,3365.657,103.76540000000001,3365.657,101.99910000000001
3366.139,105.08919999999999,3366.139,100.8292,3366.139,103.7436,3366.139,101.98339999999999
3366.622,105.0576,3366.622,100.808,3366.622,103.721,3366.622,101.9646
3367.104,105.02659999999999,3367.104,100.78260000000002,3367.104,103.69900000000001,3367.104,101.9441
3367.5860000000002,105.00130000000001,3367.5860000000002,100.75609999999999,3367.5860000000002,103.6805,3367.5860000000002,101.92479999999999
3368.068,104.98700000000001,3368.068,100.73259999999999,3368.068,103.6693,3368.068,101.9108
3368.5499999999997,104.9874,3368.5499999999997,100.71589999999999,3368.5499999999997,103.6689,3368.5499999999997,101.906
3369.0319999999997,105.0033,3369.0319999999997,100.70779999999999,3369.0319999999997,103.6804,3369.0319999999997,101.91250000000001
3369.514,105.03240000000001,3369.514,100.708,3369.514,103.7021,3369.514,101.9295
3369.996,105.06960000000001,3369.996,100.7143,3369.996,103.7295,3369.996,101.953
3370.479,105.1081,3370.479,100.72330000000001,3370.479,103.7568,3370.479,101.97739999999999
3370.961,105.1415,3370.961,100.7325,3370.961,103.77860000000001,3370.961,101.9968
3371.443,105.1652,3371.443,100.7404,3371.443,103.7914,3371.443,102.007
3371.925,105.1777,3371.925,100.7469,3371.925,103.79449999999999,3371.925,102.007
3372.407,105.1801,3372.407,100.7532,3372.407,103.79,3372.407,101.9987
3372.8889999999997,105.1763,3372.8889999999997,100.76050000000001,3372.8889999999997,103.782,3372.8889999999997,101.9865
3373.371,105.17099999999999,3373.371,100.7694,3373.371,103.7747,3373.371,101.97579999999999
3373.853,105.1685,3373.853,100.7798,3373.853,103.77130000000001,3373.853,101.97080000000001
3374.335,105.17129999999999,3374.335,100.79100000000001,3374.335,103.7728,3374.335,101.9738
3374.8179999999998,105.17970000000001,3374.8179999999998,100.80229999999999,3374.8179999999998,103.7785,3374.8179999999998,101.9848
3375.3,105.19160000000001,3375.3,100.813,3375.3,103.78540000000001,3375.3,102.0014
3375.782,105.2041,3375.782,100.82310000000001,3375.782,103.79039999999999,3375.782,102.02029999999999
3376.264,105.2139,3376.264,100.83279999999999,3376.264,103.79050000000001,3376.264,102.0383
3376.7459999999996,105.21910000000001,3376.7459999999996,100.8421,3376.7459999999996,103.7842,3376.7459999999996,102.0535
3377.228,105.21910000000001,3377.228,100.8502,3377.228,103.77179999999998,3377.228,102.0649
3377.71,105.2151,3377.71,100.8558,3377.71,103.7555,3377.71,102.07310000000001
3378.192,105.209,3378.192,100.85770000000001,3378.192,103.7385,3378.192,102.07919999999999
3378.6749999999997,105.20290000000001,3378.6749999999997,100.8551,3378.6749999999997,103.7242,3378.6749999999997,102.0843
3379.156,105.198,3379.156,100.8483,3379.156,103.71520000000001,3379.156,102.0889
3379.639,105.1949,3379.639,100.8389,3379.639,103.71269999999998,3379.639,102.09280000000001
3380.121,105.1934,3380.121,100.82960000000001,3380.121,103.7161,3380.121,102.0953
3380.6029999999996,105.1935,3380.6029999999996,100.8235,3380.6029999999996,103.7239,3380.6029999999996,102.0961
3381.085,105.1957,3381.085,100.8234,3381.085,103.73410000000001,3381.085,102.0952
3381.567,105.2008,3381.567,100.83109999999999,3381.567,103.7455,3381.567,102.094
3382.049,105.2098,3382.049,100.84729999999999,3382.049,103.7579,3382.049,102.0947
3382.531,105.22309999999999,3382.531,100.8712,3382.531,103.7722,3382.531,102.0996
3383.013,105.2396,3383.013,100.90110000000001,3383.013,103.78970000000001,3383.013,102.11099999999999
3383.496,105.2569,3383.496,100.9348,3383.496,103.81119999999999,3383.496,102.12950000000001
3383.978,105.2713,3383.978,100.9695,3383.978,103.83610000000002,3383.978,102.154
3384.4599999999996,105.2794,3384.4599999999996,101.003,3384.4599999999996,103.8625,3384.4599999999996,102.1821
3384.942,105.2786,3384.942,101.0334,3384.942,103.8873,3384.942,102.21039999999999
3385.424,105.2685,3385.424,101.0599,3385.424,103.9078,3385.424,102.2359
3385.906,105.25059999999999,3385.906,101.0826,3385.906,103.9224,3385.906,102.2564
3386.3880000000004,105.2278,3386.3880000000004,101.1025,3386.3880000000004,103.9313,3386.3880000000004,102.27170000000001
3386.87,105.20320000000001,3386.87,101.12110000000001,3386.87,103.9361,3386.87,102.2821
3387.353,105.17939999999999,3387.353,101.1395,3387.353,103.9393,3387.353,102.28880000000001
3387.835,105.1579,3387.835,101.1582,3387.835,103.94270000000002,3387.835,102.2928
3388.317,105.13950000000001,3388.317,101.1773,3388.317,103.94760000000001,3388.317,102.29459999999999
3388.799,105.12459999999999,3388.799,101.19640000000001,3388.799,103.95430000000002,3388.799,102.29490000000001
3389.281,105.1142,3389.281,101.2154,3389.281,103.96300000000001,3389.281,102.295
3389.763,105.1093,3389.763,101.23530000000001,3389.763,103.9742,3389.763,102.2975
3390.2450000000003,105.1113,3390.2450000000003,101.25820000000002,3390.2450000000003,103.9891,3390.2450000000003,102.3064
3390.727,105.12049999999999,3390.727,101.2867,3390.727,104.00959999999999,3390.727,102.32540000000002
3391.209,105.13600000000001,3391.209,101.3231,3391.209,104.0369,3391.209,102.3574
3391.692,105.1547,3391.692,101.368,3391.692,104.0707,3391.692,102.4025
3392.174,105.17259999999999,3392.174,101.42009999999999,3392.174,104.1086,3392.174,102.4571
3392.656,105.1855,3392.656,101.4758,3392.656,104.1467,3392.656,102.5153
3393.138,105.1906,3393.138,101.5309,3393.138,104.18099999999998,3393.138,102.57019999999999
3393.62,105.18749999999999,3393.62,101.5817,3393.62,104.2088,3393.62,102.61670000000001
3394.1020000000003,105.17790000000001,3394.1020000000003,101.6269,3394.1020000000003,104.2303,3394.1020000000003,102.6534
3394.584,105.1652,3394.584,101.66740000000001,3394.584,104.2483,3394.584,102.6829
3395.066,105.1525,3395.066,101.70570000000001,3395.066,104.2665,3395.066,102.71060000000001
3395.549,105.1417,3395.549,101.74449999999999,3395.549,104.2884,3395.549,102.74190000000002
3396.031,105.1328,3396.031,101.7851,3396.031,104.31490000000001,3396.031,102.78009999999999
3396.513,105.1239,3396.513,101.82679999999999,3396.513,104.3442,3396.513,102.8249
3396.995,105.1129,3396.995,101.86679999999998,3396.995,104.3723,3396.995,102.87250000000002
3397.477,105.0983,3397.477,101.9024,3397.477,104.3949,3397.477,102.9169
3397.9590000000003,105.0802,3397.9590000000003,101.93159999999999,3397.9590000000003,104.40929999999999,3397.9590000000003,102.95289999999999
3398.4410000000003,105.06070000000001,3398.4410000000003,101.95479999999999,3398.4410000000003,104.41579999999999,3398.4410000000003,102.9775
3398.923,105.04299999999999,3398.923,101.97480000000002,3398.923,104.41720000000001,3398.923,102.99179999999998
3399.406,105.0303,3399.406,101.99549999999999,3399.406,104.4179,3399.406,102.99940000000001
3399.888,105.0244,3399.888,102.02029999999999,3399.888,104.4215,3399.888,103.0055
3400.37,105.0252,3400.37,102.0513,3400.37,104.4298,3400.37,103.01450000000001
3400.852,105.0311,3400.852,102.0886,3400.852,104.4425,3400.852,103.02960000000002
3401.334,105.0391,3401.334,102.13049999999998,3401.334,104.4579,3401.334,103.0515
3401.8160000000003,105.0462,3401.8160000000003,102.17490000000001,3401.8160000000003,104.47439999999999,3401.8160000000003,103.08
3402.2980000000002,105.0508,3402.2980000000002,102.22039999999998,3402.2980000000002,104.49139999999998,3402.2980000000002,103.11399999999999
3402.7799999999997,105.05199999999999,3402.7799999999997,102.2669,3402.7799999999997,104.51029999999999,3402.7799999999997,103.15270000000001
3403.2619999999997,105.0507,3403.2619999999997,102.31490000000001,3403.2619999999997,104.5332,3403.2619999999997,103.1957
3403.745,105.04830000000001,3403.745,102.36529999999999,3403.745,104.56240000000001,3403.745,103.2424
3404.2270000000003,105.04629999999999,3404.2270000000003,102.418,3404.2270000000003,104.59830000000001,3404.2270000000003,103.2919
3404.709,105.04560000000001,3404.709,102.4718,3404.709,104.6395,3404.709,103.34239999999998
3405.191,105.04659999999998,3405.191,102.52449999999999,3405.191,104.68280000000001,3405.191,103.3917
3405.6730000000002,105.04899999999999,3405.6730000000002,102.57430000000001,3405.6730000000002,104.7248,3405.6730000000002,103.4381
3406.155,105.0524,3406.155,102.62039999999999,3406.155,104.763,3406.155,103.48079999999999
3406.6369999999997,105.0562,3406.6369999999997,102.66360000000002,3406.6369999999997,104.7969,3406.6369999999997,103.52019999999999
3407.1189999999997,105.0605,3407.1189999999997,102.7058,3407.1189999999997,104.8274,3407.1189999999997,103.55760000000001
3407.602,105.0651,3407.602,102.7494,3407.602,104.8565,3407.602,103.59449999999998
3408.083,105.0702,3408.083,102.79549999999999,3408.083,104.88589999999999,3408.083,103.6314
3408.566,105.0755,3408.566,102.8434,3408.566,104.9164,3408.566,103.66820000000001
3409.048,105.0803,3409.048,102.8907,3409.048,104.9472,3409.048,103.7034
3409.53,105.08409999999999,3409.53,102.9339,3409.53,104.977,3409.53,103.73559999999999
3410.012,105.08619999999999,3410.012,102.97,3410.012,105.0042,3410.012,103.76389999999999
3410.4939999999997,105.08599999999998,3410.4939999999997,102.99849999999999,3410.4939999999997,105.029,3410.4939999999997,103.7896
3410.9759999999997,105.08489999999999,3410.9759999999997,103.01880000000001,3410.9759999999997,105.05059999999999,3410.9759999999997,103.81309999999999
3411.458,105.0848,3411.458,103.03389999999999,3411.458,105.07010000000001,3411.458,103.8365
3411.94,105.0876,3411.94,103.0477,3411.94,105.0888,3411.94,103.8624
3412.423,105.0947,3412.423,103.06450000000001,3412.423,105.1081,3412.423,103.8923
3412.9049999999997,105.10589999999999,3412.9049999999997,103.0872,3412.9049999999997,105.1285,3412.9049999999997,103.92680000000001
3413.387,105.1202,3413.387,103.1167,3413.387,105.1502,3413.387,103.9649
3413.869,105.135,3413.869,103.152,3413.869,105.1727,3413.869,104.0046
3414.351,105.1474,3414.351,103.19030000000001,3414.351,105.1954,3414.351,104.0434
3414.8329999999996,105.1547,3414.8329999999996,103.22789999999999,3414.8329999999996,105.2179,3414.8329999999996,104.0788
3415.315,105.15559999999999,3415.315,103.2612,3415.315,105.23949999999999,3415.315,104.1088
3415.797,105.1499,3415.797,103.2875,3415.797,105.2593,3415.797,104.1323
3416.28,105.13920000000002,3416.28,103.3056,3416.28,105.2762,3416.28,104.14909999999999
3416.7619999999997,105.1259,3416.7619999999997,103.31559999999999,3416.7619999999997,105.2891,3416.7619999999997,104.1599
3417.244,105.11269999999999,3417.244,103.3196,3417.244,105.29710000000001,3417.244,104.16650000000001
3417.726,105.1022,3417.726,103.3204,3417.726,105.3,3417.726,104.17099999999999
3418.208,105.0957,3418.208,103.3215,3418.208,105.2986,3418.208,104.1758
3418.6899999999996,105.0934,3418.6899999999996,103.3266,3418.6899999999996,105.29489999999998,3418.6899999999996,104.183
3419.172,105.09429999999999,3419.172,103.3379,3419.172,105.2915,3419.172,104.1935
3419.654,105.0967,3419.654,103.3564,3419.654,105.2907,3419.654,104.20670000000001
3420.136,105.0986,3420.136,103.3811,3420.136,105.29440000000001,3420.136,104.2212
3420.6189999999997,105.09809999999999,3420.6189999999997,103.4095,3420.6189999999997,105.303,3420.6189999999997,104.2346
3421.101,105.09440000000001,3421.101,103.4384,3421.101,105.3159,3421.101,104.245
3421.583,105.08770000000001,3421.583,103.4653,3421.583,105.3315,3421.583,104.2518
3422.065,105.0791,3422.065,103.489,3422.065,105.3483,3422.065,104.2559
3422.5469999999996,105.07029999999999,3422.5469999999996,103.5099,3422.5469999999996,105.36479999999999,3422.5469999999996,104.2596
3423.029,105.0631,3423.029,103.52969999999999,3423.029,105.3803,3423.029,104.26530000000001
3423.511,105.0588,3423.511,103.55019999999999,3423.511,105.3943,3423.511,104.2748
3423.993,105.0581,3423.993,103.5728,3423.993,105.40650000000001,3423.993,104.2883
3424.4759999999997,105.06040000000002,3424.4759999999997,103.5973,3424.4759999999997,105.4165,3424.4759999999997,104.3041
3424.958,105.06439999999999,3424.958,103.62219999999999,3424.958,105.42389999999999,3424.958,104.3197
3425.44,105.0676,3425.44,103.64500000000001,3425.44,105.42800000000001,3425.44,104.3318
3425.922,105.0673,3425.922,103.6627,3425.922,105.4281,3425.922,104.338
3426.404,105.0611,3426.404,103.67299999999999,3426.404,105.424,3426.404,104.33730000000001
3426.886,105.0478,3426.886,103.6751,3426.886,105.4157,3426.886,104.33030000000001
3427.368,105.0273,3427.368,103.66969999999999,3427.368,105.4038,3427.368,104.319
3427.85,105.00160000000001,3427.85,103.65899999999999,3427.85,105.3897,3427.85,104.30630000000001
3428.3329999999996,104.97399999999999,3428.3329999999996,103.6461,3428.3329999999996,105.3751,3428.3329999999996,104.29509999999999
3428.815,104.948,3428.815,103.6338,3428.815,105.3624,3428.815,104.28790000000001
3429.297,104.9269,3429.297,103.62400000000001,3429.297,105.3534,3429.297,104.2856
3429.779,104.91220000000001,3429.779,103.61689999999999,3429.779,105.3493,3429.779,104.2882
3430.261,104.9034,3430.261,103.6117,3430.261,105.3502,3430.261,104.2942
3430.743,104.89850000000001,3430.743,103.60640000000001,3430.743,105.3549,3430.743,104.3013
3431.225,104.8946,3431.225,103.5992,3431.225,105.3614,3431.225,104.3071
3431.707,104.8893,3431.707,103.58940000000001,3431.707,105.367,3431.707,104.3094
3432.1890000000003,104.8815,3432.1890000000003,103.57750000000001,3432.1890000000003,105.36970000000001,3432.1890000000003,104.3074
3432.672,104.8716,3432.672,103.5658,3432.672,105.36890000000001,3432.672,104.3016
3433.154,104.86189999999999,3433.154,103.55730000000001,3433.154,105.3652,3433.154,104.29409999999999
3433.636,104.8549,3433.636,103.5547,3433.636,105.3606,3433.636,104.2878
3434.118,104.85249999999999,3434.118,103.5597,3434.118,105.3576,3434.118,104.2856
3434.6,104.8557,3434.6,103.5726,3434.6,105.3579,3434.6,104.28949999999999
3435.082,104.8641,3435.082,103.59179999999999,3435.082,105.3624,3435.082,104.3002
3435.564,104.8759,3435.564,103.6148,3435.564,105.3706,3435.564,104.31660000000001
3436.0460000000003,104.8888,3436.0460000000003,103.6387,3436.0460000000003,105.38099999999999,3436.0460000000003,104.3364
3436.529,104.90090000000001,3436.529,103.6613,3436.529,105.3914,3436.529,104.35669999999999
3437.0099999999998,104.9102,3437.0099999999998,103.68079999999999,3437.0099999999998,105.4,3437.0099999999998,104.375
3437.493,104.915,3437.493,103.69619999999999,3437.493,105.40549999999999,3437.493,104.3895
3437.975,104.9138,3437.975,103.70649999999999,3437.975,105.40719999999999,3437.975,104.3991
3438.457,104.90520000000001,3438.457,103.7105,3438.457,105.4051,3438.457,104.40370000000001
3438.939,104.88850000000001,3438.939,103.7069,3438.939,105.3995,3438.939,104.4033
3439.421,104.8638,3439.421,103.6951,3439.421,105.3915,3439.421,104.3983
3439.9030000000002,104.833,3439.9030000000002,103.6756,3439.9030000000002,105.3824,3439.9030000000002,104.38940000000001
3440.385,104.7996,3440.385,103.65120000000002,3440.385,105.3742,3440.385,104.3774
3440.8669999999997,104.7685,3440.8669999999997,103.6265,3440.8669999999997,105.3692,3440.8669999999997,104.3639
3441.35,104.74419999999999,3441.35,103.60730000000001,3441.35,105.36909999999999,3441.35,104.3505
3441.832,104.72980000000001,3441.832,103.5987,3441.832,105.37440000000001,3441.832,104.3387
3442.3140000000003,104.72550000000001,3442.3140000000003,103.6033,3442.3140000000003,105.38350000000001,3442.3140000000003,104.32889999999999
3442.796,104.7285,3442.796,103.6203,3442.796,105.393,3442.796,104.32079999999999
3443.278,104.7342,3443.278,103.64569999999999,3443.278,105.3985,3443.278,104.3129
3443.76,104.7378,3443.76,103.6739,3443.76,105.39609999999999,3443.76,104.3043
3444.242,104.7367,3444.242,103.6999,3444.242,105.3844,3444.242,104.2947
3444.7239999999997,104.73140000000001,3444.7239999999997,103.721,3444.7239999999997,105.36509999999998,3444.7239999999997,104.2862
3445.207,104.72570000000002,3445.207,103.73809999999999,3445.207,105.34349999999999,3445.207,104.28250000000001
3445.689,104.7259,3445.689,103.7549,3445.689,105.3272,3445.689,104.2889
3446.1710000000003,104.738,3446.1710000000003,103.7762,3446.1710000000003,105.32379999999999,3446.1710000000003,104.3101
3446.653,104.76559999999999,3446.653,103.8055,3446.653,105.33829999999999,3446.653,104.34779999999999
3447.1349999999998,104.8077,3447.1349999999998,103.8432,3447.1349999999998,105.3709,3447.1349999999998,104.3995
3447.617,104.8588,3447.617,103.8856,3447.617,105.4167,3447.617,104.4587
3448.099,104.911,3448.099,103.9272,3448.099,105.46789999999999,3448.099,104.5168
3448.5809999999997,104.9567,3448.5809999999997,103.9625,3448.5809999999997,105.5164,3448.5809999999997,104.5665
3449.0629999999996,104.9909,3449.0629999999996,103.9881,3449.0629999999996,105.55680000000001,3449.0629999999996,104.6036
3449.546,105.01180000000001,3449.546,104.00359999999999,3449.546,105.587,3449.546,104.6273
3450.0280000000002,105.0205,3450.0280000000002,104.0113,3450.0280000000002,105.60780000000001,3450.0280000000002,104.63990000000001
3450.5099999999998,105.01929999999999,3450.5099999999998,104.01469999999999,3450.5099999999998,105.6214,3450.5099999999998,104.64489999999999
3450.9919999999997,105.01169999999999,3450.9919999999997,104.01780000000001,3450.9919999999997,105.6309,3450.9919999999997,104.646
3451.474,105.0009,3451.474,104.02329999999999,3451.474,105.63810000000001,3451.474,104.6461
3451.956,104.98940000000002,3451.956,104.03290000000001,3451.956,105.64420000000001,3451.956,104.6471
3452.438,104.9792,3452.438,104.0464,3452.438,105.6494,3452.438,104.6503
3452.9199999999996,104.9717,3452.9199999999996,104.06269999999999,3452.9199999999996,105.6533,3452.9199999999996,104.6564
3453.403,104.96749999999999,3453.403,104.0805,3453.403,105.65579999999999,3453.403,104.66629999999999
3453.885,104.96650000000001,3453.885,104.0984,3453.885,105.65690000000001,3453.885,104.68059999999998
3454.367,104.96780000000001,3454.367,104.1151,3454.367,105.65690000000001,3454.367,104.6994
3454.8489999999997,104.9698,3454.8489999999997,104.1298,3454.8489999999997,105.65579999999999,3454.8489999999997,104.7215
3455.331,104.97049999999999,3455.331,104.14110000000001,3455.331,105.6535,3455.331,104.7441
3455.813,104.9677,3455.813,104.148,3455.813,105.6494,3455.813,104.76350000000001
3456.295,104.96019999999999,3456.295,104.1495,3456.295,105.6433,3456.295,104.7757
3456.7769999999996,104.9479,3456.7769999999996,104.14529999999999,3456.7769999999996,105.63510000000001,3456.7769999999996,104.7779
3457.2599999999998,104.932,3457.2599999999998,104.13570000000001,3457.2599999999998,105.62549999999999,3457.2599999999998,104.76920000000001
3457.742,104.915,3457.742,104.1227,3457.742,105.6157,3457.742,104.75110000000001
3458.224,104.8996,3458.224,104.1086,3458.224,105.607,3458.224,104.72699999999999
3458.7059999999997,104.8878,3458.7059999999997,104.09649999999999,3458.7059999999997,105.60050000000001,3458.7059999999997,104.70139999999999
3459.188,104.88090000000001,3459.188,104.08919999999999,3459.188,105.5968,3459.188,104.6786
3459.67,104.8784,3459.67,104.0886,3459.67,105.59620000000001,3459.67,104.6619
3460.152,104.8786,3460.152,104.0955,3460.152,105.5981,3460.152,104.6527
3460.6339999999996,104.8789,3460.6339999999996,104.10900000000001,3460.6339999999996,105.60199999999999,3460.6339999999996,104.6508
3461.116,104.87679999999999,3461.116,104.1267,3461.116,105.6068,3461.116,104.6544
3461.599,104.87010000000001,3461.599,104.145,3461.599,105.6114,3461.599,104.66109999999999
3462.081,104.85759999999999,3462.081,104.1601,3462.081,105.61449999999999,3462.081,104.66740000000001
3462.5629999999996,104.8395,3462.5629999999996,104.1684,3462.5629999999996,105.6143,3462.5629999999996,104.6706
3463.045,104.81670000000001,3463.045,104.16780000000001,3463.045,105.60979999999999,3463.045,104.6683
3463.527,104.7915,3463.527,104.1583,3463.527,105.6006,3463.527,104.65960000000001
3464.009,104.76620000000001,3464.009,104.1417,3464.009,105.58749999999999,3464.009,104.6451
3464.491,104.74369999999999,3464.491,104.12189999999998,3464.491,105.5726,3464.491,104.6273
3464.973,104.7267,3464.973,104.10340000000001,3464.973,105.5591,3464.973,104.60989999999998
3465.456,104.7175,3465.456,104.0908,3465.456,105.5501,3465.456,104.59719999999999
3465.938,104.7174,3465.938,104.0876,3465.938,105.54809999999999,3465.938,104.59339999999999
3466.4199999999996,104.72680000000001,3466.4199999999996,104.09530000000001,3466.4199999999996,105.5542,3466.4199999999996,104.6011
3466.902,104.74419999999999,3466.902,104.1137,3466.902,105.5676,3466.902,104.6211
3467.384,104.7671,3467.384,104.1404,3467.384,105.5862,3467.384,104.65150000000001
3467.866,104.7919,3467.866,104.172,3467.866,105.60719999999999,3467.866,104.68869999999998
3468.348,104.81469999999999,3468.348,104.20439999999999,3468.348,105.6279,3468.348,104.728
3468.83,104.8324,3468.83,104.2341,3468.83,105.6464,3468.83,104.7648
3469.313,104.8425,3469.313,104.25819999999999,3469.313,105.6615,3469.313,104.7951
3469.794,104.8444,3469.794,104.27470000000001,3469.794,105.6723,3469.794,104.81640000000002
3470.277,104.83819999999999,3470.277,104.2823,3470.277,105.6781,3470.277,104.8271
3470.759,104.8252,3470.759,104.281,3470.759,105.6778,3470.759,104.8272
3471.241,104.8077,3471.241,104.27139999999999,3471.241,105.6711,3471.241,104.8179
3471.723,104.7876,3471.723,104.2554,3471.723,105.6584,3471.723,104.80160000000001
3472.205,104.76719999999999,3472.205,104.23549999999999,3472.205,105.64139999999999,3472.205,104.782
3472.687,104.7484,3472.687,104.2152,3472.687,105.6236,3472.687,104.7633
3473.169,104.733,3473.169,104.1977,3473.169,105.609,3473.169,104.7504
3473.651,104.7226,3473.651,104.186,3473.651,105.60149999999999,3473.651,104.74699999999999
3474.134,104.71820000000001,3474.134,104.1819,3474.134,105.60369999999999,3474.134,104.7552
3474.616,104.71999999999998,3474.616,104.18549999999999,3474.616,105.61540000000001,3474.616,104.7747
3475.098,104.72760000000001,3475.098,104.19529999999999,3475.098,105.6338,3475.098,104.80199999999999
3475.58,104.739,3475.58,104.20849999999999,3475.58,105.65450000000001,3475.58,104.832
3476.062,104.7517,3476.062,104.2214,3476.062,105.6723,3476.062,104.8585
3476.544,104.76270000000001,3476.544,104.23089999999999,3476.544,105.68310000000001,3476.544,104.8764
3477.026,104.7693,3477.026,104.2344,3477.026,105.6848,3477.026,104.8824
3477.508,104.76950000000001,3477.508,104.2308,3477.508,105.6772,3477.508,104.87550000000002
3477.9900000000002,104.7625,3477.9900000000002,104.22059999999999,3477.9900000000002,105.66210000000001,3477.9900000000002,104.85759999999999
3478.473,104.7487,3478.473,104.20519999999999,3478.473,105.64260000000002,3478.473,104.83160000000001
3478.955,104.73010000000001,3478.955,104.1874,3478.955,105.62219999999999,3478.955,104.80210000000001
3479.437,104.71010000000001,3479.437,104.1709,3479.437,105.60510000000001,3479.437,104.77399999999999
3479.919,104.69269999999999,3479.919,104.1598,3479.919,105.5947,3479.919,104.7522
3480.4010000000003,104.68280000000001,3480.4010000000003,104.1579,3480.4010000000003,105.5943,3480.4010000000003,104.74140000000001
3480.883,104.6848,3480.883,104.1685,3480.883,105.6049,3480.883,104.7453
3481.365,104.70219999999999,3481.365,104.19309999999999,3481.365,105.6257,3481.365,104.766
3481.847,104.7363,3481.847,104.2316,3481.847,105.6529,3481.847,104.8034
3482.33,104.786,3482.33,104.28150000000001,3482.33,105.6802,3482.33,104.8544
3482.812,104.84750000000001,3482.812,104.33859999999999,3482.812,105.7009,3482.812,104.9137
3483.294,104.915,3483.294,104.3981,3483.294,105.7097,3483.294,104.97460000000001
3483.776,104.98160000000001,3483.776,104.4548,3483.776,105.7046,3483.776,105.0308
3484.2580000000003,105.04050000000001,3484.2580000000003,104.5044,3484.2580000000003,105.68740000000001,3484.2580000000003,105.07690000000001
3484.74,105.0861,3484.74,104.5436,3484.74,105.664,3484.74,105.10999999999999
3485.2219999999998,105.1148,3485.2219999999998,104.57069999999999,3485.2219999999998,105.6422,3485.2219999999998,105.12939999999999
3485.704,105.1258,3485.704,104.58579999999999,3485.704,105.6307,3485.704,105.13729999999998
3486.1870000000004,105.12140000000001,3486.1870000000004,104.5912,3486.1870000000004,105.6362,3486.1870000000004,105.1374
3486.669,105.1067,3486.669,104.5909,3486.669,105.6617,3486.669,105.13470000000001
3487.151,105.0886,3487.151,104.58989999999999,3487.151,105.70580000000001,3487.151,105.13380000000001
3487.633,105.07379999999999,3487.633,104.59259999999999,3487.633,105.7625,3487.633,105.1381
3488.1150000000002,105.0675,3488.1150000000002,104.60199999999999,3488.1150000000002,105.8236,3488.1150000000002,105.1485
3488.5969999999998,105.0719,3488.5969999999998,104.61789999999999,3488.5969999999998,105.88040000000001,3488.5969999999998,105.1644
3489.0789999999997,105.0861,3489.0789999999997,104.638,3489.0789999999997,105.92649999999999,3489.0789999999997,105.1833
3489.561,105.107,3489.561,104.6578,3489.561,105.95840000000001,3489.561,105.20270000000001
3490.043,105.1301,3490.043,104.67280000000001,3490.043,105.97559999999999,3490.043,105.22
3490.526,105.1512,3490.526,104.67949999999999,3490.526,105.98,3490.526,105.2333
3491.008,105.16669999999999,3491.008,104.6764,3491.008,105.97460000000001,3491.008,105.2414
3491.49,105.17410000000001,3491.49,104.6643,3491.49,105.96270000000001,3491.49,105.2435
3491.972,105.1722,3491.972,104.64569999999999,3491.972,105.9472,3491.972,105.23929999999999
3492.4539999999997,105.16069999999999,3492.4539999999997,104.62400000000001,3492.4539999999997,105.9307,3492.4539999999997,105.2287
3492.9359999999997,105.14049999999999,3492.9359999999997,104.60249999999999,3492.9359999999997,105.91569999999999,3492.9359999999997,105.2127
3493.418,105.11330000000001,3493.418,104.5837,3493.418,105.90360000000001,3493.418,105.1924
3493.9,105.0818,3493.9,104.56890000000001,3493.9,105.8954,3493.9,105.1701
3494.383,105.0492,3494.383,104.5587,3494.383,105.8913,3494.383,105.14840000000001
3494.865,105.0189,3494.865,104.55270000000002,3494.865,105.8898,3494.865,105.1296
3495.3469999999998,104.9939,3495.3469999999998,104.55030000000001,3495.3469999999998,105.88899999999998,3495.3469999999998,105.1154
3495.829,104.9755,3495.829,104.5506,3495.829,105.8863,3495.829,105.1058
3496.311,104.96350000000001,3496.311,104.5523,3496.311,105.8794,3496.311,105.0993
3496.7929999999997,104.9558,3496.7929999999997,104.5539,3496.7929999999997,105.8668,3496.7929999999997,105.0934
3497.275,104.9492,3497.275,104.55380000000001,3497.275,105.84819999999999,3497.275,105.08519999999999
3497.757,104.9404,3497.757,104.5501,3497.757,105.82400000000001,3497.757,105.0722
3498.2400000000002,104.9267,3498.2400000000002,104.5418,3498.2400000000002,105.7953,3498.2400000000002,105.05310000000001
3498.721,104.9067,3498.721,104.5281,3498.721,105.763,3498.721,105.02759999999999
3499.2039999999997,104.88040000000001,3499.2039999999997,104.5096,3499.2039999999997,105.728,3499.2039999999997,104.9964
3499.686,104.8492,3499.686,104.48729999999999,3499.686,105.69120000000001,3499.686,104.9609
3500.168,104.8157,3500.168,104.46329999999999,3500.168,105.65450000000001,3500.168,104.9231
3500.65,104.7837,3500.65,104.4403,3500.65,105.6205,3500.65,104.88589999999999
3501.132,104.75760000000001,3501.132,104.4212,3501.132,105.59339999999999,3501.132,104.85329999999999
3501.614,104.74190000000002,3501.614,104.40929999999999,3501.614,105.57730000000001,3501.614,104.8303
3502.096,104.7403,3502.096,104.4067,3502.096,105.57570000000001,3502.096,104.8214
3502.5779999999995,104.75399999999999,3502.5779999999995,104.4142,3502.5779999999995,105.589,3502.5779999999995,104.83
3503.0609999999997,104.78080000000001,3503.0609999999997,104.43070000000002,3503.0609999999997,105.6143,3503.0609999999997,104.8559
3503.543,104.8151,3503.543,104.4527,3503.543,105.6455,3503.543,104.8944
3504.025,104.84949999999999,3504.025,104.4756,3504.025,105.6751,3504.025,104.9378
3504.507,104.87660000000001,3504.507,104.49459999999999,3504.507,105.697,3504.507,104.97710000000001
3504.989,104.8913,3504.989,104.5059,3504.989,105.708,3504.989,105.0047
3505.471,104.8916,3505.471,104.5075,3505.471,105.7084,3505.471,105.0166
3505.953,104.87880000000001,3505.953,104.4996,3505.953,105.7009,3505.953,105.0128
3506.435,104.85629999999999,3506.435,104.4839,3506.435,105.6895,3506.435,104.9967
3506.917,104.8287,3506.917,104.4632,3506.917,105.6779,3506.917,104.9739
3507.4,104.8011,3507.4,104.4415,3507.4,105.669,3507.4,104.9507
3507.882,104.7785,3507.882,104.42290000000001,3507.882,105.6645,3507.882,104.933
3508.3640000000005,104.7645,3508.3640000000005,104.4109,3508.3640000000005,105.6646,3508.3640000000005,104.92459999999998
3508.846,104.76129999999999,3508.846,104.40769999999999,3508.846,105.66869999999999,3508.846,104.9267
3509.328,104.768,3509.328,104.413,3509.328,105.6748,3509.328,104.9371
3509.81,104.7822,3509.81,104.42469999999999,3509.81,105.6815,3509.81,104.9523
3510.292,104.8006,3510.292,104.43960000000001,3510.292,105.6877,3510.292,104.9684
3510.774,104.82000000000001,3510.774,104.45530000000001,3510.774,105.6936,3510.774,104.9836
3511.257,104.8385,3511.257,104.47010000000002,3511.257,105.70049999999999,3511.257,104.9982
3511.739,104.8559,3511.739,104.4839,3511.739,105.71,3511.739,105.01389999999999
3512.2210000000005,104.8727,3512.2210000000005,104.49740000000001,3512.2210000000005,105.7236,3512.2210000000005,105.0327
3512.703,104.89,3512.703,104.51129999999999,3512.703,105.7421,3512.703,105.0557
3513.185,104.9088,3513.185,104.5264,3513.185,105.7655,3513.185,105.0823
3513.667,104.9294,3513.667,104.54270000000001,3513.667,105.7923,3513.667,105.1106
3514.149,104.95110000000001,3514.149,104.55969999999999,3514.149,105.82020000000001,3514.149,105.1379
3514.631,104.97160000000001,3514.631,104.57639999999999,3514.631,105.8459,3514.631,105.1614
3515.114,104.988,3515.114,104.5915,3515.114,105.8661,3515.114,105.17920000000001
3515.596,104.99719999999999,3515.596,104.60430000000001,3515.596,105.8781,3515.596,105.19069999999999
3516.0780000000004,104.9971,3516.0780000000004,104.6147,3516.0780000000004,105.8807,3516.0780000000004,105.1967
3516.56,104.9876,3516.56,104.62370000000001,3516.56,105.8749,3516.56,105.19890000000001
3517.042,104.97129999999999,3517.042,104.6329,3517.042,105.86340000000001,3517.042,105.1997
3517.524,104.95209999999999,3517.524,104.64389999999999,3517.524,105.8501,3517.524,105.2008
3518.006,104.93490000000001,3518.006,104.6579,3518.006,105.839,3518.006,105.2028
3518.4880000000003,104.9232,3518.4880000000003,104.6749,3518.4880000000003,105.83260000000001,3518.4880000000003,105.205
3518.97,104.91749999999999,3518.97,104.693,3518.97,105.8311,3518.97,105.2053
3519.453,104.91600000000001,3519.453,104.70960000000001,3519.453,105.83279999999999,3519.453,105.2005
3519.9350000000004,104.914,3519.9350000000004,104.72109999999999,3519.9350000000004,105.8343,3519.9350000000004,105.1876
3520.417,104.90710000000001,3520.417,104.7248,3520.417,105.832,3520.417,105.1647
3520.899,104.8921,3520.899,104.7196,3520.899,105.8236,3520.899,105.13170000000001
3521.381,104.86919999999999,3521.381,104.7064,3521.381,105.8087,3521.381,105.0907
3521.863,104.84230000000001,3521.863,104.688,3521.863,105.78909999999999,3521.863,105.0464
3522.3450000000003,104.81750000000001,3522.3450000000003,104.66850000000001,3522.3450000000003,105.768,3522.3450000000003,105.0042
3522.8269999999998,104.80100000000002,3522.8269999999998,104.65150000000001,3522.8269999999998,105.74889999999999,3522.8269999999998,104.9693
3523.31,104.7963,3523.31,104.6386,3523.31,105.73410000000001,3523.31,104.94449999999999
3523.7920000000004,104.8025,3523.7920000000004,104.6292,3523.7920000000004,105.72379999999998,3523.7920000000004,104.9294
3524.2740000000003,104.8149,3524.2740000000003,104.62119999999999,3524.2740000000003,105.71690000000001,3524.2740000000003,104.9213
3524.756,104.827,3524.756,104.6122,3524.756,105.7112,3524.756,104.91649999999998
3525.238,104.833,3525.238,104.6011,3525.238,105.7051,3525.238,104.91239999999999
3525.72,104.8304,3525.72,104.589,3525.72,105.6979,3525.72,104.909
3526.202,104.82000000000001,3526.202,104.5787,3526.202,105.6903,3526.202,104.90820000000001
3526.6839999999997,104.8054,3526.6839999999997,104.5736,3526.6839999999997,105.68390000000001,3526.6839999999997,104.9137
3527.167,104.7919,3527.167,104.5766,3527.167,105.6807,3527.167,104.9288
3527.648,104.7844,3527.648,104.5887,3527.648,105.68230000000001,3527.648,104.95509999999999
3528.1310000000003,104.786,3528.1310000000003,104.60849999999999,3528.1310000000003,105.68990000000001,3528.1310000000003,104.99130000000001
3528.613,104.79750000000001,3528.613,104.633,3528.613,105.704,3528.613,105.0338
3529.095,104.8179,3529.095,104.65930000000002,3529.095,105.7248,3529.095,105.07839999999999
3529.5769999999998,104.8451,3529.5769999999998,104.6852,3529.5769999999998,105.7517,3529.5769999999998,105.12140000000001
3530.059,104.8765,3530.059,104.7097,3530.059,105.7835,3530.059,105.16019999999999
3530.5409999999997,104.909,3530.5409999999997,104.7323,3530.5409999999997,105.81769999999999,3530.5409999999997,105.19380000000001
3531.023,104.9388,3531.023,104.7522,3531.023,105.8508,3531.023,105.2211
3531.505,104.9616,3531.505,104.76769999999999,3531.505,105.87819999999999,3531.505,105.2409
3531.9880000000003,104.9736,3531.9880000000003,104.77669999999999,3531.9880000000003,105.89580000000001,3531.9880000000003,105.252
3532.47,104.97209999999998,3532.47,104.77749999999999,3532.47,105.90079999999999,3532.47,105.25340000000001
3532.9519999999998,104.95689999999999,3532.9519999999998,104.77000000000001,3532.9519999999998,105.8931,3532.9519999999998,105.24549999999999
3533.4339999999997,104.9304,3533.4339999999997,104.756,3533.4339999999997,105.8747,3533.4339999999997,105.2298
3533.916,104.8974,3533.916,104.73969999999998,3533.916,105.8502,3533.916,105.2098
3534.398,104.86439999999999,3534.398,104.7267,3534.398,105.8252,3534.398,105.19000000000001
3534.88,104.83789999999999,3534.88,104.7223,3534.88,105.80560000000001,3534.88,105.17460000000001
3535.362,104.8222,3535.362,104.72980000000001,3535.362,105.7954,3535.362,105.1663
3535.844,104.8186,3535.844,104.74900000000001,3535.844,105.79639999999999,3535.844,105.1654
3536.327,104.82430000000001,3536.327,104.7757,3536.327,105.8068,3536.327,105.169
3536.8089999999997,104.8346,3536.8089999999997,104.8036,3536.8089999999997,105.82300000000001,3536.8089999999997,105.1733
3537.2909999999997,104.84450000000001,3537.2909999999997,104.8265,3537.2909999999997,105.84039999999999,3537.2909999999997,105.17479999999999
3537.773,104.85130000000001,3537.773,104.84100000000001,3537.773,105.8557,3537.773,105.1728
3538.255,104.8546,3538.255,104.8467,3538.255,105.8671,3538.255,105.16879999999999
3538.737,104.85580000000002,3538.737,104.8456,3538.737,105.8741,3538.737,105.1657
3539.219,104.8567,3539.219,104.84040000000002,3539.219,105.8775,3539.219,105.1661
3539.701,104.858,3539.701,104.83340000000001,3539.701,105.8777,3539.701,105.1709
3540.184,104.8585,3540.184,104.82530000000001,3540.184,105.87500000000001,3540.184,105.1782
3540.6659999999997,104.8552,3540.6659999999997,104.8152,3540.6659999999997,105.8691,3540.6659999999997,105.18430000000001
3541.1479999999997,104.84420000000001,3541.1479999999997,104.8011,3541.1479999999997,105.8589,3541.1479999999997,105.1838
3541.63,104.8222,3541.63,104.7809,3541.63,105.84320000000001,3541.63,105.1725
3542.112,104.78719999999998,3542.112,104.7534,3542.112,105.82100000000001,3542.112,105.14779999999999
3542.594,104.7398,3542.594,104.71900000000001,3542.594,105.7917,3542.594,105.1099
3543.076,104.6832,3543.076,104.67999999999999,3543.076,105.7561,3543.076,105.06230000000001
3543.558,104.6231,3543.558,104.6405,3543.558,105.71600000000001,3543.558,105.0106
3544.041,104.5666,3544.041,104.6054,3544.041,105.67530000000001,3544.041,104.96209999999999
3544.5229999999997,104.521,3544.5229999999997,104.58019999999999,3544.5229999999997,105.6388,3544.5229999999997,104.9242
3545.0049999999997,104.4926,3545.0049999999997,104.56939999999999,3545.0049999999997,105.6125,3545.0049999999997,104.90330000000002
3545.487,104.48530000000001,3545.487,104.57600000000001,3545.487,105.60119999999999,3545.487,104.9034
3545.969,104.4993,3545.969,104.59970000000001,3545.969,105.6077,3545.969,104.9253
3546.451,104.53079999999999,3546.451,104.6367,3546.451,105.63080000000001,3546.451,104.96589999999999
3546.933,104.5725,3546.933,104.6802,3546.933,105.6655,3546.933,105.01800000000001
3547.415,104.6157,3547.415,104.7218,3547.415,105.7045,3547.415,105.07260000000001
3547.897,104.6519,3547.897,104.75399999999999,3547.897,105.74,3547.897,105.12060000000001
3548.3799999999997,104.67530000000001,3548.3799999999997,104.7717,3548.3799999999997,105.76620000000001,3548.3799999999997,105.155
3548.8619999999996,104.6829,3548.8619999999996,104.7734,3548.8619999999996,105.7798,3548.8619999999996,105.17240000000001
3549.344,104.6749,3549.344,104.7602,3549.344,105.7801,3549.344,105.1722
3549.826,104.654,3549.826,104.7364,3549.826,105.76939999999999,3549.826,105.1573
3550.3080000000004,104.6258,3550.3080000000004,104.7085,3550.3080000000004,105.7519,3550.3080000000004,105.1335
3550.79,104.5984,3550.79,104.685,3550.79,105.73410000000001,3550.79,105.10900000000001
3551.272,104.5809,3551.272,104.6741,3551.272,105.72330000000001,3551.272,105.0929
3551.754,104.58080000000001,3551.754,104.682,3551.754,105.7258,3551.754,105.09230000000001
3552.237,104.60130000000001,3552.237,104.7095,3552.237,105.7444,3552.237,105.1096
3552.7189999999996,104.63960000000002,3552.7189999999996,104.7521,3552.7189999999996,105.7777,3552.7189999999996,105.14179999999999
3553.201,104.68889999999999,3553.201,104.80229999999999,3553.201,105.8208,3553.201,105.1825
3553.683,104.7407,3553.683,104.8519,3553.683,105.867,3553.683,105.2248
3554.1650000000004,104.78829999999999,3554.1650000000004,104.8954,3554.1650000000004,105.9107,3554.1650000000004,105.2641
3554.647,104.8276,3554.647,104.9302,3554.647,105.94749999999999,3554.647,105.298
3555.129,104.857,3555.129,104.95609999999999,3555.129,105.97449999999999,3555.129,105.3265
3555.611,104.87660000000001,3555.611,104.9742,3555.611,105.99019999999999,3555.611,105.3496
3556.094,104.887,3556.094,104.986,3556.094,105.99380000000001,3556.094,105.36680000000001
3556.575,104.8888,3556.575,104.99210000000001,3556.575,105.98490000000001,3556.575,105.3761
3557.058,104.88170000000001,3557.058,104.9926,3557.058,105.9639,3557.058,105.3753
3557.54,104.86549999999998,3557.54,104.98700000000001,3557.54,105.932,3557.54,105.3625
3558.0220000000004,104.8403,3558.0220000000004,104.975,3558.0220000000004,105.89139999999999,3558.0220000000004,105.33749999999999
3558.504,104.8074,3558.504,104.9571,3558.504,105.84599999999999,3558.504,105.303
3558.986,104.76939999999999,3558.986,104.935,3558.986,105.8009,3558.986,105.264
3559.468,104.73030000000001,3559.468,104.91170000000001,3559.468,105.7617,3559.468,105.2268
3559.95,104.69420000000001,3559.95,104.8902,3559.95,105.7328,3559.95,105.1971
3560.4320000000002,104.66390000000001,3560.4320000000002,104.8729,3560.4320000000002,105.7161,3560.4320000000002,105.1777
3560.915,104.64020000000001,3560.915,104.8602,3560.915,105.71,3560.915,105.1677
3561.397,104.6211,3561.397,104.85040000000001,3561.397,105.70960000000001,3561.397,105.1629
3561.8790000000004,104.60300000000001,3561.8790000000004,104.83990000000001,3561.8790000000004,105.70790000000001,3561.8790000000004,105.1574
3562.3610000000003,104.58130000000001,3562.3610000000003,104.8237,3562.3610000000003,105.6976,3562.3610000000003,105.14479999999999
3562.843,104.5521,3562.843,104.79719999999999,3562.843,105.6731,3562.843,105.12060000000001
3563.325,104.5125,3563.325,104.7568,3563.325,105.63119999999999,3563.325,105.08200000000001
3563.807,104.4619,3563.807,104.7012,3563.807,105.5725,3563.807,105.02890000000001
3564.289,104.40259999999999,3564.289,104.63260000000001,3564.289,105.50139999999999,3564.289,104.9636
3564.7709999999997,104.34079999999999,3564.7709999999997,104.55810000000001,3564.7709999999997,105.42689999999999,3564.7709999999997,104.89269999999999
3565.254,104.28869999999999,3565.254,104.4913,3565.254,105.3636,3565.254,104.82830000000001
3565.7360000000003,104.26329999999999,3565.7360000000003,104.4506,3565.7360000000003,105.3296,3565.7360000000003,104.788
3566.2180000000003,104.2809,3566.2180000000003,104.4537,3566.2180000000003,105.3407,3566.2180000000003,104.7906
3566.7,104.347,3566.7,104.50630000000001,3566.7,105.4013,3566.7,104.84500000000001
3567.182,104.44869999999999,3567.182,104.5951,3567.182,105.49770000000001,3567.182,104.9416
3567.6639999999998,104.5599,3567.6639999999998,104.69409999999999,3567.6639999999998,105.60449999999999,3567.6639999999998,105.055
3568.146,104.65629999999999,3568.146,104.7792,3568.146,105.69930000000001,3568.146,105.15920000000001
3568.6279999999997,104.72680000000001,3568.6279999999997,104.84040000000002,3568.6279999999997,105.7719,3568.6279999999997,105.23979999999999
3569.111,104.77250000000001,3569.111,104.8802,3569.111,105.8236,3569.111,105.2954
3569.5930000000003,104.80030000000001,3569.5930000000003,104.9067,3569.5930000000003,105.8605,3569.5930000000003,105.3313
3570.0750000000003,104.8165,3570.0750000000003,104.92779999999999,3570.0750000000003,105.8878,3570.0750000000003,105.35399999999998
3570.557,104.82469999999999,3570.557,104.9477,3570.557,105.90820000000001,3570.557,105.36749999999999
3571.0389999999998,104.8257,3571.0389999999998,104.96730000000001,3571.0389999999998,105.9219,3571.0389999999998,105.37320000000001
3571.5209999999997,104.8191,3571.5209999999997,104.98479999999999,3571.5209999999997,105.92779999999999,3571.5209999999997,105.371
3572.003,104.8049,3572.003,104.99750000000002,3572.003,105.9256,3572.003,105.3606
3572.485,104.78480000000002,3572.485,105.0033,3572.485,105.91600000000001,3572.485,105.34270000000001
3572.968,104.7617,3572.968,105.0014,3572.968,105.90180000000001,3572.968,105.3193
3573.4500000000003,104.73989999999999,3573.4500000000003,104.9931,3573.4500000000003,105.88640000000001,3573.4500000000003,105.2942
3573.9320000000002,104.72330000000001,3573.9320000000002,104.9807,3573.9320000000002,105.8737,3573.9320000000002,105.2715
3574.4139999999998,104.71440000000001,3574.4139999999998,104.96719999999999,3574.4139999999998,105.8659,3574.4139999999998,105.2548
3574.8959999999997,104.7132,3574.8959999999997,104.955,3574.8959999999997,105.86359999999999,3574.8959999999997,105.2462
3575.3779999999997,104.71770000000001,3575.3779999999997,104.94539999999999,3575.3779999999997,105.8653,3575.3779999999997,105.24560000000001
3575.86,104.7244,3575.86,104.9388,3575.86,105.8686,3575.86,105.25139999999999
3576.342,104.72980000000001,3576.342,104.9347,3576.342,105.8706,3576.342,105.2611
3576.824,104.7315,3576.824,104.9323,3576.824,105.86930000000001,3576.824,105.272
3577.3070000000002,104.72829999999999,3577.3070000000002,104.9312,3577.3070000000002,105.86370000000001,3577.3070000000002,105.28249999999998
3577.789,104.7206,3577.789,104.93090000000001,3577.789,105.854,3577.789,105.2916
3578.271,104.7097,3578.271,104.93140000000001,3578.271,105.84119999999999,3578.271,105.2993
3578.7529999999997,104.6969,3578.7529999999997,104.9326,3578.7529999999997,105.8267,3578.7529999999997,105.30569999999999
3579.235,104.6835,3579.235,104.934,3579.235,105.812,3579.235,105.3109
3579.717,104.6701,3579.717,104.9355,3579.717,105.7987,3579.717,105.31459999999998
3580.199,104.6572,3580.199,104.93650000000001,3580.199,105.788,3580.199,105.3162
3580.681,104.6455,3580.681,104.9369,3580.681,105.78050000000002,3580.681,105.3154
3581.164,104.63560000000001,3581.164,104.9366,3581.164,105.7769,3581.164,105.31220000000002
3581.646,104.62830000000001,3581.646,104.93509999999999,3581.646,105.7766,3581.646,105.3071
3582.128,104.6243,3582.128,104.93220000000001,3582.128,105.77859999999998,3582.128,105.3007
3582.6099999999997,104.6233,3582.6099999999997,104.9269,3582.6099999999997,105.78129999999999,3582.6099999999997,105.29329999999999
3583.092,104.62389999999999,3583.092,104.91820000000001,3583.092,105.78240000000001,3583.092,105.28439999999999
3583.574,104.6235,3583.574,104.905,3583.574,105.7794,3583.574,105.2722
3584.056,104.6183,3584.056,104.8863,3584.056,105.77000000000001,3584.056,105.25389999999999
3584.538,104.60510000000001,3584.538,104.8623,3584.538,105.75300000000001,3584.538,105.22640000000001
3585.021,104.583,3585.021,104.83579999999999,3585.021,105.72950000000002,3585.021,105.1889
3585.502,104.5566,3585.502,104.8135,3585.502,105.7048,3585.502,105.1459
3585.985,104.53779999999999,3585.985,104.8072,3585.985,105.6895,3585.985,105.10969999999999
3586.4669999999996,104.5436,3586.4669999999996,104.8304,3586.4669999999996,105.6969,3586.4669999999996,105.0989
3586.949,104.5875,3586.949,104.89,3586.949,105.7361,3586.949,105.12989999999999
3587.431,104.66789999999999,3587.431,104.97840000000001,3587.431,105.80330000000001,3587.431,105.20419999999999
3587.913,104.7645,3587.913,105.0735,3587.913,105.8815,3587.913,105.3037
3588.3950000000004,104.8501,3588.3950000000004,105.15209999999999,3588.3950000000004,105.9496,3588.3950000000004,105.4006
3588.877,104.906,3588.877,105.20179999999999,3588.877,105.99510000000001,3588.877,105.4735
3589.359,104.9282,3589.359,105.2238,3589.359,106.0164,3589.359,105.5154
3589.842,104.9232,3589.842,105.22670000000001,3589.842,106.01929999999999,3589.842,105.5306
3590.324,104.90109999999999,3590.324,105.21979999999999,3590.324,106.01089999999999,3590.324,105.5276
3590.806,104.8706,3590.806,105.20909999999999,3590.806,105.9964,3590.806,105.51410000000001
3591.288,104.8375,3591.288,105.197,3591.288,105.97829999999999,3591.288,105.4948
3591.77,104.8054,3591.77,105.18369999999999,3591.77,105.95760000000001,3591.77,105.47189999999999
3592.2520000000004,104.77680000000001,3592.2520000000004,105.1687,3592.2520000000004,105.93520000000001,3592.2520000000004,105.44659999999999
3592.734,104.7544,3592.734,105.15270000000001,3592.734,105.9129,3592.734,105.4206
3593.216,104.7411,3593.216,105.138,3593.216,105.8936,3593.216,105.39670000000001
3593.698,104.7391,3593.698,105.12729999999999,3593.698,105.8807,3593.698,105.3779
3594.181,104.7486,3594.181,105.1224,3594.181,105.87599999999999,3594.181,105.3667
3594.663,104.76669999999999,3594.663,105.1234,3594.663,105.87910000000001,3594.663,105.3634
3595.145,104.7888,3595.145,105.1278,3595.145,105.88740000000001,3595.145,105.3664
3595.627,104.80990000000001,3595.627,105.1323,3595.627,105.89699999999999,3595.627,105.3731
3596.1090000000004,104.82629999999999,3596.1090000000004,105.1339,3596.1090000000004,105.90459999999999,3596.1090000000004,105.38080000000001
3596.591,104.8363,3596.591,105.13140000000001,3596.591,105.90809999999999,3596.591,105.38780000000001
3597.073,104.84020000000001,3597.073,105.1253,3597.073,105.90759999999999,3597.073,105.3933
3597.555,104.83940000000001,3597.555,105.11710000000001,3597.555,105.90459999999999,3597.555,105.3972
3598.038,104.8357,3598.038,105.1091,3598.038,105.9016,3598.038,105.39959999999999
3598.52,104.83109999999999,3598.52,105.10340000000001,3598.52,105.9017,3598.52,105.4006
3599.002,104.8271,3599.002,105.1018,3599.002,105.90759999999999,3599.002,105.4009
3599.484,104.8251,3599.484,105.10520000000001,3599.484,105.92079999999999,3599.484,105.40119999999999
3599.9660000000003,104.82629999999999,3599.9660000000003,105.1138,3599.9660000000003,105.94120000000001,3599.9660000000003,105.40339999999999
3600.4480000000003,104.8308,3600.4480000000003,105.127,3600.4480000000003,105.9664,3600.4480000000003,105.40899999999999
3600.93,104.8381,3600.93,105.1434,3600.93,105.9924,3600.93,105.4195
3601.412,104.8468,3601.412,105.1612,3601.412,106.0144,3601.412,105.4349
3601.895,104.8549,3601.895,105.1787,3601.895,106.02860000000001,3601.895,105.45400000000001
3602.377,104.8608,3602.377,105.1939,3602.377,106.03309999999999,3602.377,105.4746
3602.859,104.8626,3602.859,105.2052,3602.859,106.0279,3602.859,105.49340000000001
3603.341,104.8588,3603.341,105.2111,3603.341,106.0144,3603.341,105.50699999999999
3603.8230000000003,104.8481,3603.8230000000003,105.2098,3603.8230000000003,105.99449999999999,3603.8230000000003,105.5126
3604.3050000000003,104.83,3604.3050000000003,105.20039999999999,3604.3050000000003,105.9701,3604.3050000000003,105.508
3604.787,104.8049,3604.787,105.1825,3604.787,105.94330000000001,3604.787,105.493
3605.269,104.7744,3605.269,105.1573,3605.269,105.91600000000001,3605.269,105.469
3605.751,104.741,3605.751,105.1272,3605.751,105.8901,3605.751,105.4394
3606.2340000000004,104.7083,3606.2340000000004,105.09599999999999,3606.2340000000004,105.86770000000001,3606.2340000000004,105.40899999999999
3606.716,104.6802,3606.716,105.06869999999999,3606.716,105.851,3606.716,105.3833
3607.198,104.6595,3607.198,105.0495,3607.198,105.8418,3607.198,105.36710000000001
3607.6800000000003,104.6458,3607.6800000000003,105.03960000000001,3607.6800000000003,105.8395,3607.6800000000003,105.3606
3608.1620000000003,104.63359999999999,3608.1620000000003,105.03469999999999,3608.1620000000003,105.83970000000001,3608.1620000000003,105.3582
3608.644,104.614,3608.644,105.0265,3608.644,105.8354,3608.644,105.3493
3609.1259999999997,104.5791,3609.1259999999997,105.00639999999999,3609.1259999999997,105.8193,3609.1259999999997,105.3233
3609.608,104.52539999999999,3609.608,104.9693,3609.608,105.7875,3609.608,105.2745
3610.0910000000003,104.45439999999999,3610.0910000000003,104.9153,3610.0910000000003,105.73920000000001,3610.0910000000003,105.2036
3610.573,104.37039999999999,3610.573,104.84750000000001,3610.573,105.67580000000001,3610.573,105.11500000000001
3611.055,104.278,3611.055,104.77099999999999,3611.055,105.6001,3611.055,105.01480000000001
3611.5370000000003,104.183,3611.5370000000003,104.69250000000001,3611.5370000000003,105.516,3611.5370000000003,104.91109999999999
3612.0190000000002,104.09280000000001,3612.0190000000002,104.6214,3612.0190000000002,105.43070000000002,3612.0190000000002,104.8141
3612.5009999999997,104.0167,3612.5009999999997,104.56790000000001,3612.5009999999997,105.35399999999998,3612.5009999999997,104.73589999999999
3612.9829999999997,103.96350000000001,3612.9829999999997,104.5405,3612.9829999999997,105.29610000000001,3612.9829999999997,104.687
3613.465,103.9376,3613.465,104.54140000000001,3613.465,105.2636,3613.465,104.6719
3613.9480000000003,103.938,3613.9480000000003,104.566,3613.9480000000003,105.25789999999999,3613.9480000000003,104.6875
3614.429,103.95989999999999,3614.429,104.60579999999999,3614.429,105.2748,3614.429,104.7253
3614.912,103.99719999999999,3614.912,104.65199999999999,3614.912,105.30820000000001,3614.912,104.7762
3615.3940000000002,104.0437,3615.3940000000002,104.6971,3615.3940000000002,105.3505,3615.3940000000002,104.8317
3615.876,104.09299999999999,3615.876,104.73509999999999,3615.876,105.3944,3615.876,104.88459999999999
3616.358,104.13920000000002,3616.358,104.7615,3616.358,105.4333,3616.358,104.9288
3616.8399999999997,104.17860000000002,3616.8399999999997,104.7754,3616.8399999999997,105.46379999999999,3616.8399999999997,104.9613
3617.322,104.21229999999998,3617.322,104.78080000000001,3617.322,105.4867,3617.322,104.9833
3617.804,104.24659999999999,3617.804,104.7875,3617.804,105.50869999999999,3617.804,105.00229999999999
3618.286,104.29090000000001,3618.286,104.80799999999999,3618.286,105.53909999999999,3618.286,105.02940000000001
3618.769,104.35190000000001,3618.769,104.8514,3618.769,105.58559999999999,3618.769,105.07409999999999
3619.251,104.42819999999999,3619.251,104.91749999999999,3619.251,105.6486,3619.251,105.1382
3619.733,104.5109,3619.733,104.9967,3619.733,105.7213,3619.733,105.2152
3620.215,104.589,3620.215,105.0764,3620.215,105.79369999999999,3620.215,105.2958
3620.6969999999997,104.6562,3620.6969999999997,105.14730000000002,3620.6969999999997,105.8587,3620.6969999999997,105.3728
3621.179,104.7118,3621.179,105.20590000000001,3621.179,105.9131,3621.179,105.4438
3621.661,104.75779999999999,3621.661,105.2527,3621.661,105.9566,3621.661,105.50869999999999
3622.143,104.7959,3622.143,105.2886,3622.143,105.98939999999999,3622.143,105.5667
3622.625,104.8257,3622.625,105.3139,3622.625,106.0108,3622.625,105.61540000000001
3623.108,104.8457,3623.108,105.32820000000001,3623.108,106.0204,3623.108,105.6514
3623.59,104.8552,3623.59,105.33250000000001,3623.59,106.01899999999999,3623.59,105.6726
3624.072,104.85610000000001,3624.072,105.3298,3624.072,106.00959999999999,3624.072,105.6807
3624.5539999999996,104.85329999999999,3624.5539999999996,105.325,3624.5539999999996,105.9976,3624.5539999999996,105.6814
3625.036,104.853,3625.036,105.3234,3625.036,105.9882,3625.036,105.6824
3625.518,104.859,3625.518,105.3275,3625.518,105.9843,3625.518,105.69
3626.0,104.8698,3626.0,105.3347,3626.0,105.984,3626.0,105.7048
3626.4820000000004,104.878,3626.4820000000004,105.3385,3626.4820000000004,105.98110000000001,3626.4820000000004,105.72109999999999
3626.965,104.87580000000001,3626.965,105.3331,3626.965,105.9699,3626.965,105.73129999999999
3627.447,104.864,3627.447,105.3231,3627.447,105.9539,3627.447,105.73559999999999
3627.929,104.8602,3627.929,105.3288,3627.929,105.95079999999999,3627.929,105.75000000000001
3628.411,104.8861,3628.411,105.37190000000001,3628.411,105.9809,3628.411,105.79369999999999
3628.893,104.9355,3628.893,105.44489999999999,3628.893,106.0383,3628.893,105.8579
3629.375,104.969,3629.375,105.50580000000001,3629.375,106.0869,3629.375,105.89999999999999
3629.857,104.9533,3629.857,105.519,3629.857,106.09580000000001,3629.857,105.8851
3630.3390000000004,104.8932,3630.3390000000004,105.4862,3630.3390000000004,106.0668,3630.3390000000004,105.81830000000001
3630.822,104.8168,3630.822,105.4322,3630.822,106.0217,3630.822,105.73030000000001
3631.304,104.75030000000001,3631.304,105.38050000000001,3631.304,105.981,3631.304,105.6498
3631.786,104.7067,3631.786,105.34360000000001,3631.786,105.955,3631.786,105.5923
3632.268,104.6878,3632.268,105.32440000000001,3632.268,105.94539999999999,3632.268,105.56049999999999
3632.75,104.688,3632.75,105.32,3632.75,105.94809999999998,3632.75,105.5496
3633.232,104.6996,3633.232,105.32509999999999,3633.232,105.9573,3633.232,105.5516
3633.714,104.71360000000001,3633.714,105.3337,3633.714,105.9663,3633.714,105.5574
3634.1960000000004,104.7224,3634.1960000000004,105.3394,3634.1960000000004,105.9689,3634.1960000000004,105.55930000000001
3634.678,104.7209,3634.678,105.33779999999999,3634.678,105.9612,3634.678,105.5518
3635.161,104.70779999999999,3635.161,105.3269,3635.161,105.94239999999999,3635.161,105.5336
3635.643,104.6845,3635.643,105.3076,3635.643,105.9145,3635.643,105.50679999999998
3636.125,104.6543,3636.125,105.28280000000001,3636.125,105.881,3636.125,105.47500000000001
3636.607,104.62039999999999,3636.607,105.256,3636.607,105.8461,3636.607,105.4424
3637.089,104.58559999999999,3637.089,105.2303,3637.089,105.81320000000001,3637.089,105.4125
3637.571,104.5518,3637.571,105.20799999999998,3637.571,105.785,3637.571,105.38719999999999
3638.0530000000003,104.5197,3638.0530000000003,105.1894,3638.0530000000003,105.7623,3638.0530000000003,105.3666
3638.535,104.4883,3638.535,105.173,3638.535,105.7439,3638.535,105.3482
3639.018,104.4559,3639.018,105.15559999999999,3639.018,105.72729999999999,3639.018,105.3285
3639.5,104.4203,3639.5,105.1339,3639.5,105.70949999999999,3639.5,105.3039
3639.982,104.38019999999999,3639.982,105.10539999999999,3639.982,105.688,3639.982,105.2719
3640.464,104.3358,3640.464,105.0694,3640.464,105.66199999999999,3640.464,105.2323
3640.946,104.28880000000001,3640.946,105.02689999999998,3640.946,105.63199999999999,3640.946,105.18730000000001
3641.428,104.2419,3641.428,104.9802,3641.428,105.59920000000001,3641.428,105.14000000000001
3641.9100000000003,104.197,3641.9100000000003,104.9312,3641.9100000000003,105.5644,3641.9100000000003,105.0932
3642.3920000000003,104.1548,3642.3920000000003,104.881,3642.3920000000003,105.5276,3642.3920000000003,105.0482
3642.875,104.11429999999999,3642.875,104.82959999999999,3642.875,105.4879,3642.875,105.0044
3643.3559999999998,104.073,3643.3559999999998,104.7761,3643.3559999999998,105.4437,3643.3559999999998,104.9595
3643.839,104.0277,3643.839,104.7191,3643.839,105.39339999999999,3643.839,104.9099
3644.3210000000004,103.9742,3644.3210000000004,104.6565,3644.3210000000004,105.3351,3644.3210000000004,104.8514
3644.803,103.908,3644.803,104.5865,3644.803,105.267,3644.803,104.77929999999999
3645.285,103.8249,3645.285,104.50779999999999,3645.285,105.18829999999998,3645.285,104.68990000000001
3645.7670000000003,103.7239,3645.7670000000003,104.422,3645.7670000000003,105.1007,3645.7670000000003,104.58229999999999
3646.2490000000003,103.6092,3646.2490000000003,104.335,3646.2490000000003,105.01020000000001,3646.2490000000003,104.46230000000001
3646.7309999999998,103.4921,3646.7309999999998,104.2576,3646.7309999999998,104.92760000000001,3646.7309999999998,104.3432
3647.2129999999997,103.3898,3647.2129999999997,104.20270000000001,3647.2129999999997,104.86619999999999,3647.2129999999997,104.24530000000001
3647.696,103.322,3647.696,104.18220000000001,3647.696,104.8385,3647.696,104.19069999999999
3648.1780000000003,103.3064,3648.1780000000003,104.20419999999999,3648.1780000000003,104.85329999999999,3648.1780000000003,104.1973
3648.66,103.3558,3648.66,104.2728,3648.66,104.9148,3648.66,104.27470000000001
3649.142,103.47269999999999,3649.142,104.38559999999998,3649.142,105.0204,3649.142,104.419
3649.6240000000003,103.6416,3649.6240000000003,104.52900000000001,3649.6240000000003,105.15559999999999,3649.6240000000003,104.6077
3650.106,103.8265,3650.106,104.67530000000001,3650.106,105.2934,3650.106,104.80030000000001
3650.5879999999997,103.9847,3650.5879999999997,104.79350000000001,3650.5879999999997,105.4036,3650.5879999999997,104.9537
3651.0699999999997,104.08919999999999,3651.0699999999997,104.86599999999999,3651.0699999999997,105.46960000000001,3651.0699999999997,105.0444
3651.552,104.1396,3651.552,104.8961,3651.552,105.4945,3651.552,105.0765
3652.0350000000003,104.15369999999999,3652.0350000000003,104.9004,3652.0350000000003,105.49409999999999,3652.0350000000003,105.072
3652.517,104.15350000000001,3652.517,104.89699999999999,3652.517,105.4856,3652.517,105.0562
3652.999,104.1546,3652.999,104.8976,3652.999,105.48010000000001,3652.999,105.04659999999998
3653.481,104.1627,3653.481,104.90559999999999,3653.481,105.4814,3653.481,105.05009999999999
3653.963,104.1757,3653.963,104.9181,3653.963,105.48709999999998,3653.963,105.0648
3654.445,104.1887,3654.445,104.93060000000001,3654.445,105.4932,3654.445,105.08489999999999
3654.9269999999997,104.19860000000001,3654.9269999999997,104.9408,3654.9269999999997,105.49789999999999,3654.9269999999997,105.1064
3655.409,104.2065,3655.409,104.9502,3655.409,105.5018,3655.409,105.12859999999999
3655.8920000000003,104.2137,3655.8920000000003,104.96019999999999,3655.8920000000003,105.5056,3655.8920000000003,105.1505
3656.374,104.2182,3656.374,104.9691,3656.374,105.50699999999999,3656.374,105.16760000000001
3656.8559999999998,104.2157,3656.8559999999998,104.9726,3656.8559999999998,105.50250000000001,3656.8559999999998,105.1733
3657.338,104.206,3657.338,104.97019999999999,3657.338,105.49260000000001,3657.338,105.166
3657.82,104.19460000000001,3657.82,104.9656,3657.82,105.48299999999999,3657.82,105.15129999999999
3658.302,104.1895,3658.302,104.9644,3658.302,105.4806,3658.302,105.138
3658.7839999999997,104.19590000000001,3658.7839999999997,104.97000000000001,3658.7839999999997,105.4897,3658.7839999999997,105.1331
3659.266,104.2144,3659.266,104.9822,3659.266,105.5105,3659.266,105.13920000000002
3659.7490000000003,104.2415,3659.7490000000003,104.99799999999999,3659.7490000000003,105.5394,3659.7490000000003,105.15440000000001
3660.231,104.27120000000001,3660.231,105.01370000000001,3660.231,105.5713,3660.231,105.1747
3660.7129999999997,104.2977,3660.7129999999997,105.0265,3660.7129999999997,105.60050000000001,3660.7129999999997,105.1954
3661.195,104.3164,3661.195,105.03450000000001,3661.195,105.623,3661.195,105.2128
3661.677,104.3256,3661.677,105.0379,3661.677,105.63659999999999,3661.677,105.2246
3662.159,104.3255,3662.159,105.03750000000001,3662.159,105.6413,3662.159,105.2301
3662.6409999999996,104.31859999999999,3662.6409999999996,105.03439999999999,3662.6409999999996,105.6387,3662.6409999999996,105.22970000000001
3663.123,104.3077,3663.123,105.02929999999999,3663.123,105.6306,3663.123,105.2246
3663.605,104.2955,3663.605,105.02279999999999,3663.605,105.6187,3663.605,105.21629999999999
3664.088,104.2837,3664.088,105.01499999999999,3664.088,105.6046,3664.088,105.20609999999999
3664.5699999999997,104.27340000000001,3664.5699999999997,105.00670000000001,3664.5699999999997,105.589,3664.5699999999997,105.1957
3665.052,104.26480000000001,3665.052,104.9987,3665.052,105.57289999999999,3665.052,105.1863
3665.534,104.2578,3665.534,104.9919,3665.534,105.5571,3665.534,105.179
3666.016,104.2513,3666.016,104.98670000000001,3666.016,105.5418,3666.016,105.1737
3666.4979999999996,104.24310000000001,3666.4979999999996,104.98209999999999,3666.4979999999996,105.5264,3666.4979999999996,105.1685
3666.98,104.23,3666.98,104.97559999999999,3666.98,105.50919999999999,3666.98,105.1596
3667.462,104.2084,3667.462,104.9641,3667.462,105.4877,3667.462,105.14250000000001
3667.945,104.1777,3667.945,104.94650000000001,3667.945,105.46130000000001,3667.945,105.1146
3668.4269999999997,104.1437,3668.4269999999997,104.92779999999999,3668.4269999999997,105.4336,3668.4269999999997,105.0805
3668.909,104.11999999999999,3668.909,104.9189,3668.909,105.4134,3668.909,105.0533
3669.391,104.1184,3669.391,104.92840000000001,3669.391,105.40780000000001,3669.391,105.0465
3669.873,104.13369999999999,3669.873,104.95000000000002,3669.873,105.4116,3669.873,105.05850000000001
3670.355,104.14159999999998,3670.355,104.96209999999999,3670.355,105.4076,3670.355,105.0677
3670.837,104.12110000000001,3670.837,104.94779999999999,3670.837,105.38400000000001,3670.837,105.0535
3671.319,104.07409999999999,3671.319,104.91109999999999,3671.319,105.3463,3671.319,105.0159
3671.802,104.0197,3671.802,104.8697,3671.802,105.3108,3671.802,104.9725
3672.2830000000004,103.97540000000001,3672.2830000000004,104.8381,3672.2830000000004,105.28979999999999,3672.2830000000004,104.94049999999999
3672.766,103.9456,3672.766,104.81869999999999,3672.766,105.2838,3672.766,104.92379999999999
3673.248,103.9209,3673.248,104.80179999999999,3673.248,105.2824,3673.248,104.9121
3673.73,103.8899,3673.73,104.7765,3673.73,105.2738,3673.73,104.89139999999999
3674.212,103.85629999999999,3674.212,104.7451,3674.212,105.25750000000001,3674.212,104.86059999999999
3674.694,103.8473,3674.694,104.72999999999999,3674.694,105.2511,3674.694,104.8436
3675.176,103.8883,3675.176,104.7514,3675.176,105.2707,3675.176,104.8665
3675.658,103.9593,3675.658,104.7926,3675.658,105.30170000000001,3675.658,104.9159
3676.1400000000003,104.0051,3676.1400000000003,104.81210000000002,3676.1400000000003,105.3102,3676.1400000000003,104.9444
3676.623,103.99780000000001,3676.623,104.79369999999999,3676.623,105.2859,3676.623,104.92760000000001
3677.105,103.95540000000001,3677.105,104.7566,3677.105,105.2483,3677.105,104.883
3677.587,103.9107,3677.587,104.7282,3677.587,105.222,3677.587,104.8425
3678.069,103.88589999999999,3678.069,104.72399999999999,3678.069,105.2202,3678.069,104.8276
3678.551,103.88790000000002,3678.551,104.7464,3678.551,105.24309999999998,3678.551,104.8444
3679.033,103.9121,3679.033,104.78840000000001,3679.033,105.28299999999999,3679.033,104.8865
3679.515,103.94859999999998,3679.515,104.83940000000001,3679.515,105.3288,3679.515,104.9421
3679.9970000000003,103.9876,3679.9970000000003,104.8898,3679.9970000000003,105.37049999999999,3679.9970000000003,104.99860000000001
3680.4790000000003,104.0227,3680.4790000000003,104.9335,3680.4790000000003,105.40220000000001,3680.4790000000003,105.048
3680.962,104.0519,3680.962,104.9686,3680.962,105.42229999999999,3680.962,105.0867
3681.444,104.076,3681.444,104.9956,3681.444,105.43229999999998,3681.444,105.1153
3681.926,104.09580000000001,3681.926,105.01480000000001,3681.926,105.43400000000001,3681.926,105.13470000000001
3682.408,104.1118,3682.408,105.0257,3682.408,105.4289,3682.408,105.1457
3682.89,104.124,3682.89,105.0279,3682.89,105.41910000000001,3682.89,105.1487
3683.372,104.1339,3683.372,105.02329999999999,3683.372,105.4079,3683.372,105.1462
3683.8540000000003,104.145,3683.8540000000003,105.0164,3683.8540000000003,105.4006,3683.8540000000003,105.1436
3684.3360000000002,104.1621,3684.3360000000002,105.01370000000001,3684.3360000000002,105.40320000000001,3684.3360000000002,105.14829999999999
3684.819,104.18849999999999,3684.819,105.02080000000001,3684.819,105.4195,3684.819,105.1666
3685.301,104.22309999999999,3685.301,105.0389,3685.301,105.4489,3685.301,105.1997
3685.783,104.2581,3685.783,105.0633,3685.783,105.4849,3685.783,105.24180000000001
3686.2650000000003,104.2801,3686.2650000000003,105.08340000000001,3686.2650000000003,105.5158,3686.2650000000003,105.27969999999999
3686.747,104.2745,3686.747,105.087,3686.747,105.52950000000001,3686.747,105.2972
3687.229,104.2338,3687.229,105.0675,3687.229,105.51889999999999,3687.229,105.2834
3687.7110000000002,104.16460000000001,3687.7110000000002,105.02880000000002,3687.7110000000002,105.4877,3687.7110000000002,105.2399
3688.193,104.08850000000001,3688.193,104.98620000000001,3688.193,105.45040000000002,3688.193,105.18350000000001
3688.676,104.03290000000001,3688.676,104.95810000000002,3688.676,105.4251,3688.676,105.1377
3689.158,104.0166,3689.158,104.95589999999999,3689.158,105.4238,3689.158,105.12129999999999
3689.64,104.0427,3689.64,104.98,3689.64,105.44739999999999,3689.64,105.1401
3690.1220000000003,104.1013,3690.1220000000003,105.02260000000001,3690.1220000000003,105.4886,3690.1220000000003,105.1876
3690.604,104.17639999999999,3690.604,105.07260000000001,3690.604,105.53650000000002,3690.604,105.2503
3691.086,104.25200000000001,3691.086,105.11950000000002,3691.086,105.5806,3691.086,105.3131
3691.568,104.3158,3691.568,105.15620000000001,3691.568,105.6138,3691.568,105.3634
3692.05,104.36240000000001,3692.05,105.18119999999999,3692.05,105.6343,3692.05,105.3958
3692.532,104.39290000000001,3692.532,105.1979,3692.532,105.6457,3692.532,105.4119
3693.015,104.413,3693.015,105.2128,3693.015,105.65450000000001,3693.015,105.4192
3693.497,104.4298,3693.497,105.2325,3693.497,105.66690000000001,3693.497,105.4268
3693.9790000000003,104.4485,3693.9790000000003,105.2602,3693.9790000000003,105.68679999999999,3693.9790000000003,105.4417
3694.461,104.4708,3694.461,105.2957,3694.461,105.71459999999999,3694.461,105.46690000000001
3694.9429999999998,104.4961,3694.9429999999998,105.3353,3694.9429999999998,105.7477,3694.9429999999998,105.50139999999999
3695.425,104.522,3695.425,105.3736,3695.425,105.78179999999999,3695.425,105.5412
3695.907,104.54639999999999,3695.907,105.4057,3695.907,105.8128,3695.907,105.58130000000001
3696.389,104.5677,3696.389,105.4284,3696.389,105.8378,3696.389,105.61720000000001
3696.872,104.5855,3696.872,105.4414,3696.872,105.85629999999999,3696.872,105.6463
3697.354,104.6001,3697.354,105.4468,3697.354,105.8691,3697.354,105.66819999999998
3697.8360000000002,104.6113,3697.8360000000002,105.4475,3697.8360000000002,105.8777,3697.8360000000002,105.68360000000001
3698.318,104.61769999999999,3698.318,105.44579999999999,3698.318,105.88260000000001,3698.318,105.6931
3698.7999999999997,104.61689999999999,3698.7999999999997,105.4422,3698.7999999999997,105.8835,3698.7999999999997,105.69630000000001
3699.282,104.60679999999999,3699.282,105.4367,3699.282,105.8795,3699.282,105.69219999999999
3699.764,104.5879,3699.764,105.43020000000001,3699.764,105.87120000000002,3699.764,105.68169999999999
3700.246,104.565,3700.246,105.426,3700.246,105.862,3700.246,105.6688
3700.729,104.54639999999999,3700.729,105.4289,3700.729,105.8573,3700.729,105.66009999999999
3701.211,104.5393,3701.211,105.4413,3701.211,105.86070000000001,3701.211,105.66109999999999
3701.693,104.5442,3701.693,105.46029999999999,3701.693,105.87120000000002,3701.693,105.67139999999999
3702.175,104.55449999999999,3702.175,105.47789999999999,3702.175,105.8818,3702.175,105.68360000000001
3702.6569999999997,104.56049999999999,3702.6569999999997,105.4859,3702.6569999999997,105.8851,3702.6569999999997,105.68820000000001
3703.139,104.5556,3703.139,105.4803,3703.139,105.8765,3703.139,105.6789
3703.621,104.5396,3703.621,105.4629,3703.621,105.857,3703.621,105.6556
3704.103,104.5172,3704.103,105.4389,3704.103,105.8313,3704.103,105.6231
3704.5849999999996,104.49459999999999,3704.5849999999996,105.4139,3704.5849999999996,105.8049,3704.5849999999996,105.5879
3705.0679999999998,104.4766,3705.0679999999998,105.39160000000001,3705.0679999999998,105.7822,3705.0679999999998,105.5556
3705.55,104.46470000000001,3705.55,105.37270000000001,3705.55,105.7647,3705.55,105.52850000000001
3706.032,104.45629999999998,3706.032,105.3545,3706.032,105.7507,3706.032,105.5056
3706.5139999999997,104.4461,3706.5139999999997,105.33239999999999,3706.5139999999997,105.736,3706.5139999999997,105.4827
3706.996,104.42720000000001,3706.996,105.301,3706.996,105.71489999999999,3706.996,105.45400000000001
3707.478,104.3942,3707.478,105.2566,3707.478,105.6827,3707.478,105.4141
3707.96,104.3452,3707.96,105.198,3707.96,105.6375,3707.96,105.36019999999999
3708.442,104.2833,3708.442,105.1282,3708.442,105.58160000000001,3708.442,105.2934
3708.9249999999997,104.2165,3708.9249999999997,105.0546,3708.9249999999997,105.522,3708.9249999999997,105.21979999999999
3709.406,104.1569,3709.406,104.9873,3709.406,105.46940000000001,3709.406,105.1498
3709.889,104.11729999999999,3709.889,104.938,3709.889,105.43549999999999,3709.889,105.09660000000001
3710.3709999999996,104.10600000000001,3710.3709999999996,104.91569999999999,3710.3709999999996,105.4286,3710.3709999999996,105.0714
3710.853,104.12110000000001,3710.853,104.9214,3710.853,105.44739999999999,3710.853,105.0773
3711.335,104.14889999999998,3711.335,104.9457,3711.335,105.4794,3711.335,105.1048
3711.817,104.16879999999999,3711.817,104.97229999999999,3711.817,105.5059,3711.817,105.1353
3712.299,104.1666,3712.299,104.98719999999999,3712.299,105.5132,3712.299,105.1517
3712.781,104.1412,3712.781,104.98639999999999,3712.781,105.49969999999999,3712.781,105.14859999999999
3713.263,104.1036,3713.263,104.9757,3713.263,105.47470000000001,3713.263,105.13239999999999
3713.746,104.0684,3713.746,104.9647,3713.746,105.45070000000001,3713.746,105.11550000000001
3714.228,104.0464,3714.228,104.9612,3714.228,105.4373,3714.228,105.10839999999999
3714.71,104.04169999999999,3714.71,104.9687,3714.71,105.43780000000001,3714.71,105.11600000000001
3715.192,104.0519,3715.192,104.98570000000001,3715.192,105.44990000000001,3715.192,105.13680000000001
3715.674,104.07079999999999,3715.674,105.0083,3715.674,105.4683,3715.674,105.1653
3716.156,104.0919,3716.156,105.03190000000001,3716.156,105.4869,3716.156,105.19460000000001
3716.638,104.111,3716.638,105.0538,3716.638,105.50170000000001,3716.638,105.22009999999999
3717.12,104.1275,3717.12,105.0737,3717.12,105.5118,3717.12,105.2405
3717.603,104.14380000000001,3717.603,105.09280000000001,3717.603,105.51889999999999,3717.603,105.2576
3718.085,104.1631,3718.085,105.11250000000001,3718.085,105.52600000000001,3718.085,105.27470000000001
3718.567,104.18620000000001,3718.567,105.13289999999999,3718.567,105.5352,3718.567,105.2937
3719.049,104.21149999999999,3719.049,105.1518,3719.049,105.54650000000001,3719.049,105.31379999999999
3719.531,104.2351,3719.531,105.16680000000001,3719.531,105.55879999999999,3719.531,105.33200000000001
3720.013,104.25340000000001,3720.013,105.17609999999999,3720.013,105.5708,3720.013,105.34479999999999
3720.495,104.26530000000001,3720.495,105.1803,3720.495,105.5825,3720.495,105.3506
3720.977,104.2735,3720.977,105.1831,3720.977,105.59609999999999,3720.977,105.3512
3721.459,104.28299999999999,3721.459,105.1892,3721.459,105.6144,3721.459,105.3506
3721.942,104.29870000000001,3721.942,105.20270000000001,3721.942,105.63940000000001,3721.942,105.3536
3722.424,104.32289999999999,3722.424,105.2247,3722.424,105.67020000000001,3722.424,105.3629
3722.906,104.3538,3722.906,105.2532,3722.906,105.70330000000001,3722.906,105.378
3723.388,104.3879,3723.388,105.2848,3723.388,105.7347,3723.388,105.39639999999999
3723.87,104.422,3723.87,105.3172,3723.87,105.762,3723.87,105.4162
3724.3520000000003,104.4551,3724.3520000000003,105.3503,3724.3520000000003,105.78540000000001,3724.3520000000003,105.4374
3724.834,104.4887,3724.834,105.3854,3724.834,105.807,3724.834,105.46230000000001
3725.316,104.5245,3725.316,105.42419999999998,3725.316,105.82910000000001,3725.316,105.494
3725.799,104.5625,3725.799,105.46580000000002,3725.799,105.85199999999999,3725.799,105.53330000000001
3726.281,104.5984,3726.281,105.5054,3726.281,105.8721,3726.281,105.5766
3726.763,104.62549999999999,3726.763,105.53630000000001,3726.763,105.88409999999999,3726.763,105.616
3727.245,104.6387,3727.245,105.5539,3727.245,105.88409999999999,3727.245,105.64439999999999
3727.727,104.639,3727.727,105.5592,3727.727,105.87349999999999,3727.727,105.65990000000001
3728.2090000000003,104.6329,3728.2090000000003,105.55799999999999,3728.2090000000003,105.8583,3728.2090000000003,105.6668
3728.691,104.62769999999999,3728.691,105.55650000000001,3728.691,105.84500000000001,3728.691,105.6711
3729.173,104.6267,3729.173,105.55699999999999,3729.173,105.8368,3729.173,105.67599999999999
3729.656,104.6268,3729.656,105.5561,3729.656,105.832,3729.656,105.67850000000001
3730.1380000000004,104.6191,3730.1380000000004,105.546,3730.1380000000004,105.8244,3730.1380000000004,105.6705
3730.62,104.5928,3730.62,105.51790000000001,3730.62,105.8068,3730.62,105.6422
3731.102,104.5398,3731.102,105.46580000000002,3731.102,105.7733,3731.102,105.5866
3731.584,104.4581,3731.584,105.3895,3731.584,105.7223,3731.584,105.5033
3732.0660000000003,104.35350000000001,3732.0660000000003,105.29489999999998,3732.0660000000003,105.65690000000001,3732.0660000000003,105.399
3732.548,104.2374,3732.548,105.1917,3732.548,105.58430000000001,3732.548,105.28569999999999
3733.0299999999997,104.1252,3733.0299999999997,105.0918,3733.0299999999997,105.5147,3733.0299999999997,105.17790000000001
3733.512,104.0338,3733.512,105.0077,3733.512,105.4604,3733.512,105.0913
3733.9950000000003,103.9802,3733.9950000000003,104.95190000000001,3733.9950000000003,105.4344,3733.9950000000003,105.0413
3734.477,103.9778,3734.477,104.93520000000001,3734.477,105.4465,3734.477,105.04050000000001
3734.959,104.0285,3734.959,104.9603,3734.959,105.4966,3734.959,105.0911
3735.441,104.11319999999999,3735.441,105.01419999999999,3735.441,105.5672,3735.441,105.17479999999999
3735.9230000000002,104.1932,3735.9230000000002,105.0681,3735.9230000000002,105.6261,3735.9230000000002,105.2533
3736.405,104.2314,3736.405,105.0934,3736.405,105.6453,3736.405,105.2889
3736.8869999999997,104.21430000000001,3736.8869999999997,105.0791,3736.8869999999997,105.6175,3736.8869999999997,105.2669
3737.369,104.15339999999999,3737.369,105.03340000000001,3737.369,105.5553,3737.369,105.1985
3737.8520000000003,104.0705,3737.8520000000003,104.97179999999999,3737.8520000000003,105.47770000000001,3737.8520000000003,105.10600000000001
3738.333,103.9847,3738.333,104.90759999999999,3738.333,105.4,3738.333,105.00959999999999
3738.816,103.908,3738.816,104.84949999999999,3738.816,105.3313,3738.816,104.92280000000001
3739.298,103.84880000000001,3739.298,104.8038,3739.298,105.27820000000001,3739.298,104.8553
3739.78,103.8154,3739.78,104.77810000000001,3739.78,105.2473,3739.78,104.81640000000002
3740.262,103.8176,3740.262,104.7817,3740.262,105.24659999999999,3740.262,104.8165
3740.7439999999997,103.864,3740.7439999999997,104.82229999999998,3740.7439999999997,105.2829,3740.7439999999997,104.8651
3741.226,103.95700000000001,3741.226,104.9018,3741.226,105.3579,3741.226,104.965
3741.708,104.0866,3741.708,105.0111,3741.708,105.463,3741.708,105.1064
3742.19,104.2276,3742.19,105.12729999999999,3742.19,105.5774,3742.19,105.264
3742.673,104.3429,3742.673,105.2181,3742.673,105.6711,3742.673,105.39890000000001
3743.1549999999997,104.39620000000001,3743.1549999999997,105.253,3743.1549999999997,105.7145,3743.1549999999997,105.4718
3743.637,104.3698,3743.637,105.21879999999999,3743.637,105.6928,3743.637,105.461
3744.119,104.2723,3744.119,105.1252,3744.119,105.61080000000001,3744.119,105.3712
3744.6009999999997,104.12539999999998,3744.6009999999997,104.9917,3744.6009999999997,105.4846,3744.6009999999997,105.22290000000001
3745.083,103.95270000000001,3745.083,104.839,3745.083,105.3349,3745.083,105.0408
3745.565,103.78289999999998,3745.565,104.6918,3745.565,105.1889,3745.565,104.857
3746.047,103.64750000000001,3746.047,104.5766,3746.047,105.07409999999999,3746.047,104.7067
3746.5299999999997,103.56540000000001,3746.5299999999997,104.5079,3746.5299999999997,105.00560000000002,3746.5299999999997,104.61229999999999
3747.0119999999997,103.5352,3747.0119999999997,104.48230000000001,3747.0119999999997,104.97959999999999,3747.0119999999997,104.5741
3747.494,103.5374,3747.494,104.4818,3747.494,104.97860000000001,3747.494,104.5728
3747.976,103.5442,3747.976,104.48280000000001,3747.976,104.9795,3747.976,104.5793
3748.4579999999996,103.5325,3748.4579999999996,104.4672,3748.4579999999996,104.9646,3748.4579999999996,104.5673
3748.94,103.4958,3748.94,104.43249999999999,3748.94,104.9304,3748.94,104.5266
3749.422,103.44839999999999,3749.422,104.3939,3749.422,104.89070000000001,3749.422,104.4691
3749.904,103.4185,3749.904,104.37650000000001,3749.904,104.8686,3749.904,104.42260000000002
3750.386,103.42960000000001,3750.386,104.3982,3750.386,104.8819,3750.386,104.4143
3750.8689999999997,103.48600000000002,3750.8689999999997,104.4579,3750.8689999999997,104.93110000000001,3750.8689999999997,104.4538
3751.351,103.5682,3751.351,104.53410000000001,3751.351,104.9976,3751.351,104.5264
3751.833,103.6443,3751.833,104.5971,3751.833,105.0547,3751.833,104.6017
3752.315,103.688,3752.315,104.62549999999999,3752.315,105.0826,3752.315,104.65100000000001
3752.797,103.69139999999999,3752.797,104.6158,3752.797,105.0773,3752.797,104.6622
3753.279,103.6651,3753.279,104.5806,3753.279,105.04979999999999,3753.279,104.6418
3753.761,103.62849999999999,3753.761,104.53920000000001,3753.761,105.0168,3753.761,104.60730000000001
3754.243,103.59899999999999,3754.243,104.5077,3754.243,104.99199999999999,3754.243,104.5755
3754.7259999999997,103.58559999999999,3754.7259999999997,104.4942,3754.7259999999997,104.98179999999999,3754.7259999999997,104.55630000000001
3755.208,103.5879,3755.208,104.49820000000001,3755.208,104.985,3755.208,104.55030000000001
3755.69,103.5987,3755.69,104.514,3755.69,104.99549999999999,3755.69,104.5523
3756.172,103.60910000000001,3756.172,104.5342,3756.172,105.00639999999999,3756.172,104.55499999999999
3756.654,103.61340000000001,3756.654,104.55399999999999,3756.654,105.0133,3756.654,104.55479999999999
3757.136,103.6117,3757.136,104.57289999999999,3757.136,105.0168,3757.136,104.5539
3757.618,103.60990000000001,3757.618,104.59400000000001,3757.618,105.02130000000001,3757.618,104.5602
3758.1,103.61689999999999,3758.1,104.6219,3758.1,105.03290000000001,3758.1,104.58279999999999
3758.5829999999996,103.6395,3758.5829999999996,104.65899999999999,3758.5829999999996,105.0553,3758.5829999999996,104.62769999999999
3759.065,103.67830000000001,3759.065,104.7027,3759.065,105.0872,3759.065,104.69250000000001
3759.547,103.7258,3759.547,104.7448,3759.547,105.1219,3759.547,104.7655
3760.029,103.7689,3760.029,104.77449999999999,3760.029,105.14959999999999,3760.029,104.8294
3760.511,103.79599999999999,3760.511,104.78480000000002,3760.511,105.1633,3760.511,104.8698
3760.993,103.80359999999999,3760.993,104.7766,3760.993,105.1629,3760.993,104.8827
3761.475,103.79670000000002,3761.475,104.7582,3761.475,105.15520000000001,3761.475,104.87480000000001
3761.957,103.7848,3761.957,104.7396,3761.957,105.14859999999999,3761.957,104.8581
3762.4390000000003,103.77479999999998,3762.4390000000003,104.728,3762.4390000000003,105.14859999999999,3762.4390000000003,104.8427
3762.922,103.7687,3762.922,104.7242,3762.922,105.15570000000001,3762.922,104.83229999999999
3763.404,103.76389999999999,3763.404,104.7252,3763.404,105.1664,3763.404,104.8257
3763.886,103.7572,3763.886,104.7272,3763.886,105.17639999999999,3763.886,104.8199
3764.368,103.7484,3764.368,104.7282,3764.368,105.18320000000001,3764.368,104.81400000000001
3764.85,103.7403,3764.85,104.7287,3764.85,105.18639999999999,3764.85,104.80990000000001
3765.332,103.73559999999999,3765.332,104.72980000000001,3765.332,105.18639999999999,3765.332,104.8093
3765.814,103.73570000000001,3765.814,104.7322,3765.814,105.1838,3765.814,104.8122
3766.2960000000003,103.74019999999999,3766.2960000000003,104.7366,3766.2960000000003,105.1795,3766.2960000000003,104.8176
3766.779,103.74799999999999,3766.779,104.744,3766.779,105.1747,3766.779,104.8237
3767.26,103.7569,3767.26,104.75380000000001,3767.26,105.16980000000001,3767.26,104.82780000000001
3767.743,103.76419999999999,3767.743,104.764,3767.743,105.16369999999999,3767.743,104.8264
3768.2250000000004,103.7682,3768.2250000000004,104.7728,3768.2250000000004,105.15620000000001,3768.2250000000004,104.81799999999998
3768.707,103.7714,3768.707,104.78030000000001,3768.707,105.1499,3768.707,104.80499999999999
3769.189,103.7784,3769.189,104.7886,3769.189,105.14959999999999,3769.189,104.7946
3769.671,103.793,3769.671,104.7987,3769.671,105.1585,3769.671,104.7939
3770.1530000000002,103.81320000000001,3770.1530000000002,104.80890000000001,3770.1530000000002,105.17590000000001,3770.1530000000002,104.8049
3770.6349999999998,103.83359999999999,3770.6349999999998,104.81620000000001,3770.6349999999998,105.1973,3770.6349999999998,104.82430000000001
3771.117,103.8497,3771.117,104.8201,3771.117,105.2192,3771.117,104.8478
3771.6,103.86139999999999,3771.6,104.823,3771.6,105.2405,3771.6,104.87310000000001
3772.0820000000003,103.8713,3772.0820000000003,104.82860000000001,3772.0820000000003,105.26180000000001,3772.0820000000003,104.89999999999999
3772.564,103.8823,3772.564,104.8389,3772.564,105.2838,3772.564,104.9289
3773.046,103.89569999999999,3773.046,104.85340000000001,3773.046,105.30550000000001,3773.046,104.95890000000001
3773.528,103.9106,3773.528,104.8697,3773.528,105.325,3773.528,104.98719999999999
3774.01,103.92410000000001,3774.01,104.88360000000002,3774.01,105.3387,3774.01,105.01
3774.4919999999997,103.93220000000001,3774.4919999999997,104.89059999999999,3774.4919999999997,105.3433,3774.4919999999997,105.0227
3774.974,103.93090000000001,3774.974,104.8868,3774.974,105.3356,3774.974,105.0211
3775.457,103.9169,3775.457,104.86999999999999,3775.457,105.314,3775.457,105.00309999999999
3775.9390000000003,103.88949999999998,3775.9390000000003,104.84009999999999,3775.9390000000003,105.2789,3775.9390000000003,104.9687
3776.421,103.85029999999999,3776.421,104.79899999999999,3776.421,105.2324,3776.421,104.92060000000001
3776.903,103.8032,3776.903,104.75049999999999,3776.903,105.179,3776.903,104.864
3777.3849999999998,103.755,3777.3849999999998,104.7004,3777.3849999999998,105.125,3777.3849999999998,104.80609999999999
3777.867,103.71459999999999,3777.867,104.6559,3777.867,105.0788,3777.867,104.7568
3778.349,103.69120000000001,3778.349,104.62480000000001,3778.349,105.0494,3778.349,104.72600000000001
3778.831,103.6903,3778.831,104.612,3778.831,105.04299999999999,3778.831,104.72019999999999
3779.313,103.7088,3779.313,104.61590000000001,3779.313,105.058,3779.313,104.737
3779.7960000000003,103.7347,3779.7960000000003,104.62819999999999,3779.7960000000003,105.0848,3779.7960000000003,104.7645
3780.2780000000002,103.75410000000001,3780.2780000000002,104.6388,3780.2780000000002,105.111,3780.2780000000002,104.78790000000001
3780.7599999999998,103.75840000000001,3780.7599999999998,104.64189999999999,3780.7599999999998,105.1277,3780.7599999999998,104.7974
3781.2419999999997,103.74699999999999,3781.2419999999997,104.6373,3781.2419999999997,105.1321,3781.2419999999997,104.79119999999999
3781.724,103.72380000000001,3781.724,104.6274,3781.724,105.1252,3781.724,104.7728
3782.206,103.6931,3782.206,104.6147,3782.206,105.10900000000001,3782.206,104.7464
3782.688,103.65899999999999,3782.688,104.60100000000001,3782.688,105.08599999999998,3782.688,104.71619999999999
3783.17,103.6254,3783.17,104.588,3783.17,105.0596,3783.17,104.6865
3783.6530000000002,103.59830000000001,3783.6530000000002,104.5791,3783.6530000000002,105.035,3783.6530000000002,104.66359999999999
3784.135,103.5835,3784.135,104.57749999999999,3784.135,105.0184,3784.135,104.65390000000001
3784.6169999999997,103.58529999999999,3784.6169999999997,104.5855,3784.6169999999997,105.0146,3784.6169999999997,104.6618
3785.0989999999997,103.6034,3785.0989999999997,104.6024,3785.0989999999997,105.02499999999999,3785.0989999999997,104.6872
3785.581,103.63389999999998,3785.581,104.6257,3785.581,105.04729999999999,3785.581,104.7256
3786.063,103.67120000000001,3786.063,104.6522,3786.063,105.07759999999999,3786.063,104.7706
3786.545,103.7097,3786.545,104.67869999999999,3786.545,105.1108,3786.545,104.8151
3787.027,103.7449,3787.027,104.7031,3787.027,105.1429,3787.027,104.85389999999998
3787.51,103.77430000000001,3787.51,104.72380000000001,3787.51,105.17060000000001,3787.51,104.8835
3787.992,103.7971,3787.992,104.7407,3787.992,105.1922,3787.992,104.9032
3788.4739999999997,103.81439999999999,3788.4739999999997,104.7545,3788.4739999999997,105.20750000000001,3788.4739999999997,104.9145
3788.9559999999997,103.8279,3788.9559999999997,104.76650000000001,3788.9559999999997,105.2171,3788.9559999999997,104.9202
3789.438,103.8389,3789.438,104.7776,3789.438,105.22180000000002,3789.438,104.92300000000002
3789.92,103.8475,3789.92,104.7878,3789.92,105.22210000000001,3789.92,104.92459999999998
3790.402,103.8527,3790.402,104.7963,3790.402,105.21799999999999,3790.402,104.92479999999999
3790.884,103.853,3790.884,104.80149999999999,3790.884,105.2095,3790.884,104.9222
3791.366,103.8474,3791.366,104.80199999999999,3791.366,105.197,3791.366,104.9153
3791.849,103.83590000000001,3791.849,104.7971,3791.849,105.1815,3791.849,104.9032
3792.3309999999997,103.8196,3792.3309999999997,104.78670000000001,3792.3309999999997,105.1641,3792.3309999999997,104.88569999999999
3792.8129999999996,103.79929999999999,3792.8129999999996,104.7703,3792.8129999999996,105.1452,3792.8129999999996,104.8629
3793.295,103.7744,3793.295,104.7464,3793.295,105.1237,3793.295,104.83359999999999
3793.777,103.742,3793.777,104.71239999999999,3793.777,105.0969,3793.777,104.79499999999999
3794.2590000000005,103.6988,3794.2590000000005,104.6657,3794.2590000000005,105.0618,3794.2590000000005,104.7439
3794.741,103.64370000000001,3794.741,104.6069,3794.741,105.01780000000001,3794.741,104.6799
3795.223,103.58130000000001,3795.223,104.542,3795.223,104.9692,3795.223,104.60860000000001
3795.706,103.52190000000002,3795.706,104.48219999999999,3795.706,104.9244,3795.706,104.5418
3796.188,103.4776,3796.188,104.4395,3796.188,104.89250000000001,3796.188,104.49329999999999
3796.6699999999996,103.45649999999999,3796.6699999999996,104.4211,3796.6699999999996,104.8786,3796.6699999999996,104.4724
3797.152,103.4605,3797.152,104.4278,3797.152,104.8829,3797.152,104.481
3797.634,103.48729999999999,3797.634,104.45580000000001,3797.634,104.9024,3797.634,104.5158
3798.1160000000004,103.53099999999999,3798.1160000000004,104.4986,3798.1160000000004,104.93220000000001,3798.1160000000004,104.5698
3798.598,103.58229999999999,3798.598,104.547,3798.598,104.9646,3798.598,104.6319
3799.08,103.6284,3799.08,104.589,3799.08,104.99000000000001,3799.08,104.68759999999999
3799.563,103.65729999999999,3799.563,104.6148,3799.563,105.0002,3799.563,104.7229
3800.044,103.66720000000001,3800.044,104.6233,3800.044,104.9956,3800.044,104.7332
3800.5269999999996,103.67120000000001,3800.5269999999996,104.62700000000001,3800.5269999999996,104.9893,3800.5269999999996,104.7302
3801.009,103.6891,3801.009,104.64290000000001,3801.009,104.9987,3801.009,104.7352
3801.491,103.7231,3801.491,104.6719,3801.491,105.0254,3801.491,104.75540000000001
3801.9730000000004,103.75080000000001,3801.9730000000004,104.69409999999999,3801.9730000000004,105.0503,3801.9730000000004,104.7739
3802.455,103.75110000000001,3802.455,104.6926,3802.455,105.0558,3802.455,104.77250000000001
3802.937,103.72809999999998,3802.937,104.67269999999999,3802.937,105.0446,3802.937,104.75399999999999
3803.419,103.7027,3803.419,104.6526,3803.419,105.0322,3803.419,104.73740000000001
3803.901,103.69330000000001,3803.901,104.6465,3803.901,105.03119999999998,3803.901,104.7393
3804.3839999999996,103.7054,3804.3839999999996,104.65709999999999,3804.3839999999996,105.0441,3804.3839999999996,104.7642
3804.866,103.7337,3804.866,104.6779,3804.866,105.06470000000002,3804.866,104.80499999999999
3805.348,103.7689,3805.348,104.70029999999998,3805.348,105.0853,3805.348,104.85040000000001
3805.8300000000004,103.80529999999999,3805.8300000000004,104.72049999999999,3805.8300000000004,105.10239999999999,3805.8300000000004,104.8923
3806.3120000000004,103.8416,3806.3120000000004,104.74019999999999,3806.3120000000004,105.11779999999999,3806.3120000000004,104.9285
3806.794,103.8749,3806.794,104.7603,3806.794,105.13289999999999,3806.794,104.9571
3807.276,103.89630000000001,3807.276,104.7756,3807.276,105.14399999999999,3807.276,104.9714
3807.758,103.89710000000001,3807.758,104.77940000000001,3807.758,105.1461,3807.758,104.9655
3808.2400000000002,103.8787,3808.2400000000002,104.7716,3808.2400000000002,105.1394,3808.2400000000002,104.9416
3808.723,103.85079999999999,3808.723,104.75840000000001,3808.723,105.12919999999998,3808.723,104.9097
3809.205,103.8239,3809.205,104.74589999999999,3809.205,105.12079999999999,3809.205,104.8792
3809.6870000000004,103.80259999999998,3809.6870000000004,104.7365,3809.6870000000004,105.1156,3809.6870000000004,104.8543
3810.1690000000003,103.7868,3810.1690000000003,104.7289,3810.1690000000003,105.1124,3810.1690000000003,104.83420000000001
3810.651,103.77499999999999,3810.651,104.7224,3810.651,105.10999999999999,3810.651,104.8171
3811.133,103.7679,3811.133,104.7183,3811.133,105.1096,3811.133,104.8038
3811.615,103.7689,3811.615,104.7208,3811.615,105.11500000000001,3811.615,104.7987
3812.097,103.7827,3812.097,104.7347,3812.097,105.1303,3812.097,104.8074
3812.58,103.8115,3812.58,104.76209999999999,3812.58,105.1571,3812.58,104.8333
3813.062,103.8511,3813.062,104.79899999999999,3813.062,105.19130000000001,3813.062,104.8732
3813.5440000000003,103.8905,3813.5440000000003,104.8354,3813.5440000000003,105.2232,3813.5440000000003,104.9163
3814.0260000000003,103.9145,3814.0260000000003,104.858,3814.0260000000003,105.23979999999999,3814.0260000000003,104.9471
3814.508,103.91,3814.508,104.85610000000001,3814.508,105.2314,3814.508,104.95209999999999
3814.99,103.87310000000001,3814.99,104.8265,3814.99,105.1954,3814.99,104.9262
3815.4719999999998,103.809,3815.4719999999998,104.7731,3815.4719999999998,105.1374,3815.4719999999998,104.87359999999998
3815.954,103.7251,3815.954,104.7012,3815.954,105.0648,3815.954,104.80030000000001
3816.437,103.62830000000001,3816.437,104.6158,3816.437,104.98400000000001,3816.437,104.7113
3816.919,103.5293,3816.919,104.5261,3816.919,104.90409999999999,3816.919,104.61560000000001
3817.4010000000003,103.4432,3817.4010000000003,104.4465,3817.4010000000003,104.83670000000001,3817.4010000000003,104.5282
3817.8830000000003,103.3826,3817.8830000000003,104.3885,3817.8830000000003,104.7909,3817.8830000000003,104.46279999999999
3818.365,103.3508,3818.365,104.3551,3818.365,104.768,3818.365,104.4246
3818.8469999999998,103.34259999999999,3818.8469999999998,104.3415,3818.8469999999998,104.7631,3818.8469999999998,104.40990000000001
3819.3289999999997,103.35069999999999,3819.3289999999997,104.3415,3819.3289999999997,104.77099999999999,3819.3289999999997,104.4124
3819.811,103.37570000000001,3819.811,104.3561,3819.811,104.7936,3819.811,104.4334
3820.293,103.42720000000001,3820.293,104.39339999999999,3820.293,104.83970000000001,3820.293,104.48329999999999
3820.776,103.50779999999999,3820.776,104.45439999999999,3820.776,104.91029999999999,3820.776,104.5647
3821.2580000000003,103.593,3821.2580000000003,104.517,3821.2580000000003,104.98339999999999,3821.2580000000003,104.6527
3821.7400000000002,103.64390000000002,3821.7400000000002,104.54939999999999,3821.7400000000002,105.02640000000001,3821.7400000000002,104.7061
3822.222,103.64320000000001,3822.222,104.5402,3822.222,105.0265,3822.222,104.7051
3822.7039999999997,103.6052,3822.7039999999997,104.5051,3822.7039999999997,104.99680000000001,3822.7039999999997,104.664
3823.1859999999997,103.5559,3823.1859999999997,104.46709999999999,3823.1859999999997,104.95920000000001,3823.1859999999997,104.6107
3823.668,103.5139,3823.668,104.4409,3823.668,104.9283,3823.668,104.5666
3824.15,103.4857,3824.15,104.43050000000001,3824.15,104.9088,3824.15,104.54
3824.633,103.46940000000001,3824.633,104.43249999999999,3824.633,104.8989,3824.633,104.5296
3825.1150000000002,103.461,3825.1150000000002,104.44290000000001,3825.1150000000002,104.8962,3825.1150000000002,104.5309
3825.597,103.45949999999999,3825.597,104.46,3825.597,104.90029999999999,3825.597,104.5405
3826.079,103.46679999999999,3826.079,104.4849,3826.079,104.91319999999999,3826.079,104.55810000000001
3826.5609999999997,103.4852,3826.5609999999997,104.5185,3826.5609999999997,104.9363,3826.5609999999997,104.584
3827.0429999999997,103.5139,3827.0429999999997,104.5593,3827.0429999999997,104.9683,3827.0429999999997,104.61689999999999
3827.525,103.5493,3827.525,104.6034,3827.525,105.00510000000001,3827.525,104.654
3828.007,103.58659999999999,3828.007,104.646,3828.007,105.04230000000001,3828.007,104.6921
3828.49,103.6211,3828.49,104.68260000000001,3828.49,105.0757,3828.49,104.728
3828.971,103.6483,3828.971,104.7091,3828.971,105.10170000000001,3828.971,104.75779999999999
3829.454,103.66470000000001,3829.454,104.7221,3829.454,105.1179,3829.454,104.7776
3829.936,103.6696,3829.936,104.721,3829.936,105.12379999999999,3829.936,104.78490000000001
3830.4179999999997,103.66550000000001,3830.4179999999997,104.70870000000001,3830.4179999999997,105.12159999999999,3830.4179999999997,104.7804
3830.8999999999996,103.65729999999999,3830.8999999999996,104.6907,3830.8999999999996,105.1149,3830.8999999999996,104.7673
3831.382,103.6494,3831.382,104.6726,3831.382,105.1067,3831.382,104.75000000000001
3831.864,103.64320000000001,3831.864,104.65729999999999,3831.864,105.0977,3831.864,104.7312
3832.3460000000005,103.63739999999999,3832.3460000000005,104.64500000000001,3832.3460000000005,105.0867,3832.3460000000005,104.71209999999999
3832.828,103.6299,3832.828,104.6349,3832.828,105.0729,3832.828,104.6935
3833.311,103.6211,3833.311,104.6273,3833.311,105.0575,3833.311,104.6778
3833.793,103.61340000000001,3833.793,104.6241,3833.793,105.0437,3833.793,104.66839999999999
3834.275,103.6105,3834.275,104.6273,3834.275,105.0348,3834.275,104.6686
3834.7569999999996,103.61389999999999,3834.7569999999996,104.63690000000001,3834.7569999999996,105.0321,3834.7569999999996,104.67850000000001
3835.239,103.62100000000001,3835.239,104.6492,3835.239,105.0325,3835.239,104.6935
3835.721,103.6243,3835.721,104.65580000000001,3835.721,105.02860000000001,3835.721,104.7034
3836.2030000000004,103.6132,3836.2030000000004,104.64569999999999,3836.2030000000004,105.0106,3836.2030000000004,104.69489999999999
3836.685,103.57860000000001,3836.685,104.60940000000001,3836.685,104.9701,3836.685,104.6567
3837.167,103.5185,3837.167,104.54509999999999,3837.167,104.9062,3837.167,104.5865
3837.65,103.4419,3837.65,104.4615,3837.65,104.828,3837.65,104.4945
3838.132,103.36659999999999,3838.132,104.3768,3838.132,104.7529,3838.132,104.4019
3838.6139999999996,103.3117,3838.6139999999996,104.31049999999999,3838.6139999999996,104.6986,3838.6139999999996,104.3316
3839.096,103.2891,3839.096,104.2759,3839.096,104.6764,3839.096,104.2988
3839.578,103.3007,3839.578,104.2762,3839.578,104.68740000000001,3839.578,104.30630000000001
3840.0600000000004,103.3392,3840.0600000000004,104.3051,3840.0600000000004,104.7246,3840.0600000000004,104.34619999999998
3840.542,103.39359999999999,3840.542,104.35159999999999,3840.542,104.77730000000001,3840.542,104.40549999999999
3841.024,103.4524,3841.024,104.40480000000001,3841.024,104.8355,3841.024,104.4716
3841.507,103.5077,3841.507,104.45679999999999,3841.507,104.8926,3841.507,104.53559999999999
3841.989,103.556,3841.989,104.5044,3841.989,104.94619999999999,3841.989,104.5943
3842.4709999999995,103.5984,3842.4709999999995,104.5488,3842.4709999999995,104.9971,3842.4709999999995,104.6489
3842.953,103.63789999999999,3842.953,104.59259999999999,3842.953,105.0471,3842.953,104.70250000000001
3843.435,103.6759,3843.435,104.63659999999999,3843.435,105.0951,3843.435,104.7558
3843.9170000000004,103.71030000000002,3843.9170000000004,104.6773,3843.9170000000004,105.1366,3843.9170000000004,104.8047
3844.3990000000003,103.73540000000001,3844.3990000000003,104.70809999999999,3844.3990000000003,105.1647,3844.3990000000003,104.8411
3844.881,103.7454,3844.881,104.7223,3844.881,105.1734,3844.881,104.85690000000001
3845.364,103.7373,3845.364,104.7163,3845.364,105.1609,3845.364,104.84830000000001
3845.846,103.71239999999999,3845.846,104.69109999999999,3845.846,105.1301,3845.846,104.81689999999999
3846.3279999999995,103.67519999999999,3846.3279999999995,104.6513,3846.3279999999995,105.087,3846.3279999999995,104.7688
3846.81,103.63180000000001,3846.81,104.6034,3846.81,105.0393,3846.81,104.71289999999999
3847.292,103.589,3847.292,104.55479999999999,3847.292,104.9944,3847.292,104.6582
3847.7740000000003,103.55330000000001,3847.7740000000003,104.5126,3847.7740000000003,104.9593,3847.7740000000003,104.6135
3848.2560000000003,103.5315,3848.2560000000003,104.4839,3848.2560000000003,104.9399,3848.2560000000003,104.58670000000001
3848.738,103.5301,3848.738,104.47519999999999,3848.738,104.9414,3848.738,104.5841
3849.22,103.5542,3849.22,104.49159999999999,3849.22,104.96700000000001,3849.22,104.61009999999999
3849.703,103.6065,3849.703,104.535,3849.703,105.0173,3849.703,104.6651
3850.185,103.68379999999999,3850.185,104.6027,3850.185,105.0886,3850.185,104.7441
3850.667,103.7766,3850.667,104.6862,3850.667,105.17229999999999,3850.667,104.8352
3851.149,103.87049999999999,3851.149,104.77380000000001,3851.149,105.2565,3851.149,104.9224
3851.6310000000003,103.954,3851.6310000000003,104.8567,3851.6310000000003,105.33189999999999,3851.6310000000003,104.9936
3852.1130000000003,104.02890000000001,3852.1130000000003,104.93719999999999,3852.1130000000003,105.3993,3852.1130000000003,105.05279999999999
3852.595,104.10919999999999,3852.595,105.0249,3852.595,105.4665,3852.595,105.1212
3853.0769999999998,104.19069999999999,3853.0769999999998,105.1083,3853.0769999999998,105.5251,3853.0769999999998,105.2049
3853.56,104.2251,3853.56,105.13749999999999,3853.56,105.5344,3853.56,105.2597
3854.042,104.16149999999999,3854.042,105.0689,3854.042,105.4599,3854.042,105.2265
3854.524,104.0078,3854.524,104.9179,3854.524,105.31710000000001,3854.524,105.09980000000002
3855.006,103.8191,3855.006,104.7401,3855.006,105.15460000000002,3855.006,104.92710000000001
3855.4880000000003,103.65100000000001,3855.4880000000003,104.58590000000001,3855.4880000000003,105.0158,3855.4880000000003,104.76319999999998
3855.9700000000003,103.535,3855.9700000000003,104.48170000000002,3855.9700000000003,104.9221,3855.9700000000003,104.643
3856.4519999999998,103.4788,3856.4519999999998,104.4321,3856.4519999999998,104.87610000000001,3856.4519999999998,104.5776
3856.9339999999997,103.47409999999999,3856.9339999999997,104.42819999999999,3856.9339999999997,104.8691,3856.9339999999997,104.56099999999999
3857.417,103.5039,3857.417,104.45470000000002,3857.417,104.8873,3857.417,104.57829999999998
3857.898,103.5496,3857.898,104.4956,3857.898,104.91680000000001,3857.898,104.6122
3858.381,103.5952,3858.381,104.53730000000002,3858.381,104.94650000000001,3858.381,104.64770000000001
3858.863,103.6289,3858.863,104.57039999999999,3858.863,104.9686,3858.863,104.6741
3859.3450000000003,103.64370000000001,3859.3450000000003,104.58879999999999,3859.3450000000003,104.9787,3859.3450000000003,104.685
3859.827,103.63640000000001,3859.827,104.58989999999999,3859.827,104.975,3859.827,104.6776
3860.309,103.6075,3860.309,104.57369999999999,3860.309,104.95779999999999,3860.309,104.6522
3860.7909999999997,103.5615,3860.7909999999997,104.54339999999999,3860.7909999999997,104.93030000000002,3860.7909999999997,104.61260000000001
3861.2729999999997,103.5061,3861.2729999999997,104.5047,3861.2729999999997,104.8981,3861.2729999999997,104.56509999999999
3861.755,103.45139999999999,3861.755,104.4651,3861.755,104.86819999999999,3861.755,104.51820000000001
3862.2380000000003,103.4079,3862.2380000000003,104.43279999999999,3862.2380000000003,104.84819999999999,3862.2380000000003,104.4808
3862.72,103.38499999999999,3862.72,104.4154,3862.72,104.8451,3862.72,104.461
3863.202,103.38909999999998,3863.202,104.41890000000001,3863.202,104.8633,3863.202,104.4651
3863.684,103.42169999999999,3863.684,104.4454,3863.684,104.9029,3863.684,104.49489999999999
3864.166,103.4761,3864.166,104.4905,3864.166,104.9567,3864.166,104.5455
3864.6479999999997,103.53790000000001,3864.6479999999997,104.54270000000001,3864.6479999999997,105.0114,3864.6479999999997,104.6041
3865.1299999999997,103.59020000000001,3865.1299999999997,104.5882,3865.1299999999997,105.0524,3865.1299999999997,104.6549
3865.612,103.6234,3865.612,104.61940000000001,3865.612,105.07249999999999,3865.612,104.68900000000001
3866.094,103.63940000000001,3866.094,104.63770000000001,3866.094,105.075,3866.094,104.7083
3866.5769999999998,103.6463,3866.5769999999998,104.64929999999998,3866.5769999999998,105.06800000000001,3866.5769999999998,104.7208
3867.059,103.6491,3867.059,104.6577,3867.059,105.0567,3867.059,104.73129999999999
3867.541,103.6453,3867.541,104.65990000000001,3867.541,105.04050000000001,3867.541,104.737
3868.023,103.62910000000001,3868.023,104.65050000000001,3868.023,105.0162,3868.023,104.73049999999999
3868.5049999999997,103.60000000000001,3868.5049999999997,104.62979999999999,3868.5049999999997,104.98620000000001,3868.5049999999997,104.7089
3868.9869999999996,103.56989999999999,3868.9869999999996,104.6082,3868.9869999999996,104.96209999999999,3868.9869999999996,104.68109999999999
3869.469,103.5541,3869.469,104.59830000000001,3869.469,104.9565,3869.469,104.66109999999999
3869.951,103.5542,3869.951,104.5998,3869.951,104.96749999999999,3869.951,104.6511
3870.4339999999997,103.5561,3870.4339999999997,104.5995,3870.4339999999997,104.97970000000001,3870.4339999999997,104.64020000000001
3870.916,103.5488,3870.916,104.58909999999999,3870.916,104.9811,3870.916,104.6208
3871.398,103.536,3871.398,104.57339999999999,3871.398,104.97380000000001,3871.398,104.5992
3871.88,103.5291,3871.88,104.56289999999998,3871.88,104.9671,3871.88,104.5885
3872.362,103.5372,3872.362,104.5652,3872.362,104.9686,3872.362,104.5985
3872.8439999999996,103.564,3872.8439999999996,104.58330000000001,3872.8439999999996,104.98240000000001,3872.8439999999996,104.63279999999999
3873.326,103.6084,3873.326,104.6162,3873.326,105.00959999999999,3873.326,104.68900000000001
3873.808,103.6643,3873.808,104.65899999999999,3873.808,105.04729999999999,3873.808,104.7585
3874.2909999999997,103.7198,3874.2909999999997,104.7021,3874.2909999999997,105.08820000000001,3874.2909999999997,104.8265
3874.773,103.76160000000002,3874.773,104.73479999999999,3874.773,105.1227,3874.773,104.8772
3875.255,103.783,3875.255,104.7517,3875.255,105.1449,3875.255,104.9026
3875.737,103.78609999999999,3875.737,104.7547,3875.737,105.15509999999999,3875.737,104.9055
3876.219,103.77829999999999,3876.219,104.7496,3876.219,105.1574,3876.219,104.8948
3876.7009999999996,103.76540000000001,3876.7009999999996,104.7403,3876.7009999999996,105.15440000000001,3876.7009999999996,104.878
3877.183,103.74799999999999,3877.183,104.72630000000001,3877.183,105.14540000000001,3877.183,104.85709999999999
3877.665,103.7229,3877.665,104.7042,3877.665,105.12740000000001,3877.665,104.82910000000001
3878.1470000000004,103.6865,3878.1470000000004,104.6705,3878.1470000000004,105.0975,3878.1470000000004,104.7901
3878.63,103.63960000000002,3878.63,104.6259,3878.63,105.05720000000001,3878.63,104.73969999999998
3879.112,103.58970000000001,3879.112,104.57719999999999,3879.112,105.01339999999999,3879.112,104.6845
3879.594,103.5491,3879.594,104.5352,3879.594,104.9767,3879.594,104.63629999999999
3880.076,103.5266,3880.076,104.5079,3880.076,104.9545,3880.076,104.6046
3880.5579999999995,103.5213,3880.5579999999995,104.495,3880.5579999999995,104.9459,3880.5579999999995,104.5898
3881.04,103.524,3881.04,104.4899,3881.04,104.9441,3881.04,104.58449999999999
3881.522,103.5271,3881.522,104.48710000000001,3881.522,104.94300000000001,3881.522,104.58179999999999
3882.0040000000004,103.53049999999999,3882.0040000000004,104.48679999999999,3882.0040000000004,104.94270000000002,3882.0040000000004,104.58160000000001
3882.487,103.5388,3882.487,104.4924,3882.487,104.9464,3882.487,104.5885
3882.969,103.5561,3882.969,104.50600000000001,3882.969,104.95589999999999,3882.969,104.60629999999999
3883.451,103.58290000000001,3883.451,104.52650000000001,3883.451,104.9709,3883.451,104.6352
3883.933,103.6183,3883.933,104.552,3883.933,104.9895,3883.933,104.67349999999999
3884.4149999999995,103.6622,3884.4149999999995,104.5827,3884.4149999999995,105.0123,3884.4149999999995,104.72049999999999
3884.897,103.71520000000001,3884.897,104.6203,3884.897,105.0408,3884.897,104.7764
3885.379,103.77130000000001,3885.379,104.6618,3885.379,105.07249999999999,3885.379,104.8352
3885.8610000000003,103.81519999999999,3885.8610000000003,104.69619999999999,3885.8610000000003,105.0977,3885.8610000000003,104.882
3886.344,103.8317,3886.344,104.7125,3886.344,105.10600000000001,3886.344,104.9018
3886.825,103.8191,3886.825,104.7097,3886.825,105.09660000000001,3886.825,104.89269999999999
3887.308,103.78890000000001,3887.308,104.69669999999999,3887.308,105.0772,3887.308,104.8666
3887.79,103.7547,3887.79,104.6835,3887.79,105.05659999999999,3887.79,104.8381
3888.272,103.72330000000001,3888.272,104.67349999999999,3888.272,105.03819999999999,3888.272,104.8148
3888.754,103.69269999999999,3888.754,104.66310000000001,3888.754,105.0195,3888.754,104.7955
3889.236,103.6572,3889.236,104.6459,3889.236,104.9959,3889.236,104.7739
3889.7180000000003,103.61340000000001,3889.7180000000003,104.6181,3889.7180000000003,104.9661,3889.7180000000003,104.7453
3890.2000000000003,103.56620000000001,3890.2000000000003,104.5832,3890.2000000000003,104.936,3890.2000000000003,104.7127
3890.682,103.5277,3890.682,104.55099999999999,3890.682,104.9161,3890.682,104.6855
3891.165,103.5094,3891.165,104.5315,3891.165,104.9153,3891.165,104.67349999999999
3891.647,103.51440000000001,3891.647,104.5286,3891.647,104.9342,3891.647,104.6789
3892.129,103.5362,3892.129,104.5387,3892.129,104.9647,3892.129,104.6958
3892.611,103.5647,3892.611,104.55529999999999,3892.611,104.99680000000001,3892.611,104.71509999999999
3893.093,103.59179999999999,3893.093,104.5728,3893.093,105.02340000000001,3893.093,104.73049999999999
3893.5750000000003,103.6138,3893.5750000000003,104.5879,3893.5750000000003,105.04180000000001,3893.5750000000003,104.73969999999998
3894.0570000000002,103.6299,3894.0570000000002,104.5989,3894.0570000000002,105.0522,3894.0570000000002,104.74289999999999
3894.5389999999998,103.64089999999999,3894.5389999999998,104.60510000000001,3894.5389999999998,105.0563,3894.5389999999998,104.7415
3895.0209999999997,103.6478,3895.0209999999997,104.606,3895.0209999999997,105.0556,3895.0209999999997,104.7368
3895.504,103.6514,3895.504,104.60180000000001,3895.504,105.0517,3895.504,104.72980000000001
3895.986,103.6522,3895.986,104.59320000000001,3895.986,105.0452,3895.986,104.7213
3896.468,103.6502,3896.468,104.58099999999999,3896.468,105.03640000000001,3896.468,104.7112
3896.95,103.64489999999999,3896.95,104.56639999999999,3896.95,105.02510000000001,3896.95,104.6994
3897.4320000000002,103.63659999999999,3897.4320000000002,104.5514,3897.4320000000002,105.01180000000001,3897.4320000000002,104.6862
3897.914,103.6264,3897.914,104.538,3897.914,104.99730000000001,3897.914,104.6724
3898.396,103.6158,3898.396,104.5286,3898.396,104.9831,3898.396,104.6595
3898.8779999999997,103.60659999999999,3898.8779999999997,104.5241,3898.8779999999997,104.9709,3898.8779999999997,104.64869999999999
3899.361,103.5991,3899.361,104.52369999999999,3899.361,104.9614,3899.361,104.6403
3899.843,103.59190000000001,3899.843,104.5245,3899.843,104.9538,3899.843,104.6327
3900.325,103.58229999999999,3900.325,104.52319999999999,3900.325,104.9466,3900.325,104.62370000000001
3900.807,103.568,3900.807,104.51710000000001,3900.807,104.93809999999999,3900.807,104.6113
3901.289,103.54820000000001,3901.289,104.5054,3901.289,104.92760000000001,3901.289,104.5951
3901.771,103.5241,3901.771,104.4888,3901.771,104.9153,3901.771,104.57620000000001
3902.253,103.4994,3902.253,104.47,3902.253,104.90299999999999,3902.253,104.55779999999999
3902.7349999999997,103.47999999999999,3902.7349999999997,104.4535,3902.7349999999997,104.8938,3902.7349999999997,104.5446
3903.218,103.4734,3903.218,104.4448,3903.218,104.8916,3903.218,104.5426
3903.7,103.4846,3903.7,104.4486,3903.7,104.89949999999999,3903.7,104.5558
3904.1820000000002,103.514,3904.1820000000002,104.4662,3904.1820000000002,104.91760000000001,3904.1820000000002,104.5842
3904.6639999999998,103.5565,3904.6639999999998,104.4955,3904.6639999999998,104.9436,3904.6639999999998,104.6235
3905.146,103.6049,3905.146,104.5323,3905.146,104.97460000000001,3905.146,104.6681
3905.628,103.6535,3905.628,104.57339999999999,3905.628,105.0085,3905.628,104.7142
3906.11,103.69919999999999,3906.11,104.6162,3906.11,105.04469999999999,3906.11,104.76
3906.5919999999996,103.7404,3906.5919999999996,104.6583,3906.5919999999996,105.08219999999999,3906.5919999999996,104.80460000000001
3907.074,103.7757,3907.074,104.6971,3907.074,105.1189,3907.074,104.84649999999999
3907.557,103.8034,3907.557,104.72980000000001,3907.557,105.1523,3907.557,104.883
3908.039,103.82249999999999,3908.039,104.7545,3908.039,105.1798,3908.039,104.9118
3908.5209999999997,103.8327,3908.5209999999997,104.77019999999999,3908.5209999999997,105.19959999999999,3908.5209999999997,104.9312
3909.003,103.8356,3909.003,104.77810000000001,3909.003,105.21149999999999,3909.003,104.9412
3909.485,103.8335,3909.485,104.7799,3909.485,105.21629999999999,3909.485,104.94330000000001
3909.967,103.8292,3909.967,104.77810000000001,3909.967,105.2154,3909.967,104.9396
3910.4489999999996,103.82450000000001,3910.4489999999996,104.7741,3910.4489999999996,105.2101,3910.4489999999996,104.9323
3910.931,103.8201,3910.931,104.76870000000001,3910.931,105.2011,3910.931,104.9229
3911.4139999999998,103.8156,3911.4139999999998,104.762,3911.4139999999998,105.1887,3911.4139999999998,104.91220000000001
3911.896,103.81,3911.896,104.7536,3911.896,105.1734,3911.896,104.90060000000001
3912.3779999999997,103.8022,3912.3779999999997,104.7436,3912.3779999999997,105.15570000000001,3912.3779999999997,104.8881
3912.86,103.79169999999999,3912.86,104.73209999999999,3912.86,105.1366,3912.86,104.8751
3913.342,103.77810000000001,3913.342,104.7193,3913.342,105.1172,3913.342,104.8616
3913.824,103.761,3913.824,104.7047,3913.824,105.09789999999998,3913.824,104.8469
3914.306,103.7395,3914.306,104.6877,3914.306,105.0786,3914.306,104.82979999999999
3914.788,103.7137,3914.788,104.6678,3914.788,105.0592,3914.788,104.8092
3915.2709999999997,103.68440000000001,3915.2709999999997,104.6459,3915.2709999999997,105.0398,3915.2709999999997,104.78529999999999
3915.752,103.6545,3915.752,104.6246,3915.752,105.0217,3915.752,104.76
3916.235,103.6279,3916.235,104.60730000000001,3916.235,105.0063,3916.235,104.7364
3916.717,103.6075,3916.717,104.59689999999999,3916.717,104.9949,3916.717,104.7175
3917.199,103.59469999999999,3917.199,104.59400000000001,3917.199,104.9879,3917.199,104.7044
3917.681,103.5887,3917.681,104.5974,3917.681,104.985,3917.681,104.69669999999999
3918.163,103.5878,3918.163,104.60419999999999,3918.163,104.98590000000002,3918.163,104.6931
3918.645,103.5895,3918.645,104.61110000000001,3918.645,104.9895,3918.645,104.6915
3919.127,103.5912,3919.127,104.6149,3919.127,104.99430000000001,3919.127,104.6895
3919.609,103.5903,3919.609,104.61290000000001,3919.609,104.9977,3919.609,104.6847
3920.092,103.58430000000001,3920.092,104.6034,3920.092,104.9967,3920.092,104.6746
3920.574,103.5718,3920.574,104.5865,3920.574,104.989,3920.574,104.6578
3921.056,103.5526,3921.056,104.5635,3921.056,104.9734,3921.056,104.6342
3921.538,103.5279,3921.538,104.53710000000001,3921.538,104.9507,3921.538,104.60499999999999
3922.02,103.5004,3922.02,104.51060000000001,3922.02,104.9234,3922.02,104.5733
3922.502,103.4736,3922.502,104.48809999999999,3922.502,104.8954,3922.502,104.54339999999999
3922.984,103.4526,3922.984,104.474,3922.984,104.8721,3922.984,104.52120000000001
3923.466,103.44260000000001,3923.466,104.4728,3923.466,104.859,3923.466,104.5134
3923.9480000000003,103.44739999999999,3923.9480000000003,104.48679999999999,3923.9480000000003,104.85990000000001,3923.9480000000003,104.5248
3924.431,103.4667,3924.431,104.5142,3924.431,104.8746,3924.431,104.55529999999999
3924.913,103.4945,3924.913,104.5479,3924.913,104.8976,3924.913,104.5979
3925.395,103.52220000000001,3925.395,104.5787,3925.395,104.92099999999999,3925.395,104.6411
3925.877,103.54190000000001,3925.877,104.5988,3925.877,104.93790000000001,3925.877,104.67439999999999
3926.3590000000004,103.5499,3926.3590000000004,104.60480000000001,3926.3590000000004,104.9451,3926.3590000000004,104.69139999999999
3926.841,103.54639999999999,3926.841,104.59719999999999,3926.841,104.9429,3926.841,104.6908
3927.323,103.53380000000001,3927.323,104.5791,3927.323,104.9335,3927.323,104.6749
3927.8050000000003,103.51589999999999,3927.8050000000003,104.55460000000001,3927.8050000000003,104.9202,3927.8050000000003,104.64819999999999
3928.288,103.4964,3928.288,104.5284,3928.288,104.9058,3928.288,104.61590000000001
3928.77,103.47869999999999,3928.77,104.5043,3928.77,104.8926,3928.77,104.5831
3929.252,103.4652,3929.252,104.4851,3929.252,104.8815,3929.252,104.55429999999998
3929.734,103.457,3929.734,104.47189999999999,3929.734,104.8727,3929.734,104.5325
3930.2160000000003,103.45450000000001,3930.2160000000003,104.46459999999999,3930.2160000000003,104.8659,3930.2160000000003,104.51939999999999
3930.698,103.4574,3930.698,104.4629,3930.698,104.8613,3930.698,104.5164
3931.18,103.4665,3931.18,104.46690000000001,3931.18,104.8605,3931.18,104.5249
3931.6620000000003,103.4826,3931.6620000000003,104.47789999999999,3931.6620000000003,104.8661,3931.6620000000003,104.54639999999999
3932.1450000000004,103.50580000000001,3932.1450000000004,104.4968,3932.1450000000004,104.8807,3932.1450000000004,104.5811
3932.627,103.53509999999999,3932.627,104.52369999999999,3932.627,104.90489999999998,3932.627,104.62750000000001
3933.109,103.568,3933.109,104.5571,3933.109,104.93730000000001,3933.109,104.68109999999999
3933.591,103.60130000000001,3933.591,104.5938,3933.591,104.97479999999999,3933.591,104.7364
3934.0730000000003,103.6327,3934.0730000000003,104.6303,3934.0730000000003,105.01350000000001,3934.0730000000003,104.7882
3934.555,103.66059999999999,3934.555,104.66340000000001,3934.555,105.05,3934.555,104.8325
3935.037,103.6847,3935.037,104.69059999999999,3935.037,105.0816,3935.037,104.8669
3935.5190000000002,103.70509999999999,3935.5190000000002,104.7102,3935.5190000000002,105.1064,3935.5190000000002,104.89070000000001
3936.001,103.72220000000002,3936.001,104.72170000000001,3936.001,105.12360000000001,3936.001,104.90409999999999
3936.484,103.7363,3936.484,104.7256,3936.484,105.1333,3936.484,104.9083
3936.966,103.74779999999998,3936.966,104.72319999999999,3936.966,105.1361,3936.966,104.905
3937.448,103.7562,3937.448,104.7161,3937.448,105.1331,3937.448,104.89569999999999
3937.9300000000003,103.76050000000001,3937.9300000000003,104.7056,3937.9300000000003,105.12509999999999,3937.9300000000003,104.88139999999999
3938.412,103.7592,3938.412,104.69269999999999,3938.412,105.11250000000001,3938.412,104.8628
3938.894,103.75110000000001,3938.894,104.6776,3938.894,105.09550000000002,3938.894,104.8398
3939.376,103.7355,3939.376,104.66059999999999,3939.376,105.0742,3939.376,104.8127
3939.858,103.71269999999998,3939.858,104.642,3939.858,105.0487,3939.858,104.78209999999999
3940.341,103.6845,3940.341,104.62270000000001,3940.341,105.0203,3940.341,104.7499
3940.823,103.6544,3940.823,104.60499999999999,3940.823,104.9917,3940.823,104.7191
3941.305,103.6271,3941.305,104.59179999999999,3941.305,104.9668,3941.305,104.69420000000001
3941.7870000000003,103.60810000000001,3941.7870000000003,104.58609999999999,3941.7870000000003,104.95030000000001,3941.7870000000003,104.67960000000001
3942.2690000000002,103.60069999999999,3942.2690000000002,104.58909999999999,3942.2690000000002,104.94550000000001,3942.2690000000002,104.6778
3942.7509999999997,103.6049,3942.7509999999997,104.59909999999999,3942.7509999999997,104.95239999999998,3942.7509999999997,104.68759999999999
3943.233,103.6168,3943.233,104.6117,3943.233,104.9676,3943.233,104.7042
3943.715,103.63029999999999,3943.715,104.62169999999999,3943.715,104.9855,3943.715,104.72120000000001
3944.1980000000003,103.6398,3944.1980000000003,104.62480000000001,3944.1980000000003,105.0006,3944.1980000000003,104.733
3944.6789999999996,103.64119999999998,3944.6789999999996,104.6191,3944.6789999999996,105.0087,3944.6789999999996,104.7361
3945.162,103.63260000000001,3945.162,104.6038,3945.162,105.00719999999998,3945.162,104.7292
3945.6440000000002,103.61370000000001,3945.6440000000002,104.58000000000001,3945.6440000000002,104.9957,3945.6440000000002,104.71239999999999
3946.126,103.5863,3946.126,104.55000000000001,3946.126,104.97510000000001,3946.126,104.6877
3946.6079999999997,103.5542,3946.6079999999997,104.51760000000002,3946.6079999999997,104.94829999999999,3946.6079999999997,104.6586
3947.09,103.5231,3947.09,104.4878,3947.09,104.9201,3947.09,104.6303
3947.572,103.4991,3947.572,104.46610000000001,3947.572,104.89550000000001,3947.572,104.60860000000001
3948.054,103.48729999999999,3948.054,104.4561,3948.054,104.87880000000001,3948.054,104.5981
3948.5359999999996,103.4893,3948.5359999999996,104.45880000000001,3948.5359999999996,104.8721,3948.5359999999996,104.6003
3949.019,103.50349999999999,3949.019,104.4721,3949.019,104.875,3949.019,104.61359999999999
3949.501,103.5258,3949.501,104.4922,3949.501,104.8856,3949.501,104.63409999999999
3949.983,103.5513,3949.983,104.5148,3949.983,104.9012,3949.983,104.65709999999999
3950.4649999999997,103.57639999999999,3950.4649999999997,104.5367,3950.4649999999997,104.9199,3950.4649999999997,104.6792
3950.947,103.5986,3950.947,104.55600000000001,3950.947,104.93999999999998,3950.947,104.6986
3951.429,103.61720000000001,3951.429,104.57220000000001,3951.429,104.9603,3951.429,104.715
3951.911,103.63210000000001,3951.911,104.58529999999999,3951.911,104.98,3951.911,104.729
3952.393,103.6433,3952.393,104.5955,3952.393,104.9977,3952.393,104.7415
3952.875,103.6508,3952.875,104.6029,3952.875,105.0121,3952.875,104.7525
3953.358,103.6542,3953.358,104.60750000000002,3953.358,105.02180000000001,3953.358,104.76209999999999
3953.84,103.6537,3953.84,104.6092,3953.84,105.0262,3953.84,104.76939999999999
3954.322,103.6498,3954.322,104.6084,3954.322,105.0254,3954.322,104.7742
3954.804,103.644,3954.804,104.6061,3954.804,105.0204,3954.804,104.7763
3955.286,103.6383,3955.286,104.6029,3955.286,105.0131,3955.286,104.7762
3955.768,103.6349,3955.768,104.59989999999999,3955.768,105.0052,3955.768,104.77479999999998
3956.25,103.6349,3956.25,104.59700000000001,3956.25,104.9982,3956.25,104.7726
3956.732,103.63839999999999,3956.732,104.5938,3956.732,104.9927,3956.732,104.76939999999999
3957.215,103.64359999999999,3957.215,104.5893,3957.215,104.9886,3957.215,104.7645
3957.697,103.6483,3957.697,104.58259999999999,3957.697,104.98479999999999,3957.697,104.7565
3958.179,103.6497,3958.179,104.5733,3958.179,104.9804,3958.179,104.7447
3958.661,103.6462,3958.661,104.56209999999999,3958.661,104.975,3958.661,104.7289
3959.143,103.63739999999999,3959.143,104.5504,3959.143,104.9686,3959.143,104.71010000000001
3959.625,103.62450000000001,3959.625,104.5404,3959.625,104.96209999999999,3959.625,104.6903
3960.107,103.60979999999999,3960.107,104.53410000000001,3960.107,104.9568,3960.107,104.67219999999999
3960.589,103.5963,3960.589,104.53269999999999,3960.589,104.95429999999999,3960.589,104.6586
3961.072,103.58670000000001,3961.072,104.5367,3961.072,104.95589999999999,3961.072,104.6513
3961.554,103.5831,3961.554,104.54520000000001,3961.554,104.96220000000001,3961.554,104.65119999999999
3962.036,103.586,3962.036,104.5566,3962.036,104.9734,3962.036,104.6581
3962.518,103.5948,3962.518,104.56890000000001,3962.518,104.9884,3962.518,104.6706
3963.0,103.6079,3963.0,104.58030000000001,3963.0,105.00590000000001,3963.0,104.68690000000001
3963.482,103.6234,3963.482,104.58970000000001,3963.482,105.02430000000001,3963.482,104.7051
3963.964,103.6395,3963.964,104.5968,3963.964,105.04180000000001,3963.964,104.7236
3964.446,103.6547,3964.446,104.60180000000001,3964.446,105.05720000000001,3964.446,104.741
3964.928,103.66820000000001,3964.928,104.60529999999999,3964.928,105.0697,3964.928,104.7564
3965.411,103.67949999999999,3965.411,104.60849999999999,3965.411,105.0787,3965.411,104.7689
3965.893,103.68889999999999,3965.893,104.612,3965.893,105.0845,3965.893,104.7782
3966.375,103.6969,3966.375,104.6165,3966.375,105.08709999999999,3966.375,104.7842
3966.857,103.70410000000001,3966.857,104.6221,3966.857,105.08709999999999,3966.857,104.7873
3967.339,103.71079999999999,3967.339,104.62819999999999,3967.339,105.08470000000001,3967.339,104.7881
3967.821,103.71669999999999,3967.821,104.6335,3967.821,105.08,3967.821,104.787
3968.3030000000003,103.7211,3968.3030000000003,104.63659999999999,3968.3030000000003,105.0732,3968.3030000000003,104.7844
3968.785,103.72319999999999,3968.785,104.63629999999999,3968.785,105.06470000000002,3968.785,104.7804
3969.268,103.7221,3969.268,104.6325,3969.268,105.055,3969.268,104.7752
3969.75,103.7176,3969.75,104.62599999999999,3969.75,105.0452,3969.75,104.76870000000001
3970.2320000000004,103.71,3970.2320000000004,104.6187,3970.2320000000004,105.03640000000001,3970.2320000000004,104.76129999999999
3970.714,103.7004,3970.714,104.61290000000001,3970.714,105.0298,3970.714,104.7536
3971.196,103.69,3971.196,104.6104,3971.196,105.02579999999999,3971.196,104.7464
3971.678,103.68010000000001,3971.678,104.61180000000002,3971.678,105.02430000000001,3971.678,104.7405
3972.1600000000003,103.6713,3972.1600000000003,104.616,3972.1600000000003,105.0244,3972.1600000000003,104.736
3972.642,103.664,3972.642,104.62089999999999,3972.642,105.0246,3972.642,104.7329
3973.125,103.65809999999999,3973.125,104.6238,3973.125,105.0238,3973.125,104.7307
3973.606,103.6535,3973.606,104.6225,3973.606,105.02130000000001,3973.606,104.7287
3974.0890000000004,103.6504,3974.0890000000004,104.6165,3974.0890000000004,105.01720000000002,3974.0890000000004,104.7267
3974.571,103.64949999999999,3974.571,104.607,3974.571,105.0123,3974.571,104.72449999999999
3975.053,103.6513,3975.053,104.59670000000001,3975.053,105.00789999999999,3975.053,104.72269999999999
3975.535,103.6567,3975.535,104.58879999999999,3975.535,105.0055,3975.535,104.7221
3976.0170000000003,103.6656,3976.0170000000003,104.58609999999999,3976.0170000000003,105.00609999999999,3976.0170000000003,104.7234
3976.499,103.6774,3976.499,104.5898,3976.499,105.01020000000001,3976.499,104.7272
3976.9809999999998,103.6907,3976.9809999999998,104.5996,3976.9809999999998,105.01750000000001,3976.9809999999998,104.7334
3977.463,103.70379999999999,3977.463,104.61339999999998,3977.463,105.0274,3977.463,104.74190000000002
3977.9460000000004,103.71509999999999,3977.9460000000004,104.6287,3977.9460000000004,105.03899999999999,3977.9460000000004,104.7519
3978.428,103.7234,3978.428,104.6427,3978.428,105.0514,3978.428,104.7631
3978.91,103.72829999999999,3978.91,104.65379999999999,3978.91,105.06370000000001,3978.91,104.7749
3979.392,103.7299,3979.392,104.66109999999999,3979.392,105.0752,3979.392,104.7871
3979.8740000000003,103.72879999999999,3979.8740000000003,104.6645,3979.8740000000003,105.08519999999999,3979.8740000000003,104.79929999999999
3980.356,103.7259,3980.356,104.66489999999999,3980.356,105.09280000000001,3980.356,104.8111
3980.8379999999997,103.72189999999999,3980.8379999999997,104.6628,3980.8379999999997,105.0975,3980.8379999999997,104.82180000000001
3981.32,103.71719999999999,3981.32,104.6587,3981.32,105.0988,3981.32,104.83059999999999
3981.802,103.7123,3981.802,104.6532,3981.802,105.09679999999999,3981.802,104.8368
3982.285,103.7077,3982.285,104.6464,3982.285,105.09219999999999,3982.285,104.84009999999999
3982.767,103.704,3982.767,104.6388,3982.767,105.0864,3982.767,104.84070000000001
3983.249,103.7021,3983.249,104.6311,3983.249,105.08070000000001,3983.249,104.83940000000001
3983.731,103.7027,3983.731,104.62419999999999,3983.731,105.07690000000001,3983.731,104.8375
3984.213,103.70630000000001,3984.213,104.6191,3984.213,105.0759,3984.213,104.8362
3984.6949999999997,103.7126,3984.6949999999997,104.6162,3984.6949999999997,105.078,3984.6949999999997,104.83590000000001
3985.177,103.7209,3985.177,104.61560000000001,3985.177,105.0821,3985.177,104.83640000000001
3985.659,103.7296,3985.659,104.61659999999999,3985.659,105.0868,3985.659,104.8368
3986.1420000000003,103.7368,3986.1420000000003,104.6181,3986.1420000000003,105.0896,3986.1420000000003,104.8355
3986.624,103.74080000000001,3986.624,104.6191,3986.624,105.0886,3986.624,104.8309
3987.1059999999998,103.7406,3987.1059999999998,104.6188,3987.1059999999998,105.0825,3987.1059999999998,104.8222
3987.588,103.73570000000001,3987.588,104.6171,3987.588,105.071,3987.588,104.80910000000002
3988.07,103.7269,3988.07,104.6145,3988.07,105.0552,3988.07,104.79289999999999
3988.5519999999997,103.7156,3988.5519999999997,104.61210000000001,3988.5519999999997,105.037,3988.5519999999997,104.7755
3989.034,103.7034,3989.034,104.6107,3989.034,105.0189,3989.034,104.7595
3989.516,103.69239999999999,3989.516,104.6107,3989.516,105.003,3989.516,104.74699999999999
3989.9990000000003,103.684,3989.9990000000003,104.612,3989.9990000000003,104.9909,3989.9990000000003,104.7396
3990.4809999999998,103.67900000000002,3990.4809999999998,104.61359999999999,3990.4809999999998,104.98320000000001,3990.4809999999998,104.73729999999999
3990.9629999999997,103.67779999999999,3990.9629999999997,104.6146,3990.9629999999997,104.97959999999999,3990.9629999999997,104.7393
3991.445,103.6802,3991.445,104.614,3991.445,104.9795,3991.445,104.74369999999999
3991.927,103.6855,3991.927,104.612,3991.927,104.9823,3991.927,104.7487
3992.4089999999997,103.69299999999998,3992.4089999999997,104.60910000000001,3992.4089999999997,104.98750000000001,3992.4089999999997,104.7525
3992.891,103.7016,3992.891,104.6066,3992.891,104.9947,3992.891,104.7542
3993.373,103.7104,3993.373,104.6057,3993.373,105.00339999999998,3993.373,104.7537
3993.855,103.71840000000002,3993.855,104.607,3993.855,105.013,3993.855,104.7514
3994.3379999999997,103.72460000000001,3994.3379999999997,104.6103,3994.3379999999997,105.0224,3994.3379999999997,104.74810000000001
3994.8199999999997,103.7286,3994.8199999999997,104.6148,3994.8199999999997,105.03039999999999,3994.8199999999997,104.7448
3995.302,103.73000000000002,3995.302,104.6192,3995.302,105.03620000000001,3995.302,104.7425
3995.784,103.7292,3995.784,104.6223,3995.784,105.03960000000001,3995.784,104.7418
3996.266,103.7269,3996.266,104.62389999999999,3996.266,105.0411,3996.266,104.74349999999998
3996.748,103.7242,3996.748,104.62450000000001,3996.748,105.0421,3996.748,104.7479
3997.23,103.72200000000001,3997.23,104.6249,3997.23,105.0438,3997.23,104.75479999999999
3997.712,103.721,3997.712,104.6261,3997.712,105.0471,3997.712,104.76389999999999
3998.195,103.7215,3998.195,104.6287,3998.195,105.05199999999999,3998.195,104.7741
3998.6769999999997,103.7234,3998.6769999999997,104.63260000000001,3998.6769999999997,105.0573,3998.6769999999997,104.7842
3999.159,103.72630000000001,3999.159,104.637,3999.159,105.06150000000001,3999.159,104.79320000000001
3999.641,103.72980000000001,3999.641,104.64070000000001,3999.641,105.06299999999999,3999.641,104.80000000000001
4000.1230000000005,103.7333,4000.1230000000005,104.6428,4000.1230000000005,105.0608,4000.1230000000005,104.804
