A,B,C,D,E,F,G,H
399.67470000000003,0.0,399.67470000000003,0.0,399.67470000000003,0.0,399.67470000000003,0.0
400.1569,93.23486000000001,400.1569,103.25200000000001,400.1569,91.07548,400.1569,104.5634
400.63899999999995,96.63947999999999,400.63899999999995,107.18239999999999,400.63899999999995,94.75358999999999,400.63899999999995,106.11319999999999
401.1211,101.00919999999999,401.1211,111.821,401.1211,99.33294000000001,401.1211,108.5909
401.6032,106.586,401.6032,117.2163,401.6032,105.00259999999999,401.6032,112.11569999999999
402.08529999999996,113.0876,402.08529999999996,122.8588,402.08529999999996,111.4429,402.08529999999996,116.3712
402.5674,119.6454,402.5674,127.82050000000001,402.5674,117.7866,402.5674,120.63770000000001
403.04960000000005,125.31050000000002,403.04960000000005,131.3456,403.04960000000005,123.1249,403.04960000000005,124.234
403.5317,129.6361,403.5317,133.2798,403.5317,127.0494,403.5317,126.9417
404.0138,132.6944,404.0138,133.8901,404.0138,129.63899999999998,404.0138,128.9597
404.49590000000006,134.6698,404.49590000000006,133.4309,404.49590000000006,131.0605,404.49590000000006,130.5473
404.978,135.5299,404.978,131.92919999999998,404.978,131.2912,404.978,131.7469
405.4601,135.026,405.4601,129.3141,405.4601,130.1735,405.4601,132.3252
405.9423,133.04610000000002,405.9423,125.7623,405.9423,127.7742,405.9423,132.0013
406.42440000000005,129.9925,406.42440000000005,121.8979,406.42440000000005,124.66839999999999,406.42440000000005,130.8073
406.9065,126.6893,406.9065,118.52260000000001,406.9065,121.7351,406.9065,129.18910000000002
407.3886,123.9077,407.3886,116.1948,407.3886,119.67240000000001,407.3886,127.72330000000001
407.87069999999994,122.074,407.87069999999994,115.1082,407.87069999999994,118.7791,407.87069999999994,126.82310000000001
408.3528,121.29590000000002,408.3528,115.2234,408.3528,119.02539999999999,408.3528,126.6489
408.83500000000004,121.47319999999999,408.83500000000004,116.2812,408.83500000000004,120.052,408.83500000000004,127.0138
409.3171,122.34370000000001,409.3171,118.0056,409.3171,121.432,409.3171,127.6779
409.7992,123.53240000000001,409.7992,120.2463,409.7992,122.9217,409.7992,128.6045
410.28130000000004,124.69300000000001,410.28130000000004,122.5999,410.28130000000004,124.18299999999999,410.28130000000004,129.5359
410.7634,125.7102,410.7634,124.55210000000001,410.7634,124.77640000000001,410.7634,130.0614
411.2455,126.73140000000001,411.2455,126.3552,411.2455,125.224,411.2455,130.6715
411.72769999999997,128.0168,411.72769999999997,128.0838,411.72769999999997,125.73669999999998,411.72769999999997,131.4631
412.20980000000003,129.7394,412.20980000000003,129.97719999999998,412.20980000000003,126.66680000000001,412.20980000000003,132.6945
412.6919,131.82940000000002,412.6919,131.8965,412.6919,127.8626,412.6919,134.15630000000002
413.174,133.89440000000002,413.174,133.38510000000002,413.174,128.7868,413.174,135.2793
413.65610000000004,135.32139999999998,413.65610000000004,134.1259,413.65610000000004,129.067,413.65610000000004,135.6672
414.1382,135.6187,414.1382,133.9841,414.1382,128.5965,414.1382,135.2611
414.6204,134.74779999999998,414.6204,132.6627,414.6204,126.92920000000001,414.6204,133.60920000000002
415.10249999999996,133.061,415.10249999999996,130.5013,415.10249999999996,124.33350000000002,415.10249999999996,131.077
415.5846,130.9706,415.5846,128.1107,415.5846,121.4042,415.5846,128.3119
416.0667,128.6959,416.0667,125.7217,416.0667,118.38109999999999,416.0667,125.56479999999999
416.54879999999997,126.20930000000001,416.54879999999997,123.3128,416.54879999999997,115.2903,416.54879999999997,122.82459999999999
417.0309,123.3132,417.0309,120.7783,417.0309,112.13359999999999,417.0309,120.0
417.5131,119.841,417.5131,118.20200000000001,417.5131,109.15639999999999,417.5131,117.1799
417.9952,115.9656,417.9952,115.74510000000001,417.9952,106.65180000000001,417.9952,114.52640000000001
418.4773,112.35109999999999,418.4773,113.7966,418.4773,105.06519999999999,418.4773,112.40289999999999
418.95939999999996,109.7939,418.95939999999996,112.6084,418.95939999999996,104.41659999999999,418.95939999999996,110.9772
419.4415,108.6655,419.4415,112.3651,419.4415,104.8166,419.4415,110.54390000000001
419.9236,108.79749999999999,419.9236,112.7423,419.9236,105.80069999999999,419.9236,110.83940000000001
420.4058,109.7472,420.4058,113.3019,420.4058,106.96140000000001,420.4058,111.5137
420.88789999999995,111.0355,420.88789999999995,113.6927,420.88789999999995,108.0219,420.88789999999995,112.26370000000001
421.37,112.26799999999999,421.37,113.8013,421.37,108.9348,421.37,112.9966
421.8521,113.2027,421.8521,113.5967,421.8521,109.7481,421.8521,113.7033
422.33419999999995,113.7759,422.33419999999995,113.3345,422.33419999999995,110.35090000000001,422.33419999999995,114.3164
422.8163,114.0719,422.8163,112.7554,422.8163,110.78000000000002,422.8163,114.6515
423.29850000000005,114.2527,423.29850000000005,112.2873,423.29850000000005,111.2588,423.29850000000005,114.94279999999999
423.7806,114.4819,423.7806,112.19809999999998,423.7806,112.01259999999999,423.7806,115.34519999999999
424.2627,114.8671,424.2627,112.3135,424.2627,112.77170000000001,424.2627,115.60040000000001
424.74480000000005,115.4263,424.74480000000005,112.6606,424.74480000000005,113.52590000000001,424.74480000000005,115.71039999999999
425.2269,116.089,425.2269,113.2474,425.2269,114.2754,425.2269,115.75770000000001
425.709,116.7439,425.709,113.9557,425.709,114.9286,425.709,115.77770000000001
426.1912,117.3027,426.1912,114.4194,426.1912,115.1689,426.1912,115.5656
426.67330000000004,117.73320000000001,426.67330000000004,114.8092,426.67330000000004,115.2572,426.67330000000004,115.42939999999999
427.1554,118.0455,427.1554,115.11670000000001,427.1554,115.25160000000001,427.1554,115.4452
427.6375,118.26110000000001,427.6375,115.3325,427.6375,115.18489999999998,427.6375,115.6235
428.11959999999993,118.39120000000001,428.11959999999993,115.4338,428.11959999999993,115.06,428.11959999999993,115.9147
428.6017,118.44069999999999,428.6017,115.4066,428.6017,114.88130000000001,428.6017,116.24190000000002
429.0839,118.4313,429.0839,115.2026,429.0839,114.61200000000001,429.0839,116.4876
429.566,118.42660000000001,429.566,115.0067,429.566,114.44460000000001,429.566,116.76249999999999
430.0481,118.5352,430.0481,114.90169999999999,430.0481,114.3214,430.0481,117.01809999999999
430.53020000000004,118.8826,430.53020000000004,115.035,430.53020000000004,114.37360000000001,430.53020000000004,117.303
431.0123,119.56979999999999,431.0123,115.3201,431.0123,114.6945,431.0123,117.6647
431.4944,120.635,431.4944,115.9324,431.4944,115.39170000000001,431.4944,118.2369
431.97659999999996,122.02869999999999,431.97659999999996,116.821,431.97659999999996,116.42540000000001,431.97659999999996,118.9854
432.4587,123.6065,432.4587,117.8968,432.4587,117.6985,432.4587,119.84349999999999
432.94079999999997,125.1555,432.94079999999997,119.11019999999999,432.94079999999997,119.12449999999998,432.94079999999997,120.79679999999999
433.42289999999997,126.4586,433.42289999999997,120.22930000000001,433.42289999999997,120.43310000000001,433.42289999999997,121.65840000000001
433.90500000000003,127.3673,433.90500000000003,121.2698,433.90500000000003,121.5698,433.90500000000003,122.48259999999999
434.38710000000003,127.83370000000001,434.38710000000003,122.00470000000001,434.38710000000003,122.2675,434.38710000000003,123.0516
434.8693,127.88919999999999,434.8693,122.5221,434.8693,122.59599999999999,434.8693,123.47980000000001
435.35139999999996,127.5971,435.35139999999996,122.8321,435.35139999999996,122.59039999999999,435.35139999999996,123.7692
435.8335,127.02689999999998,435.8335,122.8434,435.8335,122.224,435.8335,123.79880000000001
436.3156,126.2604,436.3156,122.42899999999999,436.3156,121.4661,436.3156,123.4062
436.79769999999996,125.4109,436.79769999999996,121.72460000000001,436.79769999999996,120.5342,436.79769999999996,122.6979
437.2798,124.6221,437.2798,121.09639999999999,437.2798,119.7525,437.2798,121.9841
437.76200000000006,124.0319,437.76200000000006,120.5158,437.76200000000006,119.08940000000001,437.76200000000006,121.22120000000001
438.2441,123.73020000000001,438.2441,120.1398,438.2441,118.5772,438.2441,120.5163
438.72619999999995,123.739,438.72619999999995,119.9475,438.72619999999995,118.2971,438.72619999999995,120.01459999999999
439.20830000000007,124.01550000000002,439.20830000000007,120.0975,439.20830000000007,118.266,439.20830000000007,119.8437
439.6904,124.4676,439.6904,120.55959999999999,439.6904,118.4261,439.6904,119.9842
440.1725,124.9757,440.1725,121.2969,440.1725,118.75869999999999,440.1725,120.41
440.6547,125.4299,440.6547,122.21470000000001,440.6547,119.21010000000001,440.6547,121.04870000000001
441.13680000000005,125.77590000000001,441.13680000000005,123.1916,441.13680000000005,119.74529999999999,441.13680000000005,121.7716
441.6189,126.0494,441.6189,124.027,441.6189,120.2278,441.6189,122.3971
442.101,126.3568,442.101,124.8803,442.101,120.83619999999999,442.101,123.08460000000001
442.58309999999994,126.8113,442.58309999999994,125.50399999999999,442.58309999999994,121.3605,442.58309999999994,123.57610000000001
443.0652,127.4549,443.0652,126.0032,443.0652,121.87109999999998,443.0652,123.9755
443.54740000000004,128.2173,443.54740000000004,126.35830000000001,443.54740000000004,122.3422,443.54740000000004,124.2609
444.0295,128.9277,444.0295,126.6513,444.0295,122.83200000000001,444.0295,124.5087
444.5116,129.3834,444.5116,126.50429999999999,444.5116,122.7022,444.5116,124.271
444.99370000000005,129.43959999999998,444.99370000000005,126.3312,444.99370000000005,122.70939999999999,444.99370000000005,123.9547
445.4758,129.07219999999998,445.4758,126.0596,445.4758,122.6497,445.4758,123.57830000000001
445.9579,128.37460000000002,445.9579,125.4694,445.9579,122.2872,445.9579,122.88550000000001
446.4401,127.5047,446.4401,124.85459999999999,446.4401,121.8882,446.4401,122.1746
446.92220000000003,126.62249999999999,446.92220000000003,124.27189999999999,446.92220000000003,121.49799999999999,446.92220000000003,121.55210000000001
447.4043,125.84900000000002,447.4043,123.7255,447.4043,121.1198,447.4043,121.05779999999999
447.8864,125.25140000000002,447.8864,123.1533,447.8864,120.7147,447.8864,120.66069999999999
448.36850000000004,124.8475,448.36850000000004,122.6615,448.36850000000004,120.4569,448.36850000000004,120.4926
448.8506,124.6219,448.8506,122.1571,448.8506,120.0069,448.8506,120.2475
449.3328,124.5443,449.3328,121.71799999999999,449.3328,119.701,449.3328,120.0842
449.81489999999997,124.5794,449.81489999999997,121.3733,449.81489999999997,119.56070000000001,449.81489999999997,119.9607
450.297,124.6869,450.297,121.0264,450.297,119.4329,450.297,119.7373
450.7791,124.81450000000001,450.7791,120.637,450.7791,119.25529999999999,450.7791,119.3671
451.2612,124.89580000000001,451.2612,120.4131,451.2612,119.23710000000001,451.2612,119.0789
451.74330000000003,124.86410000000001,451.74330000000003,120.14720000000001,451.74330000000003,119.1433,451.74330000000003,118.7076
452.2255,124.6832,452.2255,119.8202,452.2255,118.94009999999999,452.2255,118.2919
452.7076,124.3786,452.7076,119.4452,452.7076,118.63730000000001,452.7076,117.8898
453.18969999999996,124.03960000000001,453.18969999999996,119.1484,453.18969999999996,118.3825,453.18969999999996,117.6422
453.6718000000001,123.78059999999999,453.6718000000001,118.8525,453.6718000000001,118.08030000000001,453.6718000000001,117.46000000000001
454.1539,123.69369999999999,454.1539,118.6709,454.1539,117.84989999999999,454.1539,117.41619999999999
454.63599999999997,123.8192,454.63599999999997,118.72739999999999,454.63599999999997,117.81459999999998,454.63599999999997,117.60159999999999
455.1182,124.13940000000001,455.1182,119.04029999999999,455.1182,117.9964,455.1182,118.0034
455.60030000000006,124.58160000000001,455.60030000000006,119.39249999999998,455.60030000000006,118.19569999999999,455.60030000000006,118.36850000000001
456.0824,125.0303,456.0824,119.7611,456.0824,118.4075,456.0824,118.67320000000001
456.5645,125.3503,456.5645,120.0516,456.5645,118.57409999999999,456.5645,118.84079999999999
457.04659999999996,125.43180000000001,457.04659999999996,120.29419999999999,457.04659999999996,118.7912,457.04659999999996,118.9523
457.5287,125.2348,457.5287,120.1347,457.5287,118.7206,457.5287,118.6941
458.0109,124.80120000000001,458.0109,119.74910000000001,458.0109,118.528,458.0109,118.30330000000001
458.493,124.2192,458.493,119.22630000000001,458.493,118.14370000000001,458.493,117.81330000000001
458.9751,123.57480000000001,458.9751,118.4491,458.9751,117.6186,458.9751,117.1946
459.45720000000006,122.92460000000001,459.45720000000006,117.716,459.45720000000006,117.12169999999999,459.45720000000006,116.63550000000001
459.9393,122.30149999999999,459.9393,117.0922,459.9393,116.50590000000001,459.9393,116.1311
460.4214,121.7313,460.4214,116.39930000000001,460.4214,115.8534,460.4214,115.52279999999999
460.9036,121.24459999999999,460.9036,115.82939999999999,460.9036,115.265,460.9036,114.96509999999999
461.38570000000004,120.87650000000001,461.38570000000004,115.3952,461.38570000000004,114.77850000000001,461.38570000000004,114.4674
461.8678,120.6588,461.8678,115.25099999999999,461.8678,114.5578,461.8678,114.2142
462.3499,120.6085,462.3499,115.2943,462.3499,114.5213,462.3499,114.11500000000001
462.83200000000005,120.71929999999999,462.83200000000005,115.5915,462.83200000000005,114.7449,462.83200000000005,114.2404
463.3141,120.9609,463.3141,116.1221,463.3141,115.19680000000001,463.3141,114.6042
463.79630000000003,121.2858,463.79630000000003,116.594,463.79630000000003,115.5911,463.79630000000003,114.914
464.2784,121.6447,464.2784,117.10989999999998,464.2784,116.03080000000001,464.2784,115.2841
464.76050000000004,121.99789999999999,464.76050000000004,117.55290000000001,464.76050000000004,116.3807,464.76050000000004,115.604
465.24260000000004,122.31739999999999,465.24260000000004,117.9761,465.24260000000004,116.69529999999999,465.24260000000004,115.9264
465.7247,122.5805,465.7247,118.27829999999999,465.7247,116.835,465.7247,116.1702
466.2068,122.7613,466.2068,118.4128,466.2068,116.78,466.2068,116.2918
466.689,122.83139999999999,466.689,118.478,466.689,116.6449,466.689,116.41029999999999
467.1711,122.7727,467.1711,118.40079999999999,467.1711,116.4106,467.1711,116.45490000000001
467.65319999999997,122.59660000000001,467.65319999999997,118.17420000000001,467.65319999999997,116.08510000000001,467.65319999999997,116.4053
468.1353,122.3554,468.1353,117.86050000000002,468.1353,115.75,468.1353,116.2951
468.61740000000003,122.13080000000001,468.61740000000003,117.5457,468.61740000000003,115.49609999999998,468.61740000000003,116.17450000000001
469.0995,122.0059,469.0995,117.4812,469.0995,115.5772,469.0995,116.2765
469.5817,122.0379,469.5817,117.4095,469.5817,115.674,469.5817,116.2974
470.06379999999996,122.24490000000002,470.06379999999996,117.5322,470.06379999999996,115.9756,470.06379999999996,116.446
470.5459,122.6042,470.5459,117.7904,470.5459,116.3974,470.5459,116.6701
471.028,123.0583,471.028,118.0677,471.028,116.8001,471.028,116.8712
471.51009999999997,123.53110000000001,471.51009999999997,118.34400000000001,471.51009999999997,117.16290000000001,471.51009999999997,117.02349999999998
471.9922,123.9536,471.9922,118.7897,471.9922,117.6666,471.9922,117.37169999999999
472.4744,124.2932,472.4744,119.462,472.4744,118.38690000000001,472.4744,117.9973
472.9565,124.5617,472.9565,119.8457,472.9565,118.7992,472.9565,118.3151
473.43859999999995,124.7962,473.43859999999995,120.1006,473.43859999999995,119.06970000000001,473.43859999999995,118.53370000000001
473.9207,125.0245,473.9207,120.3618,473.9207,119.3618,473.9207,118.7821
474.4028,125.2466,474.4028,120.6292,474.4028,119.65790000000001,474.4028,119.0531
474.8849,125.437,474.8849,120.701,474.8849,119.73169999999999,474.8849,119.09320000000001
475.3671,125.563,475.3671,120.6019,475.3671,119.645,475.3671,118.9303
475.84920000000005,125.6045,475.84920000000005,120.987,475.84920000000005,120.09400000000001,475.84920000000005,119.3133
476.3313,125.56609999999999,476.3313,120.92719999999998,476.3313,120.08680000000001,476.3313,119.2183
476.8134,125.4742,476.8134,120.88419999999999,476.8134,120.1107,476.8134,119.1771
477.29549999999995,125.3627,477.29549999999995,120.8521,477.29549999999995,120.1378,477.29549999999995,119.20759999999999
477.7776,125.25629999999998,477.7776,120.7959,477.7776,120.117,477.7776,119.2517
478.25980000000004,125.15950000000001,478.25980000000004,120.61200000000001,478.25980000000004,119.9044,478.25980000000004,119.17169999999999
478.7419,125.0581,478.7419,120.60869999999998,478.7419,119.9012,478.7419,119.3762
479.22399999999993,124.9303,479.22399999999993,120.3697,479.22399999999993,119.71719999999999,479.22399999999993,119.3972
479.70610000000005,124.7611,479.70610000000005,120.0909,479.70610000000005,119.3616,479.70610000000005,119.2908
480.1882,124.5489,480.1882,119.95450000000001,480.1882,119.0069,480.1882,119.1824
480.6703,124.30270000000002,480.6703,119.6283,480.6703,118.6229,480.6703,118.94659999999999
481.1525,124.03299999999999,481.1525,119.3135,481.1525,118.2746,481.1525,118.66479999999999
481.63460000000003,123.7436,481.63460000000003,119.0435,481.63460000000003,117.9489,481.63460000000003,118.35530000000001
482.1167,123.4321,482.1167,118.77340000000001,482.1167,117.6796,482.1167,118.0218
482.5988,123.0982,482.5988,118.57280000000002,482.5988,117.4936,482.5988,117.7478
483.08090000000004,122.75560000000002,483.08090000000004,118.2258,483.08090000000004,117.19470000000001,483.08090000000004,117.3249
483.563,122.4365,483.563,117.90180000000001,483.563,116.94690000000001,483.563,116.9293
484.0452,122.18379999999999,484.0452,117.86149999999999,484.0452,116.98330000000001,484.0452,116.83810000000001
484.52729999999997,122.0308,484.52729999999997,117.70089999999999,484.52729999999997,116.9008,484.52729999999997,116.6101
485.0094,121.98089999999999,485.0094,117.66799999999999,485.0094,116.9778,485.0094,116.5348
485.49150000000003,122.0,485.49150000000003,117.6394,485.49150000000003,117.0865,485.49150000000003,116.49419999999999
485.9736,122.02569999999999,485.9736,117.7886,485.9736,117.3236,485.9736,116.6094
486.4557,121.9909,486.4557,117.5636,486.4557,117.20809999999999,486.4557,116.3548
486.9379,121.85239999999999,486.9379,117.4555,486.9379,117.19980000000001,486.9379,116.24319999999999
487.42,121.60839999999999,487.42,117.1039,487.42,116.95579999999998,487.42,115.9314
487.90209999999996,121.29780000000001,487.90209999999996,116.743,487.90209999999996,116.6328,487.90209999999996,115.57159999999999
488.38419999999996,120.9796,488.38419999999996,116.33800000000001,488.38419999999996,116.23989999999999,488.38419999999996,115.1578
488.8663,120.70719999999999,488.8663,115.9953,488.8663,115.8731,488.8663,114.80520000000001
489.34839999999997,120.5065,489.34839999999997,115.69460000000001,489.34839999999997,115.4704,489.34839999999997,114.47099999999999
489.8306,120.36919999999999,489.8306,115.57379999999999,489.8306,115.2134,489.8306,114.3194
490.31269999999995,120.25999999999999,490.31269999999995,115.38919999999999,490.31269999999995,114.8841,490.31269999999995,114.1024
490.7948,120.1349,490.7948,115.18839999999999,490.7948,114.5413,490.7948,113.8855
491.2769,119.9629,491.2769,114.9602,491.2769,114.1951,491.2769,113.6639
491.75899999999996,119.7402,491.75899999999996,114.9622,491.75899999999996,114.1386,491.75899999999996,113.71480000000001
492.2411,119.4875,492.2411,114.6725,492.2411,113.8109,492.2411,113.44030000000001
492.7233,119.2358,492.7233,114.507,492.7233,113.63699999999999,492.7233,113.31020000000001
493.2054,119.0084,493.2054,114.3601,493.2054,113.496,493.2054,113.18459999999999
493.68749999999994,118.8111,493.68749999999994,114.26570000000001,493.68749999999994,113.405,493.68749999999994,113.1041
494.16960000000006,118.635,494.16960000000006,114.21520000000001,494.16960000000006,113.3348,494.16960000000006,113.0509
494.6517,118.4655,494.6517,114.1375,494.6517,113.2785,494.6517,113.0296
495.1339,118.29399999999998,495.1339,113.9024,495.1339,113.0933,495.1339,112.89590000000001
495.616,118.12339999999999,495.616,113.67099999999999,495.616,112.9343,495.616,112.7739
496.09810000000004,117.9648,496.09810000000004,113.51480000000001,496.09810000000004,112.8685,496.09810000000004,112.73219999999999
496.5802,117.82999999999998,496.5802,113.3605,496.5802,112.83160000000001,496.5802,112.6789
497.0623,117.72409999999999,497.0623,113.1911,497.0623,112.7344,497.0623,112.5613
497.54439999999994,117.64350000000002,497.54439999999994,113.1634,497.54439999999994,112.8131,497.54439999999994,112.5578
498.02660000000003,117.57990000000001,498.02660000000003,113.1027,498.02660000000003,112.8281,498.02660000000003,112.4565
498.5087,117.52910000000001,498.5087,113.143,498.5087,112.923,498.5087,112.4391
498.9908,117.4959,498.9908,113.0812,498.9908,112.86290000000001,498.9908,112.27529999999999
499.4729,117.4944,499.4729,112.86540000000001,499.4729,112.6248,499.4729,111.9809
499.95500000000004,117.53899999999999,499.95500000000004,112.94290000000001,499.95500000000004,112.6963,499.95500000000004,112.03940000000001
500.4371,117.6326,500.4371,112.82589999999999,500.4371,112.53949999999999,500.4371,111.89519999999999
500.91929999999996,117.7563,500.91929999999996,112.7284,500.91929999999996,112.4112,500.91929999999996,111.80730000000001
501.4014,117.8679,501.4014,112.7313,501.4014,112.36749999999999,501.4014,111.8413
501.8835,117.9141,501.8835,112.6117,501.8835,112.1866,501.8835,111.74889999999999
502.3656,117.85619999999999,502.3656,112.4924,502.3656,112.01650000000001,502.3656,111.6727
502.8477,117.6929,502.8477,112.2714,502.8477,111.7137,502.8477,111.4748
503.32990000000007,117.4649,503.32990000000007,112.1229,503.32990000000007,111.4632,503.32990000000007,111.33709999999999
503.812,117.2363,503.812,111.9964,503.812,111.2657,503.812,111.24199999999999
504.2941,117.0685,504.2941,112.00030000000001,504.2941,111.18209999999999,504.2941,111.25339999999998
504.77619999999996,117.00170000000001,504.77619999999996,112.108,504.77619999999996,111.22019999999999,504.77619999999996,111.3583
505.2583,117.0485,505.2583,112.2145,505.2583,111.2701,505.2583,111.43799999999999
505.7404,117.19520000000001,505.7404,112.4785,505.7404,111.5402,505.7404,111.7208
506.2226,117.4107,506.2226,112.66890000000001,506.2226,111.80669999999999,506.2226,111.9162
506.70469999999995,117.65870000000001,506.70469999999995,112.8493,506.70469999999995,112.0141,506.70469999999995,112.0608
507.1868,117.9103,507.1868,112.9782,507.1868,112.17680000000001,507.1868,112.1483
507.6689,118.1509,507.6689,113.17280000000001,507.6689,112.39699999999999,507.6689,112.29830000000001
508.15099999999995,118.378,508.15099999999995,113.3716,508.15099999999995,112.616,508.15099999999995,112.4552
508.6331,118.59299999999999,508.6331,113.53550000000001,508.6331,112.78680000000001,508.6331,112.59049999999999
509.11530000000005,118.792,509.11530000000005,113.5137,509.11530000000005,112.83460000000001,509.11530000000005,112.61680000000001
509.5974,118.96340000000001,509.5974,113.4976,509.5974,112.87780000000001,509.5974,112.6579
510.0795,119.09049999999999,510.0795,113.7573,510.0795,112.9502,510.0795,112.8238
510.56160000000006,119.1584,510.56160000000006,113.82539999999999,510.56160000000006,112.92450000000001,510.56160000000006,112.89500000000001
511.0437,119.15899999999999,511.0437,113.88449999999999,511.0437,112.78960000000001,511.0437,112.9584
511.5258,119.09190000000001,511.5258,113.7356,511.5258,112.57239999999999,511.5258,112.85020000000002
512.0079,118.9616,512.0079,113.54090000000001,512.0079,112.3397,512.0079,112.71100000000001
512.4901,118.77359999999999,512.4901,113.3499,512.4901,112.1798,512.4901,112.58630000000001
512.9722,118.5343,512.9722,113.1433,512.9722,112.06620000000001,512.9722,112.4514
513.4543,118.25479999999999,513.4543,112.80930000000001,513.4543,111.8288,513.4543,112.19120000000001
513.9363999999999,117.95580000000001,513.9363999999999,112.47,513.9363999999999,111.6068,513.9363999999999,111.91
514.4185,117.669,514.4185,112.15090000000001,514.4185,111.4074,514.4185,111.6263
514.9005999999999,117.4331,514.9005999999999,111.88329999999999,514.9005999999999,111.2466,514.9005999999999,111.36729999999999
515.3828,117.2828,515.3828,111.7084,515.3828,111.15010000000001,515.3828,111.1691
515.8648999999999,117.2369,515.8648999999999,111.6569,515.8648999999999,111.1399,515.8648999999999,111.05959999999999
516.347,117.2882,516.347,111.54809999999999,516.347,111.1282,516.347,110.93329999999999
516.8291,117.40280000000001,516.8291,111.57969999999999,516.8291,111.28009999999999,516.8291,110.93990000000001
517.3112,117.5287,517.3112,111.84270000000001,517.3112,111.4787,517.3112,111.0479
517.7933,117.6159,517.7933,111.866,517.7933,111.58449999999999,517.7933,111.0219
518.2755,117.6348,518.2755,111.9737,518.2755,111.50070000000001,518.2755,111.0174
518.7576,117.58619999999999,518.7576,112.0767,518.7576,111.5745,518.7576,111.00760000000001
519.2397,117.4939,519.2397,112.0925,519.2397,111.5814,519.2397,110.9531
519.7218,117.38820000000001,519.7218,112.087,519.7218,111.5604,519.7218,110.9011
520.2039,117.289,520.2039,112.0679,520.2039,111.52409999999999,520.2039,110.8607
520.686,117.1996,520.686,112.03080000000001,520.686,111.47339999999998,520.686,110.8246
521.1682,117.1095,521.1682,111.96440000000001,521.1682,111.4005,521.1682,110.7739
521.6503,117.00299999999999,521.6503,111.85849999999999,521.6503,111.2965,521.6503,110.68910000000001
522.1324,116.86829999999999,522.1324,111.7021,522.1324,111.1553,522.1324,110.5541
522.6145,116.7015,522.6145,111.57060000000001,522.6145,111.00129999999999,522.6145,110.4041
523.0966000000001,116.5046,523.0966000000001,111.21719999999999,523.0966000000001,110.72930000000001,523.0966000000001,110.10409999999999
523.5787,116.2817,523.5787,110.83050000000001,523.5787,110.47210000000001,523.5787,109.7947
524.0609000000001,116.03490000000001,524.0609000000001,110.6258,524.0609000000001,110.25689999999999,524.0609000000001,109.5774
524.543,115.76599999999999,524.543,110.47240000000001,524.543,110.0883,524.543,109.422
525.0251000000001,115.4823,525.0251000000001,110.2747,525.0251000000001,109.8535,525.0251000000001,109.2476
525.5072,115.2026,525.5072,110.1996,525.5072,109.65169999999999,525.5072,109.16619999999999
525.9893,114.9576,525.9893,109.96490000000001,525.9893,109.4076,525.9893,109.0373
526.4714,114.78150000000001,526.4714,109.75280000000001,526.4714,109.20639999999999,526.4714,108.9561
526.9536,114.6973,526.9536,109.70979999999999,526.9536,109.1486,526.9536,109.0112
527.4357,114.70700000000001,527.4357,109.9607,527.4357,109.2638,527.4357,109.24780000000001
527.9177999999999,114.7902,527.9177999999999,110.15729999999999,527.9177999999999,109.4346,527.9177999999999,109.4746
528.3999,114.9125,528.3999,110.3204,528.3999,109.59239999999998,528.3999,109.6589
528.8821,115.0375,528.8821,110.493,528.8821,109.7466,528.8821,109.81700000000001
529.3641,115.1389,529.3641,110.64970000000001,529.3641,109.8653,529.3641,109.9246
529.8463,115.2082,529.8463,110.7759,529.8463,109.9343,529.8463,109.9737
530.3284,115.2537,530.3284,110.8716,530.3284,109.9598,530.3284,109.9756
530.8105,115.2922,530.8105,110.9481,530.8105,109.9607,530.8105,109.9554
531.2926,115.3356,531.2926,111.01650000000001,531.2926,109.95479999999999,531.2926,109.93809999999999
531.7748,115.381,531.7748,111.07629999999999,531.7748,109.94600000000001,531.7748,109.93660000000001
532.2568,115.409,532.2568,111.1124,532.2568,109.921,532.2568,109.9458
532.739,115.39150000000001,532.739,111.1017,532.739,109.8571,532.739,109.9471
533.2211,115.3076,533.2211,111.0244,533.2211,109.7364,533.2211,109.9194
533.7031999999999,115.15599999999999,533.7031999999999,110.87089999999999,533.7031999999999,109.5582,533.7031999999999,109.84899999999999
534.1853000000001,114.96170000000001,534.1853000000001,110.6654,534.1853000000001,109.3494,534.1853000000001,109.7451
534.6675,114.76820000000001,534.6675,110.4495,534.6675,109.15429999999999,534.6675,109.63229999999999
535.1495,114.623,535.1495,110.2666,535.1495,109.01769999999999,535.1495,109.53930000000001
535.6317,114.561,535.6317,110.1518,535.6317,108.9693,535.6317,109.48800000000001
536.1138000000001,114.595,536.1138000000001,110.1229,536.1138000000001,109.0149,536.1138000000001,109.48649999999999
536.5959,114.7137,536.5959,110.1807,536.5959,109.1371,536.5959,109.5283
537.078,114.88959999999999,537.078,110.3098,537.078,109.3051,537.078,109.5968
537.5602,115.09039999999999,537.5602,110.48580000000001,537.5602,109.4876,537.5602,109.6735
538.0422,115.2893,538.0422,110.6916,538.0422,109.6675,538.0422,109.74980000000001
538.5244,115.4704,538.5244,110.9183,538.5244,109.84389999999999,538.5244,109.82879999999999
539.0065,115.62619999999998,539.0065,110.981,539.0065,109.9307,539.0065,109.8102
539.4885999999999,115.7531,539.4885999999999,111.0803,539.4885999999999,110.08290000000001,539.4885999999999,109.8491
539.9707000000001,115.847,539.9707000000001,111.2704,539.9707000000001,110.26910000000001,539.9707000000001,109.95759999999999
540.4529,115.9041,540.4529,111.40889999999999,540.4529,110.4414,540.4529,110.07000000000001
540.9349,115.9248,540.9349,111.47769999999998,540.9349,110.5788,540.9349,110.175
541.4171,115.9175,541.4171,111.6953,541.4171,110.75120000000001,541.4171,110.38369999999999
541.8992000000001,115.8988,541.8992000000001,111.74109999999999,541.8992000000001,110.8614,541.8992000000001,110.5288
542.3813,115.88799999999999,542.3813,111.69279999999999,542.3813,110.88759999999999,542.3813,110.61399999999999
542.8634,115.8985,542.8634,111.6558,542.8634,110.8986,542.8634,110.69359999999999
543.3456,115.93130000000001,543.3456,111.64410000000001,543.3456,110.90390000000001,543.3456,110.76060000000001
543.8276,115.97470000000001,543.8276,111.7073,543.8276,110.9637,543.8276,110.8514
544.3098,116.0095,544.3098,111.7337,544.3098,110.9516,544.3098,110.85780000000001
544.7918999999999,116.01969999999999,544.7918999999999,111.7499,544.7918999999999,110.90729999999999,544.7918999999999,110.815
545.274,116.0023,545.274,111.7243,545.274,110.8006,545.274,110.71010000000001
545.7561000000001,115.97120000000001,545.7561000000001,111.73580000000001,545.7561000000001,110.72949999999999,545.7561000000001,110.6387
546.2383,115.95070000000001,546.2383,111.652,546.2383,110.5814,546.2383,110.5127
546.7203,115.9635,546.7203,111.67620000000001,546.7203,110.51429999999999,546.7203,110.4894
547.2025,116.01809999999999,547.2025,111.75170000000001,547.2025,110.49990000000001,547.2025,110.53150000000001
547.6846,116.1032,547.6846,111.87800000000001,547.6846,110.54260000000001,547.6846,110.62819999999999
548.1667,116.19120000000001,548.1667,112.01870000000001,548.1667,110.61989999999999,548.1667,110.73809999999999
548.6487999999999,116.249,548.6487999999999,112.05760000000001,548.6487999999999,110.66180000000001,548.6487999999999,110.7697
549.1310000000001,116.25229999999999,549.1310000000001,112.1086,549.1310000000001,110.70150000000001,549.1310000000001,110.7707
549.6129999999999,116.1946,549.6129999999999,112.0817,549.6129999999999,110.7056,549.6129999999999,110.6952
550.0952,116.08840000000001,550.0952,111.9883,550.0952,110.6786,550.0952,110.5618
550.5772999999999,115.9578,550.5772999999999,111.8506,550.5772999999999,110.6311,550.5772999999999,110.4018
551.0594,115.8275,551.0594,111.69039999999998,551.0594,110.57289999999999,551.0594,110.2465
551.5415,115.7144,551.5415,111.52839999999999,551.5415,110.51249999999999,551.5415,110.1207
552.0237,115.62429999999999,552.0237,111.35029999999999,552.0237,110.4177,552.0237,110.00829999999999
552.5057,115.55539999999999,552.5057,111.154,552.5057,110.27860000000001,552.5057,109.8999
552.9879,115.50309999999999,552.9879,111.01160000000002,552.9879,110.19030000000001,552.9879,109.85860000000001
553.47,115.4634,553.47,110.8135,553.47,110.0578,553.47,109.7831
553.9521,115.43319999999999,553.9521,110.68990000000001,553.9521,109.97269999999999,553.9521,109.74889999999999
554.4342,115.4077,554.4342,110.6127,554.4342,109.92169999999999,554.4342,109.7268
554.9164000000001,115.378,554.9164000000001,110.56230000000001,554.9164000000001,109.8924,554.9164000000001,109.6955
555.3984,115.3315,555.3984,110.54330000000002,555.3984,109.8819,555.3984,109.6525
555.8806,115.25659999999999,555.8806,110.538,555.8806,109.8685,555.8806,109.5839
556.3627,115.14949999999999,556.3627,110.46940000000001,556.3627,109.79209999999999,556.3627,109.44099999999999
556.8448,115.01870000000001,556.8448,110.38889999999999,556.8448,109.6835,556.8448,109.2687
557.3269,114.8846,557.3269,110.3099,557.3269,109.5559,557.3269,109.09120000000001
557.8091,114.7723,557.8091,110.252,557.8091,109.4323,557.8091,108.9385
558.2911,114.70169999999999,558.2911,110.23290000000001,558.2911,109.3356,558.2911,108.83709999999999
558.7733000000001,114.6798,558.7733000000001,110.08340000000001,558.7733000000001,109.1828,558.7733000000001,108.6915
559.2554,114.6983,559.2554,110.09150000000001,559.2554,109.19650000000001,559.2554,108.713
559.7375,114.73819999999999,559.7375,110.1557,559.7375,109.19049999999999,559.7375,108.76840000000001
560.2196,114.7789,560.2196,110.2039,560.2196,109.17790000000001,560.2196,108.83279999999999
560.7018,114.8066,560.7018,110.2231,560.7018,109.14829999999999,560.7018,108.8881
561.1838,114.82000000000001,561.1838,110.1934,561.1838,109.08409999999999,561.1838,108.91010000000001
561.6659999999999,114.82650000000001,561.6659999999999,110.32509999999999,561.6659999999999,109.0732,561.6659999999999,109.0095
562.1481,114.8352,562.1481,110.34759999999999,562.1481,109.09599999999999,562.1481,109.0789
562.6302,114.8481,562.6302,110.3048,562.6302,109.10459999999999,562.6302,109.1073
563.1123,114.8568,563.1123,110.25590000000001,563.1123,109.1369,563.1123,109.1338
563.5944999999999,114.8458,563.5944999999999,110.1885,563.5944999999999,109.17360000000001,563.5944999999999,109.14580000000001
564.0765,114.801,564.0765,110.09169999999999,564.0765,109.19099999999999,564.0765,109.1297
564.5587,114.7182,564.5587,109.9628,564.5587,109.1704,564.5587,109.0779
565.0408,114.6083,565.0408,109.8127,565.0408,109.10759999999999,565.0408,108.9949
565.5229,114.4929,565.5229,109.6635,565.5229,109.0133,565.5229,108.8961
566.005,114.3955,566.005,109.5405,566.005,108.908,566.005,108.80179999999999
566.4872,114.33059999999999,566.4872,109.46150000000002,566.4872,108.81110000000001,566.4872,108.7273
566.9692,114.29830000000001,566.9692,109.42940000000002,566.9692,108.73330000000001,566.9692,108.67670000000001
567.4514,114.2845,567.4514,109.43169999999999,567.4514,108.67370000000001,567.4514,108.642
567.9335,114.2694,567.9335,109.4467,567.9335,108.62389999999999,567.9335,108.60780000000001
568.4155999999999,114.23840000000001,568.4155999999999,109.51759999999999,568.4155999999999,108.6526,568.4155999999999,108.6228
568.8977,114.19030000000001,568.8977,109.499,568.8977,108.59639999999999,568.8977,108.5523
569.3799,114.1388,569.3799,109.3939,569.3799,108.4981,569.3799,108.42309999999999
569.8619,114.1049,569.8619,109.3947,569.8619,108.48420000000002,569.8619,108.37060000000001
570.3441,114.10709999999999,570.3441,109.4324,570.3441,108.50489999999999,570.3441,108.35239999999999
570.8262,114.1524,570.8262,109.4584,570.8262,108.52010000000001,570.8262,108.3382
571.3083,114.23410000000001,571.3083,109.5188,571.3083,108.5501,571.3083,108.35950000000001
571.7904,114.3358,571.7904,109.6046,571.7904,108.5801,571.7904,108.4084
572.2726,114.43920000000001,572.2726,109.70089999999999,572.2726,108.59589999999999,572.2726,108.4723
572.7546,114.5327,572.7546,109.71459999999999,572.7546,108.5385,572.7546,108.4857
573.2368,114.6137,573.2368,109.7931,573.2368,108.5135,573.2368,108.546
573.7189,114.6876,573.7189,109.8617,573.7189,108.4833,573.7189,108.60069999999999
574.2009999999999,114.761,574.2009999999999,109.921,574.2009999999999,108.45880000000001,574.2009999999999,108.64750000000001
574.6831,114.8365,574.6831,109.9721,574.6831,108.4473,574.6831,108.6839
575.1653,114.91,575.1653,110.0133,575.1653,108.4486,575.1653,108.70599999999999
575.6473,114.97200000000001,575.6473,110.04050000000001,575.6473,108.45720000000001,575.6473,108.71059999999999
576.1295,115.01310000000001,576.1295,110.04899999999999,576.1295,108.46629999999999,576.1295,108.6989
576.6116000000001,115.02980000000001,576.6116000000001,110.037,576.6116000000001,108.4735,576.6116000000001,108.6781
577.0938,115.0258,577.0938,110.0062,577.0938,108.4826,577.0938,108.6611
577.5758,115.0102,577.5758,109.9605,577.5758,108.5023,577.5758,108.6614
578.058,114.9928,578.058,109.90530000000001,578.058,108.54079999999999,578.058,108.689
578.54,114.9812,578.54,109.84639999999999,578.54,108.60289999999999,578.54,108.7475
579.0222,114.9797,579.0222,109.79160000000002,579.0222,108.6872,579.0222,108.8335
579.5043,114.99170000000001,579.5043,109.75269999999999,579.5043,108.788,579.5043,108.9391
579.9865000000001,115.0213,579.9865000000001,109.74470000000001,579.9865000000001,108.8971,579.9865000000001,109.0547
580.4685000000001,115.0746,580.4685000000001,109.7831,580.4685000000001,109.00710000000001,580.4685000000001,109.1709
580.9507,115.15679999999999,580.9507,109.8762,580.9507,109.1123,580.9507,109.28009999999999
581.4327000000001,115.26799999999999,581.4327000000001,110.0196,581.4327000000001,109.20779999999999,581.4327000000001,109.37509999999999
581.9149,115.3999,581.9149,110.19300000000001,581.9149,109.28849999999998,581.9149,109.4479
582.397,115.53580000000001,582.397,110.3639,582.397,109.34729999999999,582.397,109.49029999999999
582.8792,115.6543,582.8792,110.4962,582.8792,109.3778,582.8792,109.49560000000001
583.3612,115.73629999999999,583.3612,110.5618,583.3612,109.3767,583.3612,109.46279999999999
583.8434000000001,115.77159999999999,583.8434000000001,110.55040000000001,583.8434000000001,109.347,583.8434000000001,109.39920000000001
584.3254,115.76279999999998,584.3254,110.4732,584.3254,109.2988,584.3254,109.3205
584.8076,115.72279999999999,584.8076,110.3588,584.8076,109.2457,584.8076,109.24629999999999
585.2897,115.66890000000001,585.2897,110.2429,585.2897,109.1995,585.2897,109.1929
585.7719000000001,115.61460000000001,585.7719000000001,110.15489999999998,585.7719000000001,109.1644,585.7719000000001,109.1672
586.2539,115.56450000000001,586.2539,110.10940000000001,586.2539,109.13470000000001,586.2539,109.16300000000001
586.7361,115.5141,586.7361,110.10329999999999,586.7361,109.09800000000001,586.7361,109.1643
587.2181,115.45239999999998,587.2181,110.1189,587.2181,109.0386,587.2181,109.1489
587.7003,115.37280000000001,587.7003,110.13759999999999,587.7003,108.95079999999999,587.7003,109.1032
588.1824,115.2736,588.1824,110.1434,588.1824,108.83709999999999,588.1824,109.0217
588.6646,115.1595,588.6646,110.12740000000001,588.6646,108.7076,588.6646,108.9083
589.1466,115.03969999999998,589.1466,110.08720000000001,589.1466,108.5755,589.1466,108.77399999999999
589.6288000000001,114.9228,589.6288000000001,110.02369999999999,589.6288000000001,108.4505,589.6288000000001,108.63149999999999
590.1107999999999,114.81490000000001,590.1107999999999,109.93789999999998,590.1107999999999,108.3364,590.1107999999999,108.49199999999999
590.593,114.7187,590.593,109.8307,590.593,108.2313,590.593,108.3644
591.0751,114.6358,591.0751,109.70530000000001,591.0751,108.13159999999999,591.0751,108.2561
591.5573,114.5694,591.5573,109.57,591.5573,108.0378,591.5573,108.1737
592.0393,114.52439999999999,592.0393,109.4389,592.0393,107.9567,592.0393,108.12310000000001
592.5215,114.506,592.5215,109.32839999999999,592.5215,107.89930000000001,592.5215,108.1067
593.0035,114.51500000000001,593.0035,109.2514,593.0035,107.87580000000001,593.0035,108.1206
593.4857,114.54580000000001,593.4857,109.2116,593.4857,107.8881,593.4857,108.1535
593.9678,114.58630000000001,593.9678,109.20160000000001,593.9678,107.92779999999999,593.9678,108.1882
594.4499999999999,114.62140000000001,594.4499999999999,109.2052,594.4499999999999,107.97680000000001,594.4499999999999,108.206
594.932,114.6388,594.932,109.2044,594.932,108.01400000000001,594.932,108.19350000000001
595.4142,114.6341,595.4142,109.1853,595.4142,108.0225,595.4142,108.14630000000001
595.8961999999999,114.6121,595.8961999999999,109.14410000000001,595.8961999999999,107.9953,595.8961999999999,108.07100000000001
596.3784,114.5844,596.3784,109.08690000000001,596.3784,107.9368,596.3784,107.9812
596.8605,114.56280000000001,596.8605,109.02560000000001,596.8605,107.85880000000002,596.8605,107.8913
597.3427,114.5532,597.3427,108.9713,597.3427,107.7742,597.3427,107.8092
597.8247,114.5518,597.8247,108.9287,597.8247,107.69059999999999,597.8247,107.73360000000001
598.3069,114.54729999999999,598.3069,108.8935,598.3069,107.60780000000001,598.3069,107.65469999999999
598.7889,114.5267,598.7889,108.85499999999999,598.7889,107.5199,598.7889,107.56099999999999
599.2710999999999,114.48240000000001,599.2710999999999,108.8009,599.2710999999999,107.42,599.2710999999999,107.4453
599.7532,114.41749999999999,599.7532,108.7234,599.7532,107.3061,599.7532,107.3107
600.2354,114.34649999999999,600.2354,108.623,600.2354,107.1836,600.2354,107.17080000000001
600.7174,114.28989999999999,600.7174,108.5084,600.7174,107.0641,600.7174,107.0446
601.1996,114.26669999999999,601.1996,108.393,601.1996,106.9612,601.1996,106.94980000000001
601.6816,114.28819999999999,601.6816,108.2906,601.6816,106.88470000000001,601.6816,106.8959
602.1638,114.3553,602.1638,108.21130000000001,602.1638,106.8375,602.1638,106.88260000000001
602.6459,114.46069999999999,602.6459,108.1598,602.6459,106.815,602.6459,106.9006
603.1281,114.5924,603.1281,108.1351,603.1281,106.8067,603.1281,106.93570000000001
603.6101,114.7377,603.6101,108.1312,603.6101,106.7999,603.6101,106.9721
604.0923,114.8854,604.0923,108.1376,604.0923,106.78160000000001,604.0923,106.9961
604.5743,115.025,604.5743,108.1402,604.5743,106.741,604.5743,106.9957
605.0565,115.1465,605.0565,108.12280000000001,605.0565,106.6696,605.0565,106.9607
605.5386000000001,115.24000000000001,605.5386000000001,108.0708,605.5386000000001,106.56209999999999,605.5386000000001,106.88409999999999
606.0208,115.2979,606.0208,107.97449999999999,606.0208,106.4174,606.0208,106.7625
606.5029,115.3181,606.5029,107.8335,606.5029,106.23910000000001,606.5029,106.59909999999999
606.985,115.30610000000001,606.985,107.6573,606.985,106.0359,606.985,106.4041
607.4671000000001,115.27449999999999,607.4671000000001,107.4639,607.4671000000001,105.82050000000001,607.4671000000001,106.1939
607.9492,115.23889999999999,607.9492,107.27409999999999,607.9492,105.60640000000001,607.9492,105.9863
608.4313,115.212,608.4313,107.1055,608.4313,105.4053,608.4313,105.7961
608.9135,115.1986,608.9135,106.96730000000001,608.9135,105.2242,608.9135,105.6307
609.3956000000001,115.19409999999999,609.3956000000001,106.8597,609.3956000000001,105.0659,609.3956000000001,105.48949999999999
609.8777,115.18790000000001,609.8777,106.7763,609.8777,104.93110000000001,609.8777,105.36710000000001
610.3598,115.1696,610.3598,106.7102,610.3598,104.8214,610.3598,105.25919999999999
610.8419,115.13640000000001,610.8419,106.6592,610.8419,104.7425,610.8419,105.1672
611.3240000000001,115.0955,611.3240000000001,106.62799999999999,611.3240000000001,104.7037,611.3240000000001,105.10060000000001
611.8062,115.0628,611.8062,106.6266,611.8062,104.7158,611.8062,105.07459999999999
612.2882999999999,115.0555,612.2882999999999,106.6646,612.2882999999999,104.7858,612.2882999999999,105.10390000000001
612.7704,115.08460000000001,612.7704,106.74600000000001,612.7704,104.91269999999999,612.7704,105.19579999999999
613.2525,115.1491,613.2525,106.8654,613.2525,105.08619999999999,613.2525,105.3463
613.7346,115.23589999999999,613.7346,107.00890000000001,613.7346,105.2879,613.7346,105.5395
614.2167,115.3244,614.2167,107.15920000000001,614.2167,105.4965,614.2167,105.7529
614.6989,115.3945,614.6989,107.3016,614.6989,105.694,614.6989,105.9639
615.181,115.4336,615.181,107.42920000000001,615.181,105.87,615.181,106.15619999999998
615.6631,115.44019999999999,615.6631,107.5442,615.6631,106.0229,615.6631,106.3228
616.1451999999999,115.4225,616.1451999999999,107.65500000000002,616.1451999999999,106.15790000000001,616.1451999999999,106.4651
616.6273,115.39329999999998,616.6273,107.7703,616.6273,106.2824,616.6273,106.58890000000001
617.1094,115.36439999999999,617.1094,107.8946,617.1094,106.40220000000001,617.1094,106.7003
617.5916,115.3421,617.5916,108.02510000000001,617.5916,106.51950000000001,617.5916,106.80290000000001
618.0736999999999,115.3269,618.0736999999999,108.1535,618.0736999999999,106.63380000000001,618.0736999999999,106.8976
618.5558000000001,115.3156,618.5558000000001,108.27040000000001,618.5558000000001,106.7442,618.5558000000001,106.9855
619.0379,115.3048,619.0379,108.3699,619.0379,106.8517,619.0379,107.06899999999999
619.52,115.2928,619.52,108.45169999999999,619.52,106.9593,619.52,107.1533
620.0020999999999,115.27940000000001,620.0020999999999,108.5194,620.0020999999999,107.06960000000001,620.0020999999999,107.24329999999999
620.4843000000001,115.2638,620.4843000000001,108.5779,620.4843000000001,107.1823,620.4843000000001,107.34079999999999
620.9664,115.24369999999999,620.9664,108.6298,620.9664,107.2919,620.9664,107.4424
621.4485,115.2158,621.4485,108.67469999999999,621.4485,107.3892,621.4485,107.54010000000001
621.9305999999999,115.17759999999998,621.9305999999999,108.7105,621.9305999999999,107.4645,621.9305999999999,107.62449999999998
622.4127,115.13009999999998,622.4127,108.7362,622.4127,107.51219999999999,622.4127,107.68960000000001
622.8948,115.07860000000001,622.8948,108.7544,622.8948,107.53399999999999,622.8948,107.7356
623.377,115.0314,623.377,108.7704,623.377,107.5375,623.377,107.7685
623.8590999999999,114.9966,623.8590999999999,108.7908,623.8590999999999,107.53379999999999,623.8590999999999,107.79719999999999
624.3412000000001,114.9778,624.3412000000001,108.81920000000001,624.3412000000001,107.5323,624.3412000000001,107.82830000000001
624.8233,114.97269999999999,624.8233,108.85430000000001,624.8233,107.53710000000001,624.8233,107.86290000000001
625.3054,114.9731,625.3054,108.8897,625.3054,107.54589999999999,625.3054,107.8951
625.7875,114.9694,625.7875,108.9163,625.7875,107.55239999999999,625.7875,107.9151
626.2697000000001,114.9547,626.2697000000001,108.92649999999999,626.2697000000001,107.5501,626.2697000000001,107.914
626.7518,114.9279,626.7518,108.91770000000001,626.7518,107.53600000000002,626.7518,107.88789999999999
627.2339,114.89340000000001,627.2339,108.8923,627.2339,107.51180000000001,627.2339,107.8395
627.716,114.8576,627.716,108.85640000000001,627.716,107.48230000000001,627.716,107.7763
628.1981,114.82459999999999,628.1981,108.8152,628.1981,107.4518,628.1981,107.7061
628.6802,114.79330000000002,628.6802,108.7707,628.6802,107.42180000000002,628.6802,107.6344
629.1623999999999,114.7572,629.1623999999999,108.721,629.1623999999999,107.3899,629.1623999999999,107.5623
629.6445,114.70750000000001,629.6445,108.6617,629.6445,107.3512,629.6445,107.4876
630.1266,114.6376,630.1266,108.58879999999999,630.1266,107.301,630.1266,107.4079
630.6087,114.54679999999999,630.6087,108.50150000000001,630.6087,107.2376,630.6087,107.3224
631.0908000000001,114.4406,631.0908000000001,108.40270000000001,631.0908000000001,107.1628,631.0908000000001,107.23339999999999
631.5729,114.3292,631.5729,108.2986,631.5729,107.0816,631.5729,107.1454
632.0551,114.22380000000001,632.0551,108.1962,632.0551,107.0,632.0551,107.0633
632.5372,114.1338,632.5372,108.1015,632.5372,106.9237,632.5372,106.9904
633.0193,114.0648,633.0193,108.0196,633.0193,106.85759999999999,633.0193,106.92859999999999
633.5014,114.01969999999999,633.5014,107.95509999999999,633.5014,106.8062,633.5014,106.87910000000001
633.9834999999999,113.99980000000001,633.9834999999999,107.913,633.9834999999999,106.77449999999999,633.9834999999999,106.8438
634.4656,114.0064,634.4656,107.89900000000002,634.4656,106.7671,634.4656,106.8267
634.9478,114.03920000000001,634.9478,107.91720000000001,634.9478,106.7869,634.9478,106.8319
635.4299,114.0957,635.4299,107.9677,635.4299,106.83229999999999,635.4299,106.8612
635.912,114.1683,635.912,108.04370000000002,635.912,106.89500000000001,635.912,106.91159999999999
636.3941,114.2451,636.3941,108.13090000000001,636.3941,106.96090000000001,636.3941,106.97350000000002
636.8762,114.3113,636.8762,108.21069999999999,636.8762,107.01270000000001,636.8762,107.0325
637.3583,114.35379999999999,637.3583,108.26480000000001,637.3583,107.0349,637.3583,107.0737
637.8405,114.3656,637.8405,108.281,637.8405,107.0191,637.8405,107.08619999999999
638.3226,114.3475,638.3226,108.25670000000001,638.3226,106.96589999999999,638.3226,107.06649999999999
638.8047,114.3073,638.8047,108.1992,638.8047,106.884,638.8047,107.0188
639.2868,114.25589999999998,639.2868,108.1224,639.2868,106.78639999999999,639.2868,106.9524
639.7689,114.2032,639.7689,108.0411,639.7689,106.68459999999999,639.7689,106.8772
640.2510000000001,114.1547,640.2510000000001,107.96669999999999,640.2510000000001,106.586,640.2510000000001,106.80030000000001
640.7332,114.1114,640.7332,107.90429999999999,640.7332,106.4922,640.7332,106.72399999999999
641.2153,114.07169999999999,641.2153,107.8532,641.2153,106.4018,641.2153,106.64789999999999
641.6974,114.03479999999999,641.6974,107.8097,641.6974,106.3137,641.6974,106.571
642.1795000000001,114.0034,642.1795000000001,107.7703,642.1795000000001,106.23070000000001,642.1795000000001,106.4958
642.6616,113.98250000000002,642.6616,107.73440000000001,642.6616,106.1599,642.6616,106.42819999999999
643.1437,113.9777,643.1437,107.7038,643.1437,106.1104,643.1437,106.37719999999999
643.6259,113.9912,643.6259,107.68180000000001,643.6259,106.0898,643.6259,106.351
644.1080000000001,114.02000000000001,644.1080000000001,107.6708,644.1080000000001,106.0997,644.1080000000001,106.3539
644.5901,114.0562,644.5901,107.6711,644.5901,106.13459999999999,644.5901,106.38380000000001
645.0722,114.09039999999999,645.0722,107.68100000000001,645.0722,106.18270000000001,645.0722,106.4329
645.5543,114.1161,645.5543,107.69720000000001,645.5543,106.23020000000001,645.5543,106.49029999999999
646.0364000000001,114.1325,646.0364000000001,107.717,646.0364000000001,106.26580000000001,646.0364000000001,106.5455
646.5186,114.14519999999999,646.5186,107.7383,646.5186,106.284,646.5186,106.5908
647.0006999999999,114.1628,647.0006999999999,107.7593,647.0006999999999,106.2856,647.0006999999999,106.622
647.4828,114.1929,647.4828,107.7779,647.4828,106.27590000000001,647.4828,106.6382
647.9649000000001,114.2383,647.9649000000001,107.7911,647.9649000000001,106.26230000000001,647.9649000000001,106.63959999999999
648.447,114.2954,648.447,107.7955,648.447,106.25089999999999,648.447,106.62720000000002
648.9291,114.35629999999999,648.9291,107.78829999999999,648.9291,106.24480000000001,648.9291,106.6022
649.4113000000001,114.412,649.4113000000001,107.7693,649.4113000000001,106.24430000000001,649.4113000000001,106.5667
649.8934,114.45609999999999,649.8934,107.7412,649.8934,106.247,649.8934,106.524
650.3755,114.4865,650.3755,107.709,650.3755,106.2497,650.3755,106.47869999999999
650.8575999999999,114.504,650.8575999999999,107.6784,650.8575999999999,106.2492,650.8575999999999,106.43560000000001
651.3397,114.50990000000002,651.3397,107.65370000000001,651.3397,106.2435,651.3397,106.3985
651.8218,114.50420000000001,651.8218,107.6374,651.8218,106.2325,651.8218,106.3699
652.304,114.48499999999999,652.304,107.6298,652.304,106.21879999999999,652.304,106.35079999999999
652.7860999999999,114.4502,652.7860999999999,107.63180000000001,652.7860999999999,106.2087,652.7860999999999,106.3427
653.2682,114.39980000000001,653.2682,107.64489999999999,653.2682,106.2108,653.2682,106.34840000000001
653.7503,114.33789999999999,653.7503,107.6726,653.7503,106.2351,653.7503,106.37270000000001
654.2324,114.27179999999998,654.2324,107.71889999999999,654.2324,106.2894,654.2324,106.42089999999999
654.7145,114.2103,654.7145,107.78559999999999,654.7145,106.37650000000001,654.7145,106.4968
655.1967000000001,114.16040000000001,655.1967000000001,107.8705,655.1967000000001,106.4917,655.1967000000001,106.5993
655.6788,114.12580000000001,655.6788,107.9666,655.6788,106.6238,655.6788,106.72139999999999
656.1609,114.1057,656.1609,108.0638,656.1609,106.7575,656.1609,106.8511
656.643,114.09670000000001,656.643,108.152,656.643,106.8784,656.643,106.9739
657.1251,114.09469999999999,657.1251,108.2242,657.1251,106.9772,657.1251,107.07770000000001
657.6072,114.0968,657.6072,108.2788,657.6072,107.0525,657.6072,107.1555
658.0894,114.10100000000001,658.0894,108.3183,658.0894,107.10889999999999,658.0894,107.20670000000001
658.5715,114.10480000000001,658.5715,108.347,658.5715,107.1547,658.5715,107.2361
659.0536,114.104,659.0536,108.36829999999999,659.0536,107.1964,659.0536,107.25039999999998
659.5357,114.0922,659.5357,108.3828,659.5357,107.2365,659.5357,107.25659999999999
660.0178,114.06190000000001,660.0178,108.3887,660.0178,107.27279999999999,660.0178,107.25919999999999
660.4999,114.0082,660.4999,108.3846,660.4999,107.30090000000001,660.4999,107.26089999999999
660.9821000000001,113.9309,660.9821000000001,108.371,660.9821000000001,107.31710000000001,660.9821000000001,107.2633
661.4642,113.8362,661.4642,108.35220000000001,661.4642,107.3213,661.4642,107.26830000000001
661.9463,113.7349,661.9463,108.3348,661.9463,107.31729999999999,661.9463,107.27819999999998
662.4284,113.63929999999999,662.4284,108.3255,662.4284,107.3119,662.4284,107.295
662.9105,113.5594,662.9105,108.32839999999999,662.9105,107.3119,662.9105,107.31980000000001
663.3926,113.5,663.3926,108.34360000000001,663.3926,107.3224,663.3926,107.35239999999999
663.8747999999999,113.46039999999999,663.8747999999999,108.3688,663.8747999999999,107.3458,663.8747999999999,107.3915
664.3569,113.43639999999999,664.3569,108.40090000000001,664.3569,107.3833,664.3569,107.4366
664.839,113.4228,664.839,108.4382,664.839,107.43480000000001,664.839,107.4875
665.3211,113.4151,665.3211,108.4806,665.3211,107.4995,665.3211,107.5448
665.8032000000001,113.40969999999999,665.8032000000001,108.528,665.8032000000001,107.5747,665.8032000000001,107.6068
666.2853,113.403,666.2853,108.5783,666.2853,107.6541,666.2853,107.6683
666.7675,113.3906,666.7675,108.6252,666.7675,107.72649999999999,666.7675,107.72
667.2496,113.36850000000001,667.2496,108.65899999999999,667.2496,107.7791,667.2496,107.7518
667.7317,113.337,667.7317,108.6736,667.7317,107.8057,667.7317,107.7622
668.2138,113.30510000000001,668.2138,108.677,668.2138,107.8198,668.2138,107.7678
668.6958999999999,113.2863,668.6958999999999,108.69089999999998,668.6958999999999,107.8494,668.6958999999999,107.7949
669.178,113.283,669.178,108.72710000000001,669.178,107.9077,669.178,107.8496
669.6602,113.28469999999999,669.6602,108.7779,669.6602,107.9836,669.6602,107.9138
670.1423,113.28190000000001,670.1423,108.83460000000001,670.1423,108.06389999999999,670.1423,107.9727
670.6244,113.27229999999999,670.6244,108.89489999999999,670.6244,108.14379999999998,670.6244,108.0252
671.1065,113.2555,671.1065,108.95729999999999,671.1065,108.2206,671.1065,108.0744
671.5886,113.23,671.5886,109.01590000000002,671.5886,108.28850000000001,671.5886,108.1202
672.0707,113.1939,672.0707,109.06089999999999,672.0707,108.338,672.0707,108.1585
672.5529,113.1469,672.5529,109.08310000000002,672.5529,108.36110000000001,672.5529,108.18369999999999
673.035,113.09290000000001,673.035,109.0789,673.035,108.35520000000001,673.035,108.19320000000002
673.5171,113.0395,673.5171,109.0527,673.5171,108.3262,673.5171,108.1896
673.9992,112.9958,673.9992,109.01639999999999,673.9992,108.28649999999999,673.9992,108.18
674.4812999999999,112.96809999999999,674.4812999999999,108.98440000000001,674.4812999999999,108.25039999999998,674.4812999999999,108.1728
674.9634000000001,112.95759999999999,674.9634000000001,108.96889999999999,674.9634000000001,108.2292,674.9634000000001,108.1742
675.4456,112.9599,675.4456,108.9761,675.4456,108.2282,675.4456,108.1866
675.9277,112.9675,675.9277,109.00590000000001,675.9277,108.247,675.9277,108.208
676.4098,112.9729,676.4098,109.0544,676.4098,108.2824,676.4098,108.2346
676.8919000000001,112.97299999999998,676.8919000000001,109.1166,676.8919000000001,108.33070000000001,676.8919000000001,108.2629
677.374,112.9696,677.374,109.1881,677.374,108.3899,677.374,108.29169999999999
677.8561,112.96839999999999,677.8561,109.2664,677.8561,108.4594,677.8561,108.3218
678.3383,112.97630000000001,678.3383,109.3488,678.3383,108.538,678.3383,108.35520000000001
678.8204000000001,112.99730000000001,678.8204000000001,109.43119999999999,678.8204000000001,108.62240000000001,678.8204000000001,108.3931
679.3025,113.03080000000001,679.3025,109.5074,679.3025,108.70599999999999,679.3025,108.4354
679.7846,113.0714,679.7846,109.5698,679.7846,108.78000000000002,679.7846,108.4798
680.2666999999999,113.1103,680.2666999999999,109.61179999999999,680.2666999999999,108.83590000000001,680.2666999999999,108.5228
680.7488000000001,113.13839999999999,680.7488000000001,109.6296,680.7488000000001,108.8673,680.7488000000001,108.55999999999999
681.231,113.1482,681.231,109.623,681.231,108.8714,681.231,108.58680000000001
681.7130999999999,113.1354,681.7130999999999,109.5947,681.7130999999999,108.8492,681.7130999999999,108.59920000000001
682.1952,113.0992,682.1952,109.548,682.1952,108.8029,682.1952,108.593
682.6773000000001,113.0416,682.6773000000001,109.48500000000001,682.6773000000001,108.7355,682.6773000000001,108.5655
683.1594,112.9672,683.1594,109.4073,683.1594,108.6506,683.1594,108.51630000000002
683.6415,112.8829,683.6415,109.31649999999999,683.6415,108.55250000000001,683.6415,108.44910000000002
684.1237,112.7976,684.1237,109.21650000000001,684.1237,108.4476,684.1237,108.37129999999999
684.6058,112.72059999999999,684.6058,109.1136,684.6058,108.3437,684.6058,108.29310000000001
685.0879,112.6598,685.0879,109.01590000000002,685.0879,108.24799999999999,685.0879,108.2243
685.5699999999999,112.6192,685.5699999999999,108.9304,685.5699999999999,108.16539999999999,685.5699999999999,108.17079999999999
686.0521,112.59859999999999,686.0521,108.86059999999999,686.0521,108.09599999999999,686.0521,108.13239999999999
686.5342,112.59349999999999,686.5342,108.80449999999999,686.5342,108.03560000000002,686.5342,108.10379999999999
687.0164,112.59710000000001,687.0164,108.75580000000001,687.0164,107.97699999999999,687.0164,108.0757
687.4984999999999,112.60289999999999,687.4984999999999,108.7054,687.4984999999999,107.9131,687.4984999999999,108.03970000000001
687.9806,112.6063,687.9806,108.6445,687.9806,107.83890000000001,687.9806,107.9901
688.4627,112.6056,688.4627,108.5669,688.4627,107.75300000000001,688.4627,107.9256
688.9448,112.6008,688.9448,108.46990000000001,688.9448,107.6566,688.9448,107.84830000000001
689.4268999999999,112.59190000000001,689.4268999999999,108.3533,689.4268999999999,107.5513,689.4268999999999,107.76060000000001
689.9091000000001,112.5769,689.9091000000001,108.2182,689.9091000000001,107.43700000000001,689.9091000000001,107.66290000000001
690.3912,112.55169999999998,690.3912,108.06549999999999,690.3912,107.3119,690.3912,107.55300000000001
690.8733,112.5114,690.8733,107.8967,690.8733,107.17360000000001,690.8733,107.42769999999999
691.3553999999999,112.4522,691.3553999999999,107.71470000000001,691.3553999999999,107.0222,691.3553999999999,107.2854
691.8375,112.3737,691.8375,107.52569999999999,691.8375,106.8618,691.8375,107.129
692.3196,112.27879999999999,692.3196,107.33930000000001,692.3196,106.7011,692.3196,106.96650000000001
692.8018,112.17250000000001,692.8018,107.16680000000001,692.8018,106.5514,692.8018,106.8097
693.2838999999999,112.0597,693.2838999999999,107.0195,693.2838999999999,106.42320000000001,693.2838999999999,106.6705
693.766,111.9428,693.766,106.9058,693.766,106.3235,693.766,106.5585
694.2481,111.82209999999999,694.2481,106.8303,694.2481,106.25469999999999,694.2481,106.4791
694.7302,111.6968,694.7302,106.7938,694.7302,106.2161,694.7302,106.4338
695.2123,111.56729999999999,695.2123,106.7943,695.2123,106.20490000000001,695.2123,106.42160000000001
695.6945000000001,111.43719999999999,695.6945000000001,106.82799999999999,695.6945000000001,106.21910000000001,695.6945000000001,106.4403
696.1766,111.3133,696.1766,106.89020000000001,696.1766,106.25800000000001,696.1766,106.487
696.6587,111.2032,696.6587,106.97529999999999,696.6587,106.32079999999999,696.6587,106.5579
697.1408,111.1123,697.1408,107.0764,697.1408,106.405,697.1408,106.6471
697.6229,111.0415,697.6229,107.18469999999999,697.6229,106.5044,697.6229,106.7458
698.105,110.9864,698.105,107.2907,698.105,106.60929999999999,698.105,106.8433
698.5871999999999,110.9396,698.5871999999999,107.3854,698.5871999999999,106.70759999999999,698.5871999999999,106.9291
699.0693,110.89320000000001,699.0693,107.46279999999999,699.0693,106.78860000000002,699.0693,106.99549999999999
699.5514000000001,110.84240000000001,699.5514000000001,107.5208,699.5514000000001,106.8456,699.5514000000001,107.0401
700.0335,110.7866,700.0335,107.5617,700.0335,106.8777,700.0335,107.06569999999999
700.5156000000001,110.72850000000001,700.5156000000001,107.5901,700.5156000000001,106.88889999999999,700.5156000000001,107.0779
700.9977,110.6711,700.9977,107.6097,700.9977,106.88459999999999,700.9977,107.08169999999998
701.4799,110.61510000000001,701.4799,107.62039999999999,701.4799,106.8691,701.4799,107.07809999999999
701.962,110.5575,701.962,107.618,701.962,106.8426,701.962,107.063
702.4441,110.49210000000001,702.4441,107.59510000000002,702.4441,106.80199999999999,702.4441,107.02810000000001
702.9262,110.41250000000001,702.9262,107.54440000000001,702.9262,106.74289999999999,702.9262,106.9653
703.4082999999999,110.31500000000001,703.4082999999999,107.46260000000001,703.4082999999999,106.66260000000001,703.4082999999999,106.87020000000001
703.8904,110.20129999999999,703.8904,107.35239999999999,703.8904,106.5626,703.8904,106.74520000000001
704.3726,110.0778,704.3726,107.22210000000001,704.3726,106.44839999999999,704.3726,106.59890000000001
704.8547,109.95379999999999,704.8547,107.0833,704.8547,106.32809999999999,704.8547,106.44359999999999
705.3368,109.8377,705.3368,106.94669999999999,705.3368,106.20920000000001,705.3368,106.291
705.8189,109.73429999999999,705.8189,106.8195,705.8189,106.0964,705.8189,106.1494
706.301,109.6433,706.301,106.7042,706.301,105.99099999999999,706.301,106.02199999999999
706.7831,109.5604,706.7831,106.60000000000001,706.7831,105.89170000000001,706.7831,105.9077
707.2653,109.4788,707.2653,106.5041,707.2653,105.796,707.2653,105.8035
707.7474,109.3917,707.7474,106.4144,707.7474,105.7019,707.7474,105.70599999999999
708.2295,109.2942,708.2295,106.3298,708.2295,105.6084,708.2295,105.61290000000001
708.7116,109.1833,708.7116,106.25040000000001,708.7116,105.5157,708.7116,105.5228
709.1936999999999,109.0584,709.1936999999999,106.17609999999999,709.1936999999999,105.42339999999999,709.1936999999999,105.4351
709.6758,108.91999999999999,709.6758,106.1058,709.6758,105.33109999999999,709.6758,105.349
710.158,108.76939999999999,710.158,106.037,710.158,105.2379,710.158,105.2637
710.6401,108.6089,710.6401,105.9668,710.6401,105.14300000000001,710.6401,105.179
711.1222,108.4406,711.1222,105.8924,711.1222,105.0464,711.1222,105.0952
711.6043000000001,108.26610000000001,711.6043000000001,105.8122,711.6043000000001,104.94879999999999,711.6043000000001,105.01339999999999
712.0864,108.08519999999999,712.0864,105.7256,712.0864,104.8506,712.0864,104.93390000000001
712.5685,107.8953,712.5685,105.6319,712.5685,104.7514,712.5685,104.85549999999999
713.0507,107.691,713.0507,105.5294,713.0507,104.6489,713.0507,104.7742
713.5328000000001,107.4652,713.5328000000001,105.41529999999999,713.5328000000001,104.5395,713.5328000000001,104.68390000000001
714.0149,107.21119999999999,714.0149,105.2851,714.0149,104.4192,714.0149,104.5776
714.497,106.9242,714.497,105.13490000000002,714.497,104.2851,714.497,104.4493
714.9791,106.60350000000001,714.9791,104.96220000000001,714.9791,104.1364,714.9791,104.2959
715.4612,106.2522,715.4612,104.7671,715.4612,103.97449999999999,715.4612,104.1181
715.9434,105.87629999999999,715.9434,104.5522,715.9434,103.8019,715.9434,103.91980000000001
716.4254999999999,105.4832,716.4254999999999,104.32220000000001,716.4254999999999,103.62070000000001,716.4254999999999,103.7064
716.9076,105.081,716.9076,104.08269999999999,716.9076,103.43199999999999,716.9076,103.48329999999999
717.3897000000001,104.6781,717.3897000000001,103.84,717.3897000000001,103.2364,717.3897000000001,103.25619999999999
717.8718,104.28450000000001,717.8718,103.6011,717.8718,103.03500000000001,717.8718,103.03040000000001
718.3539,103.9126,718.3539,103.3733,718.3539,102.8322,718.3539,102.8128
718.8361,103.5762,718.8361,103.16430000000001,718.8361,102.635,718.8361,102.61160000000001
719.3182,103.28900000000002,719.3182,102.981,719.3182,102.4538,719.3182,102.43560000000001
719.8003,103.06070000000001,719.8003,102.828,719.8003,102.29809999999999,719.8003,102.2923
720.2823999999999,102.8945,720.2823999999999,102.7059,720.2823999999999,102.17439999999999,720.2823999999999,102.1849
720.7645,102.78620000000001,720.7645,102.611,720.7645,102.08330000000001,720.7645,102.1113
721.2466000000001,102.7255,721.2466000000001,102.5367,721.2466000000001,102.01899999999999,721.2466000000001,102.0642
721.7288,102.6999,721.7288,102.4754,721.7288,101.97210000000001,721.7288,102.0333
722.2108999999999,102.6983,722.2108999999999,102.42119999999998,722.2108999999999,101.93209999999999,722.2108999999999,102.00800000000001
722.693,102.714,722.693,102.37089999999999,722.693,101.8903,722.693,101.9801
723.1751,102.74449999999999,723.1751,102.3235,723.1751,101.8408,723.1751,101.9442
723.6572,102.7908,723.6572,102.27870000000001,723.6572,101.78009999999999,723.6572,101.8972
724.1393,102.8542,724.1393,102.2356,724.1393,101.7063,724.1393,101.8373
724.6215000000001,102.9342,724.6215000000001,102.19149999999999,724.6215000000001,101.61819999999999,724.6215000000001,101.76339999999999
725.1036,103.0268,725.1036,102.1429,725.1036,101.5158,725.1036,101.6749
725.5857,103.1252,725.5857,102.08699999999999,725.5857,101.40199999999999,725.5857,101.57350000000001
726.0678,103.22070000000001,726.0678,102.024,726.0678,101.28349999999999,726.0678,101.4643
726.5499,103.30600000000001,726.5499,101.95870000000001,726.5499,101.17160000000001,726.5499,101.3566
727.032,103.37670000000001,727.032,101.9004,727.032,101.08090000000001,727.032,101.26310000000001
727.5142,103.43299999999999,727.5142,101.8613,727.5142,101.02640000000001,727.5142,101.19789999999999
727.9963,103.47999999999999,727.9963,101.854,727.9963,101.02,727.9963,101.17389999999999
728.4784,103.5258,728.4784,101.88820000000001,728.4784,101.0682,728.4784,101.20020000000001
728.9605,103.58030000000001,728.9605,101.9692,728.9605,101.1705,728.9605,101.2807
729.4426,103.65230000000001,729.4426,102.09630000000001,729.4426,101.32000000000001,729.4426,101.4137
729.9247,103.74779999999998,729.9247,102.26379999999999,729.9247,101.5057,729.9247,101.5926
730.4069000000001,103.86850000000001,730.4069000000001,102.4615,730.4069000000001,101.7145,730.4069000000001,101.8063
730.889,104.01069999999999,730.889,102.67649999999999,730.889,101.9338,730.889,102.0411
731.3711,104.1662,731.3711,102.8948,731.3711,102.152,731.3711,102.28139999999999
731.8532,104.3233,731.8532,103.10239999999999,731.8532,102.3591,731.8532,102.51079999999999
732.3353,104.4688,732.3353,103.2862,732.3353,102.5455,732.3353,102.71289999999999
732.8174,104.5911,732.8174,103.43480000000001,732.8174,102.7021,732.8174,102.87349999999999
733.2995999999999,104.6815,733.2995999999999,103.5402,733.2995999999999,102.8197,733.2995999999999,102.9815
733.7817,104.7361,733.7817,103.5981,733.7817,102.89150000000001,733.7817,103.0316
734.2638,104.7559,734.2638,103.609,734.2638,102.9134,734.2638,103.0248
734.7459,104.74589999999999,734.7459,103.5779,734.7459,102.88550000000001,734.7459,102.9679
735.2280000000001,104.7126,735.2280000000001,103.5119,735.2280000000001,102.8111,735.2280000000001,102.8713
735.7101,104.66210000000001,735.7101,103.4184,735.7101,102.69600000000001,735.7101,102.7455
736.1923,104.5984,736.1923,103.3031,736.1923,102.5461,736.1923,102.5989
736.6744,104.5243,736.6744,103.169,736.6744,102.367,736.6744,102.43629999999999
737.1565,104.441,737.1565,103.017,737.1565,102.1636,737.1565,102.25979999999998
737.6386,104.3506,737.6386,102.84740000000001,737.6386,101.94069999999999,737.6386,102.07
738.1206999999999,104.2556,738.1206999999999,102.66120000000001,738.1206999999999,101.7031,738.1206999999999,101.86800000000001
738.6028,104.15939999999999,738.6028,102.46079999999999,738.6028,101.45580000000001,738.6028,101.6556
739.085,104.06450000000001,739.085,102.2495,739.085,101.2024,739.085,101.4349
739.5671,103.972,739.5671,102.0308,739.5671,100.9454,739.5671,101.20720000000001
740.0491999999999,103.88109999999999,740.0491999999999,101.8073,740.0491999999999,100.68520000000001,740.0491999999999,100.9727
740.5313,103.79020000000001,740.5313,101.5806,740.5313,100.4218,740.5313,100.7303
741.0134,103.6988,741.0134,101.3521,741.0134,100.1559,741.0134,100.4791
741.4955,103.60879999999999,741.4955,101.1239,741.4955,99.8904,741.4955,100.22070000000001
741.9777,103.5253,741.9777,100.8998,741.9777,99.63096999999999,741.9777,99.95992
742.4598,103.4551,742.4598,100.68459999999999,742.4598,99.38499,742.4598,99.70452
742.9419,103.40469999999999,742.9419,100.4845,742.9419,99.15977,742.9419,99.46445
743.424,103.3776,743.424,100.30550000000001,743.424,98.96117000000001,743.424,99.24951999999999
743.9060999999999,103.37320000000001,743.9060999999999,100.15289999999999,743.9060999999999,98.79288000000001,743.9060999999999,99.06803
744.3882,103.3869,744.3882,100.031,744.3882,98.65705,744.3882,98.92603
744.8704,103.41210000000001,744.8704,99.94334,744.8704,98.55562,744.8704,98.8275
745.3525,103.4427,745.3525,99.89274999999999,745.3525,98.49168,745.3525,98.77489
745.8346,103.47550000000001,745.8346,99.88107,745.8346,98.46964,745.8346,98.76952
746.3167000000001,103.5107,746.3167000000001,99.90895,746.3167000000001,98.49429,746.3167000000001,98.81166999999999
746.7988,103.5513,746.7988,99.97549,746.7988,98.56895,746.7988,98.90015
747.2809,103.6009,747.2809,100.0778,747.2809,98.69367,747.2809,99.03187
747.7631,103.6618,747.7631,100.21150000000002,747.7631,98.864,747.7631,99.20152
748.2452000000001,103.73360000000001,748.2452000000001,100.3708,748.2452000000001,99.0715,748.2452000000001,99.40187999999999
748.7273,103.8136,748.7273,100.54950000000001,748.7273,99.3047,748.7273,99.62432
749.2094,103.898,749.2094,100.7415,749.2094,99.55167,749.2094,99.86007000000001
749.6914999999999,103.9838,749.6914999999999,100.94099999999999,749.6914999999999,99.80188999999999,749.6914999999999,100.1012
750.1736,104.06949999999999,750.1736,101.1431,750.1736,100.048,750.1736,100.34160000000001
750.6558,104.15589999999999,750.6558,101.3433,750.6558,100.2857,750.6558,100.577
751.1379,104.2447,751.1379,101.53779999999999,751.1379,100.51339999999999,751.1379,100.8045
751.62,104.3371,751.62,101.7231,751.62,100.7307,751.62,101.0215
752.1021000000001,104.4336,752.1021000000001,101.89649999999999,752.1021000000001,100.93749999999999,752.1021000000001,101.2259
752.5842,104.53300000000002,752.5842,102.05690000000001,752.5842,101.1336,752.5842,101.4154
753.0663,104.6337,753.0663,102.2057,753.0663,101.3193,753.0663,101.5885
753.5485,104.734,753.5485,102.3458,753.5485,101.4958,753.5485,101.7452
754.0306,104.83260000000001,754.0306,102.482,754.0306,101.6651,754.0306,101.8869
754.5127,104.9288,754.5127,102.61849999999998,754.5127,101.829,754.5127,102.0159
754.9947999999999,105.02130000000001,754.9947999999999,102.757,754.9947999999999,101.98799999999999,754.9947999999999,102.1348
755.4769,105.108,755.4769,102.89630000000001,755.4769,102.1402,755.4769,102.24470000000001
755.9590000000001,105.186,755.9590000000001,103.032,755.9590000000001,102.2816,755.9590000000001,102.34540000000001
756.4412,105.2523,756.4412,103.15799999999999,756.4412,102.4071,756.4412,102.4359
756.9232999999999,105.3059,756.9232999999999,103.2683,756.9232999999999,102.5129,756.9232999999999,102.515
757.4054,105.3483,757.4054,103.3595,757.4054,102.59830000000001,757.4054,102.58279999999999
757.8875,105.38380000000001,757.8875,103.4307,757.8875,102.66550000000001,757.8875,102.64040000000001
758.3696,105.4179,758.3696,103.4834,758.3696,102.71900000000001,758.3696,102.6902
758.8516999999999,105.4556,758.8516999999999,103.52,758.8516999999999,102.76339999999999,758.8516999999999,102.7338
759.3339000000001,105.4991,759.3339000000001,103.542,759.3339000000001,102.80069999999999,759.3339000000001,102.7717
759.816,105.5478,759.816,103.5506,759.816,102.83070000000001,759.816,102.8032
760.2981,105.59819999999999,760.2981,103.54570000000001,760.2981,102.8505,760.2981,102.8264
760.7801999999999,105.6476,760.7801999999999,103.5306,760.7801999999999,102.8593,760.7801999999999,102.8418
761.2623,105.6951,761.2623,103.5104,761.2623,102.85839999999999,761.2623,102.8514
761.7444,105.7426,761.7444,103.4926,761.7444,102.8527,761.7444,102.8593
762.2266,105.7943,762.2266,103.4856,762.2266,102.8491,762.2266,102.8699
762.7086999999999,105.85530000000001,762.7086999999999,103.4963,762.7086999999999,102.85489999999999,762.7086999999999,102.8872
763.1908,105.9289,763.1908,103.5279,763.1908,102.8749,763.1908,102.9131
763.6729,106.0155,763.6729,103.5796,763.6729,102.9103,763.6729,102.94730000000001
764.155,106.1126,764.155,103.64670000000001,764.155,102.95870000000001,764.155,102.9881
764.6371,106.2152,764.6371,103.7226,764.6371,103.0159,764.6371,103.0331
765.1193000000001,106.3183,765.1193000000001,103.8014,765.1193000000001,103.0775,765.1193000000001,103.0815
765.6014,106.41799999999999,765.6014,103.879,765.6014,103.1414,765.6014,103.13349999999998
766.0835,106.512,766.0835,103.9544,766.0835,103.20769999999999,766.0835,103.19050000000001
766.5656,106.5993,766.5656,104.02929999999999,766.5656,103.2786,766.5656,103.25420000000001
767.0477,106.67880000000001,767.0477,104.1065,767.0477,103.3563,767.0477,103.32539999999999
767.5298,106.7494,767.5298,104.1894,767.5298,103.44279999999999,767.5298,103.40469999999999
768.012,106.8097,768.012,104.28070000000001,768.012,103.5387,768.012,103.49189999999999
768.4941,106.8592,768.4941,104.3828,768.4941,103.6441,768.4941,103.5878
768.9762,106.8997,768.9762,104.4973,768.9762,103.7592,768.9762,103.6939
769.4583,106.9356,769.4583,104.62499999999999,769.4583,103.88440000000001,769.4583,103.8128
769.9404000000001,106.97300000000001,769.9404000000001,104.76540000000001,769.9404000000001,104.0207,769.9404000000001,103.94619999999999
770.4225,107.0179,770.4225,104.9163,770.4225,104.16829999999999,770.4225,104.0939
770.9047,107.07469999999999,770.9047,105.07390000000001,770.9047,104.32600000000001,770.9047,104.2532
771.3868,107.14479999999999,771.3868,105.23320000000001,771.3868,104.49109999999999,771.3868,104.41879999999999
771.8689,107.22640000000001,771.8689,105.38929999999999,771.8689,104.65960000000001,771.8689,104.58449999999999
772.351,107.3164,772.351,105.5387,772.351,104.8272,772.351,104.7448
772.8331,107.4117,772.8331,105.67999999999999,772.8331,104.9906,772.8331,104.8967
773.3152,107.5105,773.3152,105.8141,773.3152,105.14829999999999,773.3152,105.04
773.7974,107.61210000000001,773.7974,105.94220000000001,773.7974,105.2992,773.7974,105.1765
774.2795,107.7163,774.2795,106.06500000000001,774.2795,105.4424,774.2795,105.3073
774.7615999999999,107.8219,774.7615999999999,106.181,774.7615999999999,105.5755,774.7615999999999,105.4319
775.2437,107.9262,775.2437,106.2866,775.2437,105.69519999999999,775.2437,105.5473
775.7258,108.0249,775.7258,106.3777,775.7258,105.7976,775.7258,105.6491
776.2079,108.1138,776.2079,106.45169999999999,776.2079,105.88029999999999,776.2079,105.73349999999999
776.6901,108.1901,776.6901,106.50919999999999,776.6901,105.9439,776.6901,105.7997
777.1722000000001,108.2533,777.1722000000001,106.55399999999999,777.1722000000001,105.9922,777.1722000000001,105.85
777.6543,108.305,777.6543,106.5925,777.6543,106.03089999999999,777.6543,105.8899
778.1364,108.34779999999999,778.1364,106.6309,778.1364,106.06569999999999,778.1364,105.9253
778.6184999999999,108.3839,778.6184999999999,106.67320000000001,778.6184999999999,106.1005,778.6184999999999,105.9608
779.1006,108.41460000000001,779.1006,106.72109999999999,779.1006,106.13699999999999,779.1006,105.999
779.5828,108.44080000000001,779.5828,106.7741,779.5828,106.175,779.5828,106.04070000000002
780.0649,108.4646,780.0649,106.83149999999999,780.0649,106.2149,780.0649,106.0865
780.547,108.48960000000001,780.547,106.89359999999999,780.547,106.2583,780.547,106.1381
781.0291000000001,108.52159999999999,781.0291000000001,106.9623,781.0291000000001,106.3088,781.0291000000001,106.19879999999999
781.5112,108.5664,781.5112,107.03990000000002,781.5112,106.3699,781.5112,106.2722
781.9933,108.6276,781.9933,107.1275,781.9933,106.4438,781.9933,106.36049999999999
782.4755,108.7048,782.4755,107.22359999999999,782.4755,106.5294,782.4755,106.463
782.9576000000001,108.79270000000001,782.9576000000001,107.32459999999999,782.9576000000001,106.6224,782.9576000000001,106.5754
783.4397,108.88309999999998,783.4397,107.4256,783.4397,106.7172,783.4397,106.6913
783.9218,108.96809999999999,783.9218,107.5231,783.9218,106.8093,783.9218,106.8047
784.4039,109.0424,784.4039,107.6163,784.4039,106.89679999999998,784.4039,106.91109999999999
784.886,109.10549999999999,784.886,107.70660000000001,784.886,106.98110000000001,784.886,107.009
785.3682,109.1603,785.3682,107.7961,785.3682,107.0643,785.3682,107.0983
785.8503,109.2106,785.8503,107.8843,785.8503,107.1464,785.8503,107.17790000000001
786.3324,109.2576,786.3324,107.9663,786.3324,107.223,786.3324,107.2444
786.8145000000001,109.298,786.8145000000001,108.033,786.8145000000001,107.28469999999999,786.8145000000001,107.2914
787.2966,109.32439999999998,787.2966,108.0736,787.2966,107.3202,787.2966,107.3111
787.7787,109.3288,787.7787,108.07979999999999,787.7787,107.3204,787.7787,107.2986
788.2609,109.3059,788.2609,108.04990000000001,788.2609,107.2826,788.2609,107.25389999999999
788.743,109.25590000000001,788.743,107.9893,788.743,107.2124,788.743,107.1836
789.2251,109.1853,789.2251,107.9093,789.2251,107.1217,789.2251,107.09900000000002
789.7072,109.10359999999999,789.7072,107.8225,789.7072,107.0249,789.7072,107.01259999999999
790.1893,109.0206,790.1893,107.739,790.1893,106.9334,790.1893,106.93390000000001
790.6714,108.9421,790.6714,107.66329999999999,790.6714,106.8535,790.6714,106.8671
791.1536,108.86970000000001,791.1536,107.5955,791.1536,106.78540000000001,791.1536,106.81160000000001
791.6356999999999,108.8012,791.6356999999999,107.5336,791.6356999999999,106.72649999999999,791.6356999999999,106.764
792.1178,108.7337,792.1178,107.4765,792.1178,106.6746,792.1178,106.72120000000001
792.5999,108.6653,792.5999,107.42620000000001,792.5999,106.63,792.5999,106.6824
793.082,108.5968,793.082,107.38680000000001,793.082,106.596,793.082,106.6494
793.5641,108.5303,793.5641,107.3622,793.5641,106.5769,793.5641,106.6251
794.0463,108.4672,794.0463,107.3525,794.0463,106.5745,794.0463,106.61080000000001
794.5284,108.4066,794.5284,107.3534,794.5284,106.5869,794.5284,106.60499999999999
795.0105,108.34440000000001,795.0105,107.3563,795.0105,106.6077,795.0105,106.6034
795.4926,108.2747,795.4926,107.3518,795.4926,106.62849999999999,795.4926,106.6004
795.9747,108.1917,795.9747,107.3334,795.9747,106.6418,795.9747,106.591
796.4567999999999,108.09249999999999,796.4567999999999,107.2994,796.4567999999999,106.6428,796.4567999999999,106.5723
796.939,107.97730000000001,796.939,107.25340000000001,796.939,106.6304,796.939,106.5431
797.4211,107.8492,797.4211,107.2005,797.4211,106.6052,797.4211,106.50269999999999
797.9032,107.7124,797.9032,107.1447,797.9032,106.5674,797.9032,106.4496
798.3853,107.5701,798.3853,107.08569999999999,798.3853,106.5158,798.3853,106.3811
798.8674,107.4243,798.8674,107.0194,798.8674,106.4475,798.8674,106.29429999999999
799.3495,107.2756,799.3495,106.9396,799.3495,106.3604,799.3495,106.1884
799.8317,107.12440000000001,799.8317,106.8415,799.8317,106.2551,799.8317,106.06580000000001
800.3138,106.9724,800.3138,106.7244,800.3138,106.13520000000001,800.3138,105.9325
800.7959,106.8223,800.7959,106.59110000000001,800.7959,106.00659999999999,800.7959,105.79570000000001
801.2779999999999,106.6772,801.2779999999999,106.4473,801.2779999999999,105.8746,801.2779999999999,105.6613
801.7601000000001,106.53960000000001,801.7601000000001,106.29759999999999,801.7601000000001,105.74110000000002,801.7601000000001,105.5309
802.2422,106.41099999999999,802.2422,106.1447,802.2422,105.6036,802.2422,105.4016
802.7244,106.2912,802.7244,105.98870000000001,802.7244,105.4571,802.7244,105.2675
803.2064999999999,106.1795,803.2064999999999,105.8281,803.2064999999999,105.2962,803.2064999999999,105.1227
803.6886000000001,106.0753,803.6886000000001,105.663,803.6886000000001,105.1194,803.6886000000001,104.96449999999999
804.1707,105.97909999999999,804.1707,105.49539999999999,804.1707,104.9305,804.1707,104.79499999999999
804.6528000000001,105.8916,804.6528000000001,105.3298,804.6528000000001,104.73729999999999,804.6528000000001,104.61959999999999
805.1349,105.8136,805.1349,105.1709,805.1349,104.54920000000001,805.1349,104.44439999999999
805.6171,105.7448,805.6171,105.0219,805.6171,104.37289999999999,805.6171,104.2743
806.0992000000001,105.68390000000001,806.0992000000001,104.88360000000002,806.0992000000001,104.2109,806.0992000000001,104.1106
806.5813,105.6296,806.5813,104.75430000000001,806.5813,104.06089999999999,806.5813,103.9525
807.0634,105.58099999999999,807.0634,104.63150000000002,807.0634,103.918,807.0634,103.7989
807.5455,105.5394,807.5455,104.514,807.5455,103.77799999999999,807.5455,103.6497
808.0276,105.5077,808.0276,104.4021,808.0276,103.6387,808.0276,103.50710000000001
808.5098,105.4894,808.5098,104.29740000000001,808.5098,103.5011,808.5098,103.3738
808.9919,105.48679999999999,808.9919,104.20089999999999,808.9919,103.3671,808.9919,103.25120000000001
809.4739999999999,105.49900000000001,809.4739999999999,104.1108,809.4739999999999,103.23800000000001,809.4739999999999,103.1374
809.9561,105.52170000000001,809.9561,104.0225,809.9561,103.1126,809.9561,103.0265
810.4381999999999,105.5476,810.4381999999999,103.9288,810.4381999999999,102.98750000000001,810.4381999999999,102.9111
810.9203000000001,105.5695,810.9203000000001,103.82329999999999,810.9203000000001,102.8588,810.9203000000001,102.7848
811.4025,105.58279999999999,811.4025,103.7021,811.4025,102.72399999999999,811.4025,102.64569999999999
811.8846,105.5871,811.8846,103.56669999999998,811.8846,102.58370000000001,811.8846,102.4976
812.3666999999999,105.5869,812.3666999999999,103.4227,812.3666999999999,102.44200000000001,812.3666999999999,102.3488
812.8489,105.5893,812.8489,103.27900000000001,812.8489,102.3048,812.8489,102.2099
813.3309,105.6022,813.3309,103.1442,813.3309,102.1781,813.3309,102.0896
813.8131,105.6309,813.8131,103.0252,813.8131,102.0662,813.8131,101.99249999999999
814.2951999999999,105.67750000000001,814.2951999999999,102.9262,814.2951999999999,101.9709,814.2951999999999,101.9185
814.7773000000001,105.74110000000002,814.7773000000001,102.8489,814.7773000000001,101.89250000000001,814.7773000000001,101.864
815.2594,105.8188,815.2594,102.7938,815.2594,101.83059999999999,815.2594,101.82379999999999
815.7416,105.9075,815.7416,102.7608,815.7416,101.7848,815.7416,101.79370000000002
816.2236,106.00460000000001,816.2236,102.7493,816.2236,101.75529999999999,816.2236,101.7711
816.7058000000001,106.10870000000001,816.7058000000001,102.7575,816.7058000000001,101.7419,816.7058000000001,101.75559999999999
817.1879,106.21830000000001,817.1879,102.7817,817.1879,101.74369999999999,817.1879,101.74799999999999
817.6700000000001,106.3315,817.6700000000001,102.8165,817.6700000000001,101.7582,817.6700000000001,101.7492
818.1521,106.44590000000001,818.1521,102.855,818.1521,101.78210000000001,818.1521,101.75970000000001
818.6343,106.5586,818.6343,102.8914,818.6343,101.8121,818.6343,101.78009999999999
819.1162999999999,106.66739999999999,819.1162999999999,102.92179999999999,819.1162999999999,101.84580000000001,819.1162999999999,101.8108
819.5985000000001,106.7714,819.5985000000001,102.9464,819.5985000000001,101.8828,819.5985000000001,101.8522
820.0806,106.8713,820.0806,102.96860000000001,820.0806,101.92410000000001,820.0806,101.9047
820.5627,106.9681,820.5627,102.9937,820.5627,101.97160000000001,820.5627,101.96750000000002
821.0447999999999,107.0624,821.0447999999999,103.0268,821.0447999999999,102.02640000000001,821.0447999999999,102.03869999999999
821.527,107.1538,821.527,103.0717,821.527,102.0891,821.527,102.11600000000001
822.0090000000001,107.2414,822.0090000000001,103.1303,822.0090000000001,102.1596,822.0090000000001,102.1973
822.4911999999999,107.3248,822.4911999999999,103.20339999999999,822.4911999999999,102.23880000000001,822.4911999999999,102.28250000000001
822.9733,107.4053,822.9733,103.2918,822.9733,102.32900000000001,822.9733,102.3744
823.4553999999999,107.48610000000001,823.4553999999999,103.3968,823.4553999999999,102.4345,823.4553999999999,102.4779
823.9375000000001,107.57159999999999,823.9375000000001,103.52019999999999,823.9375000000001,102.5599,823.9375000000001,102.5987
824.4196999999999,107.6654,824.4196999999999,103.6625,824.4196999999999,102.7083,824.4196999999999,102.7405
824.9017,107.768,824.9017,103.8222,824.9017,102.8797,824.9017,102.9028
825.3838999999999,107.8766,825.3838999999999,103.9944,825.3838999999999,103.0697,825.3838999999999,103.08070000000001
825.8660000000001,107.9852,825.8660000000001,104.1725,825.8660000000001,103.27059999999999,825.8660000000001,103.2655
826.3481,108.08720000000001,826.3481,104.3488,826.3481,103.4731,826.3481,103.44800000000001
826.8302,108.17790000000001,826.8302,104.51790000000001,826.8302,103.6689,826.8302,103.6206
827.3123999999999,108.2563,827.3123999999999,104.6773,827.3123999999999,103.8527,827.3123999999999,103.7797
827.7944,108.325,827.7944,104.8277,827.7944,104.0219,827.7944,103.9253
828.2766,108.3885,828.2766,104.9712,828.2766,104.1765,828.2766,104.0595
828.7587,108.45039999999999,828.7587,105.1088,828.7587,104.31630000000001,828.7587,104.18430000000001
829.2408,108.5116,829.2408,105.23880000000001,829.2408,104.43990000000001,829.2408,104.2996
829.7229,108.57000000000001,829.7229,105.35650000000001,829.7229,104.5446,829.7229,104.403
830.2051,108.6218,830.2051,105.4556,830.2051,104.62819999999999,830.2051,104.4918
830.6870999999999,108.6637,830.6870999999999,105.53079999999999,830.6870999999999,104.6902,830.6870999999999,104.5645
831.1693,108.69500000000001,831.1693,105.58030000000001,831.1693,104.7334,831.1693,104.62219999999999
831.6514,108.71770000000001,831.6514,105.6061,831.6514,104.76339999999999,831.6514,104.6683
832.1334999999999,108.7355,832.1334999999999,105.61370000000001,832.1334999999999,104.787,832.1334999999999,104.70729999999999
832.6156,108.7518,832.6156,105.60940000000001,832.6156,104.81009999999999,832.6156,104.74239999999999
833.0978,108.76740000000001,833.0978,105.599,833.0978,104.8357,833.0978,104.77399999999999
833.5798000000001,108.78099999999999,833.5798000000001,105.58670000000001,833.5798000000001,104.8641,833.5798000000001,104.8009
834.0619999999999,108.78969999999998,834.0619999999999,105.5751,834.0619999999999,104.8939,834.0619999999999,104.82039999999999
834.5441,108.7912,834.5441,105.56620000000001,834.5441,104.9234,834.5441,104.83160000000001
835.0262,108.7852,835.0262,105.5622,835.0262,104.952,835.0262,104.83590000000001
835.5083000000001,108.77349999999998,835.5083000000001,105.56490000000001,835.5083000000001,104.97970000000001,835.5083000000001,104.83670000000001
835.9905,108.7586,835.9905,105.5752,835.9905,105.0063,835.9905,104.83789999999999
836.4725,108.74220000000001,836.4725,105.5917,836.4725,105.03,836.4725,104.8421
836.9547000000001,108.7235,836.9547000000001,105.6109,836.9547000000001,105.0475,836.9547000000001,104.84899999999999
837.4368000000001,108.6995,837.4368000000001,105.6274,837.4368000000001,105.0543,837.4368000000001,104.8559
837.9189,108.6668,837.9189,105.636,837.9189,105.04729999999999,837.9189,104.85940000000001
838.401,108.6231,838.401,105.6335,838.401,105.0262,838.401,104.8567
838.8832000000001,108.56889999999999,838.8832000000001,105.61989999999999,838.8832000000001,104.99449999999999,838.8832000000001,104.84750000000001
839.3652,108.5073,839.3652,105.59769999999999,839.3652,104.95790000000001,839.3652,104.83290000000001
839.8474,108.44229999999999,839.8474,105.57039999999999,839.8474,104.922,839.8474,104.8146
840.3295,108.3761,840.3295,105.5403,840.3295,104.88900000000001,840.3295,104.7923
840.8116,108.3078,840.8116,105.5074,840.8116,104.85709999999999,840.8116,104.76350000000001
841.2937,108.2336,841.2937,105.4693,841.2937,104.8208,841.2937,104.7241
841.7759,108.1487,841.7759,105.42309999999999,841.7759,104.77399999999999,841.7759,104.67020000000001
842.2579000000001,108.0503,842.2579000000001,105.36710000000001,842.2579000000001,104.7126,842.2579000000001,104.6009
842.7401,107.94,842.7401,105.3023,842.7401,104.63739999999999,842.7401,104.51919999999998
843.2221999999999,107.8236,843.2221999999999,105.2319,843.2221999999999,104.55350000000001,843.2221999999999,104.43130000000001
843.7042999999999,107.70960000000001,843.7042999999999,105.1603,843.7042999999999,104.4688,843.7042999999999,104.3445
844.1864,107.6063,844.1864,105.0907,844.1864,104.3905,844.1864,104.2644
844.6686,107.51839999999999,844.6686,105.02430000000001,844.6686,104.32300000000001,844.6686,104.193
845.1506,107.44609999999999,845.1506,104.9603,845.1506,104.26629999999999,845.1506,104.129
845.6327999999999,107.38589999999999,845.6327999999999,104.89710000000001,845.6327999999999,104.21780000000001,845.6327999999999,104.06930000000001
846.1149,107.33220000000001,846.1149,104.83409999999999,846.1149,104.1736,846.1149,104.01119999999999
846.5970000000001,107.28070000000001,846.5970000000001,104.7726,846.5970000000001,104.1308,846.5970000000001,103.9539
847.0791,107.22940000000001,847.0791,104.7158,847.0791,104.08820000000001,847.0791,103.8994
847.5613,107.17939999999999,847.5613,104.66709999999999,847.5613,104.0467,847.5613,103.8505
848.0432999999999,107.13319999999999,848.0432999999999,104.62849999999999,848.0432999999999,104.0071,848.0432999999999,103.81
848.5255000000001,107.09329999999999,848.5255000000001,104.5998,848.5255000000001,103.97030000000001,848.5255000000001,103.7784
849.0076,107.061,849.0076,104.5788,849.0076,103.9361,849.0076,103.7544
849.4897,107.03540000000001,849.4897,104.56240000000001,849.4897,103.90410000000001,849.4897,103.7352
849.9717999999999,107.0149,849.9717999999999,104.5481,849.9717999999999,103.8741,849.9717999999999,103.7183
850.4540000000001,106.9971,850.4540000000001,104.535,850.4540000000001,103.8461,850.4540000000001,103.702
850.9360000000001,106.9801,850.9360000000001,104.5234,850.9360000000001,103.82000000000001,850.9360000000001,103.6853
851.4182,106.96190000000001,851.4182,104.5128,851.4182,103.79419999999999,851.4182,103.6668
851.9003,106.94,851.9003,104.501,851.9003,103.76490000000001,851.9003,103.6435
852.3824,106.9113,852.3824,104.4829,852.3824,103.7266,852.3824,103.611
852.8645000000001,106.87199999999999,852.8645000000001,104.45219999999999,852.8645000000001,103.6738,852.8645000000001,103.5643
853.3466999999999,106.8194,853.3466999999999,104.4039,853.3466999999999,103.6036,853.3466999999999,103.5006
853.8287,106.7531,853.8287,104.33650000000002,853.8287,103.5178,853.8287,103.42119999999998
854.3109,106.6761,854.3109,104.25450000000001,854.3109,103.4236,854.3109,103.3322
854.7930000000001,106.59440000000001,854.7930000000001,104.1666,854.7930000000001,103.3312,854.7930000000001,103.24340000000001
855.2751000000001,106.5157,855.2751000000001,104.0835,855.2751000000001,103.2508,855.2751000000001,103.16529999999999
855.7572,106.4468,855.7572,104.01419999999999,855.7572,103.18860000000001,855.7572,103.10490000000001
856.2393999999999,106.39179999999999,856.2393999999999,103.96289999999999,856.2393999999999,103.14529999999999,856.2393999999999,103.064
856.7214,106.35159999999999,856.7214,103.92809999999999,856.7214,103.11580000000001,856.7214,103.0386
857.2036,106.3237,857.2036,103.90390000000001,857.2036,103.0917,857.2036,103.0202
857.6857,106.30409999999999,857.6857,103.8823,857.6857,103.0649,857.6857,102.9995
858.1678,106.28899999999999,858.1678,103.85640000000001,858.1678,103.03009999999999,858.1678,102.9692
858.6499,106.2757,858.6499,103.82260000000001,858.6499,102.986,858.6499,102.9255
859.1321,106.2629,859.1321,103.78,859.1321,102.93490000000001,859.1321,102.86880000000001
859.6140999999999,106.24990000000001,859.6140999999999,103.7302,859.6140999999999,102.8797,859.6140999999999,102.80199999999999
860.0963,106.23549999999999,860.0963,103.6754,860.0963,102.8224,860.0963,102.729
860.5784,106.21830000000001,860.5784,103.6175,860.5784,102.763,860.5784,102.6537
861.0604999999999,106.1963,861.0604999999999,103.55760000000001,861.0604999999999,102.69980000000001,861.0604999999999,102.5796
861.5426,106.1684,861.5426,103.4969,861.5426,102.6315,861.5426,102.5097
862.0248,106.13520000000001,862.0248,103.4373,862.0248,102.5582,862.0248,102.44709999999999
862.5068000000001,106.0991,862.5068000000001,103.3814,862.5068000000001,102.4824,862.5068000000001,102.3941
862.9889999999999,106.0638,862.9889999999999,103.3318,862.9889999999999,102.4076,862.9889999999999,102.3515
863.4711,106.0328,863.4711,103.2902,863.4711,102.33749999999999,863.4711,102.3177
863.9531999999999,106.00890000000001,863.9531999999999,103.2569,863.9531999999999,102.2743,863.9531999999999,102.28880000000001
864.4353000000001,105.9934,864.4353000000001,103.23020000000001,864.4353000000001,102.21849999999999,864.4353000000001,102.25930000000001
864.9175,105.98689999999999,864.9175,103.2078,864.9175,102.1695,864.9175,102.2243
865.3995,105.99019999999999,865.3995,103.18769999999999,865.3995,102.1268,865.3995,102.1816
865.8816999999999,106.0047,865.8816999999999,103.1699,865.8816999999999,102.09140000000001,865.8816999999999,102.13289999999999
866.3638000000001,106.0328,866.3638000000001,103.1558,866.3638000000001,102.0656,866.3638000000001,102.0834
866.8459,106.0764,866.8459,103.14779999999999,866.8459,102.052,866.8459,102.03999999999999
867.328,106.13570000000001,867.328,103.14779999999999,867.328,102.0521,867.328,102.00869999999999
867.8101999999999,106.2083,867.8101999999999,103.1561,867.8101999999999,102.06500000000001,867.8101999999999,101.9929
868.2922,106.28880000000001,868.2922,103.1709,868.2922,102.08749999999999,868.2922,101.99210000000001
868.7744,106.3704,868.7744,103.1895,868.7744,102.1147,868.7744,102.0028
869.2565,106.44689999999999,869.2565,103.2092,869.2565,102.1422,869.2565,102.0205
869.7386,106.51440000000001,869.7386,103.2288,869.7386,102.1677,869.7386,102.0414
870.2207,106.57270000000001,870.2207,103.2491,870.2207,102.19160000000001,870.2207,102.0637
870.7029,106.62469999999999,870.7029,103.2722,870.7029,102.21640000000001,870.7029,102.0879
871.1849000000001,106.6743,871.1849000000001,103.3004,871.1849000000001,102.24549999999999,871.1849000000001,102.1156
871.6671,106.7248,871.6671,103.33460000000001,871.6671,102.28150000000001,871.6671,102.1488
872.1492,106.7772,872.1492,103.3743,872.1492,102.32509999999999,872.1492,102.1882
872.6312999999999,106.8306,872.6312999999999,103.4177,872.6312999999999,102.3758,872.6312999999999,102.2344
873.1134000000001,106.8829,873.1134000000001,103.4632,873.1134000000001,102.4324,873.1134000000001,102.2874
873.5956,106.93299999999999,873.5956,103.51079999999999,873.5956,102.4948,873.5956,102.34779999999999
874.0776000000001,106.98129999999999,874.0776000000001,103.56209999999999,874.0776000000001,102.5638,874.0776000000001,102.41690000000001
874.5597999999999,107.03039999999999,874.5597999999999,103.6205,874.5597999999999,102.6413,874.5597999999999,102.4966
875.0419,107.08390000000001,875.0419,103.6895,875.0419,102.7287,875.0419,102.5882
875.5240000000001,107.14479999999999,875.5240000000001,103.77130000000001,875.5240000000001,102.82560000000001,875.5240000000001,102.6915
876.0061000000001,107.2146,876.0061000000001,103.86599999999999,876.0061000000001,102.9297,876.0061000000001,102.80460000000001
876.4883,107.29280000000001,876.4883,103.9711,876.4883,103.0369,876.4883,102.92410000000001
876.9703,107.37719999999999,876.9703,104.08269999999999,876.9703,103.1424,876.9703,103.0457
877.4525000000001,107.4649,877.4525000000001,104.19640000000001,877.4525000000001,103.24210000000001,877.4525000000001,103.16529999999999
877.9346,107.55349999999999,877.9346,104.3083,877.9346,103.3341,877.9346,103.27969999999999
878.4167,107.6414,878.4167,104.4157,878.4167,103.418,878.4167,103.3865
878.8987999999999,107.72800000000001,878.8987999999999,104.51660000000001,878.8987999999999,103.49459999999999,878.8987999999999,103.48429999999999
879.3810000000001,107.8133,879.3810000000001,104.6097,879.3810000000001,103.56510000000002,879.3810000000001,103.57220000000001
879.8629999999999,107.8976,879.8629999999999,104.6943,879.8629999999999,103.6305,879.8629999999999,103.64999999999999
880.3452,107.98179999999999,880.3452,104.76989999999999,880.3452,103.69120000000001,880.3452,103.71889999999999
880.8272999999999,108.0671,880.8272999999999,104.83720000000001,880.8272999999999,103.74799999999999,880.8272999999999,103.78099999999999
881.3094,108.1555,881.3094,104.8977,881.3094,103.80199999999999,881.3094,103.8396
881.7914999999999,108.249,881.7914999999999,104.9533,881.7914999999999,103.8543,881.7914999999999,103.8981
882.2737,108.34859999999999,882.2737,105.0058,882.2737,103.9058,882.2737,103.9581
882.7557,108.4538,882.7557,105.0558,882.7557,103.9565,882.7557,104.01899999999999
883.2379,108.562,883.2379,105.1028,883.2379,104.0047,883.2379,104.07740000000001
883.7199999999999,108.66959999999999,883.7199999999999,105.1456,883.7199999999999,104.0484,883.7199999999999,104.12840000000001
884.2021000000001,108.7726,884.2021000000001,105.1833,884.2021000000001,104.08550000000001,884.2021000000001,104.16749999999999
884.6842,108.86880000000001,884.6842,105.2162,884.6842,104.1151,884.6842,104.1924
885.1664,108.959,885.1664,105.24640000000001,885.1664,104.1381,885.1664,104.2038
885.6484,109.0459,885.6484,105.2766,885.6484,104.1561,885.6484,104.2051
886.1306000000001,109.1337,886.1306000000001,105.3091,886.1306000000001,104.1703,886.1306000000001,104.20009999999999
886.6127,109.22529999999999,886.6127,105.3439,886.6127,104.18039999999999,886.6127,104.1919
887.0948000000001,109.3217,887.0948000000001,105.3784,887.0948000000001,104.18369999999999,887.0948000000001,104.18130000000001
887.5769,109.4212,887.5769,105.40780000000001,887.5769,104.17620000000001,887.5769,104.16700000000002
888.0591000000001,109.5207,888.0591000000001,105.427,888.0591000000001,104.15440000000001,888.0591000000001,104.1474
888.5410999999999,109.6177,888.5410999999999,105.43299999999999,888.5410999999999,104.11699999999999,888.5410999999999,104.1217
889.0233000000001,109.7115,889.0233000000001,105.4257,889.0233000000001,104.06629999999998,889.0233000000001,104.0914
889.5054,109.80399999999999,889.5054,105.40780000000001,889.5054,104.00750000000001,889.5054,104.05969999999999
889.9875,109.89880000000001,889.9875,105.3839,889.9875,103.94680000000001,889.9875,104.02940000000001
890.4695999999999,109.999,890.4695999999999,105.35719999999999,890.4695999999999,103.8888,890.4695999999999,104.0017
890.9518,110.10610000000001,890.9518,105.32870000000001,890.9518,103.83500000000001,890.9518,103.9744
891.4338,110.21950000000001,891.4338,105.2963,891.4338,103.7828,891.4338,103.94200000000001
891.9159999999999,110.3366,891.9159999999999,105.25569999999999,891.9159999999999,103.7269,891.9159999999999,103.898
892.3981,110.45469999999999,892.3981,105.2023,892.3981,103.6607,892.3981,103.83610000000002
892.8802,110.57239999999999,892.8802,105.13300000000001,892.8802,103.57860000000001,892.8802,103.7529
893.3623000000001,110.6895,893.3623000000001,105.0465,893.3623000000001,103.47649999999999,893.3623000000001,103.64739999999999
893.8444999999999,110.8069,893.8444999999999,104.94330000000001,893.8444999999999,103.35220000000001,893.8444999999999,103.5204
894.3265,110.92450000000001,894.3265,104.8241,894.3265,103.2038,894.3265,103.3731
894.8086999999999,111.0406,894.8086999999999,104.6886,894.8086999999999,103.0292,894.8086999999999,103.2055
895.2908000000001,111.15140000000001,895.2908000000001,104.5355,895.2908000000001,102.82629999999999,895.2908000000001,103.0159
895.7729,111.25290000000001,895.7729,104.3621,895.7729,102.59320000000001,895.7729,102.8025
896.255,111.34249999999999,896.255,104.1662,896.255,102.32950000000001,896.255,102.5642
896.7371999999999,111.42099999999999,896.7371999999999,103.94650000000001,896.7371999999999,102.0369,896.7371999999999,102.30189999999999
897.2192,111.4922,897.2192,103.7031,897.2192,101.7184,897.2192,102.0182
897.7014,111.56200000000001,897.7014,103.43690000000001,897.7014,101.37780000000001,897.7014,101.71619999999999
898.1835,111.6354,898.1835,103.14859999999999,898.1835,101.0176,898.1835,101.3978
898.6656,111.7145,898.6656,102.8386,898.6656,100.63850000000001,898.6656,101.06280000000001
899.1477,111.7971,899.1477,102.5061,899.1477,100.2389,899.1477,100.709
899.6299,111.87879999999998,899.6299,102.15019999999998,899.6299,99.81664,899.6299,100.333
900.1118999999999,111.954,900.1118999999999,101.7698,900.1118999999999,99.36917,900.1118999999999,99.93226
900.5941,112.01939999999999,900.5941,101.36480000000002,900.5941,98.89519,900.5941,99.50555
901.0762,112.07530000000001,901.0762,100.93520000000001,901.0762,98.39468,901.0762,99.05397
901.5582999999999,112.12480000000001,901.5582999999999,100.4817,901.5582999999999,97.86877000000001,901.5582999999999,98.57994
902.0403999999999,112.1726,902.0403999999999,100.0048,902.0403999999999,97.31898,902.0403999999999,98.08614
902.5226,112.2225,902.5226,99.50551000000002,902.5226,96.74722,902.5226,97.57476
903.0046000000001,112.276,903.0046000000001,98.98536999999999,903.0046000000001,96.15556,903.0046000000001,97.04700000000001
903.4867999999999,112.3325,903.4867999999999,98.44702999999998,903.4867999999999,95.54671,903.4867999999999,96.50363
903.9689,112.38950000000001,903.9689,97.89414000000001,903.9689,94.92383000000001,903.9689,95.9454
904.451,112.44449999999999,904.451,97.33079000000001,904.451,94.29083,904.451,95.37392
904.9331000000001,112.4962,904.9331000000001,96.76048,904.9331000000001,93.65162,904.9331000000001,94.79169
905.4152999999999,112.54379999999999,905.4152999999999,96.18558999999999,905.4152999999999,93.01003,905.4152999999999,94.20247
905.8973,112.58699999999999,905.8973,95.60736,905.8973,92.36959,905.8973,93.61075
906.3795000000001,112.62460000000002,906.3795000000001,95.02674999999999,906.3795000000001,91.73405000000001,906.3795000000001,93.02180999999999
906.8616000000001,112.655,906.8616000000001,94.44563000000001,906.8616000000001,91.10727,906.8616000000001,92.44135
907.3438,112.6766,907.3438,93.86787,907.3438,90.49379,907.3438,91.87527
907.8258,112.689,907.8258,93.29934,907.8258,89.89815,907.8258,91.32892999999999
908.3080000000001,112.694,908.3080000000001,92.74749999999999,908.3080000000001,89.32488,908.3080000000001,90.80698
908.79,112.6957,908.79,92.22002,908.79,88.77814000000001,908.79,90.31315
909.2722,112.6992,909.2722,91.72408000000001,909.2722,88.26221000000001,909.2722,89.85078
909.7543,112.70850000000002,909.7543,91.26558,909.7543,87.78188,909.7543,89.42318999999999
910.2365000000001,112.7251,910.2365000000001,90.84953,910.2365000000001,87.34308999999999,910.2365000000001,89.03447
910.7185,112.748,910.7185,90.48029,910.7185,86.95282,910.7185,88.68929
911.2007,112.7739,911.2007,90.16193,911.2007,86.61822000000001,911.2007,88.39241
911.6828,112.79939999999999,911.6828,89.89815,911.6828,86.3452,911.6828,88.14777
912.1649,112.8225,912.1649,89.69203,912.1649,86.13763,912.1649,87.9578
912.6469999999999,112.84320000000001,912.6469999999999,89.54601,912.6469999999999,85.99683,912.6469999999999,87.82344
913.1292,112.8628,913.1292,89.46184000000001,913.1292,85.92255,913.1292,87.7449
913.6113,112.8825,913.6113,89.44074,913.6113,85.91397,913.6113,87.72247
914.0934,112.90199999999999,914.0934,89.48346000000001,914.0934,85.97049999999999,914.0934,87.75710000000001
914.5754999999999,112.91929999999999,914.5754999999999,89.59002,914.5754999999999,86.09181,914.5754999999999,87.85001
915.0575999999999,112.9314,915.0575999999999,89.75916,915.0575999999999,86.27702,915.0575999999999,88.00179999999999
915.5397,112.93610000000001,915.5397,89.98812000000001,915.5397,86.52362,915.5397,88.21133
916.0219,112.93390000000001,916.0219,90.27268,916.0219,86.82712000000001,916.0219,88.47527
916.5039999999999,112.92770000000002,916.5039999999999,90.6078,916.5039999999999,87.18142999999999,916.5039999999999,88.78859
916.9861,112.9226,916.9861,90.9883,916.9861,87.58023,916.9861,89.14568
917.4682,112.9233,917.4682,91.40919,917.4682,88.01791,917.4682,89.54131000000001
917.9503000000001,112.93260000000001,917.9503000000001,91.86555,917.9503000000001,88.49024,917.9503000000001,89.97113
918.4324,112.9501,918.4324,92.35152,918.4324,88.99338999999999,918.4324,90.43093999999999
918.9146,112.9726,918.9146,92.85966,918.9146,89.52308000000001,918.9146,90.91592
919.3967,112.9956,919.3967,93.38092,919.3967,90.07344,919.3967,91.41969
919.8788000000001,113.0158,919.8788000000001,93.90573,919.8788000000001,90.63721,919.8788000000001,91.93482
920.3609,113.03160000000001,920.3609,94.42551,920.3609,91.20657,920.3609,92.45362999999999
920.843,113.0441,920.843,94.93432999999999,920.843,91.77476999999999,920.843,92.96979999999999
921.3251,113.056,921.3251,95.42973,921.3251,92.33733000000001,921.3251,93.47946999999999
921.8073,113.0698,921.8073,95.91219000000001,921.8073,92.89229,921.8073,93.98129
922.2894,113.0876,922.2894,96.38400000000001,922.2894,93.43945,922.2894,94.47561
922.7715,113.10979999999999,922.7715,96.84732,922.7715,93.97904,922.7715,94.96301000000001
923.2536,113.13640000000001,923.2536,97.30292,923.2536,94.51036,923.2536,95.44312
923.7357,113.1664,923.7357,97.74943999999999,923.7357,95.03102999999999,923.7357,95.91373000000002
924.2177999999999,113.1988,924.2177999999999,98.18353,924.2177999999999,95.53715,924.2177999999999,96.37124
924.7,113.2325,924.7,98.60076,924.7,96.02420000000001,924.7,96.81134999999999
925.1821,113.2654,925.1821,98.99656,925.1821,96.4882,925.1821,97.2303
925.6641999999999,113.29480000000001,925.6641999999999,99.36729,925.6641999999999,96.92655,925.6641999999999,97.62566
926.1462999999999,113.3173,926.1462999999999,99.71108,926.1462999999999,97.33854000000001,926.1462999999999,97.99694000000001
926.6284,113.3302,926.6284,100.02819999999998,926.6284,97.72531000000001,926.6284,98.34534
927.1105,113.3325,927.1105,100.3213,927.1105,98.08944,927.1105,98.6734
927.5926999999999,113.32530000000001,927.5926999999999,100.59469999999999,927.5926999999999,98.4342,927.5926999999999,98.98415
928.0747999999999,113.3119,928.0747999999999,100.85390000000001,928.0747999999999,98.76262,928.0747999999999,99.28027999999999
928.5569,113.29599999999999,928.5569,101.1035,928.5569,99.07677,928.5569,99.56345
929.039,113.28059999999999,929.039,101.3468,929.039,99.37735,929.039,99.83404999999999
929.5211,113.26700000000001,929.5211,101.58460000000001,929.5211,99.66375,929.5211,100.09140000000001
930.0032,113.2547,930.0032,101.81569999999999,930.0032,99.93460999999999,930.0032,100.3344
930.4854,113.2425,930.4854,102.0379,930.4854,100.1887,930.4854,100.56240000000001
930.9675000000001,113.2299,930.9675000000001,102.2491,930.9675000000001,100.42569999999999,930.9675000000001,100.7762
931.4496,113.2178,931.4496,102.4489,931.4496,100.6469,931.4496,100.9781
931.9317,113.20870000000001,931.9317,102.6386,931.9317,100.85470000000001,931.9317,101.1712
932.4137999999999,113.205,932.4137999999999,102.8208,932.4137999999999,101.0523,932.4137999999999,101.35909999999998
932.8959,113.2083,932.8959,102.99810000000001,932.8959,101.24280000000002,932.8959,101.5443
933.3781,113.2174,933.3781,103.17210000000001,933.3781,101.42850000000001,933.3781,101.7279
933.8602,113.22909999999999,933.8602,103.34259999999999,933.8602,101.61089999999999,933.8602,101.9093
934.3422999999999,113.2388,934.3422999999999,103.50809999999998,934.3422999999999,101.79050000000001,934.3422999999999,102.08699999999999
934.8244,113.24270000000001,934.8244,103.6667,934.8244,101.9676,934.8244,102.2594
935.3065000000001,113.23890000000002,935.3065000000001,103.81739999999999,935.3065000000001,102.1425,935.3065000000001,102.42569999999999
935.7886000000001,113.228,935.7886000000001,103.9605,935.7886000000001,102.3152,935.7886000000001,102.58560000000001
936.2708,113.2126,936.2708,104.09790000000001,936.2708,102.4855,936.2708,102.74019999999999
936.7529,113.19539999999999,936.7529,104.23230000000001,936.7529,102.6526,936.7529,102.8902
937.2350000000001,113.1785,937.2350000000001,104.36589999999998,937.2350000000001,102.81519999999999,937.2350000000001,103.0368
937.7171000000001,113.1623,937.7171000000001,104.5,937.7171000000001,102.97210000000001,937.7171000000001,103.18069999999999
938.1992,113.1461,938.1992,104.6347,938.1992,103.1234,938.1992,103.32289999999999
938.6813,113.12929999999999,938.6813,104.7696,938.6813,103.27040000000001,938.6813,103.46470000000001
939.1635000000001,113.11189999999999,939.1635000000001,104.9045,939.1635000000001,103.41629999999999,939.1635000000001,103.608
939.6456000000001,113.09450000000001,939.6456000000001,105.0398,939.6456000000001,103.56479999999999,939.6456000000001,103.75479999999999
940.1277,113.0784,940.1277,105.1765,940.1277,103.7194,940.1277,103.9064
940.6098,113.0642,940.6098,105.3159,940.6098,103.88189999999999,940.6098,104.06279999999998
941.0919,113.05179999999999,941.0919,105.45930000000001,941.0919,104.0519,941.0919,104.2227
941.574,113.04019999999998,941.574,105.60730000000001,941.574,104.22690000000001,941.574,104.38400000000001
942.0562,113.0291,942.0562,105.7598,942.0562,104.4039,942.0562,104.5447
942.5383,113.01939999999999,942.5383,105.91680000000001,942.5383,104.58019999999999,942.5383,104.7042
943.0204,113.0138,943.0204,106.078,943.0204,104.7545,943.0204,104.8633
943.5024999999999,113.0161,943.5024999999999,106.2429,943.5024999999999,104.9265,943.5024999999999,105.0239
943.9845999999999,113.0291,943.9845999999999,106.4103,943.9845999999999,105.09630000000001,943.9845999999999,105.18749999999999
944.4667000000001,113.0534,944.4667000000001,106.5777,944.4667000000001,105.2627,944.4667000000001,105.3538
944.9489,113.0863,944.9489,106.74109999999999,944.9489,105.42320000000001,944.9489,105.5197
945.4309999999999,113.12180000000001,945.4309999999999,106.8954,945.4309999999999,105.57350000000001,945.4309999999999,105.6799
945.9131,113.1534,945.9131,107.0352,945.9131,105.70870000000001,945.9131,105.8277
946.3952,113.1756,946.3952,107.1563,946.3952,105.82499999999999,946.3952,105.9572
946.8773000000001,113.1863,946.8773000000001,107.25659999999999,946.8773000000001,105.9204,946.8773000000001,106.06469999999999
947.3594,113.1873,947.3594,107.33600000000001,947.3594,105.99549999999999,947.3594,106.149
947.8416,113.1832,947.8416,107.39609999999999,947.8416,106.05199999999999,947.8416,106.21130000000001
948.3237,113.1791,948.3237,107.43910000000001,948.3237,106.09200000000001,948.3237,106.25370000000001
948.8058000000001,113.1791,948.8058000000001,107.46629999999999,948.8058000000001,106.1167,948.8058000000001,106.278
949.2879,113.1845,949.2879,107.4784,949.2879,106.1259,949.2879,106.28500000000001
949.77,113.19460000000001,949.77,107.4751,949.77,106.11880000000001,949.77,106.2748
950.2520999999999,113.20760000000001,950.2520999999999,107.4561,950.2520999999999,106.0945,950.2520999999999,106.2472
950.7343000000001,113.2218,950.7343000000001,107.4215,950.7343000000001,106.0524,950.7343000000001,106.20240000000001
951.2164,113.23639999999999,951.2164,107.37160000000002,951.2164,105.9926,951.2164,106.14099999999999
951.6985,113.2517,951.6985,107.3071,951.6985,105.9151,951.6985,106.0636
952.1806,113.26780000000001,952.1806,107.2282,952.1806,105.8193,952.1806,105.9706
952.6627,113.2846,952.6627,107.13459999999999,952.6627,105.7045,952.6627,105.86189999999999
953.1447999999999,113.3011,953.1447999999999,107.026,953.1447999999999,105.5698,953.1447999999999,105.73740000000001
953.627,113.3164,953.627,106.90299999999999,953.627,105.4154,953.627,105.59769999999999
954.1091,113.3303,954.1091,106.7673,954.1091,105.24340000000001,954.1091,105.4446
954.5912,113.3437,954.5912,106.6223,954.5912,105.0575,954.5912,105.281
955.0732999999999,113.35869999999998,955.0732999999999,106.4716,955.0732999999999,104.8625,955.0732999999999,105.1105
955.5554000000001,113.37729999999999,955.5554000000001,106.3186,955.5554000000001,104.66260000000001,955.5554000000001,104.93650000000001
956.0375,113.4004,956.0375,106.1653,956.0375,104.4604,956.0375,104.76110000000001
956.5197,113.4273,956.5197,106.012,956.5197,104.25720000000001,956.5197,104.5855
957.0017999999999,113.4552,957.0017999999999,105.8579,957.0017999999999,104.05290000000001,957.0017999999999,104.4103
957.4839000000001,113.4811,957.4839000000001,105.7026,957.4839000000001,103.8484,957.4839000000001,104.23599999999999
957.966,113.503,957.966,105.54619999999998,957.966,103.64549999999998,957.966,104.06439999999999
958.4481000000001,113.52059999999999,958.4481000000001,105.3909,958.4481000000001,103.4481,958.4481000000001,103.898
958.9302,113.5354,958.9302,105.2397,958.9302,103.2607,958.9302,103.7396
959.4124,113.55010000000001,959.4124,105.09630000000001,959.4124,103.08800000000001,959.4124,103.5915
959.8945000000001,113.56649999999999,959.8945000000001,104.9638,959.8945000000001,102.9331,959.8945000000001,103.45500000000001
960.3766,113.58500000000001,960.3766,104.84469999999999,960.3766,102.79750000000001,960.3766,103.3306
960.8587,113.6045,960.8587,104.7404,960.8587,102.681,960.8587,103.21860000000001
961.3408,113.6234,961.3408,104.6524,961.3408,102.583,961.3408,103.1197
961.8228999999999,113.64080000000001,961.8228999999999,104.5817,961.8228999999999,102.5029,961.8228999999999,103.0353
962.3051,113.65769999999999,962.3051,104.5291,962.3051,102.4402,962.3051,102.96700000000001
962.7872,113.67639999999999,962.7872,104.49470000000001,962.7872,102.394,962.7872,102.91539999999999
963.2692999999999,113.6992,963.2692999999999,104.4766,963.2692999999999,102.36229999999999,963.2692999999999,102.8794
963.7514,113.72720000000001,963.7514,104.47090000000001,963.7514,102.34110000000001,963.7514,102.85489999999999
964.2334999999999,113.7591,964.2334999999999,104.4716,964.2334999999999,102.3247,964.2334999999999,102.8361
964.7156000000001,113.79159999999999,964.7156000000001,104.4721,964.7156000000001,102.30669999999999,964.7156000000001,102.81670000000001
965.1977999999999,113.82090000000001,965.1977999999999,104.4662,965.1977999999999,102.2809,965.1977999999999,102.79100000000001
965.6799,113.8443,965.6799,104.4497,965.6799,102.24329999999999,965.6799,102.7563
966.1619999999999,113.8619,966.1619999999999,104.4211,966.1619999999999,102.1925,966.1619999999999,102.71209999999999
966.6441000000001,113.87650000000001,966.6441000000001,104.3811,966.6441000000001,102.129,966.6441000000001,102.66010000000001
967.1262,113.89229999999999,967.1262,104.33170000000001,967.1262,102.0551,967.1262,102.60199999999999
967.6083,113.9125,967.6083,104.27459999999999,967.6083,101.9725,967.6083,102.5387
968.0904999999999,113.9383,968.0904999999999,104.2106,968.0904999999999,101.88219999999998,968.0904999999999,102.4692
968.5726000000001,113.9678,968.5726000000001,104.13900000000001,968.5726000000001,101.78359999999999,968.5726000000001,102.3911
969.0547,113.9973,969.0547,104.05819999999999,969.0547,101.6754,969.0547,102.30170000000001
969.5368,114.02350000000001,969.5368,103.9663,969.5368,101.5562,969.5368,102.1992
970.0189,114.0446,970.0189,103.8618,970.0189,101.42450000000001,970.0189,102.0829
970.501,114.06130000000002,970.501,103.7434,970.501,101.27919999999999,970.501,101.95320000000001
970.9832,114.07639999999999,970.9832,103.6105,970.9832,101.119,970.9832,101.8105
971.4653000000001,114.09309999999999,971.4653000000001,103.4621,971.4653000000001,100.94229999999999,971.4653000000001,101.65409999999999
971.9474,114.11340000000001,971.9474,103.2977,971.9474,100.74700000000001,971.9474,101.48219999999999
972.4295,114.13770000000001,972.4295,103.11699999999999,972.4295,100.53160000000001,972.4295,101.29239999999999
972.9115999999999,114.16489999999999,972.9115999999999,102.9201,972.9115999999999,100.29509999999999,972.9115999999999,101.08250000000001
973.3937,114.1936,973.3937,102.70809999999999,973.3937,100.0378,973.3937,100.8518
973.8759,114.22319999999999,973.8759,102.4818,973.8759,99.76079999999999,973.8759,100.60100000000001
974.358,114.25480000000002,974.358,102.2416,974.358,99.46539,974.358,100.3319
974.8400999999999,114.2901,974.8400999999999,101.9866,974.8400999999999,99.15221000000001,974.8400999999999,100.0459
975.3222,114.33089999999999,975.3222,101.71440000000001,975.3222,98.82084,975.3222,99.7439
975.8043,114.37809999999999,975.8043,101.4218,975.8043,98.47030000000001,975.8043,99.42523
976.2864000000001,114.4313,976.2864000000001,101.1063,976.2864000000001,98.0997,976.2864000000001,99.08866
976.7686,114.4892,976.7686,100.7671,976.7686,97.7091,976.7686,98.73322999999999
977.2507,114.5507,977.2507,100.4057,977.2507,97.29998,977.2507,98.35912
977.7328000000001,114.6152,977.7328000000001,100.0258,977.7328000000001,96.87472,977.7328000000001,97.96798000000001
978.2149000000001,114.6833,978.2149000000001,99.63194,978.2149000000001,96.43575,978.2149000000001,97.56259999999999
978.697,114.7556,978.697,99.22813,978.697,95.98492999999999,978.697,97.1463
979.1791,114.832,979.1791,98.81710999999999,979.1791,95.52315999999999,979.1791,96.72228000000001
979.6613000000001,114.9111,979.6613000000001,98.40034,979.6613000000001,95.05116,979.6613000000001,96.29329999999999
980.1434,114.99,980.1434,97.9786,980.1434,94.57028,980.1434,95.86175
980.6255,115.06590000000001,980.6255,97.55286,980.6255,94.08344,980.6255,95.42982
981.1076,115.1367,981.1076,97.12469,981.1076,93.59494,981.1076,94.99929
981.5897,115.2021,981.5897,96.69624,981.5897,93.10991,981.5897,94.57150999999999
982.0717999999999,115.2636,982.0717999999999,96.26982999999998,982.0717999999999,92.63305000000001,982.0717999999999,94.14718
982.554,115.3232,982.554,95.84756999999999,982.554,92.16794999999999,982.554,93.72675
983.0361,115.38239999999999,983.0361,95.4315,983.0361,91.71696,983.0361,93.31110000000001
983.5182,115.4412,983.5182,95.02421999999999,983.5182,91.28187,983.5182,92.9026
984.0002999999999,115.49830000000001,984.0002999999999,94.62938,984.0002999999999,90.86478,984.0002999999999,92.50557
984.4823999999999,115.5521,984.4823999999999,94.25193999999999,984.4823999999999,90.46885,984.4823999999999,92.12621
984.9645,115.6021,984.9645,93.89751000000001,984.9645,90.09788,984.9645,91.77138
985.4467,115.6495,985.4467,93.57127,985.4467,89.75574999999999,985.4467,91.44699
985.9287999999999,115.69709999999999,985.9287999999999,93.27678,985.9287999999999,89.44547999999999,985.9287999999999,91.15674999999999
986.4108999999999,115.7478,986.4108999999999,93.01548,986.4108999999999,89.16874999999999,986.4108999999999,90.90169
986.893,115.80330000000001,986.893,92.78701,986.893,88.92633000000001,986.893,90.68101
987.3751000000001,115.86330000000001,987.3751000000001,92.59045,987.3751000000001,88.71873000000001,987.3751000000001,90.49340000000001
987.8572,115.9262,987.8572,92.42542,987.8572,88.547,987.8572,90.33851
988.3394,115.9897,988.3394,92.29288,988.3394,88.41297,988.3394,90.21751
988.8215,116.0528,988.8215,92.19498,988.8215,88.31873,988.8215,90.13261
989.3036000000001,116.11640000000001,989.3036000000001,92.13426999999999,989.3036000000001,88.26591,989.3036000000001,90.08606999999999
989.7857,116.1824,989.7857,92.11259,989.7857,88.25501,989.7857,90.07903
990.2678,116.25280000000001,990.2678,92.13018,990.2678,88.28512,990.2678,90.11082999999999
990.7498999999999,116.3277,990.7498999999999,92.18571,990.7498999999999,88.35452000000001,990.7498999999999,90.17956999999998
991.2321000000001,116.40429999999999,991.2321000000001,92.27677999999999,991.2321000000001,88.46148,991.2321000000001,90.28287
991.7142,116.47810000000001,991.7142,92.40057,991.7142,88.60478,991.7142,90.41885
992.1963,116.5444,992.1963,92.55508,992.1963,88.7843,992.1963,90.58694
992.6784,116.601,992.6784,92.73936,992.6784,89.00056,992.6784,90.78766999999999
993.1605,116.649,993.1605,92.95386,993.1605,89.25452,993.1605,91.02216999999999
993.6426000000001,116.6927,993.6426000000001,93.19974,993.6426000000001,89.54674,993.6426000000001,91.29125
994.1247999999999,116.73750000000001,994.1247999999999,93.47827000000001,994.1247999999999,89.87714,994.1247999999999,91.59464
994.6069,116.7874,994.6069,93.78989000000001,994.6069,90.24463,994.6069,91.93078
995.0889999999999,116.8435,995.0889999999999,94.13354,995.0889999999999,90.64697000000001,995.0889999999999,92.29681
995.5711000000001,116.90350000000001,995.5711000000001,94.50628999999999,995.5711000000001,91.08064999999999,995.5711000000001,92.68901
996.0532000000001,116.9637,996.0532000000001,94.90353,996.0532000000001,91.54087000000001,996.0532000000001,93.10336
996.5353,117.02140000000001,996.5353,95.31967,996.5353,92.02185,996.5353,93.536
997.0174999999999,117.07639999999999,997.0174999999999,95.74932000000001,997.0174999999999,92.51751999999999,997.0174999999999,93.98361
997.4996000000001,117.1314,997.4996000000001,96.18800999999999,997.4996000000001,93.02211,997.4996000000001,94.44342
997.9817,117.1905,997.9817,96.63284000000002,997.9817,93.53105,997.9817,94.91288
998.4638,117.25730000000001,998.4638,97.08187000000001,998.4638,94.04102,998.4638,95.38918000000001
998.9459,117.33260000000001,998.9459,97.53344999999999,998.9459,94.54974,998.9459,95.86867
999.428,117.4143,999.428,97.98506,999.428,95.05524,999.428,96.34653999999999
999.9102,117.49830000000001,999.9102,98.43261,999.9102,95.55503,999.9102,96.81675999999999
1000.3919999999999,117.58090000000001,1000.3919999999999,98.87038000000001,1000.3919999999999,96.04548,1000.3919999999999,97.27273
1000.874,117.6603,1000.874,99.29169999999999,1000.874,96.52152,1000.874,97.70776
1001.3570000000001,117.7373,1001.3570000000001,99.68982,1001.3570000000001,96.97666,1001.3570000000001,98.11568
1001.8389999999999,117.8142,1001.8389999999999,100.05869999999999,1001.8389999999999,97.40368000000001,1001.8389999999999,98.49130000000001
1002.321,117.8928,1002.321,100.3938,1002.321,97.79515,1002.321,98.83048000000001
1002.8030000000001,117.973,1002.8030000000001,100.6918,1002.8030000000001,98.14465,1002.8030000000001,99.13022
1003.285,118.05220000000001,1003.285,100.95110000000001,1003.285,98.44763,1003.285,99.38895000000001
1003.767,118.1264,1003.767,101.1713,1003.767,98.70232,1003.767,99.60679
1004.2489999999999,118.19219999999999,1004.2489999999999,101.3536,1004.2489999999999,98.90997999999999,1004.2489999999999,99.78559000000001
1004.731,118.24799999999999,1004.731,101.49999999999999,1004.731,99.07458,1004.731,99.92879
1005.213,118.2949,1005.213,101.61370000000001,1005.213,99.20142999999999,1005.213,100.0405
1005.6959999999999,118.3357,1005.6959999999999,101.6981,1005.6959999999999,99.29617,1005.6959999999999,100.1248
1006.178,118.37379999999999,1006.178,101.757,1006.178,99.36358999999999,1006.178,100.18530000000001
1006.6600000000001,118.41140000000001,1006.6600000000001,101.79480000000001,1006.6600000000001,99.4077,1006.6600000000001,100.22500000000001
1007.1419999999999,118.44980000000001,1007.1419999999999,101.8164,1007.1419999999999,99.43248,1007.1419999999999,100.24770000000001
1007.624,118.4896,1007.624,101.8281,1007.624,99.44292000000002,1007.624,100.2583
1008.106,118.532,1008.106,101.8368,1008.106,99.44541,1008.106,100.2634
1008.5880000000001,118.57910000000001,1008.5880000000001,101.84949999999999,1008.5880000000001,99.44746,1008.5880000000001,100.27010000000001
1009.0699999999999,118.63269999999999,1009.0699999999999,101.8714,1009.0699999999999,99.45605,1009.0699999999999,100.28459999999998
1009.552,118.6934,1009.552,101.9053,1009.552,99.47606999999999,1009.552,100.31030000000001
1010.035,118.7584,1010.035,101.9503,1010.035,99.50906,1010.035,100.3468
1010.517,118.8215,1010.517,102.0032,1010.517,99.55347,1010.517,100.39070000000001
1010.999,118.8748,1010.999,102.0598,1010.999,99.60587000000001,1010.999,100.43679999999999
1011.4810000000001,118.91080000000001,1011.4810000000001,102.11680000000001,1011.4810000000001,99.66331,1011.4810000000001,100.4817
1011.963,118.9263,1011.963,102.17339999999999,1011.963,99.72505,1011.963,100.5253
1012.445,118.9236,1012.445,102.23199999999999,1012.445,99.79348999999999,1012.445,100.5722
1012.9269999999999,118.9098,1012.9269999999999,102.2975,1012.9269999999999,99.87349,1012.9269999999999,100.6299
1013.409,118.8945,1013.409,102.3755,1013.409,99.97062,1013.409,100.707
1013.892,118.8861,1013.892,102.4703,1013.892,100.0891,1013.892,100.81009999999999
1014.3740000000001,118.889,1014.3740000000001,102.5839,1014.3740000000001,100.2305,1014.3740000000001,100.94160000000001
1014.856,118.9036,1014.856,102.7161,1014.856,100.39359999999999,1014.856,101.09989999999999
1015.3380000000001,118.92670000000001,1015.3380000000001,102.8648,1015.3380000000001,100.5754,1015.3380000000001,101.27999999999999
1015.8199999999999,118.9546,1015.8199999999999,103.02789999999999,1015.8199999999999,100.77279999999999,1015.8199999999999,101.47569999999999
1016.302,118.9851,1016.302,103.2041,1016.302,100.9838,1016.302,101.6822
1016.7839999999999,119.0178,1016.7839999999999,103.39290000000001,1016.7839999999999,101.20800000000001,1016.7839999999999,101.8967
1017.266,119.0534,1017.266,103.59469999999999,1017.266,101.4458,1017.266,102.11859999999999
1017.748,119.09209999999999,1017.748,103.80940000000001,1017.748,101.6978,1017.748,102.34870000000001
1018.2310000000001,119.1322,1018.2310000000001,104.036,1018.2310000000001,101.96320000000001,1018.2310000000001,102.5881
1018.713,119.1705,1018.713,104.2725,1018.713,102.2399,1018.713,102.83690000000001
1019.195,119.20360000000001,1019.195,104.5161,1019.195,102.5246,1019.195,103.0945
1019.6769999999999,119.22980000000001,1019.6769999999999,104.7642,1019.6769999999999,102.81419999999999,1019.6769999999999,103.3598
1020.159,119.24969999999999,1020.159,105.0149,1020.159,103.10589999999999,1020.159,103.63130000000001
1020.641,119.26570000000001,1020.641,105.26679999999999,1020.641,103.39769999999999,1020.641,103.907
1021.123,119.28030000000001,1021.123,105.5188,1021.123,103.68740000000001,1021.123,104.18369999999999
1021.6050000000001,119.29350000000001,1021.6050000000001,105.769,1021.6050000000001,103.972,1021.6050000000001,104.457
1022.0880000000001,119.3024,1022.0880000000001,106.01449999999998,1022.0880000000001,104.2475,1022.0880000000001,104.72120000000001
1022.5699999999999,119.3021,1022.5699999999999,106.2521,1022.5699999999999,104.5096,1022.5699999999999,104.97019999999999
1023.052,119.28840000000001,1023.052,106.4791,1023.052,104.75460000000001,1023.052,105.19989999999999
1023.534,119.2604,1023.534,106.69420000000001,1023.534,104.98160000000001,1023.534,105.4092
1024.016,119.2215,1024.016,106.89789999999999,1024.016,105.19210000000001,1024.016,105.60050000000001
1024.4979999999998,119.17869999999999,1024.4979999999998,107.0914,1024.4979999999998,105.3896,1024.4979999999998,105.7785
1024.98,119.139,1024.98,107.2755,1024.98,105.57730000000001,1024.98,105.94779999999999
1025.462,119.1064,1025.462,107.44890000000001,1025.462,105.7564,1025.462,106.11090000000002
1025.944,119.0799,1025.944,107.60780000000001,1025.944,105.9246,1025.944,106.2664
1026.427,119.0541,1026.427,107.7474,1026.427,106.0772,1026.427,106.4103
1026.909,119.02250000000001,1026.909,107.86340000000001,1026.909,106.20920000000001,1026.909,106.5377
1027.3909999999998,118.9806,1027.3909999999998,107.9544,1027.3909999999998,106.318,1027.3909999999998,106.6448
1027.873,118.9286,1027.873,108.0226,1027.873,106.4044,1027.873,106.73159999999999
1028.355,118.8715,1028.355,108.0729,1028.355,106.47279999999999,1028.355,106.80050000000001
1028.837,118.81660000000001,1028.837,108.11139999999999,1028.837,106.5289,1028.837,106.8552
1029.3190000000002,118.7707,1029.3190000000002,108.14250000000001,1029.3190000000002,106.57749999999999,1029.3190000000002,106.8981
1029.801,118.7376,1029.801,108.16799999999999,1029.801,106.62039999999999,1029.801,106.92960000000001
1030.2830000000001,118.71800000000002,1030.2830000000001,108.1876,1030.2830000000001,106.6567,1030.2830000000001,106.94779999999999
1030.766,118.7108,1030.766,108.2003,1030.766,106.6842,1030.766,106.951
1031.248,118.7151,1031.248,108.20570000000001,1031.248,106.7012,1031.248,106.93900000000001
1031.73,118.7322,1031.73,108.20570000000001,1031.73,106.70759999999999,1031.73,106.91489999999999
1032.212,118.76450000000001,1032.212,108.2028,1032.212,106.7049,1032.212,106.8835
1032.694,118.8134,1032.694,108.19909999999999,1032.694,106.69470000000001,1032.694,106.8499
1033.1760000000002,118.87719999999999,1033.1760000000002,108.19399999999999,1033.1760000000002,106.67660000000001,1033.1760000000002,106.81609999999999
1033.658,118.95009999999999,1033.658,108.1842,1033.658,106.6476,1033.658,106.7804
1034.14,119.0231,1034.14,108.1643,1034.14,106.6031,1034.14,106.73760000000001
1034.623,119.08780000000002,1034.623,108.12960000000001,1034.623,106.53909999999999,1034.623,106.6814
1035.105,119.1398,1035.105,108.078,1035.105,106.45420000000001,1035.105,106.6079
1035.587,119.1806,1035.587,108.0112,1035.587,106.3512,1035.587,106.51679999999999
1036.069,119.2166,1036.069,107.93379999999999,1036.069,106.23610000000001,1036.069,106.4122
1036.551,119.2559,1036.551,107.8509,1036.551,106.11569999999999,1036.551,106.30010000000001
1037.0330000000001,119.3039,1037.0330000000001,107.76520000000001,1037.0330000000001,105.9947,1037.0330000000001,106.1858
1037.5149999999999,119.35979999999999,1037.5149999999999,107.67549999999999,1037.5149999999999,105.8741,1037.5149999999999,106.0714
1037.997,119.41770000000001,1037.997,107.5774,1037.997,105.7514,1037.997,105.9558
1038.479,119.4686,1038.479,107.46549999999999,1038.479,105.622,1038.479,105.835
1038.962,119.5052,1038.962,107.33539999999999,1038.962,105.4819,1038.962,105.70429999999999
1039.444,119.5257,1039.444,107.1863,1039.444,105.3293,1039.444,105.56049999999999
1039.926,119.53419999999998,1039.926,107.0209,1039.926,105.16479999999999,1039.926,105.4019
1040.408,119.5385,1040.408,106.84370000000001,1040.408,104.99019999999999,1040.408,105.2284
1040.89,119.54629999999999,1040.89,106.65910000000001,1040.89,104.8063,1040.89,105.0399
1041.372,119.5613,1041.372,106.46979999999999,1041.372,104.61240000000001,1041.372,104.836
1041.854,119.5824,1041.854,106.27629999999999,1041.854,104.4064,1041.854,104.616
1042.336,119.6042,1042.336,106.07740000000001,1042.336,104.1859,1042.336,104.37970000000001
1042.819,119.62109999999998,1042.819,105.87150000000001,1042.819,103.9501,1042.819,104.12840000000001
1043.301,119.62950000000001,1043.301,105.6576,1043.301,103.70029999999998,1043.301,103.8654
1043.783,119.6296,1043.783,105.43530000000001,1043.783,103.4395,1043.783,103.59469999999999
1044.265,119.6239,1044.265,105.2036,1044.265,103.1705,1044.265,103.3196
1044.747,119.61489999999999,1044.747,104.9608,1044.747,102.8945,1044.747,103.0414
1045.229,119.6032,1045.229,104.7046,1045.229,102.6102,1045.229,102.75890000000001
1045.711,119.58619999999999,1045.711,104.43279999999999,1045.711,102.3145,1045.711,102.4693
1046.193,119.5606,1046.193,104.14479999999999,1046.193,102.00489999999999,1046.193,102.16989999999998
1046.676,119.524,1046.676,103.8429,1046.676,101.68090000000001,1046.676,101.8596
1047.1580000000001,119.47749999999999,1047.1580000000001,103.5316,1047.1580000000001,101.3452,1047.1580000000001,101.5395
1047.6399999999999,119.4254,1047.6399999999999,103.21629999999999,1047.6399999999999,101.0027,1047.6399999999999,101.21249999999999
1048.122,119.3736,1048.122,102.90140000000001,1048.122,100.6587,1048.122,100.88159999999999
1048.604,119.3263,1048.604,102.58840000000001,1048.604,100.3169,1048.604,100.5488
1049.086,119.28429999999999,1049.086,102.27619999999999,1049.086,99.97839,1049.086,100.2144
1049.568,119.24470000000001,1049.568,101.96209999999999,1049.568,99.64150000000001,1049.568,99.87778
1050.05,119.2034,1050.05,101.64359999999999,1050.05,99.30377999999999,1050.05,99.53867000000001
1050.532,119.1569,1050.532,101.3202,1050.532,98.96328,1050.532,99.19786
1051.015,119.10579999999999,1051.015,100.9935,1051.015,98.61971,1051.015,98.85740999999999
1051.4969999999998,119.0536,1051.4969999999998,100.66619999999999,1051.4969999999998,98.2743,1051.4969999999998,98.51957999999999
1051.979,119.00520000000002,1051.979,100.3403,1051.979,97.92868999999999,1051.979,98.18548
1052.461,118.96379999999999,1052.461,100.01580000000001,1052.461,97.58366000000001,1052.461,97.85397
1052.943,118.9286,1052.943,99.6907,1052.943,97.23846,1052.943,97.52186
1053.425,118.8952,1053.425,99.36206,1053.425,96.89104,1053.425,97.18513
1053.907,118.85729999999998,1053.907,99.02754999999999,1053.907,96.53897,1053.907,96.84056999999999
1054.3890000000001,118.811,1054.3890000000001,98.68715999999999,1054.3890000000001,96.18073000000001,1054.3890000000001,96.48729
1054.8709999999999,118.7565,1054.8709999999999,98.34326000000001,1054.8709999999999,95.81644,1054.8709999999999,96.12718
1055.3539999999998,118.69879999999999,1055.3539999999998,97.99945,1055.3539999999998,95.4477,1055.3539999999998,95.76394
1055.836,118.6454,1055.836,97.65879999999999,1055.836,95.07713000000001,1055.836,95.40168
1056.318,118.6028,1056.318,97.3225,1056.318,94.70738,1056.318,95.04353
1056.8,118.57329999999999,1056.8,96.98923,1056.8,94.34055000000001,1056.8,94.6908
1057.2820000000002,118.5543,1057.2820000000002,96.65611999999999,1057.2820000000002,93.97791,1057.2820000000002,94.34336
1057.764,118.5398,1057.764,96.32004,1057.764,93.62,1057.764,94.00026
1058.246,118.5235,1058.246,95.97894,1058.246,93.26637,1058.246,93.66018
1058.7279999999998,118.5014,1058.7279999999998,95.63251,1058.7279999999998,92.91555000000001,1058.7279999999998,93.32186999999999
1059.21,118.4731,1059.21,95.28179,1059.21,92.56499,1059.21,92.98384
1059.693,118.4409,1059.693,94.92818,1059.693,92.21101000000002,1059.693,92.64395999999999
1060.1750000000002,118.4077,1060.1750000000002,94.57285,1060.1750000000002,91.84986,1060.1750000000002,92.29979999999999
1060.657,118.37480000000001,1060.657,94.21638,1060.657,91.47856000000002,1060.657,91.94891
1061.1390000000001,118.3414,1061.1390000000001,93.85939,1061.1390000000001,91.09622999999999,1061.1390000000001,91.58993000000001
1061.6209999999999,118.3063,1061.6209999999999,93.50294,1061.6209999999999,90.70470999999999,1061.6209999999999,91.22332
1062.103,118.2693,1062.103,93.14873,1062.103,90.30841000000001,1062.103,90.85144
1062.5849999999998,118.2325,1062.5849999999998,92.79871,1062.5849999999998,89.91286000000001,1062.5849999999998,90.47783000000001
1063.067,118.20049999999999,1063.067,92.45393999999999,1063.067,89.52311,1063.067,90.10595
1063.55,118.17750000000001,1063.55,92.11384000000001,1063.55,89.14227,1063.55,89.73822
1064.0320000000002,118.1653,1064.0320000000002,91.77588999999999,1064.0320000000002,88.77079,1064.0320000000002,89.37533
1064.514,118.16159999999999,1064.514,91.4363,1064.514,88.40696,1064.514,89.01674
1064.996,118.1609,1064.996,91.09121999999999,1064.996,88.04758,1064.996,88.66132
1065.4779999999998,118.1565,1065.4779999999998,90.73826,1065.4779999999998,87.68943999999999,1065.4779999999998,88.30828
1065.96,118.1443,1065.96,90.37725999999999,1065.96,87.32976000000001,1065.96,87.95749
1066.4419999999998,118.1249,1066.4419999999998,90.01035999999999,1066.4419999999998,86.96663000000001,1066.4419999999998,87.60928
1066.924,118.1029,1066.924,89.64107,1066.924,86.59900999999999,1066.924,87.26379
1067.4060000000002,118.0844,1067.4060000000002,89.27307,1067.4060000000002,86.22652000000001,1067.4060000000002,86.92045999999999
1067.8890000000001,118.07319999999999,1067.8890000000001,88.90921,1067.8890000000001,85.84961,1067.8890000000001,86.57806000000001
1068.3709999999999,118.0682,1068.3709999999999,88.55090000000001,1068.3709999999999,85.46970999999999,1068.3709999999999,86.23490000000001
1068.853,118.0633,1068.853,88.19814000000001,1068.853,85.0891,1068.853,85.88934
1069.335,118.04969999999999,1069.335,87.84971,1069.335,84.71062,1069.335,85.54021
1069.817,118.02,1069.817,87.50352,1069.817,84.3367,1069.817,85.18697
1070.299,117.9716,1070.299,87.15715,1070.299,83.96879999999999,1070.299,84.82964000000001
1070.781,117.9076,1070.781,86.80819,1070.781,83.60657,1070.781,84.46857
1071.2630000000001,117.8353,1071.2630000000001,86.45502,1071.2630000000001,83.24859000000001,1071.2630000000001,84.10477
1071.746,117.7627,1071.746,86.09736999999998,1071.746,82.89313999999999,1071.746,83.74007
1072.228,117.6949,1072.228,85.73653,1072.228,82.53926,1072.228,83.37733
1072.71,117.6331,1072.71,85.37541000000002,1072.71,82.1874,1072.71,83.02019
1073.192,117.575,1073.192,85.01733,1073.192,81.83906999999999,1073.192,82.6721
1073.674,117.5174,1073.674,84.66504,1073.674,81.49583,1073.674,82.33515
1074.156,117.45790000000001,1074.156,84.31952000000001,1074.156,81.15830000000001,1074.156,82.00908999999999
1074.638,117.3964,1074.638,83.97971,1074.638,80.82546,1074.638,81.69117999999999
1075.1200000000001,117.33419999999998,1075.1200000000001,83.64337,1075.1200000000001,80.49536,1075.1200000000001,81.37742
1075.603,117.2719,1075.603,83.3084,1075.603,80.16636,1075.603,81.06424000000001
1076.085,117.20859999999999,1076.085,82.9744,1076.085,79.8383,1076.085,80.75012
1076.567,117.14169999999999,1076.567,82.64329000000001,1076.567,79.51330999999999,1076.567,80.43628999999999
1077.049,117.0688,1077.049,82.31873,1077.049,79.19501,1077.049,80.12601000000001
1077.531,116.9897,1077.531,82.00462,1077.531,78.88701,1077.531,79.82293
1078.013,116.90780000000001,1078.013,81.70361,1078.013,78.59156,1078.013,79.52946
1078.495,116.82950000000001,1078.495,81.41601,1078.495,78.30848999999999,1078.495,79.2458
1078.977,116.76169999999999,1078.977,81.14024,1078.977,78.036,1078.977,78.9705
1079.4589999999998,116.70849999999999,1079.4589999999998,80.87407,1079.4589999999998,77.77177,1079.4589999999998,78.70199
1079.942,116.6695,1079.942,80.61595,1079.942,77.51467,1079.942,78.44001
1080.424,116.6396,1080.424,80.36592999999999,1080.424,77.26529000000001,1080.424,78.18638
1080.906,116.6111,1080.906,80.12511,1080.906,77.02543,1080.906,77.94406000000001
1081.388,116.57770000000001,1081.388,79.89452,1081.388,76.79675,1081.388,77.71552
1081.87,116.53620000000001,1081.87,79.67391,1081.87,76.57946,1081.87,77.50104999999999
1082.352,116.4879,1082.352,79.46129,1082.352,76.37186,1082.352,77.29807
1082.834,116.4363,1082.834,79.25365000000001,1082.834,76.1713,1082.834,77.10212
1083.316,116.3842,1083.316,79.04842000000001,1083.316,75.9756,1083.316,76.90889
1083.798,116.332,1083.798,78.84476000000001,1083.798,75.78455,1083.798,76.71612999999999
1084.281,116.2762,1084.281,78.64385,1084.281,75.59993,1084.281,76.52454
1084.763,116.2126,1084.763,78.4482,1084.763,75.42453,1084.763,76.33716
1085.2450000000001,116.1378,1085.2450000000001,78.25985,1085.2450000000001,75.26015,1085.2450000000001,76.15727
1085.7269999999999,116.0526,1085.7269999999999,78.07899,1085.7269999999999,75.10606,1085.7269999999999,75.98666
1086.209,115.96180000000001,1086.209,77.90367,1086.209,74.95886999999999,1086.209,75.82439
1086.691,115.8722,1086.691,77.73079,1086.691,74.81384,1086.691,75.66769
1087.173,115.78980000000001,1087.173,77.55795,1087.173,74.66700999999999,1087.173,75.51339
1087.655,115.71640000000001,1087.655,77.3849,1087.655,74.5172,1087.655,75.35999000000001
1088.137,115.6502,1088.137,77.21401,1088.137,74.36642,1088.137,75.2085
1088.62,115.5864,1088.62,77.04908,1088.62,74.21873,1088.62,75.06162
1089.102,115.521,1089.102,76.89348,1089.102,74.07817,1089.102,74.92232
1089.5839999999998,115.453,1089.5839999999998,76.74845,1089.5839999999998,73.94675000000001,1089.5839999999998,74.79195
1090.066,115.3853,1090.066,76.61261999999999,1090.066,73.82368,1090.066,74.66959
1090.548,115.3236,1090.548,76.48322,1090.548,73.70644,1090.548,74.55274
1091.03,115.2727,1091.03,76.35779000000001,1091.03,73.59253,1091.03,74.43901
1091.512,115.23440000000001,1091.512,76.23595,1091.512,73.48119,1091.512,74.32777
1091.994,115.2063,1091.994,76.11954,1091.994,73.37380999999999,1091.994,74.22054
1092.4769999999999,115.1827,1092.4769999999999,76.01132,1092.4769999999999,73.27294,1092.4769999999999,74.12009
1092.959,115.1572,1092.959,75.91298,1092.959,73.18047,1092.959,74.02857
1093.4409999999998,115.1254,1093.4409999999998,75.82347,1093.4409999999998,73.09607,1093.4409999999998,73.94577
1093.923,115.08590000000001,1093.923,75.73894,1093.923,73.01707999999999,1093.923,73.86877
1094.405,115.04,1094.405,75.65415,1094.405,72.93983,1094.405,73.79299999999999
1094.887,114.989,1094.887,75.56499,1094.887,72.86155,1094.887,73.71447
1095.3690000000001,114.9329,1095.3690000000001,75.47031000000001,1095.3690000000001,72.78195,1095.3690000000001,73.63148
1095.8509999999999,114.8698,1095.8509999999999,75.37225000000001,1095.8509999999999,72.7031,1095.8509999999999,73.54542000000001
1096.333,114.7967,1096.333,75.27496000000001,1096.333,72.62823,1096.333,73.45995
1096.816,114.7122,1096.816,75.18225,1096.816,72.55943,1096.816,73.37907
1097.2979999999998,114.6179,1097.2979999999998,75.09559,1097.2979999999998,72.49641,1097.2979999999998,73.30530999999999
1097.78,114.5186,1097.78,75.01371,1097.78,72.43661,1097.78,73.23898
1098.2620000000002,114.42079999999999,1098.2620000000002,74.93385,1098.2620000000002,72.37698,1098.2620000000002,73.17886
1098.744,114.3295,1098.744,74.85397,1098.744,72.31612,1098.744,73.1237
1099.226,114.2459,1099.226,74.77457,1099.226,72.25598,1099.226,73.07346
1099.7079999999999,114.16720000000001,1099.7079999999999,74.69895,1099.7079999999999,72.20132,1099.7079999999999,73.0295
1100.19,114.0876,1100.19,74.63179,1100.19,72.15789,1100.19,72.99381
1100.673,114.0015,1100.673,74.57683,1100.673,72.12963,1100.673,72.96736
1101.155,113.90609999999998,1101.155,74.53507,1101.155,72.11697,1101.155,72.9491
1101.637,113.80300000000001,1101.637,74.50453999999999,1101.637,72.11673,1101.637,72.93632
1102.1190000000001,113.69690000000001,1102.1190000000001,74.48181,1102.1190000000001,72.12436,1102.1190000000001,72.92621
1102.6009999999999,113.5939,1102.6009999999999,74.46447,1102.6009999999999,72.13646,1102.6009999999999,72.91779
1103.083,113.4983,1103.083,74.45285,1103.083,72.15277999999999,1103.083,72.91296
1103.5649999999998,113.4114,1103.5649999999998,74.45020000000001,1103.5649999999998,72.17619,1103.5649999999998,72.91624999999999
1104.047,113.33169999999998,1104.047,74.46114,1104.047,72.21085000000001,1104.047,72.93297
1104.53,113.25609999999999,1104.53,74.48911,1104.53,72.25965000000001,1104.53,72.9669
1105.012,113.18209999999999,1105.012,74.53459,1105.012,72.32236,1105.012,73.01879
1105.494,113.1087,1105.494,74.59492,1105.494,72.39580000000001,1105.494,73.08643000000001
1105.976,113.0363,1105.976,74.66603,1105.976,72.47597,1105.976,73.16647
1106.4579999999999,112.9658,1106.4579999999999,74.74481,1106.4579999999999,72.56044,1106.4579999999999,73.25659
1106.94,112.89720000000001,1106.94,74.83105,1106.94,72.65050000000001,1106.94,73.35705
1107.4219999999998,112.8291,1107.4219999999998,74.92741,1107.4219999999998,72.75059,1107.4219999999998,73.47026
1107.904,112.7594,1107.904,75.03764000000001,1107.904,72.86644,1107.904,73.59928
1108.3860000000002,112.68599999999999,1108.3860000000002,75.16399,1108.3860000000002,73.00201,1108.3860000000002,73.74540999999999
1108.869,112.6084,1108.869,75.30552,1108.869,73.15752,1108.869,73.90693
1109.3509999999999,112.5275,1109.3509999999999,75.45792,1109.3509999999999,73.32921999999999,1109.3509999999999,74.07937000000001
1109.833,112.4454,1109.833,75.6155,1109.833,73.51151,1109.833,74.25762
1110.315,112.36349999999999,1110.315,75.77394,1110.315,73.6995,1110.315,74.43825000000001
1110.797,112.28210000000001,1110.797,75.93241,1110.797,73.89127,1110.797,74.62111
1111.279,112.20049999999999,1111.279,76.09403999999999,1111.279,74.08815,1111.279,74.80933
1111.761,112.1175,1111.761,76.26431,1111.761,74.29324,1111.761,75.00741
1112.2430000000002,112.0333,1112.2430000000002,76.44851,1112.2430000000002,74.50919999999999,1112.2430000000002,75.21887
1112.725,111.9501,1112.725,76.64955,1112.725,74.73653999999999,1112.725,75.44469000000001
1113.208,111.872,1113.208,76.86703,1113.208,74.97335,1113.208,75.6829
1113.69,111.80349999999999,1113.69,77.09815,1113.69,75.2167,1113.69,75.93009
1114.172,111.7473,1114.172,77.33948,1114.172,75.46443,1114.172,76.1831
1114.654,111.703,1114.654,77.58851,1114.654,75.71644,1114.654,76.44028
1115.136,111.667,1115.136,77.84404,1115.136,75.97418,1115.136,76.70145
1115.618,111.63369999999999,1115.618,78.10534,1115.618,76.2393,1115.618,76.96668
1116.1000000000001,111.5975,1116.1000000000001,78.37088,1116.1000000000001,76.51151,1116.1000000000001,77.23484
1116.5819999999999,111.5548,1116.5819999999999,78.63756000000001,1116.5819999999999,76.78773,1116.5819999999999,77.50307000000001
1117.064,111.50500000000001,1117.064,78.90106,1117.064,77.06260999999999,1117.064,77.76736
1117.547,111.4498,1117.547,79.15749,1117.547,77.33078,1117.547,78.02442
1118.029,111.3916,1118.029,79.40526,1118.029,77.58926,1118.029,78.27351
1118.511,111.3325,1118.511,79.64613,1118.511,77.83907,1118.511,78.5173
1118.993,111.2732,1118.993,79.88494,1118.993,78.08494999999999,1118.993,78.76114
1119.475,111.2133,1119.475,80.12782,1119.475,78.33357000000001,1119.475,79.01122
1119.957,111.15280000000001,1119.957,80.37976,1119.957,78.59078,1119.957,79.27193
1120.4389999999999,111.0924,1120.4389999999999,80.64287999999999,1120.4389999999999,78.85973,1120.4389999999999,79.54453
1120.921,111.03399999999999,1120.921,80.91595,1120.921,79.14004,1120.921,79.8269
1121.404,110.9796,1121.404,81.19562,1121.404,79.42921,1121.404,80.11527
1121.886,110.9305,1121.886,81.47829,1121.886,79.72421,1121.886,80.40611999999999
1122.368,110.88629999999999,1122.368,81.76202,1122.368,80.02335000000001,1122.368,80.69801
1122.85,110.8446,1122.85,82.0471,1122.85,80.32669999999999,1122.85,80.99180000000001
1123.332,110.8026,1123.332,82.33553,1123.332,80.63544,1123.332,81.28990999999999
1123.814,110.7584,1123.814,82.62943,1123.814,80.95036,1123.814,81.59461
1124.296,110.7119,1124.296,82.92963999999999,1124.296,81.27072999999999,1124.296,81.90657
1124.778,110.66510000000001,1124.778,83.23494,1124.778,81.59391,1124.778,82.2243
1125.26,110.6212,1125.26,83.54222999999999,1125.26,81.91614,1125.26,82.54458
1125.743,110.58250000000001,1125.743,83.8476,1125.743,82.23355,1125.743,82.86333
1126.2250000000001,110.5496,1126.2250000000001,84.14735,1126.2250000000001,82.54334,1126.2250000000001,83.17667
1126.7069999999999,110.52059999999999,1126.7069999999999,84.43854999999999,1126.7069999999999,82.8438,1126.7069999999999,83.48123
1127.189,110.49210000000001,1127.189,84.71918000000001,1127.189,83.13396,1127.189,83.77429
1127.671,110.4611,1127.671,84.98776,1127.671,83.41281000000001,1127.671,84.05357000000001
1128.153,110.42590000000001,1128.153,85.24316,1128.153,83.67902000000001,1128.153,84.31733
1128.635,110.3871,1128.635,85.48446999999999,1128.635,83.93088,1128.635,84.56467
1129.117,110.347,1129.117,85.71159,1129.117,84.16743,1129.117,84.79627
1129.6,110.308,1129.6,85.92542,1129.6,84.38907999999999,1129.6,85.01444
1130.082,110.27180000000001,1130.082,86.12832,1130.082,84.59823,1130.082,85.22316000000001
1130.564,110.2381,1130.564,86.32374999999999,1130.564,84.79865000000001,1130.564,85.42697000000001
1131.046,110.2053,1131.046,86.5155,1131.046,84.99464,1131.046,85.62986000000001
1131.528,110.1715,1131.528,86.70692000000001,1131.528,85.18959000000001,1131.528,85.83421
1132.01,110.13539999999999,1132.01,86.90011999999999,1132.01,85.38525,1132.01,86.04039
1132.492,110.0971,1132.492,87.09593,1132.492,85.58175,1132.492,86.2473
1132.974,110.0576,1132.974,87.29441,1132.974,85.77859000000001,1132.974,86.45363
1133.4569999999999,110.0184,1133.4569999999999,87.49561999999999,1133.4569999999999,85.97592,1133.4569999999999,86.65895
1133.939,109.9802,1133.939,87.70029,1133.939,86.17554999999999,1133.939,86.86451
1134.421,109.9433,1134.421,87.91013,1134.421,86.38099,1134.421,87.0731
1134.903,109.9072,1134.903,88.12742999999999,1134.903,86.59675,1134.903,87.28808000000001
1135.385,109.8714,1135.385,88.35436,1135.385,86.82672,1135.385,87.51219
1135.867,109.83559999999999,1135.867,88.59218999999999,1135.867,87.07288,1135.867,87.74665999999999
1136.3490000000002,109.80000000000001,1136.3490000000002,88.84096,1136.3490000000002,87.33457,1136.3490000000002,87.99092999999999
1136.831,109.7645,1136.831,89.09939,1136.831,87.60878,1136.831,88.2432
1137.313,109.7278,1137.313,89.3651,1137.313,87.89092,1137.313,88.50108
1137.796,109.688,1137.796,89.63515,1137.796,88.17622,1137.796,88.76235
1138.278,109.6427,1138.278,89.90622,1138.278,88.4605,1138.278,89.02513
1138.76,109.5899,1138.76,90.17495,1138.76,88.74060999999999,1138.76,89.28768
1139.2420000000002,109.52969999999999,1139.2420000000002,90.43808999999999,1139.2420000000002,89.01440000000001,1139.2420000000002,89.54796
1139.724,109.46419999999999,1139.724,90.69273000000001,1139.724,89.28041999999999,1139.724,89.80347
1140.2060000000001,109.397,1140.2060000000001,90.93661,1140.2060000000001,89.53752,1140.2060000000001,90.0512
1140.6879999999999,109.3318,1140.6879999999999,91.16838,1140.6879999999999,89.78477999999998,1140.6879999999999,90.28828000000001
1141.17,109.2705,1141.17,91.38761000000001,1141.17,90.02134,1141.17,90.51232
1141.652,109.2128,1141.652,91.59467,1141.652,90.24647999999999,1141.652,90.72191000000001
1142.1350000000002,109.1565,1142.1350000000002,91.79038,1142.1350000000002,90.45962,1142.1350000000002,90.91673
1142.617,109.0987,1142.617,91.97578,1142.617,90.66045000000001,1142.617,91.09747
1143.0990000000002,109.03769999999999,1143.0990000000002,92.15173,1143.0990000000002,90.84879000000001,1143.0990000000002,91.2654
1143.581,108.97380000000001,1143.581,92.31886,1143.581,91.02467000000001,1143.581,91.42188000000002
1144.063,108.9095,1144.063,92.47743,1144.063,91.18816000000001,1144.063,91.56818
1144.5449999999998,108.8481,1144.5449999999998,92.62741,1144.5449999999998,91.33941999999999,1144.5449999999998,91.70512000000001
1145.027,108.7918,1145.027,92.76865000000001,1145.027,91.47878,1145.027,91.83311
1145.509,108.74090000000001,1145.509,92.90075999999999,1145.509,91.60674999999999,1145.509,91.95228
1145.991,108.6933,1145.991,93.02333000000002,1145.991,91.72407,1145.991,92.06268
1146.474,108.6457,1146.474,93.13585,1146.474,91.83174,1146.474,92.16447000000001
1146.9560000000001,108.59510000000002,1146.9560000000001,93.23776000000001,1146.9560000000001,91.93079,1146.9560000000001,92.25797
1147.4379999999999,108.54010000000001,1147.4379999999999,93.32864000000001,1147.4379999999999,92.02225,1147.4379999999999,92.3437
1147.92,108.4813,1147.92,93.40809,1147.92,92.10683,1147.92,92.42228
1148.4019999999998,108.4204,1148.4019999999998,93.47612,1148.4019999999998,92.18485,1148.4019999999998,92.49432999999999
1148.884,108.3594,1148.884,93.53317000000001,1148.884,92.25633,1148.884,92.56039
1149.3660000000002,108.2986,1149.3660000000002,93.58045000000001,1149.3660000000002,92.32123,1149.3660000000002,92.62098
1149.848,108.2373,1149.848,93.61992000000001,1149.848,92.37977000000001,1149.848,92.67680999999999
1150.331,108.17410000000001,1150.331,93.65462000000001,1150.331,92.43288,1150.331,92.729
1150.813,108.1083,1150.813,93.68824000000001,1150.813,92.4822,1150.813,92.7792
1151.2949999999998,108.0408,1151.2949999999998,93.72465,1151.2949999999998,92.52997,1151.2949999999998,92.8295
1151.777,107.9747,1151.777,93.76727000000001,1151.777,92.57871,1151.777,92.88218
1152.259,107.9136,1152.259,93.81854000000001,1152.259,92.63073,1152.259,92.93941000000001
1152.741,107.86059999999999,1152.741,93.87942000000001,1152.741,92.68764000000002,1152.741,93.00253
1153.2230000000002,107.81689999999999,1153.2230000000002,93.94947,1153.2230000000002,92.75035000000001,1153.2230000000002,93.07200999999999
1153.705,107.7812,1153.705,94.02720000000001,1153.705,92.81909,1153.705,93.14737
1154.188,107.75030000000001,1154.188,94.11068999999999,1154.188,92.89362,1154.188,93.22733
1154.67,107.72070000000001,1154.67,94.19821,1154.67,92.97371999999999,1154.67,93.31044
1155.152,107.68990000000001,1155.152,94.28881000000001,1155.152,93.05932999999999,1155.152,93.39556
1155.634,107.65690000000001,1155.634,94.38224,1155.634,93.15063,1155.634,93.48225
1156.116,107.62270000000001,1156.116,94.47896,1156.116,93.24820000000001,1156.116,93.57105000000001
1156.598,107.58879999999999,1156.598,94.57948999999999,1156.598,93.35254,1156.598,93.66312
1157.0800000000002,107.55680000000001,1157.0800000000002,94.68408,1157.0800000000002,93.4641,1157.0800000000002,93.75983
1157.562,107.527,1157.562,94.79218,1157.562,93.58285000000001,1157.562,93.86226
1158.044,107.4994,1158.044,94.90263999999999,1158.044,93.7084,1158.044,93.97087
1158.527,107.47340000000001,1158.527,95.01382,1158.527,93.83966,1158.527,94.08516
1159.009,107.44890000000001,1159.009,95.12431,1159.009,93.9752,1159.009,94.20396
1159.491,107.42609999999999,1159.491,95.23312000000001,1159.491,94.11291,1159.491,94.32542
1159.973,107.4054,1159.973,95.3401,1159.973,94.25031000000001,1159.973,94.44749
1160.455,107.3864,1160.455,95.44579999999999,1160.455,94.3845,1160.455,94.56796
1160.9370000000001,107.36749999999999,1160.9370000000001,95.55099999999999,1160.9370000000001,94.51252,1160.9370000000001,94.68462000000001
1161.4189999999999,107.3464,1161.4189999999999,95.65639000000002,1161.4189999999999,94.63146,1161.4189999999999,94.79520000000001
1161.901,107.32059999999998,1161.901,95.76208,1161.901,94.73914,1161.901,94.89781
1162.384,107.28850000000001,1162.384,95.86731999999999,1162.384,94.83421,1162.384,94.99091999999999
1162.866,107.25059999999999,1162.866,95.97034000000001,1162.866,94.91640000000001,1162.866,95.07377
1163.348,107.2093,1163.348,96.06862,1163.348,94.98627,1163.348,95.14642
1163.83,107.1685,1163.83,96.15914000000001,1163.83,95.04476,1163.83,95.20964
1164.3120000000001,107.13170000000001,1164.3120000000001,96.23896,1164.3120000000001,95.09276,1164.3120000000001,95.26468
1164.794,107.1012,1164.794,96.30579,1164.794,95.13091,1164.794,95.31287
1165.276,107.0778,1165.276,96.35866999999999,1165.276,95.15967,1165.276,95.35529
1165.758,107.06070000000001,1165.758,96.39825,1165.758,95.17960000000001,1165.758,95.39249999999998
1166.24,107.0484,1166.24,96.42667,1166.24,95.19156000000001,1166.24,95.42442
1166.723,107.03990000000002,1166.723,96.44711000000001,1166.723,95.19686999999999,1166.723,95.45040999999999
1167.2050000000002,107.0349,1167.2050000000002,96.46271999999999,1167.2050000000002,95.19675,1167.2050000000002,95.46928
1167.687,107.03359999999999,1167.687,96.47536000000001,1167.687,95.19192000000001,1167.687,95.47942
1168.169,107.03590000000001,1168.169,96.48516000000001,1168.169,95.18191999999999,1168.169,95.47904
1168.651,107.0409,1168.651,96.4902,1168.651,95.16521,1168.651,95.46645999999998
1169.133,107.0465,1169.133,96.48725999999999,1169.133,95.13925,1169.133,95.44049
1169.615,107.0503,1169.615,96.47297999999999,1169.615,95.10162,1169.615,95.40092
1170.097,107.0504,1170.097,96.44477,1170.097,95.05042,1170.097,95.34852000000001
1170.579,107.0461,1170.579,96.40186,1170.579,94.98530000000001,1170.579,95.28514
1171.0620000000001,107.03800000000001,1171.0620000000001,96.34518,1171.0620000000001,94.90715,1171.0620000000001,95.2132
1171.5439999999999,107.02810000000001,1171.5439999999999,96.27687999999999,1171.5439999999999,94.81794000000001,1171.5439999999999,95.13517
1172.026,107.0181,1172.026,96.19971,1172.026,94.72002,1172.026,95.05322
1172.508,107.00909999999999,1172.508,96.11639,1172.508,94.6159,1172.508,94.96905999999998
1172.99,107.00099999999999,1172.99,96.02947,1172.99,94.50810000000001,1172.99,94.88403
1173.472,106.9928,1173.472,95.94138000000001,1173.472,94.39947000000001,1173.472,94.79959000000001
1173.954,106.9837,1173.954,95.85484,1173.954,94.29324,1173.954,94.71741
1174.4360000000001,106.97319999999999,1174.4360000000001,95.77285,1174.4360000000001,94.19337,1174.4360000000001,94.63963
1174.918,106.962,1174.918,95.6986,1174.918,94.10415,1174.918,94.56862
1175.4009999999998,106.951,1175.4009999999998,95.63516,1175.4009999999998,94.02977,1175.4009999999998,94.50699999999999
1175.883,106.9409,1175.883,95.58512,1175.883,93.97375,1175.883,94.45718
1176.365,106.9318,1176.365,95.55059,1176.365,93.93879,1176.365,94.42156
1176.847,106.92200000000001,1176.847,95.53325,1176.847,93.92652999999999,1176.847,94.40236
1177.3290000000002,106.91010000000001,1177.3290000000002,95.53474,1177.3290000000002,93.93796,1177.3290000000002,94.40191999999999
1177.811,106.89420000000001,1177.811,95.55680000000001,1177.811,93.97348,1177.811,94.42251
1178.2930000000001,106.874,1178.2930000000001,95.60134,1178.2930000000001,94.03347,1178.2930000000001,94.46632
1178.7749999999999,106.8501,1178.7749999999999,95.67007000000001,1178.7749999999999,94.11841000000001,1178.7749999999999,94.53535000000001
1179.2579999999998,106.82339999999999,1179.2579999999998,95.76409999999998,1179.2579999999998,94.22890000000001,1179.2579999999998,94.6311
1179.74,106.7949,1179.74,95.88347,1179.74,94.36546,1179.74,94.7543
1180.2220000000002,106.76429999999999,1180.2220000000002,96.02693000000001,1180.2220000000002,94.52824,1180.2220000000002,94.90485
1180.704,106.73029999999999,1180.704,96.19196000000001,1180.704,94.7166,1180.704,95.08148
1181.1860000000001,106.6913,1181.1860000000001,96.37528,1181.1860000000001,94.92899,1181.1860000000001,95.28191
1181.668,106.6461,1181.668,96.57348,1181.668,95.16275,1181.668,95.50264
1182.15,106.59540000000001,1182.15,96.78359,1182.15,95.41460000000001,1182.15,95.73959
1182.6319999999998,106.54129999999999,1182.6319999999998,97.00343000000001,1182.6319999999998,95.68069,1182.6319999999998,95.98817
1183.115,106.48709999999998,1183.115,97.23127,1183.115,95.95692,1183.115,96.24378
1183.597,106.43609999999998,1183.597,97.46530999999999,1183.597,96.23902,1183.597,96.50204000000001
1184.0790000000002,106.3904,1184.0790000000002,97.7031,1184.0790000000002,96.52242,1184.0790000000002,96.75883
1184.561,106.35140000000001,1184.561,97.94212999999999,1184.561,96.80305000000001,1184.561,97.01123000000001
1185.0430000000001,106.3167,1185.0430000000001,98.17686,1185.0430000000001,97.07487,1185.0430000000001,97.25488
1185.5249999999999,106.2843,1185.5249999999999,98.40248000000001,1185.5249999999999,97.33308,1185.5249999999999,97.48686
1186.007,106.2528,1186.007,98.6154,1186.007,97.57441,1186.007,97.70537000000002
1186.4889999999998,106.2219,1186.4889999999998,98.81361,1186.4889999999998,97.79718000000001,1186.4889999999998,97.90932
1186.971,106.19229999999999,1186.971,98.99687,1186.971,98.00131,1186.971,98.09827
1187.454,106.16499999999999,1187.454,99.16579999999999,1187.454,98.18753,1187.454,98.27173
1187.9360000000001,106.1406,1187.9360000000001,99.32090000000001,1187.9360000000001,98.35653,1187.9360000000001,98.42883
1188.418,106.11880000000001,1188.418,99.46204999999999,1188.418,98.50836,1188.418,98.56844000000001
1188.9,106.09880000000001,1188.9,99.58842000000001,1188.9,98.64269999999999,1188.9,98.68966999999999
1189.3819999999998,106.07960000000001,1189.3819999999998,99.69889,1189.3819999999998,98.75895,1189.3819999999998,98.79239999999999
1189.864,106.06089999999999,1189.864,99.79281999999999,1189.864,98.85695999999999,1189.864,98.8778
1190.346,106.0427,1190.346,99.87037000000001,1190.346,98.93706,1190.346,98.94776999999999
1190.828,106.0249,1190.828,99.93240999999999,1190.828,99.00002,1190.828,99.00449
1191.311,106.00719999999998,1191.311,99.98008999999999,1191.311,99.04656,1191.311,99.04934
1191.7930000000001,105.9884,1191.7930000000001,100.0143,1191.7930000000001,99.07709,1191.7930000000001,99.08253
1192.2749999999999,105.96669999999999,1192.2749999999999,100.03550000000001,1192.2749999999999,99.0916,1192.2749999999999,99.10316
1192.757,105.9401,1192.757,100.04379999999999,1192.757,99.09043,1192.757,99.11009
1193.239,105.90790000000001,1193.239,100.03949999999999,1193.239,99.0744,1193.239,99.10271
1193.721,105.8705,1193.721,100.02329999999999,1193.721,99.04534,1193.721,99.08167
1194.203,105.82990000000001,1194.203,99.99598,1194.203,99.0056,1194.203,99.0486
1194.685,105.7882,1194.685,99.95835,1194.685,98.95759999999999,1194.685,99.00562000000001
1195.1670000000001,105.74719999999999,1195.1670000000001,99.91083,1195.1670000000001,98.90302,1195.1670000000001,98.95429
1195.65,105.70729999999999,1195.65,99.85342,1195.65,98.84263000000001,1195.65,98.89522
1196.132,105.66789999999999,1196.132,99.78614999999999,1196.132,98.77635,1196.132,98.82822000000002
1196.614,105.6281,1196.614,99.70969,1196.614,98.70423000000001,1196.614,98.7531
1197.096,105.5873,1197.096,99.62593999999999,1197.096,98.62682,1197.096,98.67049
1197.578,105.5466,1197.578,99.53792,1197.578,98.54563999999999,1197.578,98.58241
1198.06,105.5078,1198.06,99.4491,1198.06,98.46270000000001,1198.06,98.4919
1198.542,105.47340000000001,1198.542,99.36234,1198.542,98.37994,1198.542,98.4024
1199.0240000000001,105.44489999999999,1199.0240000000001,99.27884,1199.0240000000001,98.29822999999999,1199.0240000000001,98.31632
1199.5059999999999,105.42240000000001,1199.5059999999999,99.19796,1199.5059999999999,98.21726,1199.5059999999999,98.23454
1199.989,105.4041,1199.989,99.11749,1199.989,98.13552,1199.989,98.15595
1200.471,105.38749999999999,1200.471,99.03474,1200.471,98.0513,1200.471,98.07828
1200.953,105.3701,1200.953,98.94759,1200.953,97.96315,1200.953,97.99873
1201.435,105.3504,1201.435,98.85498999999999,1201.435,97.87034,1201.435,97.91489
1201.917,105.32820000000001,1201.917,98.757,1201.917,97.77271999999999,1201.917,97.82508
1202.399,105.304,1202.399,98.65404999999998,1202.399,97.67001,1202.399,97.72822
1202.881,105.2781,1202.881,98.54607,1202.881,97.5613,1202.881,97.62357
1203.363,105.25,1203.363,98.43242000000001,1203.363,97.44496999999998,1203.363,97.51032000000001
1203.845,105.21849999999999,1203.845,98.31168,1203.845,97.31889000000001,1203.845,97.38763
1204.328,105.1823,1204.328,98.18258999999999,1204.328,97.1815,1204.328,97.25474
1204.81,105.1406,1204.81,98.04448000000001,1204.81,97.03200000000001,1204.81,97.1113
1205.292,105.09379999999999,1205.292,97.89751000000001,1205.292,96.87088,1205.292,96.95729999999999
1205.774,105.04400000000001,1205.774,97.74236,1205.774,96.69924,1205.774,96.79298
1206.256,104.99369999999999,1206.256,97.57932,1206.256,96.51813000000001,1206.256,96.61837
1206.738,104.945,1206.738,97.40768,1206.738,96.32764,1206.738,96.43301
1207.22,104.8992,1207.22,97.22569,1207.22,96.12684,1207.22,96.23593
1207.702,104.85629999999999,1207.702,97.03080999999999,1207.702,95.91408,1207.702,96.02615
1208.1850000000002,104.81530000000001,1208.1850000000002,96.82068,1208.1850000000002,95.68766,1208.1850000000002,95.80295
1208.667,104.7755,1208.667,96.59401000000001,1208.667,95.44666,1208.667,95.56622000000002
1209.1490000000001,104.7366,1209.1490000000001,96.35082,1209.1490000000001,95.19098,1209.1490000000001,95.31648000000001
1209.6309999999999,104.69900000000001,1209.6309999999999,96.09217,1209.6309999999999,94.92112,1209.6309999999999,95.05428
1210.113,104.66310000000001,1210.113,95.81944999999999,1210.113,94.63756000000001,1210.113,94.77978999999999
1210.595,104.6292,1210.595,95.53374,1210.595,94.34022999999999,1210.595,94.49242999999998
1211.077,104.59670000000001,1211.077,95.23536999999999,1211.077,94.02856,1211.077,94.19107
1211.559,104.5644,1211.559,94.92429,1211.559,93.70177,1211.559,93.87447999999999
1212.0420000000001,104.53099999999999,1212.0420000000001,94.60028,1212.0420000000001,93.35945000000001,1212.0420000000001,93.54181
1212.524,104.49569999999999,1212.524,94.26338,1212.524,93.00182,1212.524,93.19304000000001
1213.006,104.45850000000002,1213.006,93.91387,1213.006,92.62966,1213.006,92.82875000000001
1213.4879999999998,104.42020000000001,1213.4879999999998,93.55205,1213.4879999999998,92.24394000000001,1213.4879999999998,92.44988
1213.97,104.3817,1213.97,93.17804000000001,1213.97,91.84542,1213.97,92.05757
1214.452,104.34309999999999,1214.452,92.79182,1214.452,91.43453,1214.452,91.6531
1214.934,104.3038,1214.934,92.39385999999999,1214.934,91.01203999999998,1214.934,91.23849999999999
1215.416,104.2627,1215.416,91.9858,1215.416,90.57972,1215.416,90.8168
1215.898,104.219,1215.898,91.57099000000001,1215.898,90.14093000000001,1215.898,90.3923
1216.3809999999999,104.17289999999998,1216.3809999999999,91.15432,1216.3809999999999,89.70036,1216.3809999999999,89.97005
1216.863,104.12570000000001,1216.863,90.74146999999999,1216.863,89.26360000000001,1216.863,89.55493000000001
1217.3449999999998,104.0797,1217.3449999999998,90.33778,1217.3449999999998,88.83578,1217.3449999999998,89.15069000000001
1217.827,104.03659999999999,1217.827,89.94721999999999,1217.827,88.42103999999999,1217.827,88.75963999999999
1218.3090000000002,103.997,1218.3090000000002,89.57227,1218.3090000000002,88.02219000000001,1218.3090000000002,88.38293
1218.791,103.95970000000001,1218.791,89.21424,1218.791,87.64121,1218.791,88.02154
1219.2730000000001,103.92250000000001,1219.2730000000001,88.87411999999999,1219.2730000000001,87.27995999999999,1219.2730000000001,87.67705
1219.7549999999999,103.8829,1219.7549999999999,88.55321,1219.7549999999999,86.94067000000001,1219.7549999999999,87.3522
1220.2379999999998,103.8395,1220.2379999999998,88.2533,1220.2379999999998,86.62592000000001,1220.2379999999998,87.05022
1220.72,103.7929,1220.72,87.97629,1220.72,86.33819000000001,1220.72,86.7741
1221.202,103.745,1221.202,87.72382999999999,1221.202,86.07925,1221.202,86.52568000000001
1221.684,103.69839999999999,1221.684,87.49701999999999,1221.684,85.85032999999999,1221.684,86.30544
1222.1660000000002,103.6547,1222.1660000000002,87.29654,1222.1660000000002,85.65181000000001,1222.1660000000002,86.11302
1222.648,103.61419999999998,1222.648,87.12327,1222.648,85.48438000000002,1222.648,85.94817
1223.13,103.5752,1223.13,86.97877,1223.13,85.34898999999999,1223.13,85.81167
1223.6119999999999,103.5358,1223.6119999999999,86.86527999999998,1223.6119999999999,85.24722,1223.6119999999999,85.7055
1224.094,103.49459999999999,1224.094,86.78553000000001,1224.094,85.18070999999999,1224.094,85.63245
1224.577,103.4513,1224.577,86.74194,1224.577,85.15076,1224.577,85.59528999999999
1225.059,103.4074,1225.059,86.73593,1225.059,85.15772999999999,1225.059,85.59576
1225.541,103.36510000000001,1225.541,86.76759000000001,1225.541,85.20117,1225.541,85.63435
1226.0230000000001,103.32589999999999,1226.0230000000001,86.83582,1226.0230000000001,85.2803,1226.0230000000001,85.71052999999999
1226.5049999999999,103.2902,1226.5049999999999,86.93861,1226.5049999999999,85.39422,1226.5049999999999,85.82307
1226.987,103.2567,1226.987,87.07352999999999,1226.987,85.54204,1226.987,85.97041000000002
1227.4689999999998,103.22309999999999,1227.4689999999998,87.23788,1227.4689999999998,85.72271,1227.4689999999998,86.15062
1227.951,103.18730000000001,1227.951,87.42891999999999,1227.951,85.93434,1227.951,86.36115000000001
1228.434,103.14840000000001,1228.434,87.64378,1228.434,86.17404,1228.434,86.5986
1228.916,103.1068,1228.916,87.87975,1228.916,86.43796,1228.916,86.85893
1229.398,103.0638,1229.398,88.13442,1229.398,86.72196,1229.398,87.13797
1229.88,103.0209,1229.88,88.40574000000001,1229.88,87.02222,1229.88,87.43209999999999
1230.3619999999999,102.9793,1230.3619999999999,88.69196000000001,1230.3619999999999,87.33585,1230.3619999999999,87.73873
1230.844,102.93890000000002,1230.844,88.99126000000001,1230.844,87.66078,1230.844,88.05626000000001
1231.326,102.8991,1231.326,89.30149999999999,1231.326,87.99551,1231.326,88.38358
1231.808,102.8594,1231.808,89.61987,1231.808,88.33840000000001,1231.808,88.71933
1232.291,102.81949999999999,1232.291,89.94305,1232.291,88.6873,1232.291,89.06131
1232.773,102.7797,1232.773,90.26759999999999,1232.773,89.03948,1232.773,89.40628000000001
1233.2549999999999,102.7406,1233.2549999999999,90.59048000000001,1233.2549999999999,89.39188,1233.2549999999999,89.75031
1233.737,102.7024,1233.737,90.90927,1233.737,89.74178,1233.737,90.08954
1234.219,102.6648,1234.219,91.2225,1234.219,90.08689000000001,1234.219,90.42083
1234.701,102.6272,1234.701,91.52935,1234.701,90.42588,1234.701,90.74234000000001
1235.183,102.58879999999999,1235.183,91.82943,1235.183,90.75801999999999,1235.183,91.05367
1235.665,102.54939999999999,1235.665,92.12248000000001,1235.665,91.08297999999999,1235.665,91.35543999999999
1236.147,102.5096,1236.147,92.40828,1236.147,91.40042,1236.147,91.64894000000001
1236.6299999999999,102.4703,1236.6299999999999,92.68642,1236.6299999999999,91.70963,1236.6299999999999,91.93526
1237.112,102.43230000000001,1237.112,92.95645,1237.112,92.00957000000001,1237.112,92.21482
1237.594,102.39540000000001,1237.594,93.21775000000001,1237.594,92.29889,1237.594,92.48725
1238.076,102.35829999999999,1238.076,93.46970999999999,1238.076,92.57633,1238.076,92.75153
1238.558,102.319,1238.558,93.7117,1238.558,92.8411,1238.558,93.00641999999999
1239.04,102.2753,1239.04,93.94333,1239.04,93.0934,1239.04,93.25113
1239.522,102.2265,1239.522,94.16482,1239.522,93.33458999999999,1239.522,93.48589000000001
1240.004,102.1735,1240.004,94.37701000000001,1240.004,93.56695,1240.004,93.71193
1240.4859999999999,102.11859999999999,1240.4859999999999,94.58138,1240.4859999999999,93.79314000000001,1240.4859999999999,93.93126000000001
1240.969,102.0648,1240.969,94.77982,1240.969,94.01557,1240.969,94.14603
1241.451,102.0146,1241.451,94.97408,1241.451,94.23549,1241.451,94.35783
1241.933,101.969,1241.933,95.16554,1241.933,94.45306000000001,1241.933,94.56730999999999
1242.415,101.9273,1242.415,95.35468999999999,1242.415,94.66718999999999,1242.415,94.77396
1242.897,101.8879,1242.897,95.54131,1242.897,94.8764,1242.897,94.97646
1243.379,101.8489,1243.379,95.72452,1243.379,95.07924,1243.379,95.17308
1243.8609999999999,101.80890000000001,1243.8609999999999,95.90296000000001,1243.8609999999999,95.27489,1243.8609999999999,95.36215
1244.343,101.7671,1244.343,96.07509999999999,1244.343,95.46301,1244.343,95.54234
1244.825,101.7234,1244.825,96.23922999999999,1244.825,95.64341999999999,1244.825,95.71258999999999
1245.308,101.67779999999999,1245.308,96.39371,1245.308,95.81573,1245.308,95.8722
1245.79,101.6302,1245.79,96.5372,1245.79,95.97897,1245.79,96.02077
1246.272,101.5803,1246.272,96.66885,1246.272,96.13186,1246.272,96.1582
1246.754,101.52799999999999,1246.754,96.7888,1246.754,96.27331999999998,1246.754,96.28496999999999
1247.236,101.4738,1247.236,96.89831,1247.236,96.40325000000001,1247.236,96.40225000000001
1247.7179999999998,101.41929999999999,1247.7179999999998,96.99965,1247.7179999999998,96.52268,1247.7179999999998,96.51156999999999
1248.2,101.3662,1248.2,97.09539,1248.2,96.6336,1248.2,96.61455000000001
1248.682,101.3166,1248.682,97.18773999999999,1248.682,96.73828999999999,1248.682,96.71226000000001
1249.1650000000002,101.2713,1249.1650000000002,97.27771000000001,1249.1650000000002,96.83836,1249.1650000000002,96.80488
1249.647,101.2302,1249.647,97.36504,1249.647,96.93433,1249.647,96.89182000000001
1250.1290000000001,101.192,1250.1290000000001,97.44836,1250.1290000000001,97.02545,1250.1290000000001,96.97205
1250.6109999999999,101.1551,1250.6109999999999,97.52606,1250.6109999999999,97.11054000000001,1250.6109999999999,97.04491000000002
1251.093,101.1182,1251.093,97.59693999999999,1251.093,97.18859,1251.093,97.11047
1251.5749999999998,101.08090000000001,1251.5749999999998,97.66069,1251.5749999999998,97.25926,1251.5749999999998,97.16948000000001
1252.057,101.0435,1252.057,97.71776,1252.057,97.32293999999999,1252.057,97.22305
1252.539,101.0065,1252.539,97.76890999999999,1252.539,97.38033,1252.539,97.27176
1253.021,100.97,1253.021,97.81445,1253.021,97.4316,1253.021,97.31537
1253.504,100.93350000000001,1253.504,97.85415,1253.504,97.47635000000001,1253.504,97.35275
1253.986,100.89580000000001,1253.986,97.88724,1253.986,97.51357,1253.986,97.38257000000002
1254.468,100.8561,1254.468,97.91305,1254.468,97.54236,1254.468,97.40419
1254.95,100.81400000000001,1254.95,97.9315,1254.95,97.56258000000001,1254.95,97.41820000000001
1255.4319999999998,100.7704,1255.4319999999998,97.94341,1255.4319999999998,97.57536999999999,1255.4319999999998,97.42639
1255.914,100.7269,1255.914,97.95016000000001,1255.914,97.58285000000001,1255.914,97.43098
1256.396,100.68520000000001,1256.396,97.95309,1256.396,97.5873,1256.396,97.43373
1256.878,100.6469,1256.878,97.95302,1256.878,97.59051,1256.878,97.43504
1257.3609999999999,100.6121,1257.3609999999999,97.94997000000001,1257.3609999999999,97.59322,1257.3609999999999,97.43406
1257.843,100.5807,1257.843,97.94389000000001,1257.843,97.59525,1257.843,97.42944
1258.325,100.55199999999999,1258.325,97.93506000000001,1258.325,97.59615,1258.325,97.42052
1258.807,100.5263,1258.807,97.92479999999999,1258.807,97.59572,1258.807,97.40816000000001
1259.289,100.5042,1259.289,97.91534,1259.289,97.59438,1259.289,97.39478
1259.771,100.48660000000001,1259.771,97.90903,1259.771,97.59282999999999,1259.771,97.38346
1260.2530000000002,100.4742,1260.2530000000002,97.90727000000001,1260.2530000000002,97.59149000000001,1260.2530000000002,97.37650000000001
1260.735,100.4663,1260.735,97.90946,1260.735,97.58965,1260.735,97.37415
1261.2179999999998,100.4607,1261.2179999999998,97.91327000000001,1261.2179999999998,97.58577000000001,1261.2179999999998,97.37454
1261.7,100.4542,1261.7,97.91527,1261.7,97.57776,1261.7,97.37456999999999
1262.1820000000002,100.444,1262.1820000000002,97.91266999999999,1262.1820000000002,97.56448,1262.1820000000002,97.37147
1262.664,100.42819999999999,1262.664,97.90437,1262.664,97.54632000000001,1262.664,97.36420000000001
1263.146,100.4072,1263.146,97.89161999999999,1263.146,97.52556999999999,1263.146,97.35405999999999
1263.628,100.38260000000001,1263.628,97.87731000000001,1263.628,97.50560999999999,1263.628,97.34383
1264.1100000000001,100.35700000000001,1264.1100000000001,97.86484,1264.1100000000001,97.48989999999999,1264.1100000000001,97.3366
1264.5919999999999,100.3326,1264.5919999999999,97.85677,1264.5919999999999,97.48055000000001,1264.5919999999999,97.33427
1265.074,100.30980000000001,1265.074,97.85381,1265.074,97.47756000000001,1265.074,97.33670000000001
1265.557,100.28829999999999,1265.557,97.85516,1265.557,97.47932,1265.557,97.34223999999999
1266.0390000000002,100.2665,1266.0390000000002,97.85893,1266.0390000000002,97.48322,1266.0390000000002,97.34856
1266.521,100.2429,1266.521,97.86335,1266.521,97.48688,1266.521,97.35383
1267.003,100.217,1267.003,97.86725000000001,1267.003,97.48888000000001,1267.003,97.35739000000001
1267.485,100.1892,1267.485,97.87022,1267.485,97.48888000000001,1267.485,97.35963999999998
1267.967,100.1604,1267.967,97.87217999999999,1267.967,97.48732000000001,1267.967,97.36137
1268.4489999999998,100.1319,1268.4489999999998,97.87290999999999,1268.4489999999998,97.4846,1268.4489999999998,97.36278999999999
1268.931,100.10419999999999,1268.931,97.8718,1268.931,97.48087,1268.931,97.36333
1269.413,100.0778,1269.413,97.86811,1269.413,97.47592,1269.413,97.36176999999999
1269.8960000000002,100.05239999999999,1269.8960000000002,97.86158,1269.8960000000002,97.46967,1269.8960000000002,97.35715
1270.378,100.0281,1270.378,97.85287,1270.378,97.46244000000002,1270.378,97.34924
1270.86,100.0054,1270.86,97.84344000000002,1270.86,97.45492999999999,1270.86,97.33890000000001
1271.3419999999999,99.98459,1271.3419999999999,97.83483000000001,1271.3419999999999,97.44768,1271.3419999999999,97.32727
1271.824,99.96589999999999,1271.824,97.82772,1271.824,97.44042999999999,1271.824,97.31493
1272.306,99.94865000000001,1272.306,97.82117,1272.306,97.43164,1272.306,97.30103
1272.788,99.93127,1272.788,97.81264,1272.788,97.41872000000001,1272.788,97.28339
1273.2700000000002,99.91173,1273.2700000000002,97.79877,1273.2700000000002,97.39867000000001,1273.2700000000002,97.25896
1273.752,99.88837000000001,1273.752,97.77672000000001,1273.752,97.36943,1273.752,97.22549000000001
1274.235,99.86045000000001,1274.235,97.74506000000001,1274.235,97.33044,1274.235,97.18225000000001
1274.7169999999999,99.82858999999999,1274.7169999999999,97.70442,1274.7169999999999,97.28287999999999,1274.7169999999999,97.13055
1275.199,99.79433999999999,1275.199,97.65682999999999,1275.199,97.22903000000001,1275.199,97.07307
1275.681,99.75961,1275.681,97.60474,1275.681,97.17121,1275.681,97.01276
1276.163,99.72578,1276.163,97.55015999999999,1276.163,97.11086999999999,1276.163,96.95166
1276.645,99.69324,1276.645,97.49408000000001,1276.645,97.04845,1276.645,96.89054999999999
1277.1270000000002,99.66146,1277.1270000000002,97.43687,1277.1270000000002,96.98385999999999,1277.1270000000002,96.82941
1277.609,99.62944999999999,1277.609,97.37901000000001,1277.609,96.91752,1277.609,96.76829
1278.092,99.59653,1278.092,97.32185,1278.092,96.85116000000001,1278.092,96.70847
1278.5739999999998,99.5626,1278.5739999999998,97.26787999999999,1278.5739999999998,96.78796,1278.5739999999998,96.6526
1279.056,99.52818,1279.056,97.22014,1279.056,96.73186,1279.056,96.60423
1279.538,99.49396999999999,1279.538,97.18122,1279.538,96.68636,1279.538,96.56651
1280.02,99.46049000000001,1280.02,97.15266,1280.02,96.65357,1280.02,96.5413
1280.502,99.42767,1280.502,97.13441,1280.502,96.63376,1280.502,96.52844
1280.9840000000002,99.39527,1280.9840000000002,97.12554,1280.9840000000002,96.6258,1280.9840000000002,96.52637
1281.466,99.36315,1281.466,97.12493,1281.466,96.62813,1281.466,96.533
1281.9479999999999,99.33173,1281.9479999999999,97.13216,1281.9479999999999,96.63972,1281.9479999999999,96.54678000000001
1282.4309999999998,99.30177,1282.4309999999998,97.14731,1282.4309999999998,96.66016,1282.4309999999998,96.56709
1282.913,99.27411,1282.913,97.17053,1282.913,96.68922,1282.913,96.59384
1283.395,99.24870999999999,1283.395,97.20089,1283.395,96.72595,1283.395,96.62651
1283.877,99.22428,1283.877,97.23568999999999,1283.877,96.76778,1283.877,96.66323
1284.359,99.19824,1284.359,97.27049,1284.359,96.81046,1284.359,96.70049
1284.8410000000001,99.16759,1284.8410000000001,97.30018,1284.8410000000001,96.84898000000001,1284.8410000000001,96.73382000000001
1285.323,99.13,1285.323,97.32067,1285.323,96.87894999999999,1285.323,96.75919999999999
1285.8049999999998,99.08492000000001,1285.8049999999998,97.33007,1285.8049999999998,96.89793,1285.8049999999998,96.77428
1286.2879999999998,99.03389000000001,1286.2879999999998,97.32927000000001,1286.2879999999998,96.90581,1286.2879999999998,96.77902
1286.77,98.98006000000001,1286.77,97.32098,1286.77,96.90444,1286.77,96.77509
1287.252,98.92689000000001,1287.252,97.30807999999999,1287.252,96.89589,1287.252,96.76455000000001
1287.734,98.87684,1287.734,97.29179,1287.734,96.88112000000001,1287.734,96.74838
1288.2160000000001,98.83048000000001,1288.2160000000001,97.27076,1288.2160000000001,96.85918000000001,1288.2160000000001,96.72561999999999
1288.698,98.78656,1288.698,97.24149,1288.698,96.82752,1288.698,96.69376
1289.18,98.74292,1289.18,97.20000999999999,1289.18,96.7834,1289.18,96.64991
1289.6619999999998,98.69770000000001,1289.6619999999998,97.14362,1289.6619999999998,96.7252,1289.6619999999998,96.59245
1290.145,98.65012999999999,1290.145,97.07204000000002,1290.145,96.65343,1290.145,96.52170999999998
1290.627,98.60082,1290.627,96.98752999999999,1290.627,96.57035,1290.627,96.43990000000001
1291.1090000000002,98.55114,1291.1090000000002,96.89358999999999,1291.1090000000002,96.47902,1291.1090000000002,96.35006000000001
1291.591,98.50225999999999,1291.591,96.79368,1291.591,96.38213999999999,1291.591,96.25483
1292.073,98.45456999999999,1292.073,96.69008,1292.073,96.28123000000001,1292.073,96.15558
1292.555,98.40743,1292.555,96.58384,1292.555,96.17677,1292.555,96.05261999999999
1293.037,98.35974,1293.037,96.47549,1293.037,96.0693,1293.037,95.94608000000001
1293.5189999999998,98.31047,1293.5189999999998,96.36599000000001,1293.5189999999998,95.96011000000001,1293.5189999999998,95.83685
1294.001,98.25941,1294.001,96.25749,1294.001,95.85188000000001,1294.001,95.72736
1294.484,98.20712,1294.484,96.15318,1294.484,95.74816,1294.484,95.62123
1294.9660000000001,98.15462,1294.9660000000001,96.05651999999999,1294.9660000000001,95.65251,1294.9660000000001,95.52244999999999
1295.4479999999999,98.10276999999999,1295.4479999999999,95.97015,1295.4479999999999,95.56736000000001,1295.4479999999999,95.43423000000001
1295.93,98.05182,1295.93,95.89527000000001,1295.93,95.49332,1295.93,95.35817
1296.412,98.00143,1296.412,95.83164,1296.412,95.42941,1296.412,95.2942
1296.894,97.95111,1296.894,95.77811,1296.894,95.37414999999999,1296.894,95.24132999999999
1297.3759999999997,97.9007,1297.3759999999997,95.73365000000001,1297.3759999999997,95.32634999999999,1297.3759999999997,95.19832
1297.858,97.85081,1297.858,95.69794,1297.858,95.28603000000001,1297.858,95.16452
1298.3400000000001,97.80256,1298.3400000000001,95.6713,1298.3400000000001,95.2542,1298.3400000000001,95.13982
1298.823,97.75717,1298.823,95.65417,1298.823,95.23207,1298.823,95.12425
1299.3049999999998,97.71532,1299.3049999999998,95.64622,1299.3049999999998,95.22001,1299.3049999999998,95.1172
1299.787,97.67683,1299.787,95.64585,1299.787,95.21697,1299.787,95.11711
1300.2690000000002,97.64087,1300.2690000000002,95.65043,1300.2690000000002,95.22057000000001,1300.2690000000002,95.12159
1300.751,97.60650999999999,1300.751,95.65709,1300.751,95.22789,1300.751,95.12831
1301.233,97.57338000000001,1301.233,95.66382000000002,1301.233,95.23669,1301.233,95.13595000000001
1301.715,97.54203000000001,1301.715,95.67003,1301.715,95.24596000000001,1301.715,95.14451
1302.1970000000001,97.51362999999999,1302.1970000000001,95.67657,1302.1970000000001,95.25610999999999,1302.1970000000001,95.15521
1302.6789999999999,97.48943,1302.6789999999999,95.68476000000001,1302.6789999999999,95.26801,1302.6789999999999,95.16942999999999
1303.162,97.46983,1303.162,95.69529,1303.162,95.28214,1303.162,95.18766
1303.644,97.45411000000001,1303.644,95.70750000000001,1303.644,95.29766000000001,1303.644,95.20876
1304.1260000000002,97.44035,1304.1260000000002,95.71951999999999,1304.1260000000002,95.31264,1304.1260000000002,95.23007
1304.608,97.42641,1304.608,95.72910999999999,1304.608,95.32487,1304.608,95.24855000000001
1305.09,97.41077000000001,1305.09,95.73492,1305.09,95.33288999999999,1305.09,95.26201999999999
1305.572,97.39330000000001,1305.572,95.73734,1305.572,95.33697000000001,1305.572,95.27008000000001
1306.054,97.37522999999999,1306.054,95.7385,1306.054,95.33903000000001,1306.054,95.27431
1306.5359999999998,97.35862,1306.5359999999998,95.74135999999999,1306.5359999999998,95.34167,1306.5359999999998,95.27744999999999
1307.019,97.34525,1307.019,95.74831,1307.019,95.34699,1307.019,95.28198
1307.501,97.33578,1307.501,95.75993,1307.501,95.35551999999998,1307.501,95.28914999999999
1307.9830000000002,97.32942,1307.9830000000002,95.77472999999999,1307.9830000000002,95.36594000000001,1307.9830000000002,95.29838999999998
1308.465,97.32424999999999,1308.465,95.78972999999999,1308.465,95.37582,1308.465,95.30798000000001
1308.9470000000001,97.31795,1308.9470000000001,95.8019,1308.9470000000001,95.38268000000001,1308.9470000000001,95.31602
1309.4289999999999,97.30882,1309.4289999999999,95.80913000000001,1309.4289999999999,95.38516,1309.4289999999999,95.32127
1309.911,97.29625,1309.911,95.81125,1309.911,95.38346000000001,1309.911,95.32379
1310.393,97.28058000000001,1310.393,95.80954,1310.393,95.37897,1310.393,95.3246
1310.875,97.26289,1310.875,95.80610999999999,1310.875,95.37371,1310.875,95.32504
1311.358,97.24448000000001,1311.358,95.80304,1311.358,95.36937,1311.358,95.32622
1311.8400000000001,97.22664,1311.8400000000001,95.80174,1311.8400000000001,95.3671,1311.8400000000001,95.32866999999999
1312.322,97.21063000000001,1312.322,95.80313000000001,1312.322,95.36765000000001,1312.322,95.33265999999999
1312.804,97.19757,1312.804,95.80739,1312.804,95.37126,1312.804,95.33821
1313.286,97.18854,1313.286,95.81443999999999,1313.286,95.37800000000001,1313.286,95.34548000000001
1313.768,97.18393,1313.768,95.82352999999999,1313.768,95.38738000000001,1313.768,95.35439
1314.25,97.18334,1314.25,95.83331,1314.25,95.39805,1314.25,95.36417
1314.732,97.18517,1314.732,95.84148,1314.732,95.40755000000001,1314.732,95.37299000000002
1315.215,97.18711,1315.215,95.84525,1315.215,95.4128,1315.215,95.37819999999999
1315.6970000000001,97.1867,1315.6970000000001,95.84205,1315.6970000000001,95.41074,1315.6970000000001,95.37699
1316.179,97.18243,1316.179,95.83069,1316.179,95.39992999999998,1316.179,95.36771999999999
1316.661,97.17447,1316.661,95.81226000000001,1316.661,95.38126,1316.661,95.35074999999999
1317.143,97.16518,1317.143,95.79042,1317.143,95.35857,1317.143,95.32919
1317.625,97.15840999999999,1317.625,95.77055,1317.625,95.33743,1317.625,95.30806999999999
1318.107,97.15835999999999,1318.107,95.75793000000002,1318.107,95.32346000000001,1318.107,95.29273
1318.589,97.16788,1318.589,95.75594000000001,1318.589,95.32009000000001,1318.589,95.28712
1319.0720000000001,97.18733,1319.0720000000001,95.76437,1319.0720000000001,95.32724999999999,1319.0720000000001,95.29208
1319.554,97.21441,1319.554,95.77991,1319.554,95.34145000000001,1319.554,95.30547
1320.036,97.24518,1320.036,95.79737,1320.036,95.35744,1320.036,95.32303
1320.518,97.27561,1320.518,95.81203000000001,1320.518,95.37038000000001,1320.518,95.34039999999999
1321.0,97.30293,1321.0,95.82127,1321.0,95.37779,1321.0,95.35452
1321.482,97.32619,1321.482,95.82523,1321.482,95.37988999999999,1321.482,95.36429
1321.964,97.34589,1321.964,95.82601,1321.964,95.37898999999999,1321.964,95.37007
1322.446,97.36288,1322.446,95.82616,1322.446,95.37782999999999,1322.446,95.37286
1322.928,97.37766,1322.928,95.82767000000001,1322.928,95.37851,1322.928,95.37349
1323.411,97.38978,1323.411,95.83113,1323.411,95.38163,1323.411,95.37227
1323.893,97.39840000000001,1323.893,95.83610999999999,1323.893,95.38676000000001,1323.893,95.36956
1324.375,97.40292,1324.375,95.84195,1324.375,95.39327,1324.375,95.36626999999999
1324.857,97.40363,1324.857,95.8485,1324.857,95.40101999999999,1324.857,95.36422999999999
1325.339,97.40183999999999,1325.339,95.85638,1325.339,95.41072,1325.339,95.36577
1325.821,97.39931999999999,1325.821,95.86653999999999,1325.821,95.42352,1325.821,95.37298
1326.303,97.39744999999999,1326.303,95.87957,1326.303,95.4401,1326.303,95.38663
1326.785,97.39644999999999,1326.785,95.895,1326.785,95.46006,1326.785,95.40565000000001
1327.267,97.39528999999999,1327.267,95.91118999999999,1327.267,95.4817,1327.267,95.42728
1327.75,97.39219,1327.75,95.92587,1327.75,95.50255999999999,1327.75,95.44814000000001
1328.232,97.38571,1328.232,95.93711,1328.232,95.52044000000001,1328.232,95.46535
1328.714,97.3755,1328.714,95.94398,1328.714,95.5341,1328.714,95.47757000000001
1329.1960000000001,97.36240000000001,1329.1960000000001,95.94657,1329.1960000000001,95.54335,1329.1960000000001,95.48489000000001
1329.6779999999999,97.34812,1329.6779999999999,95.94547,1329.6779999999999,95.54865,1329.6779999999999,95.48833
1330.16,97.33409,1330.16,95.9407,1330.16,95.55,1330.16,95.48848
1330.642,97.32068999999998,1330.642,95.93128,1330.642,95.54639999999999,1330.642,95.48478
1331.124,97.30676000000001,1331.124,95.91507999999999,1331.124,95.53568,1331.124,95.47539
1331.606,97.29017999999999,1331.606,95.88978,1331.606,95.51524,1331.606,95.45775
1332.0890000000002,97.26862,1332.0890000000002,95.85379,1332.0890000000002,95.48316,1332.0890000000002,95.42980999999999
1332.571,97.24073000000001,1332.571,95.80707000000001,1332.571,95.43886,1332.571,95.39076
1333.053,97.20627999999999,1333.053,95.75094,1333.053,95.38313000000001,1333.053,95.34102000000001
1333.5349999999999,97.16605,1333.5349999999999,95.68714999999999,1333.5349999999999,95.31742,1333.5349999999999,95.28157999999999
1334.017,97.12085,1334.017,95.61678,1334.017,95.24279,1334.017,95.21316999999999
1334.499,97.07082,1334.499,95.53941,1334.499,95.15923000000001,1334.499,95.13543999999999
1334.981,97.01501,1334.981,95.45304,1334.981,95.06548000000001,1334.981,95.04714
1335.463,96.95183,1335.463,95.35505,1335.463,94.95998,1335.463,94.94681999999999
1335.9460000000001,96.87994,1335.9460000000001,95.24342000000001,1335.9460000000001,94.84164,1335.9460000000001,94.83381
1336.4279999999999,96.79951,1336.4279999999999,95.11802,1336.4279999999999,94.711,1336.4279999999999,94.70905
1336.91,96.71307,1336.91,94.98136000000001,1336.91,94.57069000000001,1336.91,94.57554
1337.3919999999998,96.62613,1337.3919999999998,94.83891,1337.3919999999998,94.42572999999999,1337.3919999999998,94.43827
1337.874,96.54690000000001,1337.874,94.69875,1337.874,94.28337,1337.874,94.3041
1338.356,96.48536999999999,1338.356,94.57114000000001,1338.356,94.15290999999999,1338.356,94.18144
1338.838,96.45106999999999,1338.838,94.46692999999999,1338.838,94.04445000000001,1338.838,94.07944
1339.3200000000002,96.44981,1339.3200000000002,94.39487,1339.3200000000002,93.96654999999998,1339.3200000000002,94.00593
1339.802,96.48065000000001,1339.802,94.35831,1339.802,93.92305,1339.802,93.96473999999999
1340.2849999999999,96.53560999999999,1340.2849999999999,94.35361999999999,1340.2849999999999,93.91108,1340.2849999999999,93.9539
1340.767,96.60215000000001,1340.767,94.37136000000001,1340.767,93.9219,1340.767,93.966
1341.249,96.66786,1341.249,94.40011999999999,1341.249,93.9444,1341.249,93.99096999999999
1341.731,96.72364999999999,1341.731,94.43027000000001,1341.731,93.96865,1341.731,94.01939
1342.2130000000002,96.76477,1342.2130000000002,94.45589,1342.2130000000002,93.98837,1342.2130000000002,94.04449
1342.695,96.79023000000001,1342.695,94.47511,1342.695,94.00130000000001,1342.695,94.06317
1343.1770000000001,96.80144999999999,1343.1770000000001,94.48918,1343.1770000000001,94.00890000000001,1343.1770000000001,94.07562999999999
1343.6589999999999,96.80127999999999,1343.6589999999999,94.50152,1343.6589999999999,94.01517999999999,1343.6589999999999,94.08476
1344.142,96.79316,1344.142,94.51627,1344.142,94.02532000000001,1344.142,94.09504999999999
1344.624,96.78007000000001,1344.624,94.53683,1344.624,94.04387,1344.624,94.11094
1345.106,96.76388,1345.106,94.56469,1345.106,94.0732,1345.106,94.13525
1345.588,96.74471,1345.588,94.59879000000001,1345.588,94.11259,1345.588,94.16821
1346.0700000000002,96.72148999999999,1346.0700000000002,94.63633,1346.0700000000002,94.15908999999999,1346.0700000000002,94.20787000000001
1346.552,96.69266999999999,1346.552,94.67428999999998,1346.552,94.20881,1346.552,94.25131999999999
1347.034,96.65755000000001,1347.034,94.71104,1347.034,94.25903,1347.034,94.29648999999999
1347.5159999999998,96.61716,1347.5159999999998,94.74754000000001,1347.5159999999998,94.30941000000001,1347.5159999999998,94.34354
1347.999,96.57444999999998,1347.999,94.78726999999999,1347.999,94.36227000000001,1347.999,94.39481
1348.481,96.53363999999999,1348.481,94.83491000000001,1348.481,94.42116999999999,1348.481,94.4539
1348.963,96.49861,1348.963,94.89399,1348.963,94.48906000000001,1348.963,94.52356
1349.445,96.47157,1349.445,94.96535,1349.445,94.56658000000002,1349.445,94.60399000000001
1349.9270000000001,96.45215999999999,1349.9270000000001,95.04609,1349.9270000000001,94.65111,1349.9270000000001,94.69211
1350.4089999999999,96.43771,1350.4089999999999,95.13055,1350.4089999999999,94.73769000000001,1350.4089999999999,94.78233
1350.891,96.42428000000001,1350.891,95.21207000000001,1350.891,94.82061,1350.891,94.86848
1351.373,96.40807000000001,1351.373,95.28515999999999,1351.373,94.89541,1351.373,94.94568
1351.855,96.38669999999999,1351.855,95.34687,1351.855,94.95989,1351.855,95.01165999999999
1352.338,96.35944,1352.338,95.39680000000001,1352.338,95.01401,1352.338,95.06653999999999
1352.82,96.32688,1352.82,95.43602,1352.82,95.05869000000001,1352.82,95.11158999999999
1353.302,96.29014,1353.302,95.46557999999999,1353.302,95.09432000000001,1353.302,95.14753999999999
1353.784,96.25011,1353.784,95.48508,1353.784,95.11967,1353.784,95.17339
1354.266,96.20694,1354.266,95.49249,1354.266,95.13177,1354.266,95.18622
1354.748,96.15995,1354.748,95.48458,1354.748,95.12672,1354.748,95.18205
1355.23,96.10785,1355.23,95.45778,1355.23,95.10082,1355.23,95.15712
1355.712,96.04892,1355.712,95.409,1355.712,95.05122999999999,1355.712,95.10885999999999
1356.194,95.98107,1356.194,95.33549000000001,1356.194,94.97579999999999,1356.194,95.03562000000001
1356.677,95.90175,1356.677,95.23421,1356.677,94.87208000000001,1356.677,94.9357
1357.159,95.8081,1357.159,95.10146,1357.159,94.73674000000001,1357.159,94.80659
1357.641,95.69704,1357.641,94.93262,1357.641,94.56526,1357.641,94.64439
1358.123,95.56585999999999,1358.123,94.72319,1358.123,94.35288999999999,1358.123,94.44456000000001
1358.605,95.41246,1358.605,94.46959,1358.605,94.09563,1358.605,94.20289
1359.087,95.23567,1359.087,94.16989,1359.087,93.79097,1359.087,93.91640000000001
1359.569,95.0347,1359.569,93.82339,1359.569,93.43739,1359.569,93.5831
1360.051,94.80902999999999,1360.051,93.42947000000001,1360.051,93.03323,1360.051,93.20121
1360.533,94.55829,1360.533,92.98693,1360.533,92.57593,1360.533,92.76848
1361.016,94.28347000000001,1361.016,92.49485,1361.016,92.06285,1361.016,92.28296999999999
1361.498,93.98961,1361.498,91.95616,1361.498,91.49529,1361.498,91.74656
1361.98,93.68809999999999,1361.98,91.38238,1361.98,90.88369999999999,1361.98,91.16953000000001
1362.462,93.39635,1362.462,90.79583,1362.462,90.25081999999999,1362.462,90.5733
1362.944,93.13300999999998,1362.944,90.22498999999999,1362.944,89.62752,1362.944,89.98621999999999
1363.426,92.91032,1363.426,89.69402000000001,1363.426,89.04159,1363.426,89.43353
1363.908,92.72973999999999,1363.908,89.21331,1363.908,88.50713,1363.908,88.92755
1364.39,92.58333999999999,1364.39,88.77831,1364.39,88.02191,1364.39,88.46552
1364.873,92.45924000000001,1364.873,88.37522,1364.873,87.57314000000001,1364.873,88.03499000000001
1365.355,92.34612,1365.355,87.98854,1365.355,87.14526,1365.355,87.62113
1365.837,92.23543,1365.837,87.60587,1365.837,86.72585,1365.837,87.21202
1366.319,92.12114,1366.319,87.21997,1366.319,86.30798,1366.319,86.80087
1366.801,91.99844,1366.801,86.82847000000001,1366.801,85.88996999999999,1366.801,86.38601
1367.2830000000001,91.8622,1367.2830000000001,86.43245,1367.2830000000001,85.47369,1367.2830000000001,85.96921999999999
1367.7649999999999,91.70591999999999,1367.7649999999999,86.03448,1367.7649999999999,85.06194,1367.7649999999999,85.55354
1368.247,91.52144,1368.247,85.63664,1368.247,84.65623000000001,1368.247,85.14123
1368.729,91.30067,1368.729,85.24015,1368.729,84.25618999999999,1368.729,84.73315
1369.212,91.03811999999999,1369.212,84.84609,1369.212,83.86089,1369.212,84.32997999999999
1369.694,90.73289000000001,1369.694,84.45676,1369.694,83.47092,1369.694,83.93361999999999
1370.1760000000002,90.38855,1370.1760000000002,84.07595,1370.1760000000002,83.08919,1370.1760000000002,83.54792
1370.658,90.01098,1370.658,83.7077,1370.658,82.71986,1370.658,83.17734
1371.14,89.60561,1371.14,83.35479,1371.14,82.36671,1371.14,82.82536999999999
1371.6219999999998,89.17578,1371.6219999999998,83.01812999999999,1371.6219999999998,82.03219000000001,1371.6219999999998,82.49380000000001
1372.104,88.72341,1372.104,82.69833,1372.104,81.71873,1372.104,82.18415
1372.586,88.25300999999999,1372.586,82.39959999999999,1372.586,81.43233000000001,1372.586,81.90122000000001
1373.0690000000002,87.77749999999999,1373.0690000000002,82.13458,1373.0690000000002,81.18693,1373.0690000000002,81.65763
1373.551,87.3229,1373.551,81.92622,1373.551,81.00573,1373.551,81.47527
1374.0330000000001,86.92622,1374.0330000000001,81.80274,1374.0330000000001,80.91573,1374.0330000000001,81.38033999999999
1374.5149999999999,86.62429,1374.5149999999999,81.78584000000001,1374.5149999999999,80.93567999999999,1374.5149999999999,81.39173
1374.997,86.43943999999999,1374.997,81.87959,1374.997,81.06615,1374.997,81.51123
1375.4789999999998,86.37352999999999,1375.4789999999998,82.07039,1375.4789999999998,81.29061,1375.4789999999998,81.72380000000001
1375.961,86.41489999999999,1375.961,82.33806,1375.961,81.58720000000001,1375.961,82.00862000000001
1376.443,86.55082,1376.443,82.668,1376.443,81.94088,1376.443,82.35094000000001
1376.9260000000002,86.77562,1376.9260000000002,83.05682000000002,1376.9260000000002,82.34871,1376.9260000000002,82.74725000000001
1377.408,87.0914,1377.408,83.51006,1377.408,82.81707,1377.408,83.20322000000002
1377.89,87.50242999999999,1377.89,84.03536000000001,1377.89,83.35454999999999,1377.89,83.72676
1378.3719999999998,88.00726,1378.3719999999998,84.63395,1378.3719999999998,83.96341,1378.3719999999998,84.32006
1378.854,88.59265,1378.854,85.29527,1378.854,84.63395,1378.854,84.974
1379.3359999999998,89.23346000000001,1379.3359999999998,85.99724,1379.3359999999998,85.34483999999999,1379.3359999999998,85.66823
1379.818,89.89886999999999,1379.818,86.71289,1379.818,86.06960000000001,1379.818,86.37729999999999
1380.3000000000002,90.56136000000001,1380.3000000000002,87.41866999999999,1380.3000000000002,86.78499000000001,1380.3000000000002,87.07853999999999
1380.782,91.20250999999999,1380.782,88.09984999999999,1380.782,87.47639,1380.782,87.75738000000001
1381.2649999999999,91.81341,1381.2649999999999,88.75016000000001,1381.2649999999999,88.1375,1381.2649999999999,88.40708
1381.747,92.39048,1381.747,89.36728000000001,1381.747,88.76592000000001,1381.747,89.02471
1382.229,92.93118,1382.229,89.94836,1382.229,89.35857999999999,1382.229,89.60692
1382.711,93.43178999999999,1382.711,90.48800999999999,1382.711,89.90978999999999,1382.711,90.14819
1383.193,93.88879,1383.193,90.98031,1383.193,90.41322,1383.193,90.64259
1383.675,94.30197,1383.675,91.42246999999999,1383.675,90.86574,1383.675,91.08749
1384.1570000000002,94.67689999999999,1384.1570000000002,91.8179,1384.1570000000002,91.27045000000001,1384.1570000000002,91.48615
1384.639,95.02514,1384.639,92.17657,1384.639,91.63725,1384.639,91.84827
1385.121,95.36246,1385.121,92.51344,1385.121,91.98126,1385.121,92.18826999999999
1385.604,95.70570000000001,1385.604,92.84546,1385.604,92.31983,1385.604,92.52250000000001
1386.086,96.06839000000001,1386.086,93.1877,1386.086,92.66835999999999,1386.086,92.86543999999999
1386.568,96.45508,1386.568,93.54796999999999,1386.568,93.03487000000001,1386.568,93.22455
1387.05,96.85654,1387.05,93.92160000000001,1387.05,93.41454,1387.05,93.59534
1387.532,97.25068999999999,1387.532,94.29102999999999,1387.532,93.78949,1387.532,93.96091
1388.0140000000001,97.61094999999999,1388.0140000000001,94.63268,1388.0140000000001,94.13562999999999,1388.0140000000001,94.29876
1388.4959999999999,97.91743,1388.4959999999999,94.92755000000001,1388.4959999999999,94.43376,1388.4959999999999,94.59064
1388.978,98.16257999999999,1388.978,95.1675,1388.978,94.6757,1388.978,94.82863
1389.4599999999998,98.34967,1389.4599999999998,95.35487,1389.4599999999998,94.86402999999999,1389.4599999999998,95.01469
1389.943,98.48769000000001,1389.943,95.49793,1389.943,95.00737000000001,1389.943,95.15664
1390.425,98.58715000000001,1390.425,95.6066,1390.425,95.11607,1390.425,95.26420999999999
1390.907,98.65755,1390.907,95.68960000000001,1390.907,95.19928999999999,1390.907,95.34621
1391.389,98.70629,1391.389,95.75317999999999,1391.389,95.26363,1391.389,95.40936
1391.871,98.73844,1391.871,95.80071000000001,1391.871,95.31268,1391.871,95.45765
1392.353,98.75664,1392.353,95.83278999999999,1392.353,95.34732,1392.353,95.49232
1392.835,98.76187999999999,1392.835,95.84878,1392.835,95.36687,1392.835,95.51297
1393.3170000000002,98.75526,1393.3170000000002,95.84888,1393.3170000000002,95.37148,1393.3170000000002,95.51966
1393.8,98.73965999999999,1393.8,95.83677,1393.8,95.36428000000001,1393.8,95.51500000000001
1394.282,98.72002,1394.282,95.81976,1394.282,95.35171,1394.282,95.50455
1394.764,98.70119000000001,1394.764,95.80586,1394.764,95.34067,1394.764,95.49448999999998
1395.246,98.68547,1395.246,95.79937,1395.246,95.33474,1395.246,95.48814999999999
1395.728,98.67184,1395.728,95.79919000000001,1395.728,95.33284,1395.728,95.48479
1396.21,98.65858,1396.21,95.80128,1396.21,95.33186,1396.21,95.48185000000001
1396.692,98.64541,1396.692,95.80247,1396.692,95.32983,1396.692,95.47765999999999
1397.1740000000002,98.63434,1397.1740000000002,95.80235,1397.1740000000002,95.32761,1397.1740000000002,95.47288999999999
1397.656,98.62944999999999,1397.656,95.80342999999999,1397.656,95.32883,1397.656,95.47072
1398.1390000000001,98.63571999999999,1398.1390000000001,95.8104,1398.1390000000001,95.33870999999999,1398.1390000000001,95.47587999999999
1398.6209999999999,98.65679999999999,1398.6209999999999,95.82766,1398.6209999999999,95.36138,1398.6209999999999,95.49242
1399.103,98.69168,1399.103,95.85571,1399.103,95.39622,1399.103,95.52016
1399.585,98.73267,1399.585,95.88828,1399.585,95.43545999999999,1399.585,95.55215000000001
1400.067,98.76742,1400.067,95.91392,1400.067,95.46621999999999,1400.067,95.57652000000002
1400.549,98.78450000000001,1400.549,95.92117999999999,1400.549,95.47650000000002,1400.549,95.58178999999998
1401.0310000000002,98.77798999999999,1401.0310000000002,95.90359,1401.0310000000002,95.46005,1401.0310000000002,95.56164000000001
1401.513,98.74855,1401.513,95.86098,1401.513,95.41727999999999,1401.513,95.51608999999999
1401.996,98.70155,1401.996,95.79766,1401.996,95.35334,1401.996,95.44987
1402.4779999999998,98.64475999999999,1402.4779999999998,95.72019,1402.4779999999998,95.27555,1402.4779999999998,95.37013999999999
1402.96,98.58671,1402.96,95.6358,1402.96,95.19165,1402.96,95.2849
1403.442,98.53569,1403.442,95.55177,1403.442,95.10918000000001,1403.442,95.20196
1403.924,98.49821,1403.924,95.47454,1403.924,95.03434,1403.924,95.12765999999999
1404.406,98.47678,1404.406,95.40775,1404.406,94.97034,1404.406,95.06494
1404.8880000000001,98.46851000000001,1404.8880000000001,95.35085000000001,1404.8880000000001,94.91617,1404.8880000000001,95.01214000000002
1405.3700000000001,98.46592,1405.3700000000001,95.29899,1405.3700000000001,94.86674000000001,1405.3700000000001,94.96349000000001
1405.853,98.46052999999999,1405.853,95.24551000000001,1405.853,94.81533999999999,1405.853,94.91202
1406.3349999999998,98.44621000000001,1406.3349999999998,95.18453000000001,1406.3349999999998,94.7561,1406.3349999999998,94.85224000000001
1406.817,98.42066,1406.817,95.11260999999999,1406.817,94.6853,1406.817,94.78127
1407.299,98.38448,1407.299,95.02828000000001,1407.299,94.60088,1407.299,94.69802
1407.781,98.33923,1407.781,94.93104000000001,1407.781,94.50157000000002,1407.781,94.60186999999999
1408.2630000000001,98.28629,1408.2630000000001,94.82054,1408.2630000000001,94.38644,1408.2630000000001,94.49213
1408.7450000000001,98.22681,1408.7450000000001,94.69722000000002,1408.7450000000001,94.25564,1408.7450000000001,94.36859999999999
1409.227,98.16268000000001,1409.227,94.5631,1409.227,94.11153999999999,1409.227,94.23298000000001
1409.7089999999998,98.09731,1409.7089999999998,94.42287999999999,1409.7089999999998,93.95956,1409.7089999999998,94.08982999999999
1410.1919999999998,98.03535,1410.1919999999998,94.28328,1410.1919999999998,93.80743000000001,1410.1919999999998,93.94624
1410.674,97.98109,1410.674,94.15125,1410.674,93.66287,1410.674,93.80978
1411.1560000000002,97.93618000000001,1411.1560000000002,94.03117,1411.1560000000002,93.53076,1411.1560000000002,93.68561
1411.638,97.89805,1411.638,93.92309,1411.638,93.41113,1411.638,93.57439
1412.1200000000001,97.86007,1412.1200000000001,93.82283,1412.1200000000001,93.29962,1412.1200000000001,93.47212999999999
1412.602,97.81373,1412.602,93.7242,1412.602,93.18994,1412.602,93.37266
1413.084,97.75138,1413.084,93.62178999999999,1413.084,93.07703000000001,1413.084,93.27041
1413.5659999999998,97.66874,1413.5659999999998,93.51331,1413.5659999999998,92.95935,1413.5659999999998,93.16313
1414.048,97.56586,1414.048,93.40035999999999,1414.048,92.83932999999999,1414.048,93.05245
1414.531,97.44672,1414.531,93.28760000000001,1414.531,92.72236,1414.531,92.94326
1415.0130000000001,97.31762,1415.0130000000001,93.18123,1415.0130000000001,92.61478,1415.0130000000001,92.84181000000001
1415.495,97.1852,1415.495,93.08738,1415.495,92.52224999999999,1415.495,92.75403
1415.977,97.05520999999999,1415.977,93.0117,1415.977,92.44935999999998,1415.977,92.68501
1416.459,96.93191,1416.459,92.96042999999999,1416.459,92.40107,1416.459,92.6403
1416.941,96.81986,1416.941,92.94308000000001,1416.941,92.38584,1416.941,92.62866000000001
1417.4229999999998,96.72594000000001,1417.4229999999998,92.97536000000001,1417.4229999999998,92.41866,1417.4229999999998,92.66525
1417.905,96.66002,1417.905,93.07754,1417.905,92.51993,1417.905,92.77004
1418.3870000000002,96.63003,1418.3870000000002,93.26309,1418.3870000000002,92.70392,1418.3870000000002,92.95676999999999
1418.8700000000001,96.6302,1418.8700000000001,93.51845,1418.8700000000001,92.95830000000001,1418.8700000000001,93.21270999999999
1419.3519999999999,96.63376,1419.3519999999999,93.79301999999998,1419.3519999999999,93.23388,1419.3519999999999,93.48899
1419.834,96.60311,1419.834,94.02041,1419.834,93.46486,1419.834,93.72063
1420.316,96.51205000000002,1420.316,94.15549,1420.316,93.60602999999999,1420.316,93.86285000000001
1420.798,96.3583,1420.798,94.19301000000002,1420.798,93.65145,1420.798,93.90896
1421.28,96.15905,1421.28,94.15825999999998,1421.28,93.62571,1421.28,93.88209
1421.762,95.93854999999999,1421.762,94.08733,1421.762,93.56476,1421.762,93.81635
1422.2440000000001,95.71769,1422.2440000000001,94.01161,1422.2440000000001,93.50036,1422.2440000000001,93.74216000000001
1422.727,95.50893,1422.727,93.95026,1422.727,93.45242,1422.727,93.67884000000001
1423.2089999999998,95.31529,1423.2089999999998,93.9081,1423.2089999999998,93.42635,1423.2089999999998,93.63244999999999
1423.691,95.13206,1423.691,93.87729999999999,1423.691,93.4142,1423.691,93.59721
1424.1730000000002,94.94999,1424.1730000000002,93.84197,1424.1730000000002,93.39909,1424.1730000000002,93.55956
1424.655,94.75932999999999,1424.655,93.78574,1424.655,93.36301,1424.655,93.50487
1425.137,94.55377,1425.137,93.69889,1425.137,93.29475000000001,1425.137,93.4241
1425.619,94.33144999999999,1425.619,93.58072999999999,1425.619,93.19274999999999,1425.619,93.31597000000001
1426.101,94.09317,1426.101,93.43612999999999,1426.101,93.06157,1426.101,93.18396
1426.5829999999999,93.83867000000001,1426.5829999999999,93.26932,1426.5829999999999,92.90568999999999,1426.5829999999999,93.03084
1427.066,93.56436000000001,1427.066,93.08014999999999,1427.066,92.72517,1427.066,92.85532
1427.548,93.26358,1427.548,92.86402000000001,1427.548,92.51543,1427.548,92.65192
1428.0300000000002,92.93015,1428.0300000000002,92.61572,1428.0300000000002,92.27142,1428.0300000000002,92.41489
1428.512,92.56254999999999,1428.512,92.33475999999999,1428.512,91.99244999999999,1428.512,92.14294000000001
1428.994,92.16687999999999,1428.994,92.02829,1428.994,91.68574,1428.994,91.84258
1429.4759999999999,91.75555,1429.4759999999999,91.70949999999999,1429.4759999999999,91.36454,1429.4759999999999,91.52620999999999
1429.958,91.34204,1429.958,91.39117,1429.958,91.04191,1429.958,91.20644
1430.4399999999998,90.93559,1430.4399999999998,91.07920999999999,1430.4399999999998,90.72414,1430.4399999999998,90.88963
1430.923,90.53886,1430.923,90.77087,1430.923,90.40897,1430.923,90.57416
1431.405,90.15050000000001,1431.405,90.45885,1431.405,90.08940000000001,1431.405,90.25408
1431.8870000000002,89.76936,1431.8870000000002,90.13785,1431.8870000000002,89.76044,1431.8870000000002,89.92532
1432.369,89.39797,1432.369,89.80924,1432.369,89.42382,1432.369,89.59013
1432.8509999999999,89.04246,1432.8509999999999,89.48140000000001,1432.8509999999999,89.08798000000002,1432.8509999999999,89.25699999999999
1433.3329999999999,88.7099,1433.3329999999999,89.16499999999999,1433.3329999999999,88.76357999999999,1433.3329999999999,88.93627000000001
1433.815,88.40432,1433.815,88.86658,1433.815,88.45679000000001,1433.815,88.63374
1434.297,88.12342,1434.297,88.58306,1434.297,88.16383,1434.297,88.34539
1434.78,87.85862,1434.78,88.30006,1434.78,87.86918,1434.78,88.05592000000001
1435.262,87.59885,1435.262,87.99620000000002,1435.262,87.55006,1435.262,87.743
1435.7440000000001,87.33751999999998,1435.7440000000001,87.65394,1435.7440000000001,87.18762999999998,1435.7440000000001,87.38816
1436.226,87.07641000000001,1436.226,87.27154,1436.226,86.77991,1436.226,86.98951
1436.7079999999999,86.82154,1436.7079999999999,86.86583999999999,1436.7079999999999,86.34546999999999,1436.7079999999999,86.56513000000001
1437.19,86.57384,1437.19,86.45939,1437.19,85.91026,1437.19,86.14072999999999
1437.672,86.32716,1437.672,86.06533999999999,1437.672,85.49059,1437.672,85.73257999999998
1438.154,86.07549,1438.154,85.68477,1438.154,85.08868,1438.154,85.34283
1438.636,85.81904,1438.636,85.31376999999999,1438.636,84.69975,1438.636,84.96650000000001
1439.1190000000001,85.56302000000001,1439.1190000000001,84.94887,1439.1190000000001,84.31872999999999,1439.1190000000001,84.59814
1439.601,85.31316000000001,1439.601,84.58795,1439.601,83.94221,1439.601,84.23400000000001
1440.083,85.07235,1440.083,84.22955,1440.083,83.56809,1440.083,83.87188
1440.5649999999998,84.84019,1440.5649999999998,83.87316999999999,1440.5649999999998,83.19591000000001,1440.5649999999998,83.51131000000001
1441.047,84.61385,1441.047,83.51945,1441.047,82.8266,1441.047,83.15356
1441.529,84.38968,1441.529,83.17018000000002,1441.529,82.4623,1441.529,82.8009
1442.011,84.16470000000001,1442.011,82.82750999999999,1442.011,82.10526,1442.011,82.45567
1442.493,83.93751999999999,1442.493,82.49331,1442.493,81.75718,1442.493,82.1194
1442.976,83.70889,1442.976,82.16932999999999,1442.976,81.41959999999999,1442.976,81.79328
1443.458,83.48123,1443.458,81.85767,1443.458,81.09469000000001,1443.458,81.47903
1443.94,83.25756,1443.94,81.56116,1443.94,80.78561,1443.94,81.17952000000001
1444.4219999999998,83.04006,1444.4219999999998,81.28291000000002,1444.4219999999998,80.49611999999999,1444.4219999999998,80.89857
1444.904,82.82874,1444.904,81.02516,1444.904,80.22918000000001,1444.904,80.63942
1445.386,82.62102,1445.386,80.78829999999999,1445.386,79.98584,1445.386,80.40368000000001
1445.868,82.41203999999999,1445.868,80.57074,1445.868,79.76508,1445.868,80.19048
1446.3500000000001,82.19685,1446.3500000000001,80.37025,1446.3500000000001,79.56514,1446.3500000000001,79.99779000000001
1446.833,81.9725,1446.833,80.18587,1446.833,79.3856,1446.833,79.82366
1447.314,81.73989,1447.314,80.01897,1447.314,79.22825999999999,1447.314,79.6677
1447.797,81.50306,1447.797,79.87181,1447.797,79.09551,1447.797,79.5301
1448.2789999999998,81.26542,1448.2789999999998,79.74383,1448.2789999999998,78.98626,1448.2789999999998,79.40885
1448.761,81.0265,1448.761,79.62929,1448.761,78.8937,1448.761,79.29827999999999
1449.2430000000002,80.78133,1449.2430000000002,79.51877999999999,1449.2430000000002,78.80696,1449.2430000000002,79.19011
1449.725,80.52341,1449.725,79.40315,1449.725,78.71555,1449.725,79.0768
1450.207,80.24819000000001,1450.207,79.27686,1450.207,78.61296,1450.207,78.95412
1450.689,79.95554999999999,1450.689,79.13923,1450.689,78.49803,1450.689,78.82201
1451.171,79.65097,1451.171,78.99416000000001,1451.171,78.37465,1451.171,78.68448
1451.654,79.34548000000001,1451.654,78.84944,1451.654,78.25074,1451.654,78.54887
1452.136,79.05364,1452.136,78.71487,1452.136,78.1363,1452.136,78.42415
1452.618,78.78948,1452.618,78.59962,1452.618,78.04054,1452.618,78.31844000000001
1453.1000000000001,78.56248,1453.1000000000001,78.50989,1453.1000000000001,77.96938,1453.1000000000001,78.23677
1453.5819999999999,78.37532,1453.5819999999999,78.44734,1453.5819999999999,77.92422,1453.5819999999999,78.17986
1454.064,78.22449,1454.064,78.4094,1454.064,77.90218,1454.064,78.14439
1454.546,78.10308,1454.546,78.39079,1454.546,77.89798,1454.546,78.12471000000001
1455.028,78.00645,1455.028,78.38812,1455.028,77.90856,1455.028,78.11733000000001
1455.51,77.94185999999999,1455.51,78.40931,1455.51,77.94262,1455.51,78.1303
1455.993,77.93833000000001,1455.993,78.48477,1455.993,78.03139,1455.993,78.19424
1456.475,78.04095000000001,1456.475,78.66376,1456.475,78.22411,1456.475,78.35847
1456.957,78.2698,1456.957,78.97272,1456.957,78.54559,1456.957,78.65068
1457.4389999999999,78.57327,1457.4389999999999,79.36265,1457.4389999999999,78.9449,1457.4389999999999,79.02572
1457.921,78.85471,1457.921,79.73097,1457.921,79.31954,1457.921,79.38636
1458.403,79.05524,1458.403,80.00869,1458.403,79.60239,1458.403,79.66599000000001
1458.885,79.18195,1458.885,80.19610999999999,1458.885,79.79574,1458.885,79.86314
1459.3670000000002,79.27245,1459.3670000000002,80.32952999999999,1459.3670000000002,79.93678,1459.3670000000002,80.01025999999999
1459.85,79.3586,1459.85,80.44314999999999,1459.85,80.05985000000001,1459.85,80.13807999999999
1460.3319999999999,79.45454,1460.3319999999999,80.55487,1460.3319999999999,80.18256,1460.3319999999999,80.26221
1460.814,79.56097,1460.814,80.66890000000001,1460.814,80.30875999999999,1460.814,80.38593
1461.2959999999998,79.67433,1461.2959999999998,80.78386,1461.2959999999998,80.43625,1461.2959999999998,80.50748999999999
1461.778,79.79535999999999,1461.778,80.90007999999999,1461.778,80.56442000000001,1461.778,80.62725999999999
1462.2600000000002,79.93417,1462.2600000000002,81.02430999999999,1462.2600000000002,80.69884,1462.2600000000002,80.75214000000001
1462.742,80.11322,1462.742,81.17216,1462.742,80.85364999999999,1462.742,80.89779999999999
1463.2240000000002,80.36568000000001,1463.2240000000002,81.36761,1463.2240000000002,81.05130000000001,1463.2240000000002,81.08819
1463.7069999999999,80.72769,1463.7069999999999,81.6378,1463.7069999999999,81.31766999999999,1463.7069999999999,81.3501
1464.1889999999999,81.22166,1464.1889999999999,82.00067000000001,1464.1889999999999,81.67020000000001,1464.1889999999999,81.70113
1464.671,81.83771999999999,1464.671,82.44991999999999,1464.671,82.10383999999999,1464.671,82.13531
1465.153,82.53164999999998,1465.153,82.95158,1465.153,82.58734000000001,1465.153,82.62012999999999
1465.635,83.24925999999999,1465.635,83.46181,1465.635,83.07988999999999,1465.635,83.114
1466.1170000000002,83.95741,1466.1170000000002,83.95196999999999,1466.1170000000002,83.55447999999998,1466.1170000000002,83.59007
1466.599,84.65424999999999,1466.599,84.41831,1466.599,84.00738000000001,1466.599,84.04529
1467.0810000000001,85.35600000000001,1467.0810000000001,84.87321,1467.0810000000001,84.44978,1467.0810000000001,84.49161000000001
1467.5629999999999,86.07748000000001,1467.5629999999999,85.33028,1467.5629999999999,84.89393,1467.5629999999999,84.94163999999999
1468.046,86.82067,1468.046,85.79456,1468.046,85.34402999999999,1468.046,85.39954
1468.528,87.57424999999999,1468.528,86.26122000000001,1468.528,85.79498,1468.528,85.85979
1469.01,88.32064000000001,1469.01,86.71951,1469.01,86.23623,1469.01,86.31121999999999
1469.492,89.04579,1469.492,87.1589,1469.492,86.65756999999999,1469.492,86.74332
1469.9740000000002,89.74795999999999,1469.9740000000002,87.57471000000001,1469.9740000000002,87.05447,1469.9740000000002,87.15151
1470.456,90.44305,1470.456,87.97202,1470.456,87.43169,1470.456,87.54132
1470.938,91.16541,1470.938,88.36797000000001,1470.938,87.80529,1470.938,87.93015
1471.4199999999998,91.95818,1471.4199999999998,88.78893,1471.4199999999998,88.19984,1471.4199999999998,88.34395
1471.903,92.84644,1471.903,89.25675,1471.903,88.63512,1471.903,88.80288999999999
1472.385,93.79984,1472.385,89.76456,1472.385,89.10320999999999,1472.385,89.29764
1472.867,94.72482,1472.867,90.26443,1472.867,89.55790999999999,1472.867,89.77902
1473.349,95.519,1473.349,90.69431,1473.349,89.9409,1473.349,90.18634
1473.8310000000001,96.13995,1473.8310000000001,91.02225000000001,1473.8310000000001,90.22354,1473.8310000000001,90.49041000000001
1474.3129999999999,96.61744,1474.3129999999999,91.26156999999999,1474.3129999999999,90.42012,1474.3129999999999,90.70641
1474.795,97.01487999999999,1474.795,91.45117,1474.795,90.56874,1474.795,90.87360000000001
1475.277,97.38830999999999,1475.277,91.62915999999998,1475.277,90.70647,1475.277,91.02985000000001
1475.76,97.76555,1475.76,91.81701000000001,1475.76,90.85461000000001,1475.76,91.19659999999999
1476.241,98.14433,1476.241,92.01555,1476.241,91.01492999999999,1476.241,91.37545
1476.724,98.50326000000001,1476.724,92.21092999999999,1476.724,91.17504,1476.724,91.55346
1477.2060000000001,98.81880000000001,1477.2060000000001,92.38569,1477.2060000000001,91.31853,1477.2060000000001,91.71385000000001
1477.688,99.07919,1477.688,92.52966,1477.688,91.4353,1477.688,91.84621
1478.17,99.28838,1478.17,92.64432,1478.17,91.52596000000001,1478.17,91.95107
1478.652,99.46134,1478.652,92.74059,1478.652,91.60013,1478.652,92.03809
1479.134,99.61607000000001,1479.134,92.83319,1479.134,91.67160000000001,1479.134,92.12101000000001
1479.616,99.76734,1479.616,92.93536,1479.616,91.75331,1479.616,92.21278
1480.098,99.9241,1480.098,93.0556,1480.098,91.85428999999999,1480.098,92.32236
1480.581,100.08930000000001,1480.581,93.19611,1480.581,91.97778,1480.581,92.45298
1481.063,100.2612,1481.063,93.35272,1481.063,92.12075,1481.063,92.60162
1481.545,100.4349,1481.545,93.51608,1481.545,92.27432999999999,1481.545,92.75981
1482.027,100.60340000000001,1482.027,93.67466999999999,1482.027,92.42668,1482.027,92.91620999999999
1482.509,100.75959999999999,1482.509,93.81821000000001,1482.509,92.56645,1482.509,93.06020000000001
1482.991,100.89699999999999,1482.991,93.94012000000001,1482.991,92.68571,1482.991,93.18438
1483.473,101.01039999999999,1483.473,94.03734,1483.473,92.78022999999999,1483.473,93.28490000000001
1483.955,101.09660000000001,1483.955,94.10909000000001,1483.955,92.84844,1483.955,93.36034
1484.4379999999999,101.15449999999998,1484.4379999999999,94.15568,1484.4379999999999,92.89040999999999,1484.4379999999999,93.41074
1484.92,101.1857,1484.92,94.17835,1484.92,92.90758,1484.92,93.43723
1485.402,101.1955,1485.402,94.17972,1485.402,92.90307999999999,1485.402,93.44246
1485.884,101.19149999999999,1485.884,94.16437,1485.884,92.88225,1485.884,93.43099000000001
1486.366,101.18169999999999,1486.366,94.13815,1486.366,92.8521,1486.366,93.40871
1486.848,101.17210000000001,1486.848,94.10739,1486.848,92.81988999999999,1486.848,93.38181
1487.33,101.1655,1487.33,94.07835,1487.33,92.79277,1487.33,93.35656
1487.812,101.16449999999999,1487.812,94.0589,1487.812,92.77888000000002,1487.812,93.34065000000001
1488.294,101.1768,1488.294,94.06218000000001,1488.294,92.79061999999999,1488.294,93.34657
1488.777,101.2192,1488.777,94.10846,1488.777,92.84637000000001,1488.777,93.39332
1489.259,101.31429999999999,1489.259,94.22052000000001,1489.259,92.96616,1489.259,93.50184
1489.741,101.4756,1489.741,94.40897,1489.741,93.15832,1489.741,93.68171000000001
1490.2230000000002,101.6904,1490.2230000000002,94.65662999999999,1490.2230000000002,93.40535,1490.2230000000002,93.91694
1490.705,101.9199,1490.705,94.92017000000001,1490.705,93.66597999999999,1490.705,94.16776
1491.1870000000001,102.1192,1491.1870000000001,95.15171000000001,1491.1870000000001,93.8953,1491.1870000000001,94.39023
1491.6689999999999,102.2611,1491.6689999999999,95.32179,1491.6689999999999,94.06599,1491.6689999999999,94.55726
1492.151,102.3428,1492.151,95.42635000000001,1492.151,94.17442,1492.151,94.66483
1492.634,102.37950000000001,1492.634,95.4794,1492.634,94.23386,1492.634,94.72559000000001
1493.1160000000002,102.3928,1493.1160000000002,95.50169,1493.1160000000002,94.26401999999999,1493.1160000000002,94.75863000000001
1493.598,102.40100000000001,1493.598,95.51189000000001,1493.598,94.28271000000001,1493.598,94.78128999999998
1494.0800000000002,102.41460000000001,1494.0800000000002,95.52234999999999,1494.0800000000002,94.30193,1494.0800000000002,94.80515
1494.562,102.43580000000001,1494.562,95.53889,1494.562,94.32764,1494.562,94.83545
1495.044,102.46109999999999,1495.044,95.56298999999999,1495.044,94.36176,1495.044,94.87297
1495.5259999999998,102.4856,1495.5259999999998,95.59508,1495.5259999999998,94.40504000000001,1495.5259999999998,94.91663000000001
1496.008,102.5072,1496.008,95.63587999999999,1496.008,94.45795000000001,1496.008,94.96476
1496.49,102.5283,1496.49,95.68554,1496.49,94.51965,1496.49,95.01524
1496.9730000000002,102.5539,1496.9730000000002,95.74232,1496.9730000000002,94.58700999999999,1496.9730000000002,95.06551
1497.455,102.5879,1497.455,95.80275,1497.455,94.65567,1497.455,95.11391
1497.9370000000001,102.6311,1497.9370000000001,95.86413,1497.9370000000001,94.72289,1497.9370000000001,95.16118
1498.4189999999999,102.68090000000001,1498.4189999999999,95.92510000000001,1498.4189999999999,94.78796,1498.4189999999999,95.20935
1498.901,102.7315,1498.901,95.98383,1498.901,94.84985,1498.901,95.25867
1499.3829999999998,102.77609999999999,1499.3829999999998,96.036,1499.3829999999998,94.90474,1499.3829999999998,95.30521
1499.865,102.80860000000001,1499.865,96.07535,1499.865,94.94646,1499.865,95.34196
1500.3470000000002,102.82659999999998,1500.3470000000002,96.09622,1500.3470000000002,94.96927,1500.3470000000002,95.36189
1500.8300000000002,102.8318,1500.8300000000002,96.0971,1500.8300000000002,94.97135999999999,1500.8300000000002,95.36215999999999
1501.312,102.83070000000001,1501.312,96.08264,1501.312,94.95732000000001,1501.312,95.34641
1501.7939999999999,102.8323,1501.7939999999999,96.06296,1501.7939999999999,94.93731,1501.7939999999999,95.32422
1502.2759999999998,102.8456,1502.2759999999998,96.05035000000001,1502.2759999999998,94.92396,1502.2759999999998,95.3078
1502.758,102.8764,1502.758,96.05433,1502.758,94.92717999999999,1502.758,95.30692
1503.24,102.92349999999999,1503.24,96.07616,1503.24,94.94886,1503.24,95.32356999999999
1503.722,102.9755,1503.722,96.10400999999999,1503.722,94.97807,1503.722,95.34727000000001
1504.2040000000002,103.0094,1504.2040000000002,96.11015,1504.2040000000002,94.98851,1504.2040000000002,95.35263
1504.6870000000001,102.9929,1504.6870000000001,96.05235,1504.6870000000001,94.94032000000001,1504.6870000000001,95.30136
1505.168,102.89649999999999,1505.168,95.88582000000001,1505.168,94.79202000000001,1505.168,95.15404000000001
1505.6509999999998,102.71950000000001,1505.6509999999998,95.59241,1505.6509999999998,94.52837000000001,1505.6509999999998,94.89729
1506.1330000000003,102.52319999999999,1506.1330000000003,95.226,1506.1330000000003,94.2009,1506.1330000000003,94.58188
1506.615,102.42549999999999,1506.615,94.92829,1506.615,93.93776000000001,1506.615,94.33031
1507.097,102.5013,1507.097,94.83089,1507.097,93.8508,1507.097,94.24706
1507.579,102.68759999999999,1507.579,94.91022,1507.579,93.91149999999999,1507.579,94.3032
1508.0610000000001,102.86470000000001,1508.0610000000001,95.03104,1508.0610000000001,93.99928,1508.0610000000001,94.38445
1508.543,102.97840000000001,1508.543,95.10165,1508.543,94.03828000000001,1508.543,94.41943
1509.0249999999999,103.04329999999999,1509.0249999999999,95.11291,1509.0249999999999,94.02577000000001,1509.0249999999999,94.40539
1509.5079999999998,103.09330000000001,1509.5079999999998,95.09273999999999,1509.5079999999998,93.98951,1509.5079999999998,94.36825
1509.9900000000002,103.1528,1509.9900000000002,95.06817999999998,1509.9900000000002,93.95412999999999,1509.9900000000002,94.33112
1510.472,103.2294,1510.472,95.05115,1510.472,93.92876,1510.472,94.30283
1510.954,103.3169,1510.954,95.03766,1510.954,93.90682,1510.954,94.27774
1511.436,103.4011,1511.436,95.01327,1511.436,93.87169,1511.436,94.24086000000001
1511.9180000000001,103.46740000000001,1511.9180000000001,94.96098,1511.9180000000001,93.80516,1511.9180000000001,94.17552
1512.3999999999999,103.5054,1512.3999999999999,94.86897,1512.3999999999999,93.69518,1512.3999999999999,94.07057999999999
1512.8819999999998,103.512,1512.8819999999998,94.73485,1512.8819999999998,93.54033,1512.8819999999998,93.9242
1513.3649999999998,103.4898,1513.3649999999998,94.56452999999999,1513.3649999999998,93.34814,1513.3649999999998,93.74284
1513.8470000000002,103.4453,1513.8470000000002,94.36746,1513.8470000000002,93.12965,1513.8470000000002,93.53614999999999
1514.329,103.38529999999999,1514.329,94.15025,1514.329,92.89247,1514.329,93.31089
1514.811,103.31710000000001,1514.811,93.91344000000001,1514.811,92.6371,1514.811,93.06791000000001
1515.293,103.25139999999999,1515.293,93.65308,1515.293,92.35799,1515.293,92.80324
1515.775,103.2049,1515.775,93.36694,1515.775,92.0501,1515.775,92.51421
1516.257,103.1973,1516.257,93.06263,1516.257,91.71779000000001,1516.257,92.20697
1516.7389999999998,103.23949999999999,1516.7389999999998,92.75994,1516.7389999999998,91.37959000000001,1516.7389999999998,91.89977
1517.2210000000002,103.3226,1517.2210000000002,92.48289,1517.2210000000002,91.06165000000001,1517.2210000000002,91.61583999999999
1517.7040000000002,103.42070000000001,1517.7040000000002,92.24593,1517.7040000000002,90.78329,1517.7040000000002,91.37061
1518.1860000000001,103.5069,1518.1860000000001,92.04623,1518.1860000000001,90.54589,1518.1860000000001,91.16273
1518.668,103.56460000000001,1518.668,91.86444,1518.668,90.33158999999999,1518.668,90.97379000000001
1519.15,103.58670000000001,1519.15,91.66787,1519.15,90.10641,1519.15,90.77122
1519.632,103.57320000000001,1519.632,91.41441,1519.632,89.82512,1519.632,90.51259999999999
1520.114,103.5331,1520.114,91.06242,1520.114,89.44215,1520.114,90.15563999999999
1520.5959999999998,103.4913,1520.5959999999998,90.59272999999999,1520.5959999999998,88.93462,1520.5959999999998,89.67973
1521.0780000000002,103.48329999999999,1521.0780000000002,90.03532999999999,1521.0780000000002,88.33102,1521.0780000000002,89.11270999999999
1521.5610000000001,103.5274,1521.5610000000001,89.46908,1521.5610000000001,87.71328,1521.5610000000001,88.53224
1522.0430000000001,103.6001,1522.0430000000001,88.97062,1522.0430000000001,87.16495,1522.0430000000001,88.01718
1522.5249999999999,103.6554,1522.5249999999999,88.55980000000001,1522.5249999999999,86.71177999999999,1522.5249999999999,87.59197999999999
1523.007,103.6665,1523.007,88.20482,1523.007,86.32263,1523.007,87.22771
1523.489,103.63929999999999,1523.489,87.86334,1523.489,85.95208,1523.489,86.88167999999999
1523.971,103.59609999999999,1523.971,87.5077,1523.971,85.56863,1523.971,86.52398
1524.4529999999997,103.5587,1524.4529999999997,87.12811,1524.4529999999997,85.16038,1524.4529999999997,86.14298
1524.9350000000002,103.5395,1524.9350000000002,86.72945999999999,1524.9350000000002,84.73231999999999,1524.9350000000002,85.74275999999999
1525.417,103.5412,1525.417,86.32798,1525.417,84.30254,1525.417,85.33991
1525.9,103.55859999999998,1525.9,85.94515,1525.9,83.89482,1525.9,84.95702
1526.3819999999998,103.5832,1526.3819999999998,85.59805,1526.3819999999998,83.52766000000001,1526.3819999999998,84.61246
1526.864,103.6077,1526.864,85.29182,1526.864,83.20589999999999,1526.864,84.31231
1527.346,103.6292,1527.346,85.02100999999999,1527.346,82.92262000000001,1527.346,84.05141
1527.828,103.6484,1527.828,84.77834,1527.828,82.6693,1527.828,83.82236
1528.31,103.6665,1528.31,84.56201,1528.31,82.44426000000001,1528.31,83.62304
1528.7920000000001,103.68109999999999,1528.7920000000001,84.3764,1528.7920000000001,82.25319999999999,1528.7920000000001,83.45742
1529.2740000000001,103.68599999999999,1529.2740000000001,84.22701,1529.2740000000001,82.10352999999999,1529.2740000000001,83.33073
1529.757,103.674,1529.757,84.11568000000001,1529.757,81.99857,1529.757,83.24443000000001
1530.2389999999998,103.64040000000001,1530.2389999999998,84.03872,1530.2389999999998,81.93521000000001,1530.2389999999998,83.1944
1530.721,103.5849,1530.721,83.98939999999999,1530.721,81.90668000000001,1530.721,83.17346
1531.2030000000002,103.51209999999999,1531.2030000000002,83.96397999999999,1531.2030000000002,81.90947,1531.2030000000002,83.17752999999999
1531.685,103.43199999999999,1531.685,83.97044,1531.685,81.95266000000001,1531.685,83.21417
1532.167,103.3612,1532.167,84.03765999999999,1532.167,82.06727000000001,1532.167,83.31122
1532.6490000000001,103.32209999999999,1532.6490000000001,84.21551000000001,1532.6490000000001,82.30518000000001,1532.6490000000001,83.51619
1533.131,103.3322,1533.131,84.54928000000001,1533.131,82.71039999999999,1533.131,83.87078000000001
1533.614,103.38499999999999,1533.614,85.02948,1533.614,83.26687,1533.614,84.36336
1534.095,103.4452,1534.095,85.57101,1534.095,83.88002,1534.095,84.91071
1534.578,103.4745,1534.578,86.06507,1534.578,84.4342,1534.578,85.40894
1535.0600000000002,103.46079999999999,1535.0600000000002,86.45018999999999,1535.0600000000002,84.86646,1535.0600000000002,85.80041
1535.542,103.42009999999999,1535.542,86.72958,1535.542,85.18223,1535.542,86.08885000000001
1536.024,103.3794,1536.024,86.94309000000001,1536.024,85.42484,1536.024,86.31245
1536.506,103.3577,1536.506,87.13578999999999,1536.506,85.64301,1536.506,86.51408
1536.988,103.35650000000001,1536.988,87.34065,1536.988,85.87351,1536.988,86.72516999999999
1537.4699999999998,103.35749999999999,1537.4699999999998,87.57440000000001,1537.4699999999998,86.13742,1537.4699999999998,86.96191999999999
1537.952,103.328,1537.952,87.84202,1537.952,86.44501,1537.952,87.23013999999999
1538.435,103.23530000000001,1538.435,88.14796,1538.435,86.8065,1538.435,87.53596
1538.9170000000001,103.0713,1538.9170000000001,88.50996,1538.9170000000001,87.24416,1538.9170000000001,87.89904
1539.399,102.8767,1539.399,88.96301,1539.399,87.79139,1539.399,88.35437
1539.881,102.736,1539.881,89.53274,1539.881,88.46121,1539.881,88.92448999999999
1540.363,102.7155,1540.363,90.18692,1540.363,89.20128,1540.363,89.57375
1540.845,102.79780000000001,1540.845,90.83292,1540.845,89.90581,1540.845,90.21043
1541.327,102.9048,1541.327,91.38515999999998,1541.327,90.49155,1541.327,90.75371000000001
1541.809,102.9747,1541.809,91.81701000000001,1541.809,90.94234,1541.809,91.18076
1542.292,102.99510000000001,1542.292,92.15336,1542.292,91.29205,1542.292,91.51707
1542.7740000000001,102.99020000000002,1542.7740000000001,92.44293,1542.7740000000001,91.59467,1542.7740000000001,91.81004
1543.2559999999999,102.9967,1543.2559999999999,92.73848,1543.2559999999999,91.9055,1543.2559999999999,92.11064999999999
1543.738,103.04549999999999,1543.738,93.08214,1543.738,92.26824,1543.738,92.45988
1544.2200000000003,103.1479,1544.2200000000003,93.49069,1544.2200000000003,92.70029,1544.2200000000003,92.87418000000001
1544.702,103.28949999999999,1544.702,93.94553,1544.702,93.18251000000001,1544.702,93.33546
1545.184,103.43610000000001,1545.184,94.39903,1545.184,93.66550000000001,1545.184,93.79715000000002
1545.666,103.5517,1545.666,94.79889,1545.666,94.0948,1545.666,94.20778999999999
1546.1480000000001,103.6156,1546.1480000000001,95.11338,1546.1480000000001,94.43674,1546.1480000000001,94.53557
1546.631,103.6269,1546.631,95.34063,1546.631,94.68842000000001,1546.631,94.77766000000001
1547.113,103.59899999999999,1547.113,95.50224,1547.113,94.87127,1547.113,94.95407
1547.595,103.55000000000001,1547.595,95.63114999999999,1547.595,95.01911,1547.595,95.09641
1548.0770000000002,103.4965,1548.0770000000002,95.76244,1548.0770000000002,95.16818,1548.0770000000002,95.23870000000001
1548.559,103.4513,1548.559,95.92663,1548.559,95.35049000000001,1548.559,95.41095999999999
1549.041,103.42290000000001,1549.041,96.14309,1549.041,95.58619,1549.041,95.63225
1549.523,103.4137,1549.523,96.41154,1549.523,95.87491,1549.523,95.9026
1550.005,103.41959999999999,1550.005,96.70951000000001,1550.005,96.19309,1550.005,96.20049999999999
1550.488,103.43230000000001,1550.488,97.00319,1550.488,96.50555,1550.488,96.49354000000001
1550.97,103.44389999999999,1550.97,97.26659,1550.97,96.78565,1550.97,96.75708999999999
1551.452,103.45100000000001,1551.452,97.49306000000001,1551.452,97.02707000000001,1551.452,96.98518
1551.9340000000002,103.45249999999999,1551.9340000000002,97.69170000000001,1551.9340000000002,97.23998999999999,1551.9340000000002,97.18692000000001
1552.416,103.4459,1552.416,97.87667,1552.416,97.44002,1552.416,97.37645
1552.898,103.427,1552.898,98.05868000000001,1552.898,97.63928999999999,1552.898,97.56483
1553.3799999999999,103.3917,1553.3799999999999,98.24144000000001,1553.3799999999999,97.84234,1553.3799999999999,97.75657000000001
1553.862,103.34080000000002,1553.862,98.42174,1553.862,98.04556,1553.862,97.94914
1554.344,103.281,1554.344,98.59195,1554.344,98.23951,1554.344,98.13490999999999
1554.827,103.22359999999999,1554.827,98.74513999999999,1554.827,98.41445,1554.827,98.30577
1555.309,103.18039999999999,1555.309,98.87983,1555.309,98.56616000000001,1555.309,98.45824999999999
1555.7910000000002,103.1574,1555.7910000000002,98.99977,1555.7910000000002,98.69654,1555.7910000000002,98.59389
1556.273,103.1502,1556.273,99.10776,1556.273,98.80743000000001,1556.273,98.71375
1556.7549999999999,103.14030000000001,1556.7549999999999,99.19950999999999,1556.7549999999999,98.89451,1556.7549999999999,98.81280000000001
1557.237,103.1021,1557.237,99.27,1557.237,98.95396,1557.237,98.88644
1557.719,103.029,1557.719,99.34611000000001,1557.719,99.01671,1557.719,98.96184
1558.201,102.9833,1558.201,99.54103,1558.201,99.20437,1558.201,99.14844000000001
1558.684,103.0985,1558.684,100.027,1558.684,99.70060000000001,1558.684,99.60898999999999
1559.166,103.41229999999999,1559.166,100.7858,1559.166,100.49189999999999,1559.166,100.3253
1559.6480000000001,103.7358,1559.6480000000001,101.49220000000001,1559.6480000000001,101.2448,1559.6480000000001,100.9965
1560.13,103.8762,1560.13,101.88680000000001,1560.13,101.68809999999999,1560.13,101.3844
1560.6119999999999,103.8087,1560.6119999999999,101.9732,1560.6119999999999,101.81830000000001,1560.6119999999999,101.4895
1561.094,103.6049,1561.094,101.87029999999999,1561.094,101.75110000000001,1561.094,101.4173
1561.576,103.346,1561.576,101.691,1561.576,101.59849999999999,1561.576,101.2697
1562.058,103.0912,1562.058,101.5115,1562.058,101.4373,1562.058,101.1174
1562.541,102.87379999999999,1562.541,101.37449999999998,1562.541,101.3109,1562.541,101.0008
1563.0220000000002,102.7064,1563.0220000000002,101.29840000000002,1563.0220000000002,101.2392,1563.0220000000002,100.9384
1563.505,102.5876,1563.505,101.28550000000001,1563.505,101.2261,1563.505,100.93319999999999
1563.987,102.5077,1563.987,101.32749999999999,1563.987,101.26509999999999,1563.987,100.9777
1564.4689999999998,102.4532,1564.4689999999998,101.4074,1564.4689999999998,101.34179999999999,1564.4689999999998,101.0564
1564.951,102.40990000000001,1564.951,101.5029,1564.951,101.4357,1564.951,101.14810000000001
1565.433,102.3658,1565.433,101.5916,1565.433,101.5261,1565.433,101.2321
1565.915,102.31410000000001,1565.915,101.65820000000001,1565.915,101.59800000000001,1565.915,101.2945
1566.397,102.2538,1566.397,101.6983,1566.397,101.64649999999999,1566.397,101.332
1566.8790000000001,102.18700000000001,1566.8790000000001,101.7166,1566.8790000000001,101.67550000000001,1566.8790000000001,101.34970000000001
1567.362,102.11730000000001,1567.362,101.7223,1567.362,101.6936,1567.362,101.3574
1567.844,102.0489,1567.844,101.7277,1567.844,101.7128,1567.844,101.3675
1568.3259999999998,101.98949999999999,1568.3259999999998,101.74849999999999,1568.3259999999998,101.74829999999999,1568.3259999999998,101.395
1568.808,101.9517,1568.808,101.80279999999999,1568.808,101.8176,1568.808,101.4562
1569.29,101.94680000000001,1569.29,101.90209999999999,1569.29,101.9305,1569.29,101.55940000000001
1569.772,101.97160000000001,1569.772,102.0359,1569.772,102.0753,1569.772,101.6918
1570.2540000000001,102.00359999999999,1570.2540000000001,102.17,1570.2540000000001,102.2178,1570.2540000000001,101.82
1570.736,102.0137,1570.736,102.26710000000001,1570.736,102.32209999999999,1570.736,101.9099
1571.219,101.9863,1571.219,102.30980000000001,1571.219,102.3722,1571.219,101.9472
1571.701,101.9252,1571.701,102.30520000000001,1571.701,102.376,1571.701,101.94019999999999
1572.183,101.8469,1572.183,102.27489999999999,1572.183,102.3547,1572.183,101.90939999999999
1572.665,101.7712,1572.665,102.2419,1572.665,102.3306,1572.665,101.8762
1573.1470000000002,101.71269999999998,1573.1470000000002,102.2223,1573.1470000000002,102.3188,1573.1470000000002,101.8556
1573.629,101.67790000000001,1573.629,102.2217,1573.629,102.3241,1573.629,101.85249999999999
1574.111,101.6651,1574.111,102.2371,1574.111,102.3422,1574.111,101.8638
1574.593,101.6689,1574.593,102.2616,1574.593,102.3649,1574.593,101.88289999999999
1575.075,101.68639999999999,1575.075,102.29310000000001,1575.075,102.3889,1575.075,101.90790000000001
1575.558,101.72019999999999,1575.558,102.3379,1575.558,102.4198,1575.558,101.94460000000001
1576.04,101.7704,1576.04,102.40100000000001,1576.04,102.4637,1576.04,101.9973
1576.522,101.8222,1576.522,102.4697,1576.522,102.51129999999999,1576.522,102.05420000000001
1577.0040000000001,101.84979999999999,1577.0040000000001,102.5142,1577.0040000000001,102.5372,1577.0040000000001,102.0883
1577.4859999999999,101.83670000000001,1577.4859999999999,102.5118,1577.4859999999999,102.5215,1577.4859999999999,102.0799
1577.968,101.7883,1577.968,102.4642,1577.968,102.4655,1577.968,102.03120000000001
1578.45,101.72460000000001,1578.45,102.3912,1578.45,102.3876,1578.45,101.96050000000001
1578.932,101.6664,1578.932,102.31509999999999,1578.932,102.3077,1578.932,101.8878
1579.415,101.62610000000001,1579.415,102.24940000000001,1579.415,102.2377,1579.415,101.82480000000001
1579.897,101.6062,1579.897,102.19659999999999,1579.897,102.179,1579.897,101.7731
1580.379,101.60199999999999,1580.379,102.1507,1580.379,102.12540000000001,1580.379,101.72680000000001
1580.861,101.60610000000001,1580.861,102.10289999999999,1580.861,102.0681,1580.861,101.6777
1581.3429999999998,101.6128,1581.3429999999998,102.04610000000001,1581.3429999999998,102.00059999999999,1581.3429999999998,101.6199
1581.825,101.6193,1581.825,101.9776,1581.825,101.92030000000001,1581.825,101.5514
1582.3070000000002,101.62580000000001,1582.3070000000002,101.8985,1582.3070000000002,101.8289,1582.3070000000002,101.474
1582.789,101.6332,1582.789,101.8118,1582.789,101.7292,1582.789,101.39039999999999
1583.271,101.64169999999999,1583.271,101.7193,1583.271,101.6233,1583.271,101.3021
1583.754,101.6496,1583.754,101.62100000000001,1583.754,101.51129999999999,1583.754,101.20819999999999
1584.2359999999999,101.65429999999999,1584.2359999999999,101.51509999999999,1584.2359999999999,101.39160000000001,1584.2359999999999,101.10589999999999
1584.718,101.65310000000001,1584.718,101.3995,1584.718,101.26250000000002,1584.718,100.9927
1585.2,101.6451,1585.2,101.273,1585.2,101.1232,1585.2,100.86710000000001
1585.682,101.6315,1585.682,101.1361,1585.682,100.974,1585.682,100.72970000000001
1586.1640000000002,101.61469999999998,1586.1640000000002,100.9899,1586.1640000000002,100.8154,1586.1640000000002,100.582
1586.646,101.59670000000001,1586.646,100.83539999999999,1586.646,100.64750000000001,1586.646,100.4254
1587.128,101.57849999999999,1587.128,100.67219999999999,1587.128,100.4691,1587.128,100.25999999999999
1587.6109999999999,101.5597,1587.6109999999999,100.4996,1587.6109999999999,100.2786,1587.6109999999999,100.08539999999999
1588.093,101.53909999999999,1588.093,100.3168,1588.093,100.075,1588.093,99.90073000000001
1588.575,101.5161,1588.575,100.1248,1588.575,99.85944,1588.575,99.70683
1589.057,101.4915,1589.057,99.9263,1589.057,99.63541,1589.057,99.5062
1589.539,101.46710000000002,1589.539,99.72516,1589.539,99.4077,1589.539,99.30241000000001
1590.0210000000002,101.44489999999999,1590.0210000000002,99.52439,1590.0210000000002,99.18047,1590.0210000000002,99.09843000000001
1590.503,101.42530000000001,1590.503,99.32489000000001,1590.503,98.9554,1590.503,98.89527
1590.985,101.4071,1590.985,99.12511,1590.985,98.73146,1590.985,98.69167000000002
1591.4679999999998,101.3872,1591.4679999999998,98.9222,1591.4679999999998,98.50587000000002,1591.4679999999998,98.48494000000001
1591.949,101.36259999999999,1591.949,98.71381,1591.949,98.27608,1591.949,98.27274
1592.432,101.332,1592.432,98.49987,1592.432,98.04149000000001,1592.432,98.05465999999998
1592.914,101.2971,1592.914,98.2832,1592.914,97.80417999999999,1592.914,97.83282
1593.396,101.2619,1593.396,98.06899,1593.396,97.56847,1593.396,97.61153
1593.8780000000002,101.23169999999999,1593.8780000000002,97.86324,1593.8780000000002,97.33955999999999,1593.8780000000002,97.39599
1594.36,101.2105,1594.36,97.67084,1594.36,97.12207,1594.36,97.1908
1594.8419999999999,101.1993,1594.8419999999999,97.49485,1594.8419999999999,96.91933,1594.8419999999999,96.99936
1595.324,101.19579999999999,1595.324,97.33636000000001,1595.324,96.73356999999999,1595.324,96.82392999999999
1595.806,101.19560000000001,1595.806,97.19521999999999,1595.806,96.56615000000001,1595.806,96.66592
1596.289,101.1943,1596.289,97.07079,1596.289,96.41794000000002,1596.289,96.52632
1596.771,101.1892,1596.771,96.96244999999999,1596.771,96.28934,1596.771,96.40558
1597.253,101.1803,1597.253,96.86971,1597.253,96.18003,1597.253,96.30363
1597.7350000000001,101.16909999999999,1597.7350000000001,96.79202000000001,1597.7350000000001,96.08891,1597.7350000000001,96.21956
1598.217,101.1574,1598.217,96.72887,1598.217,96.01466,1598.217,96.15211000000001
1598.6989999999998,101.146,1598.6989999999998,96.68027000000001,1598.6989999999998,95.95665,1598.6989999999998,96.1005
1599.181,101.13430000000001,1599.181,96.64706000000001,1599.181,95.91563000000001,1599.181,96.06505
1599.663,101.1212,1599.663,96.63148,1599.663,95.89442,1599.663,96.04793000000001
1600.146,101.1061,1600.146,96.63710999999999,1600.146,95.89758,1600.146,96.05297
1600.628,101.0909,1600.628,96.66825,1600.628,95.93041,1600.628,96.08488
1601.1100000000001,101.07919999999999,1601.1100000000001,96.72877,1601.1100000000001,95.99736,1601.1100000000001,96.14775
1601.592,101.0763,1601.592,96.82088999999999,1601.592,96.10056,1601.592,96.24373
1602.074,101.08600000000001,1602.074,96.94434,1602.074,96.23901000000001,1602.074,96.37214
1602.5559999999998,101.1099,1602.5559999999998,97.09602000000001,1602.5559999999998,96.40872,1602.5559999999998,96.52941999999999
1603.038,101.1458,1603.038,97.27068,1603.038,96.60336000000001,1603.038,96.70968
1603.52,101.18860000000001,1603.52,97.46147,1603.52,96.81547,1603.52,96.9059
1604.002,101.23230000000001,1604.002,97.66144,1604.002,97.03769,1604.002,97.11102
1604.485,101.2721,1604.485,97.8649,1604.485,97.26406,1604.485,97.31940999999999
1604.967,101.3056,1604.967,98.06842,1604.967,97.49083999999999,1604.967,97.5277
1605.449,101.33350000000002,1605.449,98.27109,1605.449,97.71684,1605.449,97.73499
1605.931,101.3582,1605.931,98.47417,1605.931,97.94297999999999,1605.931,97.94247
1606.4129999999998,101.38279999999999,1606.4129999999998,98.67993999999999,1606.4129999999998,98.17123000000001,1606.4129999999998,98.1525
1606.895,101.40990000000001,1606.895,98.89070000000001,1606.895,98.40388000000002,1606.895,98.36759
1607.377,101.4422,1607.377,99.10780000000001,1607.377,98.64235000000001,1607.377,98.58958
1607.859,101.4817,1607.859,99.33106000000001,1607.859,98.8866,1607.859,98.8189
1608.3419999999999,101.5304,1608.3419999999999,99.55868000000001,1608.3419999999999,99.13503,1608.3419999999999,99.05440999999999
1608.824,101.58990000000001,1608.824,99.78747999999999,1608.824,99.38451,1608.824,99.29311999999999
1609.306,101.65990000000001,1609.306,100.0134,1609.306,99.63077999999999,1609.306,99.53088
1609.788,101.7376,1609.788,100.23150000000001,1609.788,99.86864,1609.788,99.76208
1610.27,101.81720000000001,1610.27,100.4359,1610.27,100.0919,1610.27,99.97977
1610.752,101.8901,1610.752,100.6197,1610.752,100.2932,1610.752,100.1758
1611.2340000000002,101.948,1611.2340000000002,100.7765,1611.2340000000002,100.4657,1611.2340000000002,100.3425
1611.716,101.9855,1611.716,100.90220000000001,1611.716,100.60530000000001,1611.716,100.4748
1612.198,102.00309999999999,1612.198,100.998,1612.198,100.7125,1612.198,100.5733
1612.681,102.0078,1612.681,101.0705,1612.681,100.7939,1612.681,100.64439999999999
1613.163,102.01100000000001,1613.163,101.1306,1613.163,100.8597,1613.163,100.6987
1613.645,102.02439999999999,1613.645,101.18910000000001,1613.645,100.9202,1613.645,100.7471
1614.127,102.0564,1614.127,101.25370000000001,1614.127,100.982,1614.127,100.7974
1614.609,102.1107,1614.609,101.3266,1614.609,101.0465,1614.609,100.8522
1615.0910000000001,102.18830000000001,1615.0910000000001,101.4072,1615.0910000000001,101.11250000000001,1615.0910000000001,100.9118
1615.5729999999999,102.2915,1615.5729999999999,101.4969,1615.5729999999999,101.18119999999999,1615.5729999999999,100.9786
1616.055,102.423,1616.055,101.5999,1616.055,101.2586,1616.055,101.05850000000001
1616.538,102.57639999999999,1616.538,101.7145,1616.538,101.3473,1616.538,101.1523
1617.0200000000002,102.72540000000001,1617.0200000000002,101.8216,1617.0200000000002,101.43379999999999,1617.0200000000002,101.24390000000001
1617.502,102.8335,1617.502,101.88999999999999,1617.502,101.49109999999999,1617.502,101.3049
1617.984,102.87740000000001,1617.984,101.8989,1617.984,101.4991,1617.984,101.31490000000001
1618.466,102.86010000000002,1618.466,101.8515,1618.466,101.4584,1618.466,101.27539999999999
1618.948,102.8032,1618.948,101.7689,1618.948,101.38659999999999,1618.948,101.2046
1619.4299999999998,102.73239999999998,1619.4299999999998,101.6767,1619.4299999999998,101.3059,1619.4299999999998,101.12490000000001
1619.912,102.66709999999999,1619.912,101.5943,1619.912,101.2338,1619.912,101.0538
1620.395,102.61789999999999,1620.395,101.5329,1620.395,101.18,1620.395,101.0013
1620.876,102.58840000000001,1620.876,101.4973,1620.876,101.1487,1620.876,100.97179999999999
1621.359,102.5797,1621.359,101.49170000000001,1621.359,101.14410000000001,1621.359,100.9697
1621.841,102.5949,1621.841,101.52449999999999,1621.841,101.1758,1621.841,101.004
1622.3229999999999,102.63990000000001,1622.3229999999999,101.6084,1622.3229999999999,101.25800000000001,1622.3229999999999,101.0879
1622.805,102.7179,1622.805,101.7522,1622.805,101.4021,1622.805,101.2306
1623.287,102.82199999999999,1623.287,101.94749999999999,1623.287,101.60180000000001,1623.287,101.42450000000001
1623.769,102.93239999999999,1623.769,102.16510000000001,1623.769,101.8292,1623.769,101.64139999999999
1624.2510000000002,103.02579999999999,1624.2510000000002,102.3682,1624.2510000000002,102.04740000000001,1624.2510000000002,101.8459
1624.733,103.0882,1624.733,102.53280000000001,1624.733,102.2308,1624.733,102.0141
1625.216,103.11930000000001,1625.216,102.65550000000002,1625.216,102.3744,1625.216,102.142
1625.6979999999999,103.129,1625.6979999999999,102.74980000000001,1625.6979999999999,102.4899,1625.6979999999999,102.2415
1626.18,103.13159999999999,1626.18,102.8363,1626.18,102.59700000000001,1626.18,102.3317
1626.662,103.1412,1626.662,102.93570000000001,1626.662,102.7153,1626.662,102.4324
1627.144,103.16890000000001,1627.144,103.06280000000001,1627.144,102.8588,1627.144,102.5577
1627.626,103.21979999999999,1627.626,103.2216,1627.626,103.03089999999999,1627.626,102.7123
1628.1080000000002,103.29090000000001,1628.1080000000002,103.40270000000001,1628.1080000000002,103.2213,1628.1080000000002,102.88770000000001
1628.59,103.37019999999998,1628.59,103.58510000000001,1628.59,103.4094,1628.59,103.0651
1629.073,103.4422,1629.073,103.7456,1629.073,103.57289999999999,1629.073,103.22309999999999
1629.5549999999998,103.4938,1629.5549999999998,103.8681,1629.5549999999998,103.6974,1629.5549999999998,103.347
1630.037,103.5196,1630.037,103.949,1630.037,103.7804,1630.037,103.4332
1630.519,103.5223,1630.519,103.99499999999999,1630.519,103.82929999999999,1630.519,103.4877
1631.001,103.5099,1631.001,104.0182,1631.001,103.85640000000001,1631.001,103.5215
1631.483,103.49289999999999,1631.483,104.0318,1631.483,103.8747,1631.483,103.54639999999999
1631.9650000000001,103.481,1631.9650000000001,104.04629999999999,1631.9650000000001,103.8938,1631.9650000000001,103.5714
1632.447,103.47980000000001,1632.447,104.067,1632.447,103.9182,1632.447,103.6006
1632.9289999999999,103.4889,1632.9289999999999,104.0926,1632.9289999999999,103.946,1632.9289999999999,103.63210000000001
1633.4119999999998,103.5016,1633.4119999999998,104.1156,1633.4119999999998,103.9691,1633.4119999999998,103.65820000000001
1633.894,103.5082,1633.894,104.1261,1633.894,103.97760000000001,1633.894,103.6698
1634.376,103.5044,1634.376,104.1215,1634.376,103.96950000000001,1634.376,103.66539999999999
1634.858,103.5023,1634.858,104.1177,1634.858,103.96190000000001,1634.858,103.662
1635.34,103.5291,1635.34,104.1477,1635.34,103.9889,1635.34,103.69219999999999
1635.8220000000001,103.6029,1635.8220000000001,104.2334,1635.8220000000001,104.07249999999999,1635.8220000000001,103.7764
1636.304,103.70349999999999,1636.304,104.3523,1636.304,104.19080000000001,1636.304,103.89250000000001
1636.7859999999998,103.7858,1636.7859999999998,104.4534,1636.7859999999998,104.2932,1636.7859999999998,103.9923
1637.2689999999998,103.82150000000001,1637.2689999999998,104.5048,1637.2689999999998,104.34790000000001,1637.2689999999998,104.04599999999999
1637.751,103.81469999999999,1637.751,104.5119,1637.751,104.3596,1637.751,104.058
1638.233,103.787,1638.233,104.4994,1638.233,104.35220000000001,1638.233,104.051
1638.715,103.7598,1638.715,104.4902,1638.715,104.348,1638.715,104.0459
1639.1970000000001,103.74449999999999,1639.1970000000001,104.49489999999999,1639.1970000000001,104.3576,1639.1970000000001,104.0522
1639.679,103.74239999999999,1639.679,104.5112,1639.679,104.3791,1639.679,104.0679
1640.161,103.74810000000001,1640.161,104.52950000000001,1640.161,104.40350000000001,1640.161,104.08440000000002
1640.6429999999998,103.7542,1640.6429999999998,104.5393,1640.6429999999998,104.421,1640.6429999999998,104.0926
1641.125,103.7562,1641.125,104.5354,1641.125,104.4264,1641.125,104.08789999999999
1641.608,103.75319999999999,1641.608,104.5193,1641.608,104.421,1641.608,104.0722
1642.0900000000001,103.7482,1642.0900000000001,104.4981,1642.0900000000001,104.4111,1642.0900000000001,104.05199999999999
1642.572,103.745,1642.572,104.4796,1642.572,104.4028,1642.572,104.03359999999999
1643.054,103.7446,1643.054,104.46679999999999,1643.054,104.3981,1643.054,104.01910000000001
1643.536,103.74300000000001,1643.536,104.45549999999999,1643.536,104.3914,1643.536,104.0032
1644.018,103.7312,1644.018,104.4336,1644.018,104.3695,1644.018,103.9735
1644.4999999999998,103.6978,1644.4999999999998,104.3852,1644.4999999999998,104.3164,1644.4999999999998,103.91470000000001
1644.9820000000002,103.6359,1644.9820000000002,104.2986,1644.9820000000002,104.2213,1644.9820000000002,103.8171
1645.465,103.5524,1645.465,104.1785,1645.465,104.091,1645.465,103.68759999999999
1645.9470000000001,103.47550000000001,1645.9470000000001,104.05590000000001,1645.9470000000001,103.9598,1645.9470000000001,103.55959999999999
1646.4289999999999,103.44690000000001,1646.4289999999999,103.98210000000002,1646.4289999999999,103.88250000000001,1646.4289999999999,103.4847
1646.911,103.4918,1646.911,103.99370000000002,1646.911,103.8979,1646.911,103.4985
1647.393,103.58940000000001,1647.393,104.0753,1647.393,103.98989999999999,1647.393,103.5834
1647.875,103.6886,1647.875,104.17080000000001,1647.875,104.10029999999999,1647.875,103.6835
1648.3569999999997,103.75460000000001,1648.3569999999997,104.2371,1648.3569999999997,104.18339999999999,1648.3569999999997,103.7558
1648.8390000000002,103.7901,1648.8390000000002,104.2727,1648.8390000000002,104.23579999999998,1648.8390000000002,103.79769999999999
1649.322,103.8231,1649.322,104.30619999999999,1649.322,104.2849,1649.322,103.8355
1649.8029999999999,103.884,1649.8029999999999,104.3707,1649.8029999999999,104.363,1649.8029999999999,103.89999999999999
1650.2859999999998,103.9896,1650.2859999999998,104.4848,1650.2859999999998,104.4884,1650.2859999999998,104.0084
1650.768,104.13470000000001,1650.768,104.6418,1650.768,104.65390000000001,1650.768,104.1539
1651.25,104.29299999999999,1651.25,104.80940000000001,1651.25,104.8267,1651.25,104.30680000000001
1651.732,104.4331,1651.732,104.94539999999999,1651.732,104.96399999999998,1651.732,104.4297
1652.214,104.5531,1652.214,105.03640000000001,1652.214,105.0513,1652.214,104.51539999999999
1652.6960000000001,104.7057,1652.6960000000001,105.13520000000001,1652.6960000000001,105.1383,1652.6960000000001,104.6176
1653.178,104.9323,1653.178,105.3079,1653.178,105.28850000000001,1653.178,104.793
1653.6599999999999,105.1508,1653.6599999999999,105.5029,1653.6599999999999,105.4561,1653.6599999999999,104.98209999999999
1654.143,105.23089999999999,1654.143,105.5909,1654.143,105.52319999999999,1654.143,105.06219999999999
1654.625,105.1498,1654.625,105.5288,1654.625,105.4518,1654.625,105.0
1655.1070000000002,104.97510000000001,1655.1070000000002,105.36959999999999,1655.1070000000002,105.2917,1655.1070000000002,104.8491
1655.589,104.7828,1655.589,105.1859,1655.589,105.1106,1655.589,104.6778
1656.071,104.62169999999999,1656.071,105.0273,1656.071,104.95509999999999,1656.071,104.53190000000001
1656.553,104.511,1656.553,104.915,1656.553,104.8454,1656.553,104.43050000000001
1657.035,104.449,1657.035,104.84880000000001,1657.035,104.7814,1657.035,104.37259999999999
1657.5169999999998,104.4225,1657.5169999999998,104.81609999999999,1657.5169999999998,104.7515,1657.5169999999998,104.3463
1658.0,104.4154,1658.0,104.8011,1658.0,104.7406,1658.0,104.33619999999999
1658.482,104.414,1658.482,104.78970000000001,1658.482,104.73539999999998,1658.482,104.32920000000001
1658.9640000000002,104.4103,1658.9640000000002,104.77319999999999,1658.9640000000002,104.72710000000001,1658.9640000000002,104.31680000000001
1659.446,104.40169999999999,1659.446,104.7482,1659.446,104.71170000000001,1659.446,104.2957
1659.9279999999999,104.38929999999999,1659.9279999999999,104.71539999999999,1659.9279999999999,104.6891,1659.9279999999999,104.2662
1660.41,104.3763,1660.41,104.67850000000001,1660.41,104.662,1660.41,104.23169999999999
1660.892,104.36760000000001,1660.892,104.64389999999999,1660.892,104.6362,1660.892,104.19810000000001
1661.3739999999998,104.3706,1661.3739999999998,104.6211,1661.3739999999998,104.6208,1661.3739999999998,104.1747
1661.856,104.3944,1661.856,104.6221,1661.856,104.62720000000002,1661.856,104.1733
1662.339,104.4454,1662.339,104.6549,1662.339,104.6632,1662.339,104.2023
1662.8210000000001,104.51939999999999,1662.8210000000001,104.71470000000001,1662.8210000000001,104.7242,1662.8210000000001,104.2584
1663.3029999999999,104.59799999999998,1663.3029999999999,104.7806,1663.3029999999999,104.78989999999999,1663.3029999999999,104.3227
1663.7849999999999,104.65690000000001,1663.7849999999999,104.8251,1663.7849999999999,104.83409999999999,1663.7849999999999,104.3698
1664.267,104.6792,1664.267,104.82990000000001,1664.267,104.83990000000001,1664.267,104.3819
1664.749,104.6624,1664.749,104.79350000000001,1664.749,104.80640000000001,1664.749,104.35699999999999
1665.231,104.6157,1665.231,104.72699999999999,1665.231,104.7447,1665.231,104.30440000000002
1665.713,104.55239999999999,1665.713,104.6456,1665.713,104.6696,1665.713,104.23750000000001
1666.196,104.48409999999998,1666.196,104.5609,1666.196,104.59240000000001,1666.196,104.16680000000001
1666.678,104.4176,1666.678,104.47820000000002,1666.678,104.5177,1666.678,104.09710000000001
1667.16,104.35600000000001,1667.16,104.397,1667.16,104.4448,1667.16,104.0277
1667.6419999999998,104.30090000000001,1667.6419999999998,104.3154,1667.6419999999998,104.37129999999999,1667.6419999999998,103.95639999999999
1668.1240000000003,104.2565,1668.1240000000003,104.23519999999999,1668.1240000000003,104.2986,1668.1240000000003,103.8843
1668.606,104.2305,1668.606,104.16590000000001,1668.606,104.23549999999999,1668.606,103.8191
1669.088,104.23249999999999,1669.088,104.1226,1669.088,104.1962,1669.088,103.7734
1669.57,104.2654,1669.57,104.11580000000001,1669.57,104.1906,1669.57,103.7568
1670.0520000000001,104.32010000000001,1670.0520000000001,104.14129999999999,1670.0520000000001,104.21430000000001,1670.0520000000001,103.7668
1670.535,104.37870000000001,1670.535,104.1796,1670.535,104.2488,1670.535,103.7885
1671.017,104.42469999999999,1671.017,104.2095,1671.017,104.27390000000001,1671.017,103.8049
1671.4989999999998,104.45199999999998,1671.4989999999998,104.22,1671.4989999999998,104.2801,1671.4989999999998,103.8076
1671.9810000000002,104.465,1671.9810000000002,104.2138,1671.9810000000002,104.27089999999998,1671.9810000000002,103.79909999999998
1672.463,104.4734,1672.463,104.2011,1672.463,104.25720000000001,1672.463,103.7882
1672.945,104.48660000000001,1672.945,104.193,1672.945,104.25,1672.945,103.78359999999999
1673.427,104.51140000000001,1673.427,104.1963,1673.427,104.2565,1673.427,103.79100000000001
1673.909,104.5528,1673.909,104.2147,1673.909,104.28,1673.909,103.8128
1674.392,104.6152,1674.392,104.24929999999999,1674.392,104.3203,1674.392,103.84949999999999
1674.874,104.6979,1674.874,104.2962,1674.874,104.3717,1674.874,103.89680000000001
1675.3559999999998,104.78639999999999,1675.3559999999998,104.3397,1675.3559999999998,104.4167,1675.3559999999998,103.93950000000001
1675.8380000000002,104.8522,1675.8380000000002,104.35350000000001,1675.8380000000002,104.4294,1675.8380000000002,103.9533
1676.32,104.86869999999999,1676.32,104.316,1676.32,104.38959999999999,1676.32,103.9186
1676.802,104.8292,1676.802,104.2242,1676.802,104.29660000000001,1676.802,103.8335
1677.284,104.74619999999999,1677.284,104.0929,1677.284,104.166,1677.284,103.71189999999999
1677.766,104.641,1677.766,103.94250000000001,1677.766,104.0181,1677.766,103.5726
1678.249,104.532,1678.249,103.7888,1678.249,103.86770000000001,1678.249,103.4301
1678.73,104.43039999999999,1678.73,103.64009999999999,1678.73,103.7214,1678.73,103.2917
1679.2129999999997,104.3415,1679.2129999999997,103.4994,1679.2129999999997,103.58080000000001,1679.2129999999997,103.1603
1679.6950000000002,104.26709999999999,1679.6950000000002,103.36940000000001,1679.6950000000002,103.4476,1679.6950000000002,103.0386
1680.1770000000001,104.2084,1680.1770000000001,103.2551,1680.1770000000001,103.32650000000001,1680.1770000000001,102.93159999999999
1680.6589999999999,104.16680000000001,1680.6589999999999,103.1629,1680.6589999999999,103.225,1680.6589999999999,102.8459
1681.141,104.14410000000001,1681.141,103.09790000000001,1681.141,103.14959999999999,1681.141,102.78659999999999
1681.623,104.1406,1681.623,103.05949999999999,1681.623,103.10109999999999,1681.623,102.75380000000001
1682.105,104.1548,1682.105,103.03949999999999,1682.105,103.0724,1682.105,102.7403
1682.587,104.1882,1682.587,103.0267,1682.587,103.0532,1682.587,102.7365
1683.07,104.25750000000001,1683.07,103.0214,1683.07,103.0434,1683.07,102.74300000000001
1683.5520000000001,104.3981,1683.5520000000001,103.04910000000001,1683.5520000000001,103.06729999999999,1683.5520000000001,102.78160000000001
1684.034,104.6276,1684.034,103.13889999999999,1684.034,103.1515,1684.034,102.87379999999999
1684.5159999999998,104.8867,1684.5159999999998,103.2645,1684.5159999999998,103.26960000000001,1684.5159999999998,102.9901
1684.998,105.0643,1684.998,103.34060000000001,1684.998,103.3398,1684.998,103.053
1685.48,105.0985,1685.48,103.3039,1685.48,103.3016,1685.48,103.0092
1685.962,105.0082,1685.962,103.15669999999999,1685.962,103.1566,1685.962,102.8636
1686.444,104.8506,1686.444,102.9426,1686.444,102.9455,1686.444,102.6562
1686.927,104.6814,1686.927,102.71,1686.927,102.7135,1686.927,102.4306
1687.409,104.5387,1687.409,102.49569999999999,1687.409,102.495,1687.409,102.21979999999999
1687.891,104.4427,1687.891,102.32140000000001,1687.891,102.31030000000001,1687.891,102.0434
1688.3729999999998,104.3991,1688.3729999999998,102.19590000000001,1688.3729999999998,102.16780000000001,1688.3729999999998,101.9098
1688.855,104.403,1688.855,102.11779999999999,1688.855,102.06630000000001,1688.855,101.81819999999999
1689.337,104.442,1689.337,102.0757,1689.337,101.99629999999999,1689.337,101.75970000000001
1689.819,104.498,1689.819,102.05109999999999,1689.819,101.94160000000001,1689.819,101.7185
1690.3010000000002,104.55239999999999,1690.3010000000002,102.02260000000001,1690.3010000000002,101.8836,1690.3010000000002,101.67649999999999
1690.7830000000001,104.5905,1690.7830000000001,101.9743,1690.7830000000001,101.8085,1690.7830000000001,101.6198
1691.266,104.60679999999999,1691.266,101.9015,1691.266,101.7131,1691.266,101.54419999999999
1691.748,104.6057,1691.748,101.812,1691.748,101.60510000000001,1691.748,101.4562
1692.2299999999998,104.5985,1692.2299999999998,101.7211,1692.2299999999998,101.4993,1692.2299999999998,101.3693
1692.712,104.59799999999998,1692.712,101.6435,1692.712,101.4094,1692.712,101.2961
1693.1940000000002,104.6117,1693.1940000000002,101.5854,1693.1940000000002,101.3398,1693.1940000000002,101.2402
1693.676,104.6375,1693.676,101.53790000000001,1693.676,101.2802,1693.676,101.19149999999999
1694.1580000000001,104.66420000000001,1694.1580000000001,101.4774,1694.1580000000001,101.2056,1694.1580000000001,101.12559999999999
1694.64,104.6776,1694.64,101.37469999999999,1694.64,101.0851,1694.64,101.0133
1695.123,104.6695,1695.123,101.21039999999999,1695.123,100.89920000000001,1695.123,100.8361
1695.605,104.6405,1695.605,100.9901,1695.605,100.65440000000001,1695.605,100.6008
1696.087,104.5936,1696.087,100.7422,1696.087,100.38199999999999,1696.087,100.33879999999999
1696.569,104.5322,1696.569,100.5029,1696.569,100.1207,1696.569,100.0887
1697.0510000000002,104.46759999999999,1697.0510000000002,100.3014,1697.0510000000002,99.90100999999999,1697.0510000000002,99.88096999999999
1697.533,104.423,1697.533,100.1573,1697.533,99.74052999999999,1697.533,99.73356000000001
1698.015,104.42439999999999,1698.015,100.07889999999999,1698.015,99.64376,1698.015,99.65128
1698.497,104.4882,1698.497,100.0604,1698.497,99.60133,1698.497,99.62547
1698.979,104.6171,1698.979,100.0841,1698.979,99.59261,1698.979,99.63628
1699.462,104.8002,1699.462,100.126,1699.462,99.59415,1699.462,99.65998
1699.944,105.00609999999999,1699.944,100.1593,1699.944,99.58467,1699.944,99.67278
1700.426,105.17259999999999,1700.426,100.1478,1700.426,99.53766,1700.426,99.64475
1700.9080000000001,105.22959999999999,1700.9080000000001,100.05040000000001,1700.9080000000001,99.41976,1700.9080000000001,99.54183
1701.3899999999999,105.1507,1701.3899999999999,99.85029,1701.3899999999999,99.21394,1701.3899999999999,99.34962999999999
1701.872,104.9699,1701.872,99.57204000000002,1701.872,98.93834,1701.872,99.08874
1702.354,104.74969999999999,1702.354,99.26396,1702.354,98.63422,1702.354,98.80072999999999
1702.836,104.54520000000001,1702.836,98.97148,1702.836,98.34236000000001,1702.836,98.52517
1703.319,104.38860000000001,1703.319,98.72216,1703.319,98.0883,1703.319,98.28613000000001
1703.801,104.29029999999999,1703.801,98.52522,1703.801,97.88131,1703.801,98.09156
1704.283,104.24739999999998,1704.283,98.37880999999999,1704.283,97.72073,1704.283,97.93988
1704.765,104.253,1704.765,98.27776999999999,1704.765,97.60351999999999,1704.765,97.82746
1705.2469999999998,104.2985,1705.2469999999998,98.21607,1705.2469999999998,97.52573,1705.2469999999998,97.75067999999999
1705.729,104.3718,1705.729,98.18374,1705.729,97.47899000000001,1705.729,97.70262000000001
1706.2110000000002,104.4564,1706.2110000000002,98.16566,1706.2110000000002,97.44872000000001,1706.2110000000002,97.67099
1706.693,104.53630000000001,1706.693,98.14717,1706.693,97.41984000000001,1706.693,97.64265
1707.176,104.6019,1707.176,98.11999999999999,1707.176,97.38310999999999,1707.176,97.60904
1707.657,104.6506,1707.657,98.0827,1707.657,97.33622,1707.657,97.56748999999999
1708.14,104.68379999999999,1708.14,98.03698,1708.14,97.28009999999999,1708.14,97.51801999999999
1708.622,104.7046,1708.622,97.98448,1708.622,97.21588,1708.622,97.46128
1709.104,104.717,1709.104,97.92567,1709.104,97.1439,1709.104,97.39729
1709.586,104.7248,1709.586,97.86062,1709.586,97.06426,1709.586,97.32637
1710.0680000000002,104.7312,1710.0680000000002,97.78950999999999,1710.0680000000002,96.97751,1710.0680000000002,97.24924
1710.55,104.73740000000001,1710.55,97.71279,1710.55,96.88473,1710.55,97.1669
1711.032,104.7413,1711.032,97.63041,1711.032,96.78661,1711.032,97.07957
1711.514,104.7383,1711.514,97.54134,1711.514,96.68272,1711.514,96.98627
1711.997,104.7231,1711.997,97.44296,1711.997,96.57094000000001,1711.997,96.88422
1712.479,104.69239999999999,1712.479,97.33247,1712.479,96.44837000000001,1712.479,96.7703
1712.961,104.6476,1712.961,97.20831000000001,1712.961,96.31293,1712.961,96.64249999999998
1713.443,104.5953,1713.443,97.07209,1713.443,96.16521,1713.443,96.50191
1713.9250000000002,104.5466,1713.9250000000002,96.92917,1713.9250000000002,96.0094,1713.9250000000002,96.35325999999999
1714.407,104.51299999999999,1714.407,96.78788,1714.407,95.85272,1714.407,96.20412
1714.889,104.5023,1714.889,96.65737,1714.889,95.7038,1714.889,96.06291
1715.3709999999999,104.518,1715.3709999999999,96.54575,1715.3709999999999,95.57057999999999,1715.3709999999999,95.93704000000001
1715.854,104.562,1715.854,96.45951,1715.854,95.45949999999999,1715.854,95.83235
1716.336,104.6408,1716.336,96.40465,1716.336,95.37563,1716.336,95.75404
1716.818,104.76650000000001,1716.818,96.38528000000001,1716.818,95.32131,1716.818,95.70577
1717.3,104.9447,1717.3,96.39629,1717.3,95.29015,1717.3,95.68370999999999
1717.7820000000002,105.15520000000001,1717.7820000000002,96.41453,1717.7820000000002,95.2606,1717.7820000000002,95.66888
1718.2640000000001,105.3507,1718.2640000000001,96.40368000000001,1718.2640000000001,95.20179999999999,1718.2640000000001,95.63118
1718.7459999999999,105.48360000000001,1718.7459999999999,96.33504,1718.7459999999999,95.09121999999999,1718.7459999999999,95.54650000000001
1719.2289999999998,105.5344,1719.2289999999998,96.20272999999999,1719.2289999999998,94.92635999999999,1719.2289999999998,95.40923
1719.71,105.5139,1719.71,96.02036,1719.71,94.72049999999999,1719.71,95.22954999999999
1720.193,105.4491,1720.193,95.80833999999999,1720.193,94.49146,1720.193,95.02319
1720.675,105.36810000000001,1720.675,95.58413,1720.675,94.25344000000001,1720.675,94.80332000000001
1721.1570000000002,105.2932,1721.1570000000002,95.35821999999999,1721.1570000000002,94.01417000000001,1721.1570000000002,94.57758
1721.6390000000001,105.23800000000001,1721.6390000000001,95.13519000000001,1721.6390000000001,93.7762,1721.6390000000001,94.34939
1722.121,105.2093,1722.121,94.91687999999999,1722.121,93.54025999999999,1722.121,94.12088
1722.6029999999998,105.20719999999999,1722.6029999999998,94.70518,1722.6029999999998,93.30803,1722.6029999999998,93.89583999999999
1723.085,105.2273,1723.085,94.50331,1723.085,93.08326,1723.085,93.68008
1723.567,105.2608,1723.567,94.31402,1723.567,92.86982,1723.567,93.47957
1724.0500000000002,105.29740000000001,1724.0500000000002,94.13734,1724.0500000000002,92.66885,1724.0500000000002,93.29653
1724.532,105.3276,1724.532,93.96951,1724.532,92.47752,1724.532,93.12810999999999
1725.0140000000001,105.34509999999999,1725.0140000000001,93.80457,1725.0140000000001,92.29044,1725.0140000000001,92.96780999999999
1725.496,105.3473,1725.496,93.63734000000001,1725.496,92.10279999999999,1725.496,92.80901
1725.978,105.33399999999999,1725.978,93.46567,1725.978,91.91299000000001,1725.978,92.64792999999999
1726.4599999999998,105.30550000000001,1726.4599999999998,93.29064000000001,1726.4599999999998,91.72295,1726.4599999999998,92.48446
1726.942,105.26169999999999,1726.942,93.11582,1726.942,91.53726,1726.942,92.32163
1727.424,105.2023,1727.424,92.94566,1727.424,91.3613,1727.424,92.16386
1727.906,105.1282,1727.906,92.78435999999999,1727.906,91.19991,1727.906,92.01575
1728.389,105.04299999999999,1728.389,92.63597000000001,1728.389,91.05676000000001,1728.389,91.88155
1728.871,104.9539,1728.871,92.50443000000001,1728.871,90.93432999999999,1728.871,91.76491
1729.353,104.8709,1729.353,92.39413,1729.353,90.83460000000001,1729.353,91.66949000000001
1729.835,104.8049,1729.835,92.31025000000001,1729.835,90.75995,1729.835,91.59924000000001
1730.3169999999998,104.7644,1730.3169999999998,92.25837,1730.3169999999998,90.71365,1730.3169999999998,91.55858
1730.799,104.7539,1730.799,92.24399,1730.799,90.69988000000001,1730.799,91.55238
1731.2810000000002,104.77300000000001,1731.2810000000002,92.27165,1731.2810000000002,90.72324,1731.2810000000002,91.58524
1731.763,104.8173,1731.763,92.34538,1731.763,90.7886,1731.763,91.66171
1732.2459999999999,104.8815,1732.2459999999999,92.47135,1732.2459999999999,90.90387,1732.2459999999999,91.78889999999998
1732.728,104.9653,1732.728,92.66391,1732.728,91.08582,1732.728,91.98161999999999
1733.21,105.07770000000001,1733.21,92.94623,1733.21,91.36063,1733.21,92.26241999999999
1733.692,105.22659999999999,1733.692,93.32825,1733.692,91.74137999999999,1733.692,92.63942999999999
1734.174,105.38940000000001,1734.174,93.76421,1734.174,92.18394,1734.174,93.06625
1734.656,105.5054,1734.656,94.15007,1734.656,92.58366000000001,1734.656,93.44265999999999
1735.1380000000001,105.5202,1735.1380000000001,94.39719,1735.1380000000001,92.84945,1735.1380000000001,93.68597
1735.62,105.4297,1735.62,94.49393,1735.62,92.96664,1735.62,93.78735
1736.103,105.2729,1736.103,94.49036,1736.103,92.98264,1736.103,93.79494
1736.585,105.0997,1736.585,94.45247,1736.585,92.96172,1736.585,93.77074
1737.0670000000002,104.9491,1737.0670000000002,94.43338,1737.0670000000002,92.95631999999999,1737.0670000000002,93.76427
1737.549,104.8421,1737.549,94.46621999999999,1737.549,92.9996,1737.549,93.80608000000001
1738.031,104.7844,1738.031,94.56676,1738.031,93.10777999999999,1738.031,93.91047
1738.513,104.7716,1738.513,94.73786000000001,1738.513,93.28424,1738.513,94.07971
1738.9950000000001,104.7933,1738.9950000000001,94.96985000000001,1738.9950000000001,93.51950000000001,1738.9950000000001,94.30464
1739.4769999999999,104.83420000000001,1739.4769999999999,95.23854,1739.4769999999999,93.78909,1739.4769999999999,94.56282
1739.959,104.8756,1739.959,95.50842,1739.959,94.05707,1739.959,94.82177
1740.442,104.90090000000001,1740.442,95.74556,1740.442,94.28953,1740.442,95.05077
1740.9240000000002,104.9022,1740.9240000000002,95.93192,1740.9240000000002,94.46902,1740.9240000000002,95.23367
1741.406,104.8819,1741.406,96.06875000000001,1741.406,94.59790999999998,1741.406,95.37172999999999
1741.888,104.84800000000001,1741.888,96.16965,1741.888,94.69118,1741.888,95.47703999999999
1742.37,104.809,1742.37,96.25126,1742.37,94.76701,1742.37,95.56411
1742.852,104.77069999999999,1742.852,96.32682,1742.852,94.83984,1742.852,95.64399
1743.3339999999998,104.73509999999999,1743.3339999999998,96.40326999999999,1743.3339999999998,94.91691,1743.3339999999998,95.72197
1743.816,104.70139999999999,1743.816,96.48077,1743.816,94.99748,1743.816,95.79739000000001
1744.299,104.66740000000001,1744.299,96.55414999999999,1744.299,95.07441,1744.299,95.86532
1744.7810000000002,104.6304,1744.7810000000002,96.61592999999999,1744.7810000000002,95.13788,1744.7810000000002,95.91933
1745.263,104.58890000000001,1745.263,96.65955,1745.263,95.17947,1745.263,95.95428
1745.745,104.5426,1745.745,96.68148000000001,1745.745,95.19494999999999,1745.745,95.96786999999999
1746.2269999999999,104.4935,1746.2269999999999,96.68283000000001,1746.2269999999999,95.18592,1746.2269999999999,95.96220000000001
1746.709,104.44640000000001,1746.709,96.67017,1746.709,95.16038,1746.709,95.94426999999999
1747.191,104.4095,1747.191,96.65566999999999,1747.191,95.13226,1747.191,95.92603
1747.673,104.39359999999999,1747.673,96.65498,1747.673,95.11838,1747.673,95.92231
1748.156,104.4092,1748.156,96.68301,1748.156,95.13359,1748.156,95.94646
1748.637,104.4637,1748.637,96.74896000000001,1748.637,95.18552,1748.637,96.00623
1749.1200000000001,104.5591,1749.1200000000001,96.85392,1749.1200000000001,95.27284999999999,1749.1200000000001,96.10143000000001
1749.6019999999999,104.69170000000001,1749.6019999999999,96.99125000000001,1749.6019999999999,95.38689,1749.6019999999999,96.22503999999999
1750.084,104.8524,1750.084,97.14919,1750.084,95.51558999999999,1750.084,96.36578999999999
1750.566,105.0265,1750.566,97.31226,1750.566,95.64577,1750.566,96.50964
1751.048,105.1942,1751.048,97.46233000000001,1751.048,95.76349,1751.048,96.64052
1751.53,105.3344,1751.53,97.58046999999999,1751.53,95.85441,1751.53,96.74172
1752.0120000000002,105.43119999999999,1752.0120000000002,97.65228,1752.0120000000002,95.90690000000001,1752.0120000000002,96.80031
1752.494,105.4805,1752.494,97.67288,1752.494,95.91614,1752.494,96.81164000000001
1752.977,105.4899,1752.977,97.64846,1752.977,95.8862,1752.977,96.78074000000001
1753.4589999999998,105.47409999999999,1753.4589999999998,97.59216,1753.4589999999998,95.8274,1753.4589999999998,96.71889999999999
1753.941,105.44819999999999,1753.941,97.51822000000001,1753.941,95.75159,1753.941,96.63862999999999
1754.423,105.42309999999999,1754.423,97.43803,1754.423,95.66859000000001,1754.423,96.55013
1754.905,105.40480000000001,1754.905,97.35901999999999,1754.905,95.58527,1754.905,96.46056
1755.387,105.3963,1755.387,97.28619,1755.387,95.50663999999999,1755.387,96.37546999999999
1755.8690000000001,105.39940000000001,1755.8690000000001,97.22351,1755.8690000000001,95.43681,1755.8690000000001,96.29984
1756.3509999999999,105.414,1756.3509999999999,97.17278,1756.3509999999999,95.37772000000001,1756.3509999999999,96.23699
1756.8329999999999,105.43679999999999,1756.8329999999999,97.13117,1756.8329999999999,95.32643999999999,1756.8329999999999,96.18539
1757.3159999999998,105.46,1757.3159999999998,97.09124,1757.3159999999998,95.27557,1757.3159999999998,96.13852
1757.798,105.4758,1757.798,97.04568,1757.798,95.21793000000001,1757.798,96.08919999999999
1758.28,105.4802,1758.28,96.99253999999999,1758.28,95.15194,1758.28,96.03475
1758.762,105.47519999999999,1758.762,96.93690000000001,1758.762,95.08296,1758.762,95.97897
1759.2440000000001,105.46640000000001,1759.2440000000001,96.88816,1759.2440000000001,95.02077,1759.2440000000001,95.92989
1759.726,105.4609,1759.726,96.85648,1759.726,94.97588999999999,1759.726,95.89638000000001
1760.208,105.46530000000001,1760.208,96.85049,1760.208,94.95753,1760.208,95.88611999999999
1760.6899999999998,105.48550000000002,1760.6899999999998,96.87613999999999,1760.6899999999998,94.97256999999999,1760.6899999999998,95.90428
1761.1729999999998,105.52470000000001,1761.1729999999998,96.93498,1761.1729999999998,95.02376999999998,1761.1729999999998,95.952
1761.655,105.58050000000001,1761.655,97.02204,1761.655,95.10750999999999,1761.655,96.0246
1762.1370000000002,105.64260000000002,1762.1370000000002,97.12471000000001,1762.1370000000002,95.21236,1762.1370000000002,96.11093
1762.619,105.69599999999998,1762.619,97.22690999999999,1762.619,95.32257,1762.619,96.19724
1763.101,105.7285,1763.101,97.31617999999999,1763.101,95.42505,1763.101,96.27331999999998
1763.583,105.7369,1763.583,97.38909,1763.583,95.51487999999999,1763.583,96.33691999999999
1764.065,105.7269,1764.065,97.45053999999999,1764.065,95.59514999999999,1764.065,96.39288
1764.5469999999998,105.7088,1764.5469999999998,97.50978,1764.5469999999998,95.67363,1764.5469999999998,96.44952
1765.03,105.69189999999999,1765.03,97.57593999999999,1765.03,95.75859,1765.03,96.51489
1765.512,105.6814,1765.512,97.65594,1765.512,95.85704,1765.512,96.59531
1765.9940000000001,105.6776,1765.9940000000001,97.75465,1765.9940000000001,95.97469000000001,1765.9940000000001,96.69538
1766.4759999999999,105.6774,1766.4759999999999,97.87528,1766.4759999999999,96.11615,1766.4759999999999,96.81842
1766.958,105.67649999999999,1766.958,98.01888,1766.958,96.28370000000001,1766.958,96.96552
1767.44,105.67009999999999,1767.44,98.18193000000001,1767.44,96.47424000000001,1767.44,97.13288
1767.922,105.6542,1767.922,98.35414999999999,1767.922,96.6767,1767.922,97.30975000000001
1768.4039999999998,105.6268,1768.4039999999998,98.52125000000001,1768.4039999999998,96.87481,1768.4039999999998,97.48103
1768.886,105.58860000000001,1768.886,98.67139,1768.886,97.05472999999999,1768.886,97.63432999999999
1769.369,105.54410000000001,1769.369,98.80247,1769.369,97.21305,1769.369,97.76702999999999
1769.851,105.5009,1769.851,98.9247,1769.851,97.36000000000001,1769.851,97.88911999999999
1770.3329999999999,105.4687,1770.3329999999999,99.06006,1770.3329999999999,97.51896,1770.3329999999999,98.02253999999999
1770.815,105.45899999999999,1770.815,99.23887,1770.815,97.72258000000001,1770.815,98.19765000000001
1771.297,105.48379999999999,1771.297,99.49118999999999,1771.297,98.00336,1771.297,98.44475
1771.779,105.54889999999999,1771.779,99.82867999999999,1771.779,98.37415,1771.779,98.77573
1772.261,105.64320000000001,1772.261,100.22470000000001,1772.261,98.80743000000001,1772.261,99.16503
1772.743,105.73710000000001,1772.743,100.6173,1772.743,99.23868999999999,1772.743,99.55259
1773.2259999999999,105.7981,1773.2259999999999,100.9449,1773.2259999999999,99.60412,1773.2259999999999,99.87895
1773.708,105.8112,1773.708,101.1833,1773.708,99.87836,1773.708,100.12049999999999
1774.1899999999998,105.78410000000001,1774.1899999999998,101.35019999999999,1774.1899999999998,100.0793,1774.1899999999998,100.2937
1774.672,105.7378,1774.672,101.4842,1774.672,100.2462,1774.672,100.4354
1775.1540000000002,105.69390000000001,1775.1540000000002,101.62180000000001,1775.1540000000002,100.416,1775.1540000000002,100.5804
1775.636,105.6656,1775.636,101.78309999999999,1775.636,100.609,1775.636,100.74780000000001
1776.118,105.65530000000001,1776.118,101.96879999999999,1776.118,100.82560000000001,1776.118,100.9383
1776.6,105.6565,1776.6,102.16460000000001,1776.6,101.0513,1776.6,101.13829999999999
1777.0829999999999,105.6587,1777.0829999999999,102.3515,1777.0829999999999,101.267,1777.0829999999999,101.3299
1777.5639999999999,105.6534,1777.5639999999999,102.5162,1777.5639999999999,101.45949999999999,1777.5639999999999,101.50049999999999
1778.047,105.6375,1778.047,102.65709999999999,1778.047,101.62819999999999,1778.047,101.6491
1778.529,105.6149,1778.529,102.78540000000001,1778.529,101.7848,1778.529,101.7868
1779.0110000000002,105.5944,1779.0110000000002,102.91900000000001,1779.0110000000002,101.948,1779.0110000000002,101.93140000000001
1779.493,105.5862,1779.493,103.0747,1779.493,102.1348,1779.493,102.0995
1779.975,105.5965,1779.975,103.25930000000001,1779.975,102.3514,1779.975,102.2972
1780.4569999999999,105.6244,1780.4569999999999,103.4652,1780.4569999999999,102.5885,1780.4569999999999,102.5161
1780.939,105.6615,1780.939,103.6732,1780.939,102.8259,1780.939,102.737
1781.4209999999998,105.6971,1781.4209999999998,103.8641,1781.4209999999998,103.0436,1781.4209999999998,102.9399
1781.904,105.7241,1781.904,104.0284,1781.904,103.2324,1781.904,103.1151
1782.386,105.742,1782.386,104.1703,1782.386,103.39739999999999,1782.386,103.2659
1782.8680000000002,105.7561,1782.8680000000002,104.30269999999999,1782.8680000000002,103.5521,1782.8680000000002,103.40419999999999
1783.35,105.7736,1783.35,104.4392,1783.35,103.71109999999999,1783.35,103.543
1783.8319999999999,105.7998,1783.8319999999999,104.58829999999999,1783.8319999999999,103.883,1783.8319999999999,103.6905
1784.3139999999999,105.83579999999999,1784.3139999999999,104.7496,1784.3139999999999,104.067,1784.3139999999999,103.8469
1784.796,105.87729999999999,1784.796,104.914,1784.796,104.2541,1784.796,104.005
1785.278,105.91619999999999,1785.278,105.06830000000001,1785.278,104.4306,1785.278,104.1539
1785.76,105.9434,1785.76,105.2007,1785.76,104.58479999999999,1785.76,104.2843
1786.243,105.9531,1786.243,105.30569999999999,1786.243,104.711,1786.243,104.39210000000001
1786.7250000000001,105.9439,1786.7250000000001,105.38430000000001,1786.7250000000001,104.80990000000001,1786.7250000000001,104.47800000000001
1787.2069999999999,105.91820000000001,1787.2069999999999,105.4407,1787.2069999999999,104.885,1787.2069999999999,104.54490000000001
1787.6889999999999,105.87979999999999,1787.6889999999999,105.4788,1787.6889999999999,104.93939999999999,1787.6889999999999,104.59469999999999
1788.171,105.8319,1788.171,105.5006,1788.171,104.9744,1788.171,104.62750000000001
1788.653,105.77730000000001,1788.653,105.50699999999999,1788.653,104.99099999999999,1788.653,104.6427
1789.135,105.7188,1789.135,105.5,1789.135,104.99210000000001,1789.135,104.64240000000001
1789.617,105.66109999999999,1789.617,105.48649999999999,1789.617,104.9861,1789.617,104.6337
1790.1000000000001,105.6122,1790.1000000000001,105.4786,1790.1000000000001,104.98780000000001,1790.1000000000001,104.6305
1790.582,105.5836,1790.582,105.4938,1790.582,105.01689999999999,1790.582,104.65180000000001
1791.064,105.58810000000001,1791.064,105.5491,1791.064,105.0918,1791.064,104.7161
1791.5459999999998,105.63309999999998,1791.5459999999998,105.6524,1791.5459999999998,105.2195,1791.5459999999998,104.8313
1792.028,105.71189999999999,1792.028,105.792,1792.028,105.38499999999999,1792.028,104.9843
1792.51,105.8014,1792.51,105.9367,1792.51,105.5528,1792.51,105.1417
1792.992,105.8714,1792.992,106.0507,1792.992,105.6845,1792.992,105.2664
1793.474,105.9017,1793.474,106.1138,1793.474,105.7593,1793.474,105.3382
1793.957,105.89090000000002,1793.957,106.12950000000001,1793.957,105.78209999999999,1793.957,105.3612
1794.439,105.85379999999999,1794.439,106.118,1794.439,105.77529999999999,1794.439,105.3563
1794.921,105.81039999999999,1794.921,106.1032,1794.921,105.764,1794.921,105.3475
1795.4029999999998,105.77799999999999,1795.4029999999998,106.1022,1795.4029999999998,105.7661,1795.4029999999998,105.352
1795.885,105.76520000000001,1795.885,106.121,1795.885,105.7882,1795.885,105.37559999999999
1796.367,105.7713,1796.367,106.15570000000001,1796.367,105.8264,1796.367,105.414
1796.849,105.78909999999999,1796.849,106.1968,1796.849,105.8714,1796.849,105.45750000000001
1797.331,105.8085,1797.331,106.2351,1797.331,105.914,1797.331,105.4962
1797.813,105.8216,1797.813,106.2651,1797.813,105.9492,1797.813,105.52490000000002
1798.296,105.82499999999999,1798.296,106.2873,1798.296,105.9768,1798.296,105.544
1798.778,105.8203,1798.778,106.3058,1798.778,106.00019999999999,1798.778,105.5577
1799.2599999999998,105.8125,1799.2599999999998,106.3253,1799.2599999999998,106.0229,1799.2599999999998,105.5718
1799.742,105.8075,1799.742,106.34889999999999,1799.742,106.0473,1799.742,105.59039999999999
1800.2240000000002,105.81009999999999,1800.2240000000002,106.3773,1800.2240000000002,106.0734,1800.2240000000002,105.6152
1800.706,105.82169999999999,1800.706,106.40899999999999,1800.706,106.101,1800.706,105.646
1801.188,105.84100000000001,1801.188,106.4424,1801.188,106.1301,1801.188,105.68169999999999
1801.67,105.8651,1801.67,106.4771,1801.67,106.1626,1801.67,105.72170000000001
1802.153,105.89139999999999,1802.153,106.51360000000001,1802.153,106.2003,1802.153,105.7655
1802.635,105.9183,1802.635,106.5521,1802.635,106.24359999999999,1802.635,105.8123
1803.117,105.94449999999999,1803.117,106.59110000000001,1803.117,106.28999999999999,1803.117,105.8589
1803.599,105.9679,1803.599,106.6263,1803.599,106.33399999999999,1803.599,105.90029999999999
1804.0810000000001,105.9852,1804.0810000000001,106.65279999999998,1804.0810000000001,106.3692,1804.0810000000001,105.931
1804.5629999999999,105.9928,1804.5629999999999,106.66640000000001,1804.5629999999999,106.39099999999999,1804.5629999999999,105.94699999999999
1805.045,105.9886,1805.045,106.66660000000002,1805.045,106.3988,1805.045,105.9482
1805.527,105.97300000000001,1805.527,106.6565,1805.527,106.39659999999999,1805.527,105.93840000000002
1806.0100000000002,105.9491,1806.0100000000002,106.6418,1806.0100000000002,106.3907,1806.0100000000002,105.92379999999999
1806.4909999999998,105.9214,1806.4909999999998,106.62769999999999,1806.4909999999998,106.3863,1806.4909999999998,105.91
1806.974,105.8939,1806.974,106.616,1806.974,106.3852,1806.974,105.89900000000002
1807.456,105.86819999999999,1807.456,106.60479999999998,1807.456,106.38430000000001,1807.456,105.88889999999999
1807.938,105.8435,1807.938,106.5893,1807.938,106.378,1807.938,105.87500000000001
1808.4199999999998,105.8181,1808.4199999999998,106.5655,1808.4199999999998,106.36160000000001,1808.4199999999998,105.8535
1808.902,105.7909,1808.902,106.5334,1808.902,106.3351,1808.902,105.8249
1809.384,105.764,1809.384,106.49889999999999,1809.384,106.30489999999999,1809.384,105.7952
1809.866,105.74269999999999,1809.866,106.4724,1809.866,106.28200000000001,1809.866,105.7749
1810.348,105.73380000000002,1810.348,106.4647,1810.348,106.2778,1810.348,105.77430000000001
1810.831,105.7425,1810.831,106.4819,1810.831,106.29820000000001,1810.831,105.79899999999999
1811.3129999999999,105.769,1811.3129999999999,106.5221,1811.3129999999999,106.3409,1811.3129999999999,105.8459
1811.795,105.80760000000001,1811.795,106.57589999999999,1811.795,106.3957,1811.795,105.9049
1812.2769999999998,105.84819999999999,1812.2769999999998,106.6302,1812.2769999999998,106.4495,1812.2769999999998,105.9626
1812.759,105.88109999999999,1812.759,106.674,1812.759,106.4919,1812.759,106.0085
1813.2410000000002,105.9004,1813.2410000000002,106.70250000000001,1813.2410000000002,106.51859999999999,1813.2410000000002,106.03819999999999
1813.723,105.9059,1813.723,106.7168,1813.723,106.5318,1813.723,106.05340000000001
1814.205,105.9016,1814.205,106.72170000000001,1814.205,106.5369,1814.205,106.0592
1814.6879999999999,105.8937,1814.6879999999999,106.72269999999999,1814.6879999999999,106.5395,1814.6879999999999,106.06089999999999
1815.1699999999998,105.88759999999999,1815.1699999999998,106.72330000000001,1815.1699999999998,106.543,1815.1699999999998,106.06169999999999
1815.652,105.8868,1815.652,106.72550000000001,1815.652,106.54840000000002,1815.652,106.0624
1816.134,105.8921,1816.134,106.72980000000001,1816.134,106.5561,1816.134,106.063
1816.616,105.9021,1816.616,106.737,1816.616,106.5663,1816.616,106.0636
1817.0980000000002,105.9146,1817.0980000000002,106.7488,1817.0980000000002,106.5806,1817.0980000000002,106.0662
1817.58,105.92760000000001,1817.58,106.7668,1817.58,106.6006,1817.58,106.07329999999999
1818.062,105.94030000000001,1818.062,106.7918,1818.062,106.62720000000002,1818.062,106.087
1818.544,105.95270000000001,1818.544,106.8223,1818.544,106.6586,1818.544,106.10759999999999
1819.027,105.9645,1819.027,106.8542,1819.027,106.6903,1819.027,106.1323
1819.509,105.97399999999999,1819.509,106.88159999999999,1819.509,106.7164,1819.509,106.15639999999999
1819.991,105.97840000000001,1819.991,106.8991,1819.991,106.73129999999999,1819.991,106.1745
1820.473,105.97430000000001,1820.473,106.9034,1820.473,106.7325,1820.473,106.1831
1820.9550000000002,105.96019999999999,1820.9550000000002,106.89519999999999,1820.9550000000002,106.72070000000001,1820.9550000000002,106.1813
1821.437,105.93650000000001,1821.437,106.8775,1821.437,106.6999,1821.437,106.17080000000001
1821.9189999999999,105.9062,1821.9189999999999,106.8549,1821.9189999999999,106.6746,1821.9189999999999,106.15429999999999
1822.401,105.8739,1822.401,106.831,1822.401,106.64819999999999,1822.401,106.1341
1822.884,105.8449,1822.884,106.80780000000001,1822.884,106.6222,1822.884,106.1116
1823.366,105.8239,1823.366,106.78659999999999,1823.366,106.5975,1823.366,106.08800000000001
1823.848,105.81450000000001,1823.848,106.76920000000001,1823.848,106.57600000000001,1823.848,106.06569999999999
1824.33,105.81739999999999,1824.33,106.75840000000001,1824.33,106.56129999999999,1824.33,106.04899999999999
1824.8120000000001,105.8289,1824.8120000000001,106.75529999999999,1824.8120000000001,106.55600000000001,1824.8120000000001,106.04100000000001
1825.2939999999999,105.84039999999999,1825.2939999999999,106.7577,1825.2939999999999,106.55930000000001,1825.2939999999999,106.0413
1825.7759999999998,105.8419,1825.7759999999998,106.7587,1825.7759999999998,106.56509999999999,1825.7759999999998,106.04420000000002
1826.2580000000003,105.8262,1826.2580000000003,106.7504,1826.2580000000003,106.5653,1826.2580000000003,106.04169999999999
1826.74,105.7923,1826.74,106.72749999999999,1826.74,106.55330000000001,1826.74,106.0274
1827.223,105.7445,1827.223,106.6897,1827.223,106.5274,1827.223,105.99959999999999
1827.705,105.6921,1827.705,106.64260000000002,1827.705,106.49159999999999,1827.705,105.9623
1828.187,105.6476,1828.187,106.5984,1828.187,106.4565,1828.187,105.92660000000001
1828.669,105.62650000000001,1828.669,106.575,1828.669,106.43880000000001,1828.669,105.9095
1829.151,105.64309999999999,1829.151,106.59110000000001,1829.151,106.45579999999998,1829.151,105.9294
1829.6329999999998,105.7026,1829.6329999999998,106.6559,1829.6329999999998,106.516,1829.6329999999998,105.9954
1830.1150000000002,105.79400000000001,1830.1150000000002,106.75889999999998,1830.1150000000002,106.6095,1830.1150000000002,106.09759999999999
1830.597,105.8921,1830.597,106.87169999999999,1830.597,106.70960000000001,1830.597,106.2087
1831.08,105.97030000000001,1831.08,106.96270000000001,1831.08,106.7877,1831.08,106.298
1831.562,106.01270000000001,1831.562,107.01350000000001,1831.562,106.82780000000001,1831.562,106.3472
1832.044,106.01879999999998,1832.044,107.0239,1832.044,106.8311,1832.044,106.3555
1832.526,105.99810000000001,1832.526,107.006,1832.526,106.8107,1832.526,106.33449999999999
1833.008,105.9638,1833.008,106.9757,1833.008,106.7824,1833.008,106.3003
1833.4899999999998,105.9275,1833.4899999999998,106.9458,1833.4899999999998,106.75829999999999,1833.4899999999998,106.26629999999999
1833.9720000000002,105.8964,1833.9720000000002,106.9221,1833.9720000000002,106.7433,1833.9720000000002,106.2401
1834.454,105.87299999999999,1834.454,106.90409999999999,1834.454,106.7353,1834.454,106.2232
1834.9370000000001,105.8562,1834.9370000000001,106.88770000000001,1834.9370000000001,106.7285,1834.9370000000001,106.21300000000001
1835.418,105.8438,1835.418,106.86949999999999,1835.418,106.71770000000001,1835.418,106.206
1835.901,105.83439999999999,1835.901,106.8501,1835.901,106.7024,1835.901,106.201
1836.383,105.82860000000001,1836.383,106.8344,1836.383,106.6872,1836.383,106.1997
1836.865,105.82830000000001,1836.865,106.8294,1836.865,106.6794,1836.865,106.2052
1837.3469999999998,105.8342,1837.3469999999998,106.839,1837.3469999999998,106.6837,1837.3469999999998,106.2187
1837.8290000000002,105.84400000000001,1837.8290000000002,106.86009999999999,1837.8290000000002,106.69850000000001,1837.8290000000002,106.2362
1838.311,105.8511,1838.311,106.88279999999999,1838.311,106.71509999999999,1838.311,106.24860000000001
1838.793,105.8467,1838.793,106.8932,1838.793,106.7209,1838.793,106.24549999999999
1839.275,105.8237,1839.275,106.88029999999999,1839.275,106.70630000000001,1839.275,106.21979999999999
1839.758,105.7798,1839.758,106.84100000000001,1839.758,106.6687,1839.758,106.17190000000001
1840.24,105.7193,1840.24,106.7815,1840.24,106.6147,1840.24,106.11
1840.722,105.6513,1840.722,106.7142,1840.722,106.55630000000001,1840.722,106.0467
1841.204,105.5871,1841.204,106.6527,1841.204,106.5059,1841.204,105.9944
1841.6860000000001,105.53630000000001,1841.6860000000001,106.60719999999999,1841.6860000000001,106.4718,1841.6860000000001,105.961
1842.1680000000001,105.5056,1842.1680000000001,106.5821,1842.1680000000001,106.4556,1842.1680000000001,105.94809999999998
1842.6499999999999,105.49839999999999,1842.6499999999999,106.5768,1842.6499999999999,106.45370000000001,1842.6499999999999,105.95209999999999
1843.132,105.5147,1843.132,106.58780000000002,1843.132,106.4604,1843.132,105.9671
1843.615,105.55069999999999,1843.615,106.6109,1843.615,106.47070000000001,1843.615,105.98780000000001
1844.0970000000002,105.59670000000001,1844.0970000000002,106.64020000000001,1844.0970000000002,106.48120000000002,1844.0970000000002,106.0095
1844.579,105.6392,1844.579,106.66789999999999,1844.579,106.4887,1844.579,106.0282
1845.061,105.666,1845.061,106.6862,1845.061,106.49059999999999,1845.061,106.04039999999999
1845.5430000000001,105.67249999999999,1845.5430000000001,106.69120000000001,1845.5430000000001,106.48580000000001,1845.5430000000001,106.0449
1846.025,105.6627,1846.025,106.6851,1846.025,106.4763,1846.025,106.0432
1846.5069999999998,105.646,1846.5069999999998,106.6749,1846.5069999999998,106.46739999999998,1846.5069999999998,106.0399
1846.989,105.63210000000001,1846.989,106.6694,1846.989,106.4651,1846.989,106.04020000000001
1847.471,105.62800000000001,1847.471,106.6768,1847.471,106.4754,1847.471,106.0489
1847.9540000000002,105.63659999999999,1847.9540000000002,106.7018,1847.9540000000002,106.5018,1847.9540000000002,106.06880000000001
1848.436,105.657,1848.436,106.7445,1848.436,106.54440000000001,1848.436,106.10029999999999
1848.918,105.6851,1848.918,106.7998,1848.918,106.599,1848.918,106.1406
1849.4,105.71520000000001,1849.4,106.8582,1849.4,106.65729999999999,1849.4,106.1838
1849.882,105.7413,1849.882,106.9083,1849.882,106.7091,1849.882,106.22259999999999
1850.3639999999998,105.7593,1850.3639999999998,106.941,1850.3639999999998,106.74589999999999,1850.3639999999998,106.25070000000001
1850.846,105.7676,1850.846,106.9527,1850.846,106.7638,1850.846,106.2654
1851.328,105.7679,1851.328,106.9466,1851.328,106.765,1851.328,106.26850000000002
1851.8110000000001,105.7642,1851.8110000000001,106.9312,1851.8110000000001,106.7569,1851.8110000000001,106.2657
1852.293,105.76159999999999,1852.293,106.9175,1852.293,106.7486,1852.293,106.26400000000001
1852.7749999999999,105.7636,1852.7749999999999,106.91409999999999,1852.7749999999999,106.74730000000001,1852.7749999999999,106.2686
1853.257,105.7713,1853.257,106.92399999999999,1853.257,106.7551,1853.257,106.2805
1853.739,105.78179999999999,1853.739,106.9436,1853.739,106.768,1853.739,106.29560000000001
1854.221,105.79019999999998,1854.221,106.9643,1854.221,106.77829999999999,1854.221,106.3071
1854.703,105.7909,1854.703,106.9772,1854.703,106.77859999999998,1854.703,106.30869999999999
1855.1850000000002,105.7804,1855.1850000000002,106.9769,1855.1850000000002,106.76589999999999,1855.1850000000002,106.29759999999999
1855.667,105.75959999999999,1855.667,106.96369999999999,1855.667,106.74300000000001,1855.667,106.2765
1856.1499999999999,105.7326,1856.1499999999999,106.94300000000001,1856.1499999999999,106.7172,1856.1499999999999,106.25150000000001
1856.6319999999998,105.70580000000001,1856.6319999999998,106.92200000000001,1856.6319999999998,106.6969,1856.6319999999998,106.23020000000001
1857.1140000000003,105.6859,1857.1140000000003,106.90679999999999,1857.1140000000003,106.68789999999998,1857.1140000000003,106.21799999999999
1857.596,105.6764,1857.596,106.8997,1857.596,106.69139999999999,1857.596,106.2167
1858.078,105.6781,1858.078,106.8994,1858.078,106.7044,1858.078,106.22409999999999
1858.56,105.68809999999999,1858.56,106.9026,1858.56,106.7216,1858.56,106.2368
1859.0420000000001,105.70280000000001,1859.0420000000001,106.907,1859.0420000000001,106.7391,1859.0420000000001,106.2516
1859.524,105.7185,1859.524,106.91250000000001,1859.524,106.7561,1859.524,106.2678
1860.007,105.7334,1860.007,106.9208,1860.007,106.7742,1860.007,106.28599999999999
1860.4889999999998,105.74680000000001,1860.4889999999998,106.9337,1860.4889999999998,106.7952,1860.4889999999998,106.3068
1860.9710000000002,105.75829999999999,1860.9710000000002,106.95079999999999,1860.9710000000002,106.8191,1860.9710000000002,106.3286
1861.453,105.767,1861.453,106.96870000000001,1861.453,106.842,1861.453,106.3477
1861.935,105.7711,1861.935,106.98190000000001,1861.935,106.8578,1861.935,106.3587
1862.417,105.768,1862.417,106.9853,1862.417,106.8603,1862.417,106.3571
1862.8990000000001,105.7558,1862.8990000000001,106.976,1862.8990000000001,106.8462,1862.8990000000001,106.3412
1863.3809999999999,105.73410000000001,1863.3809999999999,106.95459999999999,1863.3809999999999,106.8157,1863.3809999999999,106.3126
1863.864,105.70349999999999,1863.864,106.92379999999999,1863.864,106.77170000000001,1863.864,106.2748
1864.3450000000003,105.666,1864.3450000000003,106.88660000000002,1864.3450000000003,106.7183,1864.3450000000003,106.23089999999999
1864.8280000000002,105.6233,1864.8280000000002,106.8443,1864.8280000000002,106.65830000000001,1864.8280000000002,106.18240000000002
1865.31,105.5769,1865.31,106.79590000000002,1865.31,106.5923,1865.31,106.1283
1865.792,105.528,1865.792,106.7397,1865.792,106.52010000000001,1865.792,106.0669
1866.274,105.4786,1866.274,106.6754,1866.274,106.44340000000001,1866.274,105.9984
1866.756,105.4332,1866.756,106.6079,1866.756,106.36829999999999,1866.756,105.9282
1867.238,105.4,1867.238,106.5485,1867.238,106.3075,1867.238,105.8684
1867.72,105.3902,1867.72,106.51410000000001,1867.72,106.2778,1867.72,105.83579999999999
1868.2020000000002,105.4134,1868.2020000000002,106.5197,1868.2020000000002,106.29379999999999,1868.2020000000002,105.8451
1868.6850000000002,105.4715,1868.6850000000002,106.5702,1868.6850000000002,106.3578,1868.6850000000002,105.8999
1869.167,105.5542,1869.167,106.6536,1869.167,106.45519999999999,1869.167,105.98700000000001
1869.649,105.6421,1869.649,106.7466,1869.649,106.5599,1869.649,106.0818
1870.131,105.7156,1870.131,106.826,1870.131,106.6471,1870.131,106.1604
1870.613,105.76350000000001,1870.613,106.88010000000001,1870.613,106.7047,1870.613,106.21050000000001
1871.095,105.785,1871.095,106.91010000000001,1871.095,106.73440000000001,1871.095,106.2329
1871.577,105.78689999999999,1871.577,106.9255,1871.577,106.74669999999999,1871.577,106.23689999999999
1872.0590000000002,105.77799999999999,1872.0590000000002,106.9365,1872.0590000000002,106.75319999999999,1872.0590000000002,106.2335
1872.5420000000001,105.766,1872.5420000000001,106.9496,1872.5420000000001,106.7618,1872.5420000000001,106.2306
1873.0240000000001,105.7549,1873.0240000000001,106.9655,1873.0240000000001,106.7744,1873.0240000000001,106.23149999999998
1873.5059999999999,105.74589999999999,1873.5059999999999,106.9805,1873.5059999999999,106.7887,1873.5059999999999,106.23519999999999
1873.988,105.73790000000001,1873.988,106.9893,1873.988,106.80019999999999,1873.988,106.23929999999999
1874.47,105.72980000000001,1874.47,106.98939999999999,1874.47,106.8062,1874.47,106.2422
1874.952,105.72140000000002,1874.952,106.9815,1874.952,106.807,1874.952,106.244
1875.434,105.7135,1875.434,106.97019999999999,1875.434,106.8054,1875.434,106.24659999999999
1875.9160000000002,105.7067,1875.9160000000002,106.95989999999999,1875.9160000000002,106.80430000000001,1875.9160000000002,106.25119999999998
1876.398,105.7006,1876.398,106.953,1876.398,106.80380000000001,1876.398,106.25690000000002
1876.881,105.6926,1876.881,106.94829999999999,1876.881,106.8011,1876.881,106.2599
1877.3629999999998,105.6791,1877.3629999999998,106.9418,1877.3629999999998,106.7911,1877.3629999999998,106.25580000000001
1877.845,105.65729999999999,1877.845,106.92960000000001,1877.845,106.7701,1877.845,106.2419
1878.327,105.62689999999999,1878.327,106.911,1878.327,106.738,1878.327,106.21940000000001
1878.809,105.5915,1878.809,106.8895,1878.809,106.7002,1878.809,106.1941
1879.291,105.55760000000001,1879.291,106.8713,1879.291,106.6648,1879.291,106.1735
1879.7730000000001,105.5322,1879.7730000000001,106.8625,1879.7730000000001,106.64,1879.7730000000001,106.16380000000001
1880.255,105.52,1880.255,106.8654,1880.255,106.6298,1880.255,106.1666
1880.738,105.5213,1880.738,106.8775,1880.738,106.6325,1880.738,106.178
1881.2199999999998,105.5323,1881.2199999999998,106.8929,1881.2199999999998,106.6422,1881.2199999999998,106.1911
1881.702,105.54669999999999,1881.702,106.9048,1881.702,106.6514,1881.702,106.19860000000001
1882.184,105.5587,1882.184,106.9094,1882.184,106.6552,1882.184,106.1971
1882.666,105.56540000000001,1882.666,106.90759999999999,1882.666,106.6533,1882.666,106.1884
1883.1480000000001,105.5676,1883.1480000000001,106.9034,1883.1480000000001,106.64869999999999,1883.1480000000001,106.17779999999999
1883.63,105.5683,1883.63,106.9012,1883.63,106.64620000000001,1883.63,106.17099999999999
1884.112,105.57039999999999,1884.112,106.9027,1884.112,106.6481,1884.112,106.1707
1884.5939999999998,105.57419999999999,1884.5939999999998,106.90439999999998,1884.5939999999998,106.6522,1884.5939999999998,106.1745
1885.077,105.57700000000001,1885.077,106.8997,1885.077,106.6532,1885.077,106.1767
1885.559,105.5744,1885.559,106.882,1885.559,106.64519999999999,1885.559,106.17129999999999
1886.0410000000002,105.56309999999999,1886.0410000000002,106.84899999999999,1886.0410000000002,106.62549999999999,1886.0410000000002,106.15619999999998
1886.523,105.5433,1886.523,106.8047,1886.523,106.5963,1886.523,106.135
1887.005,105.51950000000001,1887.005,106.75840000000001,1887.005,106.56490000000001,1887.005,106.11600000000001
1887.487,105.49980000000001,1887.487,106.72220000000002,1887.487,106.541,1887.487,106.10919999999999
1887.969,105.4935,1887.969,106.70710000000001,1887.969,106.53399999999999,1887.969,106.1232
1888.4509999999998,105.508,1888.4509999999998,106.7198,1888.4509999999998,106.55000000000001,1888.4509999999998,106.1612
1888.934,105.54589999999999,1888.934,106.76,1888.934,106.58909999999999,1888.934,106.21929999999999
1889.416,105.6019,1889.416,106.8194,1889.416,106.6453,1889.416,106.2874
1889.8980000000001,105.66489999999999,1889.8980000000001,106.885,1889.8980000000001,106.70790000000001,1889.8980000000001,106.35270000000001
1890.3799999999999,105.7223,1890.3799999999999,106.94349999999999,1890.3799999999999,106.76559999999999,1890.3799999999999,106.4044
1890.862,105.76559999999999,1890.862,106.98689999999999,1890.862,106.8107,1890.862,106.43849999999999
1891.344,105.79240000000001,1891.344,107.0128,1891.344,106.8403,1891.344,106.45579999999998
1891.826,105.80609999999999,1891.826,107.0232,1891.826,106.8547,1891.826,106.4601
1892.308,105.81179999999999,1892.308,107.02130000000001,1892.308,106.8557,1892.308,106.4543
1892.791,105.81439999999999,1892.791,107.01039999999999,1892.791,106.8459,1892.791,106.4402
1893.2720000000002,105.81689999999999,1893.2720000000002,106.99419999999999,1893.2720000000002,106.82910000000001,1893.2720000000002,106.41929999999999
1893.755,105.8214,1893.755,106.97760000000001,1893.755,106.8113,1893.755,106.3944
1894.2369999999999,105.829,1894.2369999999999,106.9674,1894.2369999999999,106.8004,1894.2369999999999,106.3707
1894.719,105.8403,1894.719,106.9699,1894.719,106.80380000000001,1894.719,106.35470000000001
1895.201,105.8547,1895.201,106.9888,1895.201,106.8252,1895.201,106.3513
1895.683,105.8705,1895.683,107.0224,1895.683,106.86240000000001,1895.683,106.3614
1896.165,105.8845,1896.165,107.06389999999999,1896.165,106.9078,1896.165,106.38099999999999
1896.647,105.89280000000001,1896.647,107.1042,1896.647,106.95159999999998,1896.647,106.4031
1897.1290000000001,105.8924,1897.1290000000001,107.1353,1897.1290000000001,106.98570000000001,1897.1290000000001,106.4211
1897.612,105.8828,1897.612,107.15410000000001,1897.612,107.00739999999999,1897.612,106.4314
1898.094,105.866,1898.094,107.1623,1898.094,107.0188,1898.094,106.43480000000001
1898.576,105.8471,1898.576,107.1651,1898.576,107.02560000000001,1898.576,106.4351
1899.0580000000002,105.8317,1899.0580000000002,107.16779999999999,1899.0580000000002,107.0328,1899.0580000000002,106.4367
1899.54,105.8244,1899.54,107.1729,1899.54,107.0424,1899.54,106.4419
1900.022,105.8264,1900.022,107.1785,1900.022,107.05149999999999,1900.022,106.4498
1900.504,105.8352,1900.504,107.17939999999999,1900.504,107.0545,1900.504,106.4569
1900.986,105.84530000000001,1900.986,107.17030000000001,1900.986,107.04599999999999,1900.986,106.4591
1901.469,105.8509,1901.469,107.14859999999999,1901.469,107.0241,1901.469,106.4549
1901.951,105.8479,1901.951,107.11630000000001,1901.951,106.9918,1901.951,106.44579999999999
1902.433,105.8354,1902.433,107.07960000000001,1902.433,106.956,1902.433,106.43599999999999
1902.9150000000002,105.81540000000001,1902.9150000000002,107.0452,1902.9150000000002,106.92360000000001,1902.9150000000002,106.4296
1903.397,105.7919,1903.397,107.01769999999999,1903.397,106.8989,1903.397,106.42819999999999
1903.879,105.7679,1903.879,106.99730000000001,1903.879,106.881,1903.879,106.4301
1904.3609999999999,105.7453,1904.3609999999999,106.9804,1904.3609999999999,106.8653,1904.3609999999999,106.4306
1904.843,105.7236,1904.843,106.9618,1904.843,106.8463,1904.843,106.4253
1905.325,105.7018,1905.325,106.938,1905.325,106.8206,1905.325,106.41179999999999
1905.808,105.67880000000001,1905.808,106.9087,1905.808,106.789,1905.808,106.3915
1906.29,105.6551,1906.29,106.8772,1906.29,106.7559,1906.29,106.36829999999999
1906.7720000000002,105.63210000000001,1906.7720000000002,106.84769999999999,1906.7720000000002,106.72699999999999,1906.7720000000002,106.3466
1907.254,105.612,1907.254,106.8238,1907.254,106.70660000000001,1907.254,106.32900000000001
1907.7359999999999,105.5966,1907.7359999999999,106.8067,1907.7359999999999,106.6956,1907.7359999999999,106.31530000000001
1908.218,105.5865,1908.218,106.7948,1908.218,106.69219999999999,1908.218,106.30340000000001
1908.7,105.58160000000001,1908.7,106.78609999999999,1908.7,106.693,1908.7,106.2915
1909.182,105.5811,1909.182,106.7795,1909.182,106.6958,1909.182,106.28020000000001
1909.665,105.58449999999999,1909.665,106.7761,1909.665,106.7006,1909.665,106.2729
1910.147,105.59179999999999,1910.147,106.7784,1910.147,106.7088,1910.147,106.274
1910.6290000000001,105.6031,1910.6290000000001,106.78840000000001,1910.6290000000001,106.72170000000001,1910.6290000000001,106.28599999999999
1911.111,105.6176,1911.111,106.8055,1911.111,106.73859999999999,1911.111,106.3071
1911.5929999999998,105.6335,1911.5929999999998,106.8263,1911.5929999999998,106.756,1911.5929999999998,106.3314
1912.075,105.64750000000001,1912.075,106.8456,1912.075,106.76920000000001,1912.075,106.35090000000001
1912.557,105.65579999999999,1912.557,106.8589,1912.557,106.77430000000001,1912.557,106.3585
1913.039,105.6556,1913.039,106.8641,1913.039,106.77019999999999,1913.039,106.3512
1913.521,105.6459,1913.521,106.86240000000001,1913.521,106.7588,1913.521,106.3308
1914.0040000000001,105.6281,1914.0040000000001,106.85709999999999,1914.0040000000001,106.74440000000001,1914.0040000000001,106.3026
1914.486,105.6057,1914.486,106.8519,1914.486,106.73079999999999,1914.486,106.27279999999999
1914.968,105.5831,1914.968,106.84899999999999,1914.968,106.7198,1914.968,106.2457
1915.4499999999998,105.56429999999999,1915.4499999999998,106.8481,1915.4499999999998,106.7107,1915.4499999999998,106.2227
1915.932,105.55250000000001,1915.932,106.84769999999999,1915.932,106.7018,1915.932,106.20339999999999
1916.414,105.5504,1916.414,106.84750000000001,1916.414,106.69239999999999,1916.414,106.1876
1916.896,105.5599,1916.896,106.84949999999999,1916.896,106.6857,1916.896,106.178
1917.378,105.58130000000001,1917.378,106.8575,1917.378,106.687,1917.378,106.17890000000001
1917.861,105.61160000000001,1917.861,106.8734,1917.861,106.7004,1917.861,106.1935
1918.343,105.6438,1918.343,106.89359999999999,1918.343,106.7245,1918.343,106.21860000000001
1918.825,105.66819999999998,1918.825,106.9085,1918.825,106.7504,1918.825,106.2447
1919.3069999999998,105.67629999999998,1919.3069999999998,106.9062,1919.3069999999998,106.7663,1919.3069999999998,106.2586
1919.789,105.664,1919.789,106.87930000000001,1919.789,106.76339999999999,1919.789,106.2503
1920.271,105.6327,1920.271,106.82799999999999,1920.271,106.7397,1920.271,106.2166
1920.753,105.5892,1920.753,106.7615,1920.753,106.70139999999999,1920.753,106.16319999999999
1921.2350000000001,105.54410000000001,1921.2350000000001,106.6958,1921.2350000000001,106.6609,1921.2350000000001,106.1028
1921.718,105.50949999999999,1921.718,106.65,1921.718,106.633,1921.718,106.05199999999999
1922.199,105.496,1922.199,106.6398,1922.199,106.6295,1922.199,106.02629999999999
1922.682,105.5089,1922.682,106.67150000000001,1922.682,106.6536,1922.682,106.03370000000001
1923.1639999999998,105.54540000000001,1923.1639999999998,106.73760000000001,1923.1639999999998,106.69740000000002,1923.1639999999998,106.0712
1923.646,105.5952,1923.646,106.8195,1923.646,106.74570000000001,1923.646,106.1259
1924.1280000000002,105.6457,1924.1280000000002,106.89699999999999,1924.1280000000002,106.7839,1924.1280000000002,106.1831
1924.61,105.688,1924.61,106.95710000000001,1924.61,106.80529999999999,1924.61,106.233
1925.092,105.72,1925.092,106.9982,1925.092,106.8133,1925.092,106.2747
1925.574,105.7451,1925.574,107.0269,1925.574,106.8179,1925.574,106.31330000000001
1926.056,105.76939999999999,1926.056,107.0525,1926.056,106.8295,1926.056,106.35520000000001
1926.539,105.7981,1926.539,107.08040000000001,1926.539,106.8535,1926.539,106.4031
1927.021,105.8319,1927.021,107.1098,1927.021,106.8881,1927.021,106.45320000000001
1927.503,105.8676,1927.503,107.13440000000001,1927.503,106.9255,1927.503,106.49759999999999
1927.9850000000001,105.89900000000002,1927.9850000000001,107.1462,1927.9850000000001,106.956,1927.9850000000001,106.5273
1928.4669999999999,105.9201,1928.4669999999999,107.1404,1928.4669999999999,106.9726,1928.4669999999999,106.5384
1928.949,105.9282,1928.949,107.1189,1928.949,106.9742,1928.949,106.53330000000001
1929.431,105.9244,1929.431,107.08930000000001,1929.431,106.96520000000001,1929.431,106.52060000000002
1929.913,105.9131,1929.913,107.061,1929.913,106.95179999999999,1929.913,106.50999999999999
1930.396,105.89930000000001,1930.396,107.04180000000001,1930.396,106.93839999999999,1930.396,106.50789999999999
1930.878,105.8868,1930.878,107.03389999999999,1930.878,106.92600000000002,1930.878,106.51429999999999
1931.36,105.87679999999999,1931.36,107.035,1931.36,106.913,1931.36,106.5238
1931.842,105.86869999999999,1931.842,107.0406,1931.842,106.8983,1931.842,106.52950000000001
1932.3239999999998,105.862,1932.3239999999998,107.0481,1932.3239999999998,106.88439999999999,1932.3239999999998,106.5274
1932.806,105.85709999999999,1932.806,107.0588,1932.806,106.8779,1932.806,106.519
1933.288,105.85610000000001,1933.288,107.07709999999999,1933.288,106.88709999999999,1933.288,106.5109
1933.77,105.8611,1933.77,107.10690000000001,1933.77,106.9176,1933.77,106.5107
1934.252,105.87310000000001,1934.252,107.14920000000001,1934.252,106.9684,1934.252,106.5226
1934.735,105.89059999999999,1934.735,107.199,1934.735,107.0307,1934.735,106.54490000000001
1935.2169999999999,105.9097,1935.2169999999999,107.2476,1935.2169999999999,107.0914,1935.2169999999999,106.5705
1935.699,105.92580000000001,1935.699,107.2856,1935.699,107.1381,1935.699,106.5905
1936.181,105.9361,1936.181,107.30789999999999,1936.181,107.1648,1936.181,106.59870000000001
1936.663,105.94019999999999,1936.663,107.3144,1936.663,107.173,1936.663,106.5941
1937.1450000000002,105.94019999999999,1937.1450000000002,107.30930000000001,1937.1450000000002,107.17049999999999,1937.1450000000002,106.5801
1937.627,105.9388,1937.627,107.29729999999999,1937.627,107.1647,1937.627,106.56129999999999
1938.109,105.9367,1938.109,107.2796,1938.109,107.15840000000001,1938.109,106.53999999999999
1938.5919999999999,105.932,1938.5919999999999,107.25359999999999,1938.5919999999999,107.14760000000001,1938.5919999999999,106.51459999999999
1939.074,105.92029999999998,1939.074,107.2139,1939.074,107.1237,1939.074,106.48070000000001
1939.556,105.8973,1939.556,107.1572,1939.556,107.0784,1939.556,106.43480000000001
1940.038,105.8611,1940.038,107.08569999999999,1940.038,107.0095,1940.038,106.3781
1940.52,105.81419999999999,1940.52,107.00909999999999,1940.52,106.92349999999999,1940.52,106.31759999999998
1941.0020000000002,105.76350000000001,1941.0020000000002,106.94200000000001,1941.0020000000002,106.8344,1941.0020000000002,106.2652
1941.484,105.71759999999999,1941.484,106.8989,1941.484,106.759,1941.484,106.2325
1941.966,105.6835,1941.966,106.88740000000001,1941.966,106.7102,1941.966,106.2248
1942.4479999999999,105.6624,1942.4479999999999,106.90280000000001,1942.4479999999999,106.6903,1942.4479999999999,106.2368
1942.931,105.6494,1942.931,106.92960000000001,1942.931,106.69109999999999,1942.931,106.25450000000001
1943.413,105.63640000000001,1943.413,106.9491,1943.413,106.6988,1943.413,106.2624
1943.895,105.61769999999999,1943.895,106.9496,1943.895,106.70329999999998,1943.895,106.2528
1944.377,105.59400000000001,1944.377,106.93209999999999,1944.377,106.7034,1944.377,106.2301
1944.8590000000002,105.57270000000001,1944.8590000000002,106.90759999999999,1944.8590000000002,106.7059,1944.8590000000002,106.2081
1945.341,105.5634,1945.341,106.89,1945.341,106.7201,1945.341,106.20210000000002
1945.8229999999999,105.5741,1945.8229999999999,106.8893,1945.8229999999999,106.7514,1945.8229999999999,106.22229999999999
1946.305,105.6066,1946.305,106.9065,1946.305,106.7971,1946.305,106.2684
1946.788,105.6552,1946.788,106.9337,1946.788,106.84750000000001,1946.788,106.3299
1947.27,105.7084,1947.27,106.9583,1947.27,106.88990000000001,1947.27,106.3902
1947.752,105.7536,1947.752,106.96900000000001,1947.752,106.91470000000001,1947.752,106.4331
1948.234,105.7807,1948.234,106.9607,1948.234,106.9191,1948.234,106.4495
1948.7160000000001,105.78620000000001,1948.7160000000001,106.93520000000001,1948.7160000000001,106.907,1948.7160000000001,106.43849999999999
1949.198,105.7712,1949.198,106.8982,1949.198,106.8854,1949.198,106.4052
1949.6799999999998,105.73989999999999,1949.6799999999998,106.8552,1949.6799999999998,106.85929999999999,1949.6799999999998,106.35669999999999
1950.162,105.69649999999999,1950.162,106.80890000000001,1950.162,106.82910000000001,1950.162,106.29839999999999
1950.645,105.64450000000001,1950.645,106.7592,1950.645,106.7923,1950.645,106.2341
1951.126,105.5871,1951.126,106.70649999999999,1951.126,106.74730000000001,1951.126,106.1677
1951.609,105.5293,1951.609,106.6551,1951.609,106.6975,1951.609,106.1063
1952.0910000000001,105.47800000000001,1952.0910000000001,106.61359999999999,1952.0910000000001,106.6524,1952.0910000000001,106.0596
1952.573,105.4417,1952.573,106.5935,1952.573,106.6251,1952.573,106.0391
1953.055,105.4276,1953.055,106.6033,1953.055,106.62620000000001,1953.055,106.0525
1953.5369999999998,105.4381,1953.5369999999998,106.64469999999999,1953.5369999999998,106.6589,1953.5369999999998,106.10029999999999
1954.019,105.4691,1954.019,106.7094,1954.019,106.7157,1954.019,106.173
1954.501,105.5099,1954.501,106.7822,1954.501,106.7814,1954.501,106.25389999999999
1954.983,105.5466,1954.983,106.8457,1954.983,106.8393,1954.983,106.3242
1955.466,105.569,1955.466,106.8893,1955.466,106.87899999999999,1955.466,106.37159999999999
1955.948,105.57419999999999,1955.948,106.9131,1955.948,106.90129999999999,1955.948,106.3939
1956.43,105.56840000000001,1956.43,106.92710000000001,1956.43,106.9163,1956.43,106.39989999999999
1956.912,105.5633,1956.912,106.94539999999999,1956.912,106.9368,1956.912,106.40259999999999
1957.3939999999998,105.5708,1957.3939999999998,106.97879999999999,1957.3939999999998,106.97049999999999,1957.3939999999998,106.41380000000001
1957.876,105.5968,1957.876,107.0292,1957.876,107.0154,1957.876,106.4381
1958.358,105.6388,1958.358,107.0897,1958.358,107.0608,1958.358,106.47340000000001
1958.84,105.6864,1958.84,107.14829999999999,1958.84,107.0934,1958.84,106.5137
1959.3229999999999,105.72760000000001,1959.3229999999999,107.195,1959.3229999999999,107.1067,1959.3229999999999,106.5557
1959.805,105.75429999999999,1959.805,107.2273,1959.805,107.10589999999999,1959.805,106.6017
1960.287,105.7668,1960.287,107.2508,1960.287,107.10740000000001,1960.287,106.6595
1960.769,105.7731,1960.769,107.2751,1960.769,107.13029999999999,1960.769,106.73729999999999
1961.2509999999997,105.78490000000001,1961.2509999999997,107.30789999999999,1961.2509999999997,107.18719999999999,1961.2509999999997,106.837
1961.733,105.8111,1961.733,107.35,1961.733,107.2758,1961.733,106.9504
1962.2150000000001,105.8537,1962.2150000000001,107.39609999999999,1962.2150000000001,107.37840000000001,1962.2150000000001,107.06
1962.697,105.90679999999999,1962.697,107.4382,1962.697,107.469,1962.697,107.14580000000001
1963.179,105.96000000000001,1963.179,107.47240000000001,1963.179,107.52420000000001,1963.179,107.1941
1963.662,106.0035,1963.662,107.50090000000002,1963.662,107.5331,1963.662,107.20309999999999
1964.144,106.03190000000001,1964.144,107.53200000000001,1964.144,107.50059999999999,1964.144,107.18319999999999
1964.626,106.0451,1964.626,107.574,1964.626,107.44340000000001,1964.626,107.151
1965.108,106.04690000000001,1965.108,107.6304,1965.108,107.3828,1965.108,107.12280000000001
1965.59,106.0422,1965.59,107.69519999999999,1965.59,107.3369,1965.59,107.1085
1966.0720000000001,106.035,1966.0720000000001,107.7555,1966.0720000000001,107.31649999999999,1966.0720000000001,107.1102
1966.5539999999999,106.0274,1966.5539999999999,107.79589999999999,1966.5539999999999,107.3232,1966.5539999999999,107.1239
1967.036,106.02149999999999,1967.036,107.80760000000001,1967.036,107.3528,1967.036,107.14429999999999
1967.519,106.0195,1967.519,107.7923,1967.519,107.398,1967.519,107.16829999999999
1968.0010000000002,106.02480000000001,1968.0010000000002,107.7607,1968.0010000000002,107.45230000000001,1968.0010000000002,107.1955
1968.483,106.03899999999999,1968.483,107.72409999999999,1968.483,107.5094,1968.483,107.22480000000002
1968.965,106.06119999999999,1968.965,107.68860000000001,1968.965,107.5623,1968.965,107.2511
1969.447,106.08550000000001,1969.447,107.65150000000001,1969.447,107.6018,1969.447,107.2646
1969.929,106.10310000000001,1969.929,107.6056,1969.929,107.61959999999999,1969.929,107.25439999999999
1970.4109999999998,106.10459999999999,1970.4109999999998,107.54539999999999,1970.4109999999998,107.6105,1970.4109999999998,107.21400000000001
1970.893,106.08539999999999,1970.893,107.47390000000001,1970.893,107.57600000000001,1970.893,107.14699999999999
1971.375,106.0476,1971.375,107.4031,1971.375,107.524,1971.375,107.0673
1971.8580000000002,106.0001,1971.8580000000002,107.3493,1971.8580000000002,107.465,1971.8580000000002,106.9939
1972.34,105.954,1972.34,107.3234,1972.34,107.406,1972.34,106.9426
1972.822,105.91850000000001,1972.822,107.3243,1972.822,107.34660000000001,1972.822,106.9183
1973.3039999999999,105.89569999999999,1973.3039999999999,107.33600000000001,1973.3039999999999,107.27869999999999,1973.3039999999999,106.91239999999999
1973.786,105.8807,1973.786,107.3342,1973.786,107.19330000000001,1973.786,106.907
1974.2679999999998,105.8638,1974.2679999999998,107.29729999999999,1974.2679999999998,107.0873,1974.2679999999998,106.88390000000001
1974.75,105.83689999999999,1974.75,107.2189,1974.75,106.97030000000001,1974.75,106.835
1975.2320000000002,105.7974,1975.2320000000002,107.1129,1975.2320000000002,106.86359999999999,1975.2320000000002,106.7668
1975.7150000000001,105.7507,1975.7150000000001,107.0088,1975.7150000000001,106.7928,1975.7150000000001,106.6976
1976.197,105.707,1976.197,106.9386,1976.197,106.7753,1976.197,106.6478
1976.6789999999999,105.6761,1976.6789999999999,106.92409999999998,1976.6789999999999,106.8109,1976.6789999999999,106.63
1977.161,105.66260000000001,1977.161,106.9664,1977.161,106.8786,1977.161,106.6422
1977.643,105.66329999999999,1977.643,107.047,1977.643,106.9439,1977.643,106.6698
1978.125,105.6694,1978.125,107.13589999999999,1978.125,106.9726,1978.125,106.69239999999999
1978.607,105.67120000000001,1978.607,107.20639999999999,1978.607,106.94650000000001,1978.607,106.69569999999999
1979.0890000000002,105.663,1979.0890000000002,107.2449,1979.0890000000002,106.8701,1979.0890000000002,106.6768
1979.5720000000001,105.6451,1979.5720000000001,107.25260000000002,1979.5720000000001,106.76619999999998,1979.5720000000001,106.64370000000001
1980.0529999999999,105.6215,1980.0529999999999,107.23899999999999,1980.0529999999999,106.6637,1980.0529999999999,106.60810000000001
1980.5359999999998,105.59700000000001,1980.5359999999998,107.2131,1980.5359999999998,106.58510000000001,1980.5359999999998,106.57799999999999
1981.018,105.57369999999999,1981.018,107.17760000000001,1981.018,106.5387,1981.018,106.55380000000001
1981.5,105.55099999999999,1981.5,107.1297,1981.5,106.5191,1981.5,106.5296
1981.982,105.52649999999998,1981.982,107.06519999999999,1981.982,106.5129,1981.982,106.4983
1982.464,105.4999,1982.464,106.98509999999999,1982.464,106.5066,1982.464,106.4571
1982.9460000000001,105.47370000000001,1982.9460000000001,106.8977,1982.9460000000001,106.493,1982.9460000000001,106.4096
1983.4279999999999,105.45320000000001,1983.4279999999999,106.81670000000001,1983.4279999999999,106.4733,1983.4279999999999,106.3642
1983.9099999999999,105.44279999999999,1983.9099999999999,106.75479999999999,1983.9099999999999,106.45389999999999,1983.9099999999999,106.32809999999999
1984.3929999999998,105.44409999999999,1984.3929999999998,106.7183,1984.3929999999998,106.441,1984.3929999999998,106.3028
1984.875,105.4524,1984.875,106.7034,1984.875,106.4368,1984.875,106.2813
1985.357,105.45850000000002,1985.357,106.69930000000001,1985.357,106.4387,1985.357,106.25139999999999
1985.839,105.45230000000001,1985.839,106.693,1985.839,106.44210000000001,1985.839,106.2015
1986.321,105.4276,1986.321,106.6773,1986.321,106.444,1986.321,106.1275
1986.803,105.3857,1986.803,106.6544,1986.803,106.44610000000002,1986.803,106.03640000000001
1987.2849999999999,105.3353,1987.2849999999999,106.63430000000001,1987.2849999999999,106.45370000000001,1987.2849999999999,105.94349999999999
1987.7669999999998,105.2883,1987.7669999999998,106.62879999999998,1987.7669999999998,106.4724,1987.7669999999998,105.8665
1988.2499999999998,105.25489999999999,1988.2499999999998,106.64469999999999,1988.2499999999998,106.504,1988.2499999999998,105.8173
1988.7320000000002,105.23819999999999,1988.7320000000002,106.67819999999999,1988.7320000000002,106.54410000000001,1988.7320000000002,105.79799999999999
1989.214,105.2343,1989.214,106.717,1989.214,106.58350000000002,1989.214,105.80149999999999
1989.696,105.2344,1989.696,106.745,1989.696,106.61290000000001,1989.696,105.81640000000002
1990.178,105.2314,1990.178,106.7516,1990.178,106.62780000000001,1990.178,105.8345
1990.66,105.2246,1990.66,106.7367,1990.66,106.63149999999999,1990.66,105.8552
1991.142,105.222,1991.142,106.7118,1991.142,106.6345,1991.142,105.886
1991.6239999999998,105.2376,1991.6239999999998,106.69539999999999,1991.6239999999998,106.6494,1991.6239999999998,105.9372
1992.1060000000002,105.2848,1992.1060000000002,106.70429999999999,1992.1060000000002,106.6848,1992.1060000000002,106.0149
1992.5890000000002,105.3682,1992.5890000000002,106.7463,1992.5890000000002,106.74090000000001,1992.5890000000002,106.1145
1993.0710000000001,105.4806,1993.0710000000001,106.8176,1993.0710000000001,106.80940000000001,1993.0710000000001,106.222
1993.5529999999999,105.6047,1993.5529999999999,106.90610000000001,1993.5529999999999,106.8784,1993.5529999999999,106.3187
1994.035,105.7205,1994.035,106.9995,1994.035,106.9383,1994.035,106.3912
1994.517,105.8128,1994.517,107.09,1994.517,106.98490000000001,1994.517,106.4351
1994.999,105.87480000000001,1994.999,107.17609999999999,1994.999,107.0195,1994.999,106.4568
1995.4809999999998,105.9077,1995.4809999999998,107.25880000000001,1995.4809999999998,107.04480000000001,1995.4809999999998,106.46770000000001
1995.9630000000002,105.9175,1995.9630000000002,107.33760000000001,1995.9630000000002,107.06230000000001,1995.9630000000002,106.47899999999998
1996.4460000000001,105.9107,1996.4460000000001,107.40700000000001,1996.4460000000001,107.07,1996.4460000000001,106.4973
1996.928,105.89269999999999,1996.928,107.45689999999999,1996.928,107.0649,1996.928,106.52289999999999
1997.4099999999999,105.86670000000001,1997.4099999999999,107.47670000000001,1997.4099999999999,107.0459,1997.4099999999999,106.55190000000002
1997.892,105.837,1997.892,107.46180000000001,1997.892,107.01780000000001,1997.892,106.5807
1998.374,105.81,1998.374,107.4164,1998.374,106.9906,1998.374,106.60849999999999
1998.856,105.7958,1998.856,107.3533,1998.856,106.97730000000001,1998.856,106.6389
1999.3379999999997,105.80560000000001,1999.3379999999997,107.28850000000001,1999.3379999999997,106.98719999999999,1999.3379999999997,106.6771
1999.8200000000002,105.8478,1999.8200000000002,107.2363,1999.8200000000002,107.0217,1999.8200000000002,106.7261
2000.3020000000001,105.92349999999999,2000.3020000000001,107.2046,2000.3020000000001,107.0722,2000.3020000000001,106.78410000000001
2000.785,106.0244,2000.785,107.1936,2000.785,107.12379999999999,2000.785,106.8448
2001.2669999999998,106.13300000000001,2001.2669999999998,107.19879999999999,2001.2669999999998,107.1608,2001.2669999999998,106.89980000000001
2001.7489999999998,106.2287,2001.7489999999998,107.21430000000001,2001.7489999999998,107.1744,2001.7489999999998,106.94319999999999
2002.231,106.2937,2002.231,107.2363,2002.231,107.16600000000001,2002.231,106.97330000000001
2002.713,106.319,2002.713,107.2635,2002.713,107.14529999999999,2002.713,106.99300000000001
2003.195,106.3046,2003.195,107.29390000000001,2003.195,107.12429999999999,2003.195,107.00510000000001
2003.6770000000001,106.2586,2003.6770000000001,107.3223,2003.6770000000001,107.1104,2003.6770000000001,107.00909999999999
2004.159,106.19149999999999,2004.159,107.3388,2004.159,107.1015,2004.159,106.99860000000001
2004.642,106.11410000000001,2004.642,107.33200000000001,2004.642,107.0878,2004.642,106.9648
2005.1239999999998,106.0335,2005.1239999999998,107.294,2005.1239999999998,107.056,2005.1239999999998,106.901
2005.6060000000002,105.9544,2005.6060000000002,107.22689999999999,2005.6060000000002,106.9982,2005.6060000000002,106.80959999999999
2006.0880000000002,105.87960000000001,2006.0880000000002,107.1446,2006.0880000000002,106.9168,2006.0880000000002,106.70349999999999
2006.57,105.8115,2006.57,107.06819999999999,2006.57,106.8246,2006.57,106.60350000000001
2007.052,105.7523,2007.052,107.0173,2007.052,106.7397,2007.052,106.5296
2007.534,105.70330000000001,2007.534,107.002,2007.534,106.6781,2007.534,106.4935
2008.016,105.66290000000001,2008.016,107.01650000000001,2008.016,106.6468,2008.016,106.49249999999999
2008.499,105.6271,2008.499,107.0433,2008.499,106.64359999999999,2008.499,106.5119
2008.9800000000002,105.5905,2008.9800000000002,107.06020000000001,2008.9800000000002,106.65899999999999,2008.9800000000002,106.5318
2009.4630000000002,105.55000000000001,2009.4630000000002,107.0524,2009.4630000000002,106.6835,2009.4630000000002,106.53760000000001
2009.9450000000002,105.50729999999999,2009.9450000000002,107.0188,2009.9450000000002,106.71170000000001,2009.9450000000002,106.5263
2010.427,105.46940000000001,2010.427,106.9721,2010.427,106.7436,2010.427,106.50729999999999
2010.9089999999999,105.44610000000002,2010.9089999999999,106.931,2010.9089999999999,106.7815,2010.9089999999999,106.4963
2011.391,105.4454,2011.391,106.91029999999999,2011.391,106.82450000000001,2011.391,106.50599999999999
2011.873,105.4683,2011.873,106.913,2011.873,106.8646,2011.873,106.538
2012.3549999999998,105.50630000000001,2012.3549999999998,106.928,2012.3549999999998,106.8873,2012.3549999999998,106.5807
2012.8370000000002,105.54159999999999,2012.8370000000002,106.9343,2012.8370000000002,106.8762,2012.8370000000002,106.61210000000001
2013.3200000000002,105.55449999999999,2013.3200000000002,106.9102,2013.3200000000002,106.82050000000001,2013.3200000000002,106.6095
2013.8020000000001,105.52900000000001,2013.8020000000001,106.84270000000001,2013.8020000000001,106.7203,2013.8020000000001,106.5577
2014.2839999999999,105.4606,2014.2839999999999,106.7324,2014.2839999999999,106.5885,2014.2839999999999,106.45530000000001
2014.7659999999998,105.3566,2014.7659999999998,106.59190000000001,2014.7659999999998,106.44739999999999,2014.7659999999998,106.3137
2015.248,105.2356,2015.248,106.44149999999999,2015.248,106.3228,2015.248,106.1537
2015.73,105.1202,2015.73,106.302,2015.73,106.2374,2015.73,105.99829999999999
2016.212,105.0318,2016.212,106.1901,2016.212,106.2056,2016.212,105.86850000000001
2016.6940000000002,104.982,2016.6940000000002,106.1143,2016.6940000000002,106.22890000000001,2016.6940000000002,105.77749999999999
2017.1770000000001,104.9706,2017.1770000000001,106.07560000000001,2017.1770000000001,106.2965,2017.1770000000001,105.7304
2017.659,104.9853,2017.659,106.0686,2017.659,106.38860000000001,2017.659,105.72330000000001
2018.141,105.0083,2018.141,106.08539999999999,2018.141,106.4824,2018.141,105.7482
2018.6229999999998,105.0225,2018.6229999999998,106.1174,2018.6229999999998,106.55779999999999,2018.6229999999998,105.79419999999999
2019.1050000000002,105.01750000000001,2019.1050000000002,106.1575,2019.1050000000002,106.6006,2019.1050000000002,105.8509
2019.587,104.9906,2019.587,106.19959999999999,2019.587,106.60510000000001,2019.587,105.90869999999998
2020.069,104.9471,2020.069,106.2406,2020.069,106.5744,2020.069,105.96039999999999
2020.5510000000002,104.89729999999999,2020.5510000000002,106.2803,2020.5510000000002,106.52040000000001,2020.5510000000002,106.0017
2021.0330000000001,104.85409999999999,2021.0330000000001,106.3233,2021.0330000000001,106.4608,2021.0330000000001,106.0325
2021.516,104.829,2021.516,106.37689999999999,2021.516,106.41449999999999,2021.516,106.0565
2021.998,104.82959999999999,2021.998,106.4486,2021.998,106.39590000000001,2021.998,106.07910000000001
2022.4799999999998,104.85759999999999,2022.4799999999998,106.54110000000001,2022.4799999999998,106.4103,2022.4799999999998,106.1045
2022.9620000000002,104.9088,2022.9620000000002,106.65039999999999,2022.9620000000002,106.4528,2022.9620000000002,106.1331
2023.444,104.9736,2023.444,106.7639,2023.444,106.5097,2023.444,106.1606
2023.926,105.0398,2023.926,106.8654,2023.926,106.56540000000001,2023.926,106.18
2024.4080000000001,105.0957,2024.4080000000001,106.9401,2024.4080000000001,106.6069,2024.4080000000001,106.18469999999999
2024.89,105.135,2024.89,106.982,2024.89,106.6301,2024.89,106.1728
2025.373,105.15859999999999,2025.373,106.9958,2025.373,106.6392,2025.373,106.1485
2025.855,105.17510000000001,2025.855,106.99510000000001,2025.855,106.64450000000001,2025.855,106.1212
2026.3369999999998,105.19639999999998,2026.3369999999998,106.99549999999999,2026.3369999999998,106.6559,2026.3369999999998,106.1018
2026.8190000000002,105.2344,2026.8190000000002,107.009,2026.8190000000002,106.67869999999999,2026.8190000000002,106.09949999999999
2027.301,105.29509999999999,2027.301,107.039,2027.301,106.7123,2027.301,106.1182
2027.783,105.3766,2027.783,107.0821,2027.783,106.7517,2027.783,106.1576
2028.265,105.4688,2028.265,107.1305,2028.265,106.7912,2028.265,106.2125
2028.747,105.55810000000001,2028.747,107.1785,2028.747,106.82830000000001,2028.747,106.2767
2029.229,105.6317,2029.229,107.22540000000001,2029.229,106.86390000000002,2029.229,106.34440000000001
2029.712,105.6829,2029.712,107.2751,2029.712,106.9014,2029.712,106.4111
2030.1939999999997,105.71209999999999,2030.1939999999997,107.33239999999999,2030.1939999999997,106.94269999999999,2030.1939999999997,106.47310000000002
2030.6760000000002,105.7267,2030.6760000000002,107.39890000000001,2030.6760000000002,106.98719999999999,2030.6760000000002,106.528
2031.1580000000001,105.7372,2031.1580000000001,107.47040000000001,2031.1580000000001,107.0312,2031.1580000000001,106.5738
2031.6399999999999,105.7536,2031.6399999999999,107.5385,2031.6399999999999,107.07119999999999,2031.6399999999999,106.61160000000001
2032.1220000000003,105.782,2032.1220000000003,107.59440000000001,2032.1220000000003,107.107,2032.1220000000003,106.646
2032.604,105.8229,2032.604,107.63419999999999,2032.604,107.14269999999999,2032.604,106.68549999999999
2033.086,105.8704,2033.086,107.66040000000001,2033.086,107.18520000000001,2033.086,106.73889999999999
2033.569,105.9145,2033.569,107.6801,2033.569,107.2394,2033.569,106.81110000000001
2034.051,105.94330000000001,2034.051,107.6998,2034.051,107.30420000000001,2034.051,106.8992
2034.5330000000001,105.9469,2034.5330000000001,107.72120000000001,2034.5330000000001,107.3717,2034.5330000000001,106.99130000000001
2035.015,105.91919999999999,2035.015,107.7382,2035.015,107.429,2035.015,107.0694
2035.4969999999998,105.8618,2035.4969999999998,107.7405,2035.4969999999998,107.46560000000001,2035.4969999999998,107.1161
2035.9790000000003,105.784,2035.9790000000003,107.71790000000001,2035.9790000000003,107.4781,2035.9790000000003,107.122
2036.461,105.70150000000001,2036.461,107.66640000000001,2036.461,107.47310000000002,2036.461,107.0894
2036.943,105.6317,2036.943,107.5898,2036.943,107.463,2036.943,107.0316
2037.426,105.58909999999999,2037.426,107.49709999999999,2037.426,107.45960000000001,2037.426,106.96669999999999
2037.9070000000002,105.5809,2037.9070000000002,107.39810000000001,2037.9070000000002,107.46690000000001,2037.9070000000002,106.9098
2038.39,105.60549999999999,2038.39,107.2993,2038.39,107.4778,2038.39,106.8676
2038.872,105.65310000000001,2038.872,107.20190000000001,2038.872,107.4776,2038.872,106.8376
2039.3539999999998,105.7094,2039.3539999999998,107.1051,2039.3539999999998,107.45039999999999,2039.3539999999998,106.81179999999999
2039.8360000000002,105.7604,2039.8360000000002,107.00840000000001,2039.8360000000002,107.3879,2039.8360000000002,106.7815
2040.318,105.79719999999999,2040.318,106.9163,2040.318,107.295,2040.318,106.744
2040.8,105.81799999999998,2040.8,106.83769999999998,2040.8,107.1885,2040.8,106.70360000000001
2041.282,105.82830000000001,2041.282,106.78320000000001,2041.282,107.0906,2041.282,106.6691
2041.7640000000001,105.8357,2041.7640000000001,106.76010000000001,2041.7640000000001,107.0193,2041.7640000000001,106.6495
2042.247,105.8466,2042.247,106.76820000000001,2042.247,106.9817,2042.247,106.64849999999998
2042.729,105.8615,2042.729,106.7981,2042.729,106.9724,2042.729,106.6617
2043.2109999999998,105.8749,2043.2109999999998,106.8343,2043.2109999999998,106.9769,2043.2109999999998,106.67869999999999
2043.6930000000002,105.87629999999999,2043.6930000000002,106.8589,2043.6930000000002,106.9787,2043.6930000000002,106.6867
2044.1750000000002,105.8552,2044.1750000000002,106.85929999999999,2044.1750000000002,106.96570000000001,2044.1750000000002,106.6763
2044.657,105.8041,2044.657,106.831,2044.657,106.9332,2044.657,106.64389999999999
2045.139,105.72170000000001,2045.139,106.77810000000001,2045.139,106.88359999999999,2045.139,106.593
2045.6219999999998,105.6128,2045.6219999999998,106.71029999999999,2045.6219999999998,106.8222,2045.6219999999998,106.5314
2046.104,105.4879,2046.104,106.64020000000001,2046.104,106.75479999999999,2046.104,106.4683
2046.586,105.36080000000001,2046.586,106.57900000000001,2046.586,106.68580000000001,2046.586,106.41130000000001
2047.068,105.247,2047.068,106.5362,2047.068,106.62020000000001,2047.068,106.3655
2047.5500000000002,105.1601,2047.5500000000002,106.5178,2047.5500000000002,106.5645,2047.5500000000002,106.3331
2048.032,105.1103,2048.032,106.5271,2048.032,106.528,2048.032,106.31379999999999
2048.514,105.1012,2048.514,106.56360000000001,2048.514,106.5192,2048.514,106.30470000000001
2048.9959999999996,105.129,2048.9959999999996,106.6223,2048.9959999999996,106.54220000000001,2048.9959999999996,106.30120000000001
2049.479,105.18339999999999,2049.479,106.69290000000001,2049.479,106.5933,2049.479,106.29690000000001
2049.96,105.24990000000001,2049.96,106.7625,2049.96,106.66009999999999,2049.96,106.2851
2050.443,105.3131,2050.443,106.81719999999999,2050.443,106.72500000000001,2050.443,106.2608
2050.9249999999997,105.36099999999999,2050.9249999999997,106.8471,2050.9249999999997,106.7712,2050.9249999999997,106.2235
2051.407,105.3874,2051.407,106.84899999999999,2051.407,106.7885,2051.407,106.1777
2051.889,105.39359999999999,2051.889,106.82780000000001,2051.889,106.7763,2051.889,106.1323
2052.371,105.38719999999999,2052.371,106.79419999999999,2052.371,106.74289999999999,2052.371,106.0983
2052.8529999999996,105.3788,2052.8529999999996,106.76079999999999,2052.8529999999996,106.7011,2052.8529999999996,106.08489999999999
2053.335,105.3785,2053.335,106.73760000000001,2053.335,106.66340000000001,2053.335,106.0964
2053.817,105.3927,2053.817,106.7283,2053.817,106.6374,2053.817,106.1303
2054.3,105.4217,2054.3,106.73029999999999,2054.3,106.62400000000001,2054.3,106.17810000000001
2054.7819999999997,105.4602,2054.7819999999997,106.73680000000002,2054.7819999999997,106.62039999999999,2054.7819999999997,106.2287
2055.264,105.4994,2055.264,106.7407,2055.264,106.62180000000001,2055.264,106.2718
2055.746,105.53030000000001,2055.746,106.7385,2055.746,106.6261,2055.746,106.3016
2056.228,105.54650000000001,2056.228,106.73129999999999,2056.228,106.63380000000001,2056.228,106.3174
2056.71,105.54570000000001,2056.71,106.7236,2056.71,106.64750000000001,2056.71,106.3228
2057.192,105.52919999999999,2057.192,106.7199,2057.192,106.6687,2057.192,106.32209999999999
2057.674,105.5011,2057.674,106.7221,2057.674,106.6969,2057.674,106.3187
2058.156,105.46629999999999,2058.156,106.7283,2058.156,106.7284,2058.156,106.3142
2058.6389999999997,105.43050000000001,2058.6389999999997,106.73490000000001,2058.6389999999997,106.75909999999999,2058.6389999999997,106.30869999999999
2059.121,105.39890000000001,2059.121,106.7385,2059.121,106.7867,2059.121,106.3032
2059.603,105.37639999999999,2059.603,106.7393,2059.603,106.8125,2059.603,106.3
2060.085,105.3667,2060.085,106.7408,2060.085,106.84,2060.085,106.3032
2060.567,105.37140000000001,2060.567,106.74889999999999,2060.567,106.8729,2060.567,106.31649999999999
2061.049,105.3897,2061.049,106.768,2061.049,106.91139999999999,2061.049,106.34190000000001
2061.531,105.4178,2061.531,106.79849999999999,2061.531,106.95110000000001,2061.531,106.37870000000001
2062.013,105.45040000000002,2062.013,106.83640000000001,2062.013,106.984,2062.013,106.42309999999999
2062.496,105.48169999999999,2062.496,106.8746,2062.496,107.0028,2062.496,106.4705
2062.978,105.5074,2062.978,106.9062,2062.978,107.00460000000001,2062.978,106.51679999999999
2063.46,105.5258,2063.46,106.928,2063.46,106.99369999999999,2063.46,106.55950000000001
2063.942,105.53779999999999,2063.942,106.9416,2063.942,106.9801,2063.942,106.59719999999999
2064.424,105.5455,2064.424,106.9522,2064.424,106.975,2064.424,106.62830000000001
2064.906,105.55049999999999,2064.906,106.96509999999999,2064.906,106.9855,2064.906,106.6499
2065.388,105.5523,2065.388,106.9835,2065.388,107.01089999999999,2065.388,106.6579
2065.87,105.549,2065.87,107.0062,2065.87,107.0429,2065.87,106.6486
2066.353,105.5385,2066.353,107.0297,2066.353,107.0704,2066.353,106.622
2066.835,105.5206,2066.835,107.0494,2066.835,107.08500000000001,2066.835,106.5834
2067.317,105.4988,2067.317,107.0638,2067.317,107.0853,2067.317,106.5428
2067.799,105.47919999999999,2067.799,107.07409999999999,2067.799,107.0773,2067.799,106.512
2068.281,105.4684,2068.281,107.08359999999999,2068.281,107.0703,2068.281,106.5001
2068.763,105.471,2068.763,107.09500000000001,2068.763,107.07169999999999,2068.763,106.50930000000001
2069.245,105.487,2069.245,107.1085,2069.245,107.0825,2069.245,106.53429999999999
2069.727,105.5115,2069.727,107.121,2069.727,107.0967,2069.727,106.56349999999999
2070.2090000000003,105.53680000000001,2070.2090000000003,107.1285,2070.2090000000003,107.10440000000001,2070.2090000000003,106.58449999999999
2070.692,105.5555,2070.692,107.128,2070.692,107.09740000000001,2070.692,106.58879999999999
2071.174,105.5644,2071.174,107.12060000000001,2071.174,107.0745,2071.174,106.57600000000001
2071.656,105.56540000000001,2071.656,107.11120000000001,2071.656,107.04249999999999,2071.656,106.5529
2072.138,105.5652,2072.138,107.1072,2072.138,107.01400000000001,2072.138,106.5309
2072.6200000000003,105.5723,2072.6200000000003,107.1145,2072.6200000000003,107.0017,2072.6200000000003,106.5199
2073.102,105.593,2073.102,107.13520000000001,2073.102,107.01259999999999,2073.102,106.52470000000001
2073.584,105.62910000000001,2073.584,107.1664,2073.584,107.04480000000001,2073.584,106.5431
2074.0660000000003,105.6776,2074.0660000000003,107.2015,2074.0660000000003,107.0888,2074.0660000000003,106.56779999999999
2074.549,105.73179999999999,2074.549,107.2336,2074.549,107.13159999999999,2074.549,106.5899
2075.031,105.7847,2075.031,107.2583,2075.031,107.1619,2075.031,106.60289999999999
2075.513,105.8306,2075.513,107.27470000000001,2075.513,107.1737,2075.513,106.60430000000001
2075.995,105.8671,2075.995,107.2848,2075.995,107.16760000000001,2075.995,106.59559999999999
2076.4770000000003,105.8929,2076.4770000000003,107.2906,2076.4770000000003,107.14779999999999,2076.4770000000003,106.5796
2076.959,105.90740000000001,2076.959,107.29150000000001,2076.959,107.11919999999999,2076.959,106.5582
2077.441,105.9088,2077.441,107.2841,2077.441,107.0845,2077.441,106.5313
2077.9230000000002,105.89470000000001,2077.9230000000002,107.2631,2077.9230000000002,107.04469999999999,2077.9230000000002,106.4981
2078.4060000000004,105.86290000000001,2078.4060000000004,107.2249,2078.4060000000004,107.0,2078.4060000000004,106.45830000000001
2078.8869999999997,105.81450000000001,2078.8869999999997,107.17049999999999,2078.8869999999997,106.9524,2078.8869999999997,106.41449999999999
2079.37,105.7536,2079.37,107.1058,2079.37,106.9065,2079.37,106.3715
2079.852,105.68820000000001,2079.852,107.0408,2079.852,106.8686,2079.852,106.33520000000001
2080.3340000000003,105.6273,2080.3340000000003,106.986,2080.3340000000003,106.84389999999999,2080.3340000000003,106.31029999999998
2080.816,105.5788,2080.816,106.94900000000001,2080.816,106.834,2080.816,106.2978
2081.298,105.547,2081.298,106.9323,2081.298,106.836,2081.298,106.29560000000001
2081.78,105.5322,2081.78,106.93390000000001,2081.78,106.84320000000001,2081.78,106.2992
2082.262,105.53079999999999,2082.262,106.9485,2082.262,106.8481,2082.262,106.30420000000001
2082.744,105.53760000000001,2082.744,106.9707,2082.744,106.84499999999998,2082.744,106.30839999999999
2083.227,105.5469,2083.227,106.9961,2083.227,106.83279999999999,2083.227,106.3118
2083.709,105.55449999999999,2083.709,107.02199999999999,2083.709,106.8136,2083.709,106.3162
2084.1910000000003,105.55699999999999,2084.1910000000003,107.0457,2084.1910000000003,106.7918,2084.1910000000003,106.3225
2084.673,105.552,2084.673,107.0638,2084.673,106.77099999999999,2084.673,106.32999999999998
2085.1549999999997,105.5372,2085.1549999999997,107.0716,2085.1549999999997,106.7523,2085.1549999999997,106.3353
2085.637,105.51079999999999,2085.637,107.0641,2085.637,106.73429999999999,2085.637,106.3346
2086.119,105.4718,2086.119,107.0384,2086.119,106.7143,2086.119,106.32489999999999
2086.601,105.4216,2086.601,106.99549999999999,2086.601,106.6903,2086.601,106.30619999999999
2087.0829999999996,105.3634,2087.0829999999996,106.94120000000001,2087.0829999999996,106.6614,2087.0829999999996,106.2811
2087.566,105.3026,2087.566,106.88359999999999,2087.566,106.6287,2087.566,106.2533
2088.0480000000002,105.2448,2088.0480000000002,106.8312,2088.0480000000002,106.5933,2088.0480000000002,106.226
2088.53,105.19449999999999,2088.53,106.7896,2088.53,106.55600000000001,2088.53,106.1998
2089.0119999999997,105.1541,2089.0119999999997,106.76010000000001,2089.0119999999997,106.51679999999999,2089.0119999999997,106.1732
2089.494,105.1242,2089.494,106.74040000000001,2089.494,106.4761,2089.494,106.14410000000001
2089.976,105.1043,2089.976,106.7264,2089.976,106.4359,2089.976,106.11189999999999
2090.458,105.09440000000001,2090.458,106.71509999999999,2090.458,106.40039999999999,2090.458,106.0788
2090.9399999999996,105.0952,2090.9399999999996,106.7061,2090.9399999999996,106.37570000000001,2090.9399999999996,106.0495
2091.423,105.10900000000001,2091.423,106.7019,2091.423,106.36779999999999,2091.423,106.029
2091.905,105.13719999999999,2091.905,106.70550000000001,2091.905,106.37939999999999,2091.905,106.0202
2092.387,105.17989999999999,2092.387,106.71889999999999,2092.387,106.4091,2092.387,106.02260000000001
2092.8689999999997,105.2338,2092.8689999999997,106.7415,2092.8689999999997,106.4505,2092.8689999999997,106.03190000000001
2093.351,105.2924,2093.351,106.7693,2093.351,106.4951,2093.351,106.0431
2093.833,105.34779999999999,2093.833,106.7971,2093.833,106.5351,2093.833,106.0522
2094.315,105.3927,2094.315,106.82039999999999,2094.315,106.56609999999999,2094.315,106.0592
2094.7969999999996,105.42290000000001,2094.7969999999996,106.83670000000001,2094.7969999999996,106.589,2094.7969999999996,106.0676
2095.2799999999997,105.4382,2095.2799999999997,106.84689999999999,2095.2799999999997,106.60810000000001,2095.2799999999997,106.0823
2095.762,105.4419,2095.762,106.8532,2095.762,106.6284,2095.762,106.10640000000001
2096.244,105.43910000000001,2096.244,106.8589,2096.244,106.6526,2096.244,106.13870000000001
2096.7259999999997,105.4346,2096.7259999999997,106.8661,2096.7259999999997,106.67979999999999,2096.7259999999997,106.17410000000001
2097.208,105.43199999999999,2097.208,106.87610000000001,2097.208,106.70729999999999,2097.208,106.2058
2097.69,105.4331,2097.69,106.88990000000001,2097.69,106.7322,2097.69,106.22890000000001
2098.172,105.439,2098.172,106.9087,2098.172,106.7551,2098.172,106.2438
2098.654,105.4508,2098.654,106.9343,2098.654,106.78049999999999,2098.654,106.256
2099.136,105.46990000000001,2099.136,106.9684,2099.136,106.8147,2099.136,106.27390000000001
2099.619,105.4967,2099.619,107.01019999999998,2099.619,106.8627,2099.619,106.304
2100.101,105.5304,2100.101,107.0568,2100.101,106.9245,2100.101,106.34740000000001
2100.583,105.5675,2100.583,107.10260000000001,2100.583,106.99430000000001,2100.583,106.39860000000002
2101.065,105.6029,2101.065,107.1412,2101.065,107.0616,2101.065,106.4473
2101.547,105.6302,2101.547,107.16760000000001,2101.547,107.11500000000001,2101.547,106.48279999999998
2102.029,105.6448,2102.029,107.1798,2102.029,107.1464,2102.029,106.4985
2102.511,105.64499999999998,2102.511,107.17970000000001,2102.511,107.1538,2102.511,106.49489999999999
2102.993,105.63260000000001,2102.993,107.1715,2102.993,107.1413,2102.993,106.47899999999998
2103.476,105.6128,2103.476,107.15969999999999,2103.476,107.11679999999998,2103.476,106.46100000000001
2103.958,105.59210000000002,2103.958,107.1472,2103.958,107.08820000000001,2103.958,106.45009999999999
2104.44,105.5761,2104.44,107.1343,2104.44,107.0608,2104.44,106.45089999999999
2104.922,105.5688,2104.922,107.1199,2104.922,107.0368,2104.922,106.46230000000001
2105.404,105.5711,2105.404,107.1024,2105.404,107.01570000000001,2105.404,106.4786
2105.886,105.58149999999999,2105.886,107.0823,2105.886,106.99700000000001,2105.886,106.4927
2106.368,105.5968,2106.368,107.06169999999999,2106.368,106.98129999999999,2106.368,106.4988
2106.85,105.6132,2106.85,107.0444,2106.85,106.97049999999999,2106.85,106.4943
2107.333,105.6267,2107.333,107.03290000000001,2107.333,106.96669999999999,2107.333,106.47949999999999
2107.814,105.634,2107.814,107.02780000000001,2107.814,106.97049999999999,2107.814,106.4571
2108.297,105.63260000000001,2108.297,107.0269,2108.297,106.98,2108.297,106.4303
2108.779,105.6219,2108.779,107.0267,2108.779,106.9916,2108.779,106.4025
2109.261,105.60320000000002,2109.261,107.0237,2109.261,107.00080000000001,2109.261,106.37669999999999
2109.743,105.58000000000001,2109.743,107.01670000000001,2109.743,107.0049,2109.743,106.35589999999999
2110.225,105.5571,2110.225,107.00659999999999,2110.225,107.0037,2110.225,106.3425
2110.7070000000003,105.5394,2110.7070000000003,106.99600000000001,2110.7070000000003,106.9994,2110.7070000000003,106.338
2111.189,105.52969999999999,2111.189,106.98719999999999,2111.189,106.99449999999999,2111.189,106.3422
2111.671,105.528,2111.671,106.9807,2111.671,106.9904,2111.671,106.3525
2112.154,105.53110000000001,2112.154,106.975,2112.154,106.98620000000001,2112.154,106.3649
2112.636,105.53410000000001,2112.636,106.9679,2112.636,106.97859999999999,2112.636,106.37490000000001
2113.118,105.53200000000001,2113.118,106.95790000000001,2113.118,106.9641,2113.118,106.3791
2113.6,105.52170000000001,2113.6,106.9456,2113.6,106.9409,2113.6,106.37669999999999
2114.082,105.5034,2114.082,106.93360000000001,2114.082,106.90960000000001,2114.082,106.3692
2114.5640000000003,105.47979999999998,2114.5640000000003,106.9248,2114.5640000000003,106.8732,2114.5640000000003,106.35900000000001
2115.046,105.45439999999999,2115.046,106.9202,2115.046,106.83590000000001,2115.046,106.3483
2115.528,105.43039999999999,2115.528,106.9178,2115.528,106.8014,2115.528,106.3377
2116.01,105.40830000000001,2116.01,106.9127,2116.01,106.7715,2116.01,106.32600000000001
2116.4930000000004,105.38730000000001,2116.4930000000004,106.8997,2116.4930000000004,106.7466,2116.4930000000004,106.3117
2116.975,105.3652,2116.975,106.8759,2116.975,106.7267,2116.975,106.29429999999999
2117.457,105.341,2117.457,106.84309999999999,2117.457,106.71189999999999,2117.457,106.2753
2117.939,105.31569999999999,2117.939,106.8079,2117.939,106.7034,2117.939,106.25739999999999
2118.4210000000003,105.292,2118.4210000000003,106.7791,2118.4210000000003,106.70230000000001,2118.4210000000003,106.2438
2118.903,105.27340000000001,2118.903,106.7642,2118.903,106.7084,2118.903,106.2349
2119.3849999999998,105.2621,2119.3849999999998,106.7661,2119.3849999999998,106.71949999999998,2119.3849999999998,106.2286
2119.867,105.25800000000001,2119.867,106.78179999999999,2119.867,106.7307,2119.867,106.22
2120.3500000000004,105.25880000000001,2120.3500000000004,106.80350000000001,2120.3500000000004,106.73649999999999,2120.3500000000004,106.2041
2120.832,105.2601,2120.832,106.82199999999999,2120.832,106.733,2120.832,106.1782
2121.314,105.2583,2121.314,106.8305,2121.314,106.7193,2121.314,106.1442
2121.796,105.2518,2121.796,106.8269,2121.796,106.6988,2121.796,106.10759999999999
2122.2780000000002,105.2414,2122.2780000000002,106.8136,2122.2780000000002,106.67750000000001,2122.2780000000002,106.07629999999999
2122.7599999999998,105.2295,2122.7599999999998,106.7951,2122.7599999999998,106.661,2122.7599999999998,106.05610000000001
2123.2419999999997,105.2187,2123.2419999999997,106.7752,2123.2419999999997,106.6527,2123.2419999999997,106.0489
2123.724,105.20970000000001,2123.724,106.7551,2123.724,106.65180000000001,2123.724,106.05160000000001
2124.2070000000003,105.20190000000001,2124.2070000000003,106.73310000000001,2124.2070000000003,106.6544,2124.2070000000003,106.0578
2124.689,105.1932,2124.689,106.70710000000001,2124.689,106.6554,2124.689,106.0611
2125.171,105.18220000000001,2125.171,106.6768,2125.171,106.65150000000001,2125.171,106.0578
2125.653,105.1696,2125.653,106.6454,2125.653,106.64240000000001,2125.653,106.04849999999999
2126.135,105.1585,2126.135,106.61890000000001,2126.135,106.6311,2126.135,106.03689999999999
2126.617,105.1532,2126.617,106.6038,2126.617,106.6216,2126.617,106.02720000000001
2127.0989999999997,105.1575,2127.0989999999997,106.6036,2127.0989999999997,106.6165,2127.0989999999997,106.02149999999999
2127.581,105.1725,2127.581,106.617,2127.581,106.6155,2127.581,106.0181
2128.063,105.1957,2128.063,106.6375,2128.063,106.61529999999999,2128.063,106.0136
2128.5460000000003,105.22160000000001,2128.5460000000003,106.6562,2128.5460000000003,106.6117,2128.5460000000003,106.0045
2129.028,105.2441,2129.028,106.66560000000001,2129.028,106.6014,2129.028,105.99069999999999
2129.5099999999998,105.2586,2129.5099999999998,106.6622,2129.5099999999998,106.58460000000001,2129.5099999999998,105.9761
2129.992,105.2636,2129.992,106.64800000000001,2129.992,106.56479999999999,2129.992,105.96749999999999
2130.474,105.26070000000001,2130.474,106.62879999999998,2130.474,106.54729999999999,2130.474,105.97160000000001
2130.9559999999997,105.25359999999999,2130.9559999999997,106.61149999999999,2130.9559999999997,106.5375,2130.9559999999997,105.99099999999999
2131.438,105.24530000000001,2131.438,106.6008,2131.438,106.53779999999999,2131.438,106.0225
2131.92,105.2376,2131.92,106.59870000000001,2131.92,106.5483,2131.92,106.0581
2132.4030000000002,105.22940000000001,2132.4030000000002,106.60419999999999,2132.4030000000002,106.5668,2132.4030000000002,106.0881
2132.8849999999998,105.21940000000001,2132.8849999999998,106.61590000000001,2132.8849999999998,106.5907,2132.8849999999998,106.1062
2133.3669999999997,105.2066,2133.3669999999997,106.6339,2133.3669999999997,106.618,2133.3669999999997,106.11200000000001
2133.849,105.1924,2133.849,106.66029999999999,2133.849,106.64800000000001,2133.849,106.1121
2134.331,105.18050000000001,2134.331,106.69770000000001,2134.331,106.68009999999998,2134.331,106.1166
2134.8129999999996,105.176,2134.8129999999996,106.7476,2134.8129999999996,106.7129,2134.8129999999996,106.13459999999999
2135.295,105.1831,2135.295,106.8071,2135.295,106.7436,2135.295,106.1704
2135.777,105.20369999999998,2135.777,106.8698,2135.777,106.76890000000002,2135.777,106.22149999999999
2136.26,105.23610000000001,2136.26,106.92660000000001,2136.26,106.7872,2136.26,106.28090000000002
2136.741,105.27640000000001,2136.741,106.9699,2136.741,106.80050000000001,2136.741,106.3401
2137.2239999999997,105.3193,2137.2239999999997,106.99589999999999,2137.2239999999997,106.8143,2137.2239999999997,106.3934
2137.706,105.3601,2137.706,107.00639999999999,2137.706,106.83590000000001,2137.706,106.4392
2138.188,105.3949,2138.188,107.0068,2138.188,106.87089999999999,2138.188,106.4791
2138.67,105.42089999999999,2138.67,107.004,2138.67,106.9201,2138.67,106.5155
2139.152,105.4352,2139.152,107.0033,2139.152,106.97810000000001,2139.152,106.54889999999999
2139.634,105.4352,2139.634,107.00739999999999,2139.634,107.0346,2139.634,106.5771
2140.116,105.4187,2140.116,107.0163,2140.116,107.0786,2140.116,106.59639999999999
2140.598,105.38529999999999,2140.598,107.0285,2140.598,107.102,2140.598,106.6039
2141.0809999999997,105.3371,2141.0809999999997,107.04249999999999,2141.0809999999997,107.10260000000001,2141.0809999999997,106.5986
2141.563,105.27869999999999,2141.563,107.05659999999999,2141.563,107.08409999999999,2141.563,106.5822
2142.045,105.21629999999999,2142.045,107.06830000000001,2142.045,107.0532,2142.045,106.5574
2142.527,105.15620000000001,2142.527,107.07310000000001,2142.527,107.0159,2142.527,106.5258
2143.009,105.10379999999999,2143.009,107.06569999999999,2143.009,106.9752,2143.009,106.48740000000001
2143.491,105.0629,2143.491,107.0416,2143.491,106.93189999999998,2143.491,106.44149999999999
2143.973,105.0363,2143.973,107.0004,2143.973,106.8861,2143.973,106.38909999999998
2144.455,105.02709999999999,2144.455,106.9489,2144.455,106.84100000000001,2144.455,106.3348
2144.9379999999996,105.0383,2144.9379999999996,106.90079999999999,2144.9379999999996,106.8036,2144.9379999999996,106.2878
2145.42,105.07280000000002,2145.42,106.8734,2145.42,106.78399999999999,2145.42,106.25899999999999
2145.902,105.1308,2145.902,106.8817,2145.902,106.7912,2145.902,106.2573
2146.384,105.2076,2146.384,106.9323,2146.384,106.829,2146.384,106.28500000000001
2146.866,105.29250000000002,2146.866,107.01989999999999,2146.866,106.8926,2146.866,106.3358
2147.348,105.36970000000001,2147.348,107.12740000000001,2147.348,106.9701,2147.348,106.3965
2147.83,105.4214,2147.83,107.2308,2147.83,107.04450000000001,2147.83,106.45039999999999
2148.312,105.4339,2148.312,107.3069,2148.312,107.10059999999999,2148.312,106.4844
2148.794,105.402,2148.794,107.33999999999999,2148.794,107.1293,2148.794,106.4922
2149.277,105.3308,2149.277,107.3261,2149.277,107.13,2149.277,106.477
2149.759,105.23389999999999,2149.759,107.27180000000001,2149.759,107.10839999999999,2149.759,106.4473
2150.241,105.12840000000001,2150.241,107.19050000000001,2150.241,107.07260000000001,2150.241,106.4135
2150.723,105.0295,2150.723,107.097,2150.723,107.02860000000001,2150.723,106.38250000000001
2151.205,104.94669999999999,2151.205,107.0047,2151.205,106.9793,2151.205,106.35669999999999
2151.687,104.8819,2151.687,106.9229,2151.687,106.9231,2151.687,106.3337
2152.169,104.83180000000002,2152.169,106.8572,2152.169,106.858,2152.169,106.30930000000001
2152.6510000000003,104.79039999999999,2152.6510000000003,106.81020000000001,2152.6510000000003,106.7828,2152.6510000000003,106.28
2153.134,104.7536,2153.134,106.78110000000001,2153.134,106.7002,2153.134,106.2446
2153.616,104.71969999999999,2153.616,106.7663,2153.616,106.6158,2153.616,106.20400000000001
2154.098,104.69040000000001,2154.098,106.76010000000001,2154.098,106.53779999999999,2154.098,106.16159999999999
2154.5800000000004,104.66850000000001,2154.5800000000004,106.7555,2154.5800000000004,106.47489999999999,2154.5800000000004,106.12129999999999
2155.062,104.6557,2155.062,106.7475,2155.062,106.43599999999999,2155.062,106.0886
2155.544,104.6513,2155.544,106.7355,2155.544,106.4284,2155.544,106.0709
2156.026,104.65310000000001,2156.026,106.72619999999999,2156.026,106.45769999999999,2156.026,106.07709999999999
2156.5080000000003,104.6587,2156.5080000000003,106.7321,2156.5080000000003,106.52619999999999,2156.5080000000003,106.11580000000001
2156.99,104.66709999999999,2156.99,106.767,2156.99,106.63050000000001,2156.99,106.19160000000001
2157.473,104.67999999999999,2157.473,106.8387,2157.473,106.761,2157.473,106.3007
2157.955,104.7001,2157.955,106.9434,2157.955,106.901,2157.955,106.42869999999999
2158.4370000000004,104.7299,2158.4370000000004,107.0636,2158.4370000000004,107.03039999999999,2158.4370000000004,106.55239999999999
2158.919,104.7693,2158.919,107.1731,2158.919,107.1313,2158.919,106.64750000000001
2159.401,104.8151,2159.401,107.247,2159.401,107.1949,2159.401,106.69770000000001
2159.883,104.8631,2159.883,107.2732,2159.883,107.22510000000001,2159.883,106.7026
2160.3650000000002,104.9105,2160.3650000000002,107.2551,2160.3650000000002,107.2348,2160.3650000000002,106.67599999999999
2160.8469999999998,104.9568,2160.8469999999998,107.2079,2160.8469999999998,107.2398,2160.8469999999998,106.639
2161.33,105.0041,2161.33,107.148,2161.33,107.25009999999999,2161.33,106.60940000000001
2161.812,105.05489999999999,2161.812,107.0863,2161.812,107.2664,2161.812,106.5955
2162.2940000000003,105.10999999999999,2162.2940000000003,107.024,2162.2940000000003,107.2808,2162.2940000000003,106.59389999999999
2162.776,105.16829999999999,2162.776,106.9572,2162.776,107.2823,2162.776,106.5951
2163.258,105.22659999999999,2163.258,106.88109999999999,2163.258,107.26199999999999,2163.258,106.5885
2163.74,105.28219999999999,2163.74,106.7979,2163.74,107.2192,2163.74,106.56909999999999
2164.222,105.3334,2164.222,106.71870000000001,2164.222,107.1609,2164.222,106.5395
2164.704,105.3809,2164.704,106.66029999999999,2164.704,107.10040000000001,2164.704,106.50800000000001
2165.187,105.42620000000001,2165.187,106.6398,2165.187,107.0511,2165.187,106.484
2165.668,105.4705,2165.668,106.6675,2165.668,107.0236,2165.668,106.4746
2166.1510000000003,105.5129,2166.1510000000003,106.7431,2166.1510000000003,107.0225,2166.1510000000003,106.4813
2166.633,105.55049999999999,2166.633,106.85560000000001,2166.633,107.04860000000001,2166.633,106.50219999999999
2167.115,105.5788,2167.115,106.98689999999999,2167.115,107.0986,2167.115,106.5336
2167.5969999999998,105.5951,2167.5969999999998,107.1186,2167.5969999999998,107.16829999999999,2167.5969999999998,106.57339999999999
2168.079,105.5985,2168.079,107.2365,2168.079,107.2516,2168.079,106.62020000000001
2168.561,105.5917,2168.561,107.33299999999998,2168.561,107.34049999999999,2168.561,106.6734
2169.0429999999997,105.5784,2169.0429999999997,107.4046,2169.0429999999997,107.42370000000001,2169.0429999999997,106.7299
2169.525,105.5635,2169.525,107.45119999999999,2169.525,107.48880000000001,2169.525,106.7835
2170.0080000000003,105.54969999999999,2170.0080000000003,107.4723,2170.0080000000003,107.52390000000001,2170.0080000000003,106.8265
2170.4900000000002,105.5387,2170.4900000000002,107.46860000000001,2170.4900000000002,107.5236,2170.4900000000002,106.8532
2170.9719999999998,105.52999999999999,2170.9719999999998,107.44309999999999,2170.9719999999998,107.49109999999999,2170.9719999999998,106.8635
2171.4539999999997,105.523,2171.4539999999997,107.4038,2171.4539999999997,107.43910000000001,2171.4539999999997,106.8653
2171.936,105.5175,2171.936,107.3629,2171.936,107.3856,2171.936,106.8714
2172.418,105.5137,2172.418,107.3342,2172.418,107.3464,2172.418,106.894
2172.8999999999996,105.5121,2172.8999999999996,107.328,2172.8999999999996,107.32939999999999,2172.8999999999996,106.93839999999999
2173.382,105.5127,2173.382,107.348,2173.382,107.33109999999999,2173.382,106.999
2173.8650000000002,105.5147,2173.8650000000002,107.3886,2173.8650000000002,107.33930000000001,2173.8650000000002,107.05990000000001
2174.347,105.5169,2174.347,107.43730000000001,2174.347,107.3397,2174.347,107.10139999999998
2174.8289999999997,105.5188,2174.8289999999997,107.47919999999999,2174.8289999999997,107.3234,2174.8289999999997,107.10759999999999
2175.3109999999997,105.52140000000001,2175.3109999999997,107.5034,2175.3109999999997,107.29249999999999,2175.3109999999997,107.0743
2175.793,105.5269,2175.793,107.5059,2175.793,107.2586,2175.793,107.0108
2176.275,105.53779999999999,2176.275,107.49089999999998,2176.275,107.23700000000001,2176.275,106.9355
2176.7569999999996,105.55449999999999,2176.7569999999996,107.46560000000001,2176.7569999999996,107.23769999999999,2176.7569999999996,106.8671
2177.239,105.5746,2177.239,107.43719999999999,2177.239,107.2599,2177.239,106.8166
2177.721,105.5923,2177.721,107.4087,2177.721,107.29079999999999,2177.721,106.78320000000001
2178.204,105.60050000000001,2178.204,107.3793,2178.204,107.3113,2178.204,106.7566
2178.6859999999997,105.593,2178.6859999999997,107.3464,2178.6859999999997,107.3048,2178.6859999999997,106.7228
2179.1679999999997,105.56779999999999,2179.1679999999997,107.3094,2179.1679999999997,107.2649,2179.1679999999997,106.67200000000001
2179.65,105.5272,2179.65,107.2709,2179.65,107.19879999999999,2179.65,106.60289999999999
2180.132,105.4776,2180.132,107.23720000000002,2180.132,107.12410000000001,2180.132,106.5233
2180.614,105.4257,2180.614,107.2141,2180.614,107.0606,2180.614,106.4453
2181.096,105.3761,2181.096,107.20490000000001,2181.096,107.02279999999999,2181.096,106.3791
2181.578,105.32950000000001,2181.578,107.2073,2181.578,107.0141,2181.578,106.32889999999999
2182.061,105.2831,2182.061,107.2149,2182.061,107.0276,2182.061,106.2922
2182.543,105.2326,2182.543,107.2197,2182.543,107.0502,2182.543,106.26169999999999
2183.0249999999996,105.1757,2183.0249999999996,107.2163,2183.0249999999996,107.0701,2183.0249999999996,106.2311
2183.507,105.11299999999999,2183.507,107.20339999999999,2183.507,107.0808,2183.507,106.1974
2183.989,105.04850000000002,2183.989,107.1836,2183.989,107.0822,2183.989,106.16250000000001
2184.471,104.9873,2184.471,107.16000000000001,2184.471,107.07690000000001,2184.471,106.12989999999999
2184.953,104.9338,2184.953,107.13390000000001,2184.953,107.06720000000001,2184.953,106.1027
2185.435,104.8904,2185.435,107.1029,2185.435,107.0514,2185.435,106.0805
2185.917,104.8581,2185.917,107.063,2185.917,107.02579999999999,2185.917,106.0605
2186.4,104.83720000000001,2186.4,107.01100000000001,2186.4,106.98700000000001,2186.4,106.04039999999999
2186.8819999999996,104.82929999999999,2186.8819999999996,106.9484,2186.8819999999996,106.93619999999999,2186.8819999999996,106.02080000000001
2187.364,104.8378,2187.364,106.8825,2187.364,106.8808,2187.364,106.0068
2187.846,104.8669,2187.846,106.8244,2187.846,106.83259999999999,2187.846,106.00689999999999
2188.328,104.91870000000002,2188.328,106.785,2188.328,106.80369999999999,2188.328,106.02910000000001
2188.81,104.99149999999999,2188.81,106.7706,2188.81,106.80149999999999,2188.81,106.0765
2189.292,105.07820000000001,2189.292,106.7804,2189.292,106.826,2189.292,106.14479999999999
2189.774,105.16779999999999,2189.774,106.8073,2189.774,106.8701,2189.774,106.2227
2190.257,105.24770000000001,2190.257,106.83990000000001,2190.257,106.9219,2190.257,106.2953
2190.7389999999996,105.30850000000001,2190.7389999999996,106.8676,2190.7389999999996,106.9696,2190.7389999999996,106.3488
2191.221,105.34589999999999,2191.221,106.8838,2191.221,107.0039,2191.221,106.3755
2191.703,105.36149999999999,2191.703,106.88690000000001,2191.703,107.0198,2191.703,106.3748
2192.185,105.3607,2192.185,106.8787,2192.185,107.01570000000001,2192.185,106.3534
2192.6670000000004,105.35000000000001,2192.6670000000004,106.8627,2192.6670000000004,106.9918,2192.6670000000004,106.3217
2193.149,105.33399999999999,2193.149,106.84100000000001,2193.149,106.9489,2193.149,106.291
2193.631,105.31569999999999,2193.631,106.8151,2193.631,106.8896,2193.631,106.2713
2194.114,105.29610000000001,2194.114,106.786,2194.114,106.81989999999999,2194.114,106.26979999999999
2194.5950000000003,105.2773,2194.5950000000003,106.7569,2194.5950000000003,106.7496,2194.5950000000003,106.29090000000001
2195.078,105.26230000000001,2195.078,106.73310000000001,2195.078,106.6915,2195.078,106.33550000000001
2195.56,105.2551,2195.56,106.7215,2195.56,106.65830000000001,2195.56,106.4006
2196.042,105.25880000000001,2196.042,106.7279,2196.042,106.6584,2196.042,106.47949999999999
2196.5240000000003,105.2735,2196.5240000000003,106.755,2196.5240000000003,106.6931,2196.5240000000003,106.5622
2197.006,105.2957,2197.006,106.8006,2197.006,106.7551,2197.006,106.637
2197.488,105.31980000000001,2197.488,106.8587,2197.488,106.8322,2197.488,106.6946
2197.9700000000003,105.34060000000001,2197.9700000000003,106.9216,2197.9700000000003,106.91060000000002,2197.9700000000003,106.7302
2198.452,105.35730000000001,2198.452,106.9831,2198.452,106.97959999999999,2198.452,106.7466
2198.935,105.37369999999999,2198.935,107.0401,2198.935,107.03450000000001,2198.935,106.7517
2199.417,105.3976,2199.417,107.09249999999999,2199.417,107.076,2199.417,106.7566
2199.899,105.4365,2199.899,107.1413,2199.899,107.1075,2199.899,106.77000000000001
2200.3810000000003,105.4932,2200.3810000000003,107.1869,2200.3810000000003,107.13239999999999,2200.3810000000003,106.7951
2200.863,105.5635,2200.863,107.2273,2200.863,107.15110000000001,2200.863,106.82849999999999
2201.345,105.63579999999999,2201.345,107.2591,2201.345,107.1626,2201.345,106.8622
2201.827,105.69539999999999,2201.827,107.2792,2201.827,107.16550000000001,2201.827,106.8875
2202.309,105.73060000000001,2202.309,107.2872,2202.309,107.1606,2202.309,106.8994
2202.792,105.7368,2202.792,107.2864,2202.792,107.15140000000001,2202.792,106.89789999999999
2203.274,105.7183,2203.274,107.28269999999999,2203.274,107.1431,2203.274,106.8875
2203.756,105.6865,2203.756,107.2818,2203.756,107.1393,2203.756,106.874
2204.2380000000003,105.65450000000001,2204.2380000000003,107.2869,2204.2380000000003,107.1406,2204.2380000000003,106.8612
2204.72,105.6324,2204.72,107.29759999999999,2204.72,107.14410000000001,2204.72,106.8494
2205.2019999999998,105.62370000000001,2205.2019999999998,107.31060000000001,2205.2019999999998,107.1452,2205.2019999999998,106.83579999999999
2205.684,105.6262,2205.684,107.3225,2205.684,107.1412,2205.684,106.81739999999999
2206.166,105.6345,2206.166,107.3321,2206.166,107.1341,2206.166,106.79400000000001
2206.648,105.64420000000001,2206.648,107.3415,2206.648,107.13060000000002,2206.648,106.7693
2207.131,105.65450000000001,2207.131,107.35539999999999,2207.131,107.13980000000001,2207.131,106.75049999999999
2207.613,105.66850000000001,2207.613,107.37790000000001,2207.613,107.16890000000001,2207.613,106.7455
2208.0950000000003,105.6907,2208.0950000000003,107.4103,2208.0950000000003,107.21929999999999,2208.0950000000003,106.7595
2208.577,105.72399999999999,2208.577,107.4493,2208.577,107.2848,2208.577,106.7928
2209.0589999999997,105.76689999999999,2209.0589999999997,107.48830000000001,2209.0589999999997,107.3539,2209.0589999999997,106.8413
2209.541,105.8136,2209.541,107.52010000000001,2209.541,107.4135,2209.541,106.8971
2210.023,105.8559,2210.023,107.5402,2210.023,107.4543,2210.023,106.9517
2210.505,105.886,2210.505,107.54809999999999,2210.505,107.4733,2210.505,106.9967
2210.988,105.89900000000002,2210.988,107.5469,2210.988,107.47420000000001,2210.988,107.0257
2211.47,105.8936,2211.47,107.5407,2211.47,107.4635,2211.47,107.033
2211.952,105.87089999999999,2211.952,107.5314,2211.952,107.44709999999999,2211.952,107.0141
2212.434,105.83229999999999,2212.434,107.5177,2212.434,107.4268,2212.434,106.96600000000001
2212.9159999999997,105.7787,2212.9159999999997,107.49610000000001,2212.9159999999997,107.40050000000001,2212.9159999999997,106.88990000000001
2213.398,105.71,2213.398,107.463,2213.398,107.36429999999999,2213.398,106.7916
2213.88,105.62800000000001,2213.88,107.4184,2213.88,107.31600000000002,2213.88,106.68329999999999
2214.362,105.5367,2214.362,107.3672,2214.362,107.25720000000001,2214.362,106.58080000000001
2214.8439999999996,105.4443,2214.8439999999996,107.3175,2214.8439999999996,107.19369999999999,2214.8439999999996,106.49900000000001
2215.3269999999998,105.3614,2215.3269999999998,107.27770000000001,2215.3269999999998,107.1335,2215.3269999999998,106.4475
2215.809,105.29839999999999,2215.809,107.2528,2215.809,107.08359999999999,2215.809,106.42689999999999
2216.291,105.26230000000001,2216.291,107.24199999999999,2216.291,107.0473,2216.291,106.42869999999999
2216.7729999999997,105.25389999999999,2216.7729999999997,107.2396,2216.7729999999997,107.02430000000001,2216.7729999999997,106.43880000000001
2217.255,105.268,2217.255,107.23780000000001,2217.255,107.01100000000001,2217.255,106.44229999999999
2217.737,105.29489999999998,2217.737,107.2306,2217.737,107.0038,2217.737,106.4296
2218.219,105.324,2218.219,107.2165,2218.219,107.0004,2218.219,106.39940000000001
2218.701,105.3472,2218.701,107.19959999999999,2218.701,107.00099999999999,2218.701,106.3582
2219.1839999999997,105.3609,2219.1839999999997,107.1863,2219.1839999999997,107.007,2219.1839999999997,106.3172
2219.666,105.3657,2219.666,107.1828,2219.666,107.0192,2219.666,106.28699999999999
2220.148,105.36479999999999,2220.148,107.1911,2220.148,107.0365,2220.148,106.27420000000001
2220.63,105.3617,2220.63,107.2086,2220.63,107.0554,2220.63,106.2797
2221.112,105.3579,2221.112,107.2287,2221.112,107.071,2221.112,106.2992
2221.594,105.3531,2221.594,107.2439,2221.594,107.0785,2221.594,106.3258
2222.076,105.34559999999999,2222.076,107.2482,2222.076,107.075,2222.076,106.35289999999999
2222.558,105.3329,2222.558,107.2389,2222.558,107.0595,2222.558,106.3748
2223.0409999999997,105.31299999999999,2223.0409999999997,107.2152,2223.0409999999997,107.03290000000001,2223.0409999999997,106.3876
2223.522,105.28519999999999,2223.522,107.178,2223.522,106.99680000000001,2223.522,106.38860000000001
2224.005,105.24940000000001,2224.005,107.12809999999999,2224.005,106.9528,2224.005,106.3758
2224.487,105.2068,2224.487,107.06660000000001,2224.487,106.9027,2224.487,106.34790000000001
2224.969,105.15939999999999,2224.969,106.99549999999999,2224.969,106.84899999999999,2224.969,106.30630000000001
2225.451,105.11120000000001,2225.451,106.9203,2225.451,106.7949,2225.451,106.255
2225.933,105.06739999999999,2225.933,106.8491,2225.933,106.7443,2225.933,106.2007
2226.415,105.03370000000001,2226.415,106.792,2226.415,106.7007,2226.415,106.15129999999999
2226.897,105.0154,2226.897,106.75760000000001,2226.897,106.6657,2226.897,106.11299999999999
2227.379,105.01480000000001,2227.379,106.75019999999999,2227.379,106.63959999999999,2227.379,106.0891
2227.862,105.03089999999999,2227.862,106.7675,2227.862,106.6206,2227.862,106.0788
2228.344,105.05839999999999,2228.344,106.8012,2228.344,106.6077,2228.344,106.0785
2228.826,105.0897,2228.826,106.8392,2228.826,106.60119999999999,2228.826,106.08360000000002
2229.308,105.11749999999999,2229.308,106.8708,2229.308,106.6038,2229.308,106.09120000000001
2229.79,105.13729999999998,2229.79,106.8894,2229.79,106.61970000000001,2229.79,106.10029999999999
2230.272,105.14920000000001,2230.272,106.89489999999999,2230.272,106.6526,2230.272,106.11139999999999
2230.754,105.1566,2230.754,106.89169999999999,2230.754,106.70219999999999,2230.754,106.1253
2231.236,105.1649,2231.236,106.88660000000002,2231.236,106.764,2231.236,106.1413
2231.719,105.178,2231.719,106.8848,2231.719,106.82879999999999,2231.719,106.1563
2232.201,105.1963,2232.201,106.88839999999999,2232.201,106.886,2232.201,106.1664
2232.683,105.21640000000001,2232.683,106.8962,2232.683,106.92710000000001,2232.683,106.1684
2233.165,105.2323,2233.165,106.9053,2233.165,106.9486,2233.165,106.16250000000001
2233.647,105.2379,2233.647,106.9135,2233.647,106.9524,2233.647,106.152
2234.129,105.22940000000001,2234.129,106.92060000000001,2234.129,106.9447,2234.129,106.1429
2234.6110000000003,105.20719999999999,2234.6110000000003,106.92779999999999,2234.6110000000003,106.9325,2234.6110000000003,106.1407
2235.093,105.1752,2235.093,106.9372,2235.093,106.9208,2235.093,106.1487
2235.575,105.1401,2235.575,106.94930000000001,2235.575,106.91090000000001,2235.575,106.16650000000001
2236.058,105.1088,2236.058,106.96300000000001,2236.058,106.9021,2236.058,106.1912
2236.5400000000004,105.0872,2236.5400000000004,106.9752,2236.5400000000004,106.8932,2236.5400000000004,106.21910000000001
2237.022,105.0786,2237.022,106.98289999999999,2237.022,106.8851,2237.022,106.2481
2237.504,105.08420000000001,2237.504,106.98509999999999,2237.504,106.88109999999999,2237.504,106.27819999999998
2237.986,105.1032,2237.986,106.98339999999999,2237.986,106.88640000000001,2237.986,106.311
2238.4680000000003,105.1333,2238.4680000000003,106.982,2238.4680000000003,106.9049,2238.4680000000003,106.34760000000001
2238.95,105.1714,2238.95,106.9858,2238.95,106.9371,2238.95,106.38680000000001
2239.432,105.21370000000002,2239.432,106.9987,2239.432,106.97890000000001,2239.432,106.4243
2239.915,105.25569999999999,2239.915,107.0222,2239.915,107.0231,2239.915,106.4541
2240.3970000000004,105.2932,2240.3970000000004,107.0543,2240.3970000000004,107.06169999999999,2240.3970000000004,106.47070000000001
2240.879,105.3235,2240.879,107.09120000000001,2240.879,107.0891,2240.879,106.47279999999999
2241.361,105.3458,2241.361,107.12859999999999,2241.361,107.1043,2241.361,106.4632
2241.843,105.3614,2241.843,107.1626,2241.843,107.1102,2241.843,106.4485
2242.3250000000003,105.37339999999999,2242.3250000000003,107.19080000000001,2242.3250000000003,107.11139999999999,2242.3250000000003,106.4359
2242.807,105.3852,2242.807,107.2121,2242.807,107.1118,2242.807,106.42970000000001
2243.2889999999998,105.39840000000001,2243.2889999999998,107.22579999999999,2243.2889999999998,107.1121,2243.2889999999998,106.4299
2243.771,105.41279999999999,2243.771,107.2315,2243.771,107.1103,2243.771,106.4319
2244.2540000000004,105.4251,2244.2540000000004,107.2281,2244.2540000000004,107.1027,2244.2540000000004,106.4294
2244.736,105.43100000000001,2244.736,107.21529999999998,2244.736,107.0865,2244.736,106.4174
2245.218,105.42640000000002,2245.218,107.1931,2245.218,107.06119999999999,2245.218,106.39479999999999
2245.7,105.4094,2245.7,107.16269999999999,2245.7,107.02940000000001,2245.7,106.36509999999998
2246.1820000000002,105.38050000000001,2246.1820000000002,107.1258,2246.1820000000002,106.9952,2246.1820000000002,106.3346
2246.664,105.3428,2246.664,107.08470000000001,2246.664,106.96300000000001,2246.664,106.31049999999999
2247.1459999999997,105.3013,2247.1459999999997,107.04169999999999,2247.1459999999997,106.9356,2247.1459999999997,106.2978
2247.628,105.26089999999999,2247.628,106.999,2247.628,106.9143,2247.628,106.29839999999999
2248.1110000000003,105.22590000000001,2248.1110000000003,106.95809999999999,2248.1110000000003,106.89899999999999,2248.1110000000003,106.3113
2248.593,105.19909999999999,2248.593,106.9209,2248.593,106.8897,2248.593,106.3343
2249.075,105.18209999999999,2249.075,106.88900000000001,2249.075,106.88690000000001,2249.075,106.36479999999999
2249.557,105.17479999999999,2249.557,106.86370000000001,2249.557,106.89120000000001,2249.557,106.40019999999998
2250.039,105.17620000000001,2250.039,106.84519999999999,2250.039,106.90180000000001,2250.039,106.4379
2250.521,105.18399999999998,2250.521,106.83279999999999,2250.521,106.9163,2250.521,106.47370000000001
2251.0029999999997,105.19460000000001,2251.0029999999997,106.8244,2251.0029999999997,106.92980000000001,2251.0029999999997,106.5016
2251.485,105.2041,2251.485,106.8176,2251.485,106.9361,2251.485,106.51520000000001
2251.9680000000003,105.2084,2251.9680000000003,106.81020000000001,2251.9680000000003,106.9304,2251.9680000000003,106.50919999999999
2252.449,105.2047,2252.449,106.8017,2252.449,106.9107,2252.449,106.4821
2252.932,105.1926,2252.932,106.7933,2252.932,106.8792,2252.932,106.4372
2253.4139999999998,105.1742,2253.4139999999998,106.7871,2253.4139999999998,106.842,2253.4139999999998,106.38250000000001
2253.896,105.1535,2253.896,106.78559999999999,2253.896,106.8063,2253.896,106.32770000000001
2254.378,105.13539999999999,2254.378,106.7901,2254.378,106.77829999999999,2254.378,106.28139999999999
2254.8599999999997,105.1232,2254.8599999999997,106.7999,2254.8599999999997,106.7607,2254.8599999999997,106.2481
2255.342,105.1182,2255.342,106.81240000000001,2255.342,106.75250000000001,2255.342,106.227
2255.824,105.1186,2255.824,106.8244,2255.824,106.74980000000001,2255.824,106.2131
2256.306,105.1212,2256.306,106.83309999999999,2256.306,106.7477,2256.306,106.20009999999999
2256.7889999999998,105.122,2256.7889999999998,106.83720000000001,2256.7889999999998,106.7423,2256.7889999999998,106.1828
2257.271,105.118,2257.271,106.8368,2257.271,106.73179999999999,2257.271,106.15969999999999
2257.753,105.1083,2257.753,106.83309999999999,2257.753,106.7164,2257.753,106.1328
2258.235,105.0934,2258.235,106.8266,2258.235,106.69720000000001,2258.235,106.10640000000001
2258.7169999999996,105.0748,2258.7169999999996,106.81719999999999,2258.7169999999996,106.6759,2258.7169999999996,106.0851
2259.199,105.054,2259.199,106.80380000000001,2259.199,106.65350000000001,2259.199,106.07200000000002
2259.681,105.0315,2259.681,106.78540000000001,2259.681,106.6316,2259.681,106.0678
2260.163,105.008,2260.163,106.7623,2260.163,106.61210000000001,2260.163,106.07150000000001
2260.6459999999997,104.9838,2260.6459999999997,106.7372,2260.6459999999997,106.5978,2260.6459999999997,106.0805
2261.128,104.96039999999999,2261.128,106.7148,2261.128,106.59190000000001,2261.128,106.0924
2261.61,104.9404,2261.61,106.7006,2261.61,106.5971,2261.61,106.1055
2262.092,104.92660000000001,2262.092,106.69900000000001,2262.092,106.6143,2262.092,106.1183
2262.574,104.9218,2262.574,106.71139999999998,2262.574,106.64240000000001,2262.574,106.1298
2263.056,104.9274,2263.056,106.7357,2263.056,106.67770000000002,2263.056,106.1391
2263.538,104.94239999999999,2263.538,106.76619999999998,2263.538,106.7158,2263.538,106.14580000000001
2264.02,104.9644,2264.02,106.7955,2264.02,106.7522,2264.02,106.1498
2264.5020000000004,104.98970000000001,2264.5020000000004,106.81719999999999,2264.5020000000004,106.7835,2264.5020000000004,106.152
2264.985,105.0152,2264.985,106.82750000000001,2264.985,106.8082,2264.985,106.154
2265.467,105.0386,2265.467,106.82549999999999,2265.467,106.8251,2265.467,106.1575
2265.949,105.0588,2265.949,106.8138,2265.949,106.8338,2265.949,106.16319999999999
2266.431,105.0753,2266.431,106.7963,2266.431,106.83309999999999,2266.431,106.17060000000001
2266.913,105.0874,2266.913,106.77680000000001,2266.913,106.8221,2266.913,106.1774
2267.395,105.09329999999999,2267.395,106.7579,2267.395,106.8001,2267.395,106.1807
2267.877,105.0911,2267.877,106.7408,2267.877,106.76840000000001,2267.877,106.1775
2268.3590000000004,105.0788,2268.3590000000004,106.7256,2268.3590000000004,106.7297,2268.3590000000004,106.16600000000001
2268.842,105.0562,2268.842,106.7123,2268.842,106.6889,2268.842,106.14630000000001
2269.324,105.02560000000001,2269.324,106.7012,2269.324,106.6516,2269.324,106.12049999999999
2269.806,104.9916,2269.806,106.6937,2269.806,106.6221,2269.806,106.09169999999999
2270.288,104.96039999999999,2270.288,106.69139999999999,2270.288,106.6034,2270.288,106.06370000000001
2270.77,104.9383,2270.77,106.69569999999999,2270.77,106.5958,2270.77,106.0398
2271.252,104.9294,2271.252,106.7064,2271.252,106.59769999999999,2271.252,106.0227
2271.734,104.9348,2271.734,106.7221,2271.734,106.6064,2271.734,106.0138
2272.2160000000003,104.9525,2272.2160000000003,106.7396,2272.2160000000003,106.61860000000001,2272.2160000000003,106.0136
2272.6980000000003,104.9782,2272.6980000000003,106.7554,2272.6980000000003,106.6319,2272.6980000000003,106.02149999999999
2273.181,105.00659999999999,2273.181,106.76619999999998,2273.181,106.64450000000001,2273.181,106.0359
2273.663,105.0333,2273.663,106.7704,2273.663,106.6554,2273.663,106.0547
2274.145,105.0555,2274.145,106.76820000000001,2274.145,106.66420000000001,2274.145,106.07560000000001
2274.627,105.07260000000001,2274.627,106.762,2274.627,106.6716,2274.627,106.09649999999999
2275.109,105.08519999999999,2275.109,106.7552,2275.109,106.67819999999999,2275.109,106.11569999999999
2275.591,105.0951,2275.591,106.7517,2275.591,106.68530000000001,2275.591,106.1328
2276.0730000000003,105.1033,2276.0730000000003,106.7539,2276.0730000000003,106.6935,2276.0730000000003,106.1472
2276.5550000000003,105.1105,2276.5550000000003,106.76239999999999,2276.5550000000003,106.7027,2276.5550000000003,106.159
2277.038,105.1166,2277.038,106.7754,2277.038,106.71159999999999,2277.038,106.1674
2277.52,105.12079999999999,2277.52,106.78909999999999,2277.52,106.7173,2277.52,106.17160000000001
2278.002,105.1222,2278.002,106.7992,2278.002,106.7165,2278.002,106.1701
2278.4840000000004,105.11999999999999,2278.4840000000004,106.8014,2278.4840000000004,106.70660000000001,2278.4840000000004,106.162
2278.966,105.1139,2278.966,106.793,2278.966,106.68679999999999,2278.966,106.1474
2279.448,105.104,2279.448,106.77399999999999,2279.448,106.6589,2279.448,106.128
2279.9300000000003,105.0909,2279.9300000000003,106.74619999999999,2279.9300000000003,106.6273,2279.9300000000003,106.10679999999999
2280.4120000000003,105.0755,2280.4120000000003,106.71390000000001,2280.4120000000003,106.5976,2280.4120000000003,106.08709999999999
2280.895,105.0589,2280.895,106.68230000000001,2280.895,106.5754,2280.895,106.0719
2281.3759999999997,105.04249999999999,2281.3759999999997,106.6565,2281.3759999999997,106.56490000000001,2281.3759999999997,106.0629
2281.859,105.0277,2281.859,106.64089999999999,2281.859,106.5673,2281.859,106.06
2282.3410000000003,105.01599999999999,2282.3410000000003,106.6382,2282.3410000000003,106.5817,2282.3410000000003,106.06199999999998
2282.823,105.0084,2282.823,106.64869999999999,2282.823,106.6049,2282.823,106.0671
2283.305,105.0057,2283.305,106.6703,2283.305,106.6329,2283.305,106.07390000000001
2283.7870000000003,105.0076,2283.7870000000003,106.69919999999999,2283.7870000000003,106.6613,2283.7870000000003,106.0813
2284.2690000000002,105.01320000000001,2284.2690000000002,106.72980000000001,2284.2690000000002,106.68599999999999,2284.2690000000002,106.0888
2284.751,105.02100000000002,2284.751,106.7566,2284.751,106.7034,2284.751,106.0959
2285.2329999999997,105.02880000000002,2285.2329999999997,106.7749,2285.2329999999997,106.71090000000001,2285.2329999999997,106.1019
2285.716,105.0341,2285.716,106.78160000000001,2285.716,106.7067,2285.716,106.1051
2286.1980000000003,105.03469999999999,2286.1980000000003,106.7759,2286.1980000000003,106.69040000000001,2286.1980000000003,106.10390000000001
2286.68,105.02880000000002,2286.68,106.75889999999998,2286.68,106.6632,2286.68,106.09660000000001
2287.162,105.0152,2287.162,106.733,2287.162,106.6276,2287.162,106.08200000000001
2287.6440000000002,104.9933,2287.6440000000002,106.7007,2287.6440000000002,106.587,2287.6440000000002,106.05990000000001
2288.126,104.9636,2288.126,106.66359999999999,2288.126,106.54440000000001,2288.126,106.0307
2288.608,104.92710000000001,2288.608,106.62259999999999,2288.608,106.50189999999999,2288.608,105.9954
2289.0899999999997,104.8856,2289.0899999999997,106.5776,2289.0899999999997,106.46029999999999,2289.0899999999997,105.9553
2289.573,104.8414,2289.573,106.5288,2289.573,106.419,2289.573,105.91239999999999
2290.0550000000003,104.79700000000001,2290.0550000000003,106.4775,2290.0550000000003,106.3779,2290.0550000000003,105.86869999999999
2290.5370000000003,104.7552,2290.5370000000003,106.4268,2290.5370000000003,106.3371,2290.5370000000003,105.8272
2291.019,104.7188,2291.019,106.38080000000001,2291.019,106.2989,2291.019,105.7909
2291.501,104.6895,2291.501,106.34429999999999,2291.501,106.26610000000001,2291.501,105.76270000000001
2291.983,104.66850000000001,2291.983,106.3207,2291.983,106.2422,2291.983,105.7443
2292.465,104.6559,2292.465,106.3114,2292.465,106.2293,2292.465,105.7358
2292.9469999999997,104.65050000000001,2292.9469999999997,106.31479999999999,2292.9469999999997,106.22739999999999,2292.9469999999997,105.7358
2293.429,104.6507,2293.429,106.32760000000002,2293.429,106.2344,2293.429,105.74110000000002
2293.9120000000003,104.6542,2293.9120000000003,106.3452,2293.9120000000003,106.24659999999999,2293.9120000000003,105.74889999999999
2294.3940000000002,104.65910000000001,2294.3940000000002,106.36330000000001,2294.3940000000002,106.2602,2294.3940000000002,105.7567
2294.8759999999997,104.664,2294.8759999999997,106.3788,2294.8759999999997,106.27260000000001,2294.8759999999997,105.76350000000001
2295.358,104.668,2295.358,106.39030000000001,2295.358,106.28269999999999,2295.358,105.76920000000001
2295.84,104.67089999999999,2295.84,106.39750000000001,2295.84,106.2912,2295.84,105.77430000000001
2296.322,104.67249999999999,2296.322,106.401,2296.322,106.2993,2296.322,105.77859999999998
2296.8039999999996,104.6726,2296.8039999999996,106.401,2296.8039999999996,106.3078,2296.8039999999996,105.7807
2297.286,104.6706,2297.286,106.3978,2297.286,106.3164,2297.286,105.7782
2297.7690000000002,104.6658,2297.7690000000002,106.39160000000001,2297.7690000000002,106.32379999999999,2297.7690000000002,105.7688
2298.251,104.65709999999999,2298.251,106.38289999999999,2298.251,106.3286,2298.251,105.75129999999999
2298.7329999999997,104.6441,2298.7329999999997,106.37259999999999,2298.7329999999997,106.32969999999999,2298.7329999999997,105.72680000000001
2299.215,104.6268,2299.215,106.3621,2299.215,106.3273,2299.215,105.69900000000001
2299.697,104.60640000000001,2299.697,106.35270000000001,2299.697,106.3225,2299.697,105.673
2300.179,104.58449999999999,2300.179,106.3447,2300.179,106.31710000000001,2300.179,105.654
2300.661,104.5634,2300.661,106.33760000000001,2300.661,106.31250000000001,2300.661,105.6453
2301.143,104.54520000000001,2301.143,106.3303,2301.143,106.30919999999999,2301.143,105.64770000000001
2301.625,104.5315,2301.625,106.3213,2301.625,106.3066,2301.625,105.6592
2302.108,104.5233,2302.108,106.3101,2302.108,106.304,2302.108,105.67580000000001
2302.5899999999997,104.52090000000001,2302.5899999999997,106.2972,2302.5899999999997,106.30060000000002,2302.5899999999997,105.6935
2303.072,104.52369999999999,2303.072,106.28439999999999,2303.072,106.2964,2303.072,105.7088
2303.554,104.53110000000001,2303.554,106.27409999999999,2303.554,106.2919,2303.554,105.7205
2304.036,104.542,2304.036,106.26830000000001,2304.036,106.28820000000002,2304.036,105.72829999999999
2304.518,104.5552,2304.518,106.2681,2304.518,106.28549999999998,2304.518,105.7334
2305.0,104.5698,2305.0,106.27329999999999,2305.0,106.2839,2305.0,105.7367
2305.482,104.58449999999999,2305.482,106.2824,2305.482,106.2823,2305.482,105.73870000000001
2305.965,104.5981,2305.965,106.2937,2305.965,106.2796,2305.965,105.73920000000001
2306.447,104.60940000000001,2306.447,106.30539999999999,2306.447,106.27489999999999,2306.447,105.7377
2306.929,104.61739999999999,2306.929,106.31649999999999,2306.929,106.2682,2306.929,105.73360000000001
2307.411,104.6213,2307.411,106.3266,2307.411,106.26050000000001,2307.411,105.7267
2307.893,104.6214,2307.893,106.3359,2307.893,106.2532,2307.893,105.71740000000001
2308.375,104.6183,2308.375,106.3445,2308.375,106.2479,2308.375,105.70630000000001
2308.857,104.6138,2308.857,106.3523,2308.857,106.2452,2308.857,105.6946
2309.339,104.60979999999999,2309.339,106.35900000000001,2309.339,106.24530000000001,2309.339,105.6834
2309.822,104.60810000000001,2309.822,106.3642,2309.822,106.2473,2309.822,105.67420000000001
2310.3030000000003,104.60979999999999,2310.3030000000003,106.36730000000001,2310.3030000000003,106.25009999999999,2310.3030000000003,105.66819999999998
2310.786,104.6149,2310.786,106.36779999999999,2310.786,106.2526,2310.786,105.666
2311.268,104.6221,2311.268,106.3655,2311.268,106.2543,2311.268,105.66770000000001
2311.75,104.62929999999999,2311.75,106.36000000000001,2311.75,106.25489999999999,2311.75,105.67219999999999
2312.232,104.6343,2312.232,106.3513,2312.232,106.2546,2312.232,105.6773
2312.714,104.6352,2312.714,106.3399,2312.714,106.25389999999999,2312.714,105.68079999999999
2313.196,104.6311,2313.196,106.3268,2313.196,106.25359999999999,2313.196,105.6804
2313.678,104.6221,2313.678,106.3134,2313.678,106.25439999999999,2313.678,105.6754
2314.1600000000003,104.60940000000001,2314.1600000000003,106.3016,2314.1600000000003,106.2568,2314.1600000000003,105.6662
2314.643,104.5943,2314.643,106.2924,2314.643,106.2606,2314.643,105.65469999999999
2315.125,104.57799999999999,2315.125,106.28649999999999,2315.125,106.26450000000001,2315.125,105.643
2315.607,104.5614,2315.607,106.2829,2315.607,106.26660000000001,2315.607,105.63309999999998
2316.089,104.5453,2316.089,106.2803,2316.089,106.2644,2316.089,105.6258
2316.5710000000004,104.53049999999999,2316.5710000000004,106.27709999999999,2316.5710000000004,106.2559,2316.5710000000004,105.6214
2317.053,104.51820000000001,2317.053,106.273,2317.053,106.24080000000001,2317.053,105.61989999999999
2317.535,104.5105,2317.535,106.2687,2317.535,106.2209,2317.535,105.62180000000001
2318.0170000000003,104.5096,2318.0170000000003,106.26660000000001,2318.0170000000003,106.2003,2318.0170000000003,105.62830000000001
2318.5,104.5169,2318.5,106.26880000000001,2318.5,106.1841,2318.5,105.641
2318.982,104.5325,2318.982,106.27660000000002,2318.982,106.17620000000001,2318.982,105.66029999999999
2319.464,104.5542,2319.464,106.2889,2319.464,106.178,2319.464,105.684
2319.946,104.57780000000001,2319.946,106.302,2319.946,106.18650000000001,2319.946,105.70679999999999
2320.4280000000003,104.5979,2320.4280000000003,106.311,2320.4280000000003,106.1957,2320.4280000000003,105.721
2320.91,104.60959999999999,2320.91,106.3111,2320.91,106.19810000000001,2320.91,105.7185
2321.392,104.60959999999999,2321.392,106.2997,2321.392,106.1879,2321.392,105.69390000000001
2321.8740000000003,104.59750000000001,2321.8740000000003,106.2773,2321.8740000000003,106.1639,2321.8740000000003,105.647
2322.356,104.5756,2322.356,106.2474,2322.356,106.12950000000001,2322.356,105.5841
2322.839,104.5476,2322.839,106.2152,2322.839,106.09230000000001,2322.839,105.516
2323.321,104.51790000000001,2323.321,106.185,2323.321,106.0608,2323.321,105.45530000000001
2323.803,104.4897,2323.803,106.1599,2323.803,106.0416,2323.803,105.41210000000001
2324.2850000000003,104.465,2324.2850000000003,106.14030000000001,2324.2850000000003,106.0371,2324.2850000000003,105.3915
2324.767,104.44389999999999,2324.767,106.12539999999998,2324.767,106.04549999999999,2324.767,105.3927
2325.249,104.4264,2325.249,106.1138,2325.249,106.0621,2325.249,105.4101
2325.731,104.41229999999999,2325.731,106.10489999999999,2325.731,106.0813,2325.731,105.43560000000001
2326.213,104.4019,2326.213,106.099,2326.213,106.09930000000001,2326.213,105.4616
2326.696,104.39609999999999,2326.696,106.09709999999998,2326.696,106.1142,2326.696,105.4826
2327.178,104.3957,2327.178,106.0997,2327.178,106.1267,2327.178,105.49589999999999
2327.66,104.40069999999999,2327.66,106.10679999999999,2327.66,106.1384,2327.66,105.50150000000001
2328.1420000000003,104.41,2328.1420000000003,106.1167,2328.1420000000003,106.15060000000001,2328.1420000000003,105.50120000000001
2328.6240000000003,104.4211,2328.6240000000003,106.12710000000001,2328.6240000000003,106.1629,2328.6240000000003,105.4973
2329.1059999999998,104.43119999999999,2329.1059999999998,106.1353,2329.1059999999998,106.17360000000001,2329.1059999999998,105.49189999999999
2329.588,104.4373,2329.588,106.1393,2329.588,106.1798,2329.588,105.4859
2330.07,104.4381,2330.07,106.1381,2330.07,106.1787,2330.07,105.4796
2330.552,104.4335,2330.552,106.13109999999999,2330.552,106.16890000000001,2330.552,105.4724
2331.035,104.42530000000001,2331.035,106.11850000000001,2331.035,106.15090000000001,2331.035,105.46340000000001
2331.517,104.4162,2331.517,106.1007,2331.517,106.1267,2331.517,105.45139999999999
2331.9990000000003,104.4087,2331.9990000000003,106.07839999999999,2331.9990000000003,106.09949999999999,2331.9990000000003,105.43579999999999
2332.481,104.4049,2332.481,106.0532,2332.481,106.0724,2332.481,105.41659999999999
2332.9629999999997,104.4052,2332.9629999999997,106.02810000000001,2332.9629999999997,106.0479,2332.9629999999997,105.39460000000001
2333.445,104.4094,2333.445,106.00719999999998,2333.445,106.0279,2333.445,105.37190000000001
2333.927,104.4162,2333.927,105.99510000000001,2333.927,106.0138,2333.927,105.3513
2334.409,104.42450000000001,2334.409,105.99549999999999,2334.409,106.00670000000001,2334.409,105.3358
2334.892,104.4331,2334.892,106.0101,2334.892,106.00750000000001,2334.892,105.32809999999999
2335.374,104.4412,2335.374,106.0378,2335.374,106.0171,2335.374,105.3299
2335.856,104.4486,2335.856,106.0748,2335.856,106.0352,2335.856,105.34179999999999
2336.338,104.4551,2336.338,106.11619999999999,2336.338,106.0611,2336.338,105.36330000000001
2336.8199999999997,104.4612,2336.8199999999997,106.1569,2336.8199999999997,106.0932,2336.8199999999997,105.39309999999999
2337.302,104.46740000000001,2337.302,106.1935,2337.302,106.1298,2337.302,105.4298
2337.784,104.47470000000001,2337.784,106.2244,2337.784,106.16929999999999,2337.784,105.47139999999999
2338.266,104.484,2338.266,106.25,2338.266,106.2103,2338.266,105.516
2338.749,104.4965,2338.749,106.2715,2338.749,106.25139999999999,2338.749,105.56099999999999
2339.23,104.5126,2339.23,106.29010000000001,2339.23,106.29090000000001,2339.23,105.6033
2339.713,104.5318,2339.713,106.3065,2339.713,106.3268,2339.713,105.63959999999999
2340.195,104.5528,2340.195,106.3205,2340.195,106.35669999999999,2340.195,105.66740000000001
2340.6769999999997,104.5726,2340.6769999999997,106.3316,2340.6769999999997,106.37780000000001,2340.6769999999997,105.6853
2341.159,104.5872,2341.159,106.3387,2341.159,106.38749999999999,2341.159,105.6938
2341.641,104.59210000000002,2341.641,106.34060000000001,2341.641,106.3844,2341.641,105.6953
2342.123,104.5847,2342.123,106.3361,2342.123,106.37,2342.123,105.69219999999999
2342.605,104.566,2342.605,106.3255,2342.605,106.349,2342.605,105.6864
2343.087,104.5412,2343.087,106.3111,2343.087,106.3278,2343.087,105.67850000000001
2343.57,104.5175,2343.57,106.2965,2343.57,106.31150000000001,2343.57,105.6686
2344.052,104.5007,2344.052,106.2853,2344.052,106.30250000000001,2344.052,105.6577
2344.534,104.4925,2344.534,106.2789,2344.534,106.2995,2344.534,105.6476
2345.016,104.4902,2345.016,106.27640000000001,2345.016,106.2988,2345.016,105.6411
2345.498,104.48960000000001,2345.498,106.2762,2345.498,106.29710000000001,2345.498,105.64009999999999
2345.98,104.4875,2345.98,106.2768,2345.98,106.29299999999999,2345.98,105.64450000000001
2346.462,104.4839,2346.462,106.2781,2346.462,106.2874,2346.462,105.6524
2346.944,104.481,2346.944,106.2808,2346.944,106.2826,2346.944,105.6608
2347.427,104.4809,2347.427,106.28470000000002,2347.427,106.28,2347.427,105.6668
2347.909,104.48409999999998,2347.909,106.28869999999999,2347.909,106.2798,2347.909,105.6683
2348.391,104.4894,2348.391,106.2907,2348.391,106.28040000000001,2348.391,105.6645
2348.873,104.494,2348.873,106.2886,2348.873,106.2796,2348.873,105.6557
2349.355,104.4948,2349.355,106.2805,2349.355,106.27539999999999,2349.355,105.64320000000001
2349.837,104.4892,2349.837,106.26610000000001,2349.837,106.26660000000001,2349.837,105.62910000000001
2350.319,104.4774,2350.319,106.24759999999999,2350.319,106.2541,2350.319,105.6158
2350.801,104.4617,2350.801,106.229,2350.801,106.2405,2350.801,105.6057
2351.283,104.4476,2351.283,106.21640000000001,2351.283,106.2301,2351.283,105.6004
2351.766,104.44059999999999,2351.766,106.2151,2351.766,106.22739999999999,2351.766,105.6004
2352.248,104.4437,2352.248,106.22739999999999,2352.248,106.2346,2352.248,105.6052
2352.73,104.4543,2352.73,106.25,2352.73,106.2492,2352.73,105.6141
2353.212,104.4657,2353.212,106.276,2353.212,106.2652,2353.212,105.6256
2353.694,104.4718,2353.694,106.29820000000001,2353.694,106.27629999999999,2353.694,105.63860000000001
2354.176,104.4708,2354.176,106.31250000000001,2354.176,106.2794,2354.176,105.6516
2354.6580000000004,104.4655,2354.6580000000004,106.3182,2354.6580000000004,106.27459999999999,2354.6580000000004,105.663
2355.14,104.461,2355.14,106.3162,2355.14,106.2637,2355.14,105.67150000000001
2355.623,104.4613,2355.623,106.30820000000001,2355.623,106.24880000000002,2355.623,105.67649999999999
2356.105,104.46679999999999,2356.105,106.2962,2356.105,106.23100000000001,2356.105,105.6782
2356.587,104.4758,2356.587,106.28359999999999,2356.587,106.2128,2356.587,105.6782
2357.069,104.48630000000001,2357.069,106.27550000000001,2357.069,106.1985,2357.069,105.6781
2357.551,104.4971,2357.551,106.27590000000001,2357.551,106.1939,2357.551,105.67930000000001
2358.033,104.50699999999999,2358.033,106.2849,2358.033,106.2017,2358.033,105.6814
2358.5150000000003,104.5128,2358.5150000000003,106.2959,2358.5150000000003,106.2177,2358.5150000000003,105.68329999999999
2358.997,104.51010000000001,2358.997,106.2997,2358.997,106.2314,2358.997,105.6834
2359.479,104.4973,2359.479,106.2913,2359.479,106.23320000000001,2359.479,105.6806
2359.962,104.4788,2359.962,106.2747,2359.962,106.22309999999999,2359.962,105.67470000000002
2360.4440000000004,104.46329999999999,2360.4440000000004,106.2593,2360.4440000000004,106.2119,2360.4440000000004,105.6661
2360.926,104.4573,2360.926,106.2508,2360.926,106.2125,2360.926,105.6559
2361.408,104.4617,2361.408,106.2495,2361.408,106.23070000000001,2361.408,105.6453
2361.89,104.47420000000001,2361.89,106.2523,2361.89,106.2635,2361.89,105.6362
2362.3720000000003,104.48980000000002,2362.3720000000003,106.2554,2362.3720000000003,106.301,2362.3720000000003,105.6299
2362.854,104.5031,2362.854,106.2541,2362.854,106.3314,2362.854,105.6266
2363.336,104.5107,2363.336,106.24629999999999,2363.336,106.3466,2363.336,105.62549999999999
2363.819,104.5123,2363.819,106.23270000000001,2363.819,106.3455,2363.819,105.62529999999998
2364.3010000000004,104.51060000000001,2364.3010000000004,106.2168,2364.3010000000004,106.33319999999999,2364.3010000000004,105.62529999999998
2364.783,104.5084,2364.783,106.2028,2364.783,106.31680000000001,2364.783,105.6264
2365.265,104.50779999999999,2365.265,106.1952,2365.265,106.3026,2365.265,105.63100000000001
2365.747,104.5089,2365.747,106.19760000000001,2365.747,106.2935,2365.747,105.6418
2366.2290000000003,104.511,2366.2290000000003,106.21050000000001,2366.2290000000003,106.28960000000001,2366.2290000000003,105.66
2366.711,104.5125,2366.711,106.23149999999998,2366.711,106.28880000000001,2366.711,105.684
2367.1929999999998,104.5126,2367.1929999999998,106.2561,2367.1929999999998,106.28899999999999,2367.1929999999998,105.7094
2367.676,104.5121,2367.676,106.2792,2367.676,106.28880000000001,2367.676,105.7307
2368.157,104.5129,2368.157,106.29729999999999,2368.157,106.2879,2368.157,105.74319999999999
2368.64,104.51710000000001,2368.64,106.30900000000001,2368.64,106.28699999999999,2368.64,105.74520000000001
2369.122,104.5261,2369.122,106.3154,2369.122,106.2867,2369.122,105.738
2369.604,104.54,2369.604,106.3183,2369.604,106.2869,2369.604,105.7254
2370.0860000000002,104.5571,2370.0860000000002,106.3194,2370.0860000000002,106.2871,2370.0860000000002,105.71159999999999
2370.568,104.57419999999999,2370.568,106.3186,2370.568,106.28599999999999,2370.568,105.69980000000001
2371.0499999999997,104.5877,2371.0499999999997,106.31429999999999,2371.0499999999997,106.2824,2371.0499999999997,105.6905
2371.532,104.5941,2371.532,106.30409999999999,2371.532,106.2748,2371.532,105.6827
2372.014,104.59140000000001,2372.014,106.2861,2372.014,106.2624,2372.014,105.6739
2372.4970000000003,104.5795,2372.4970000000003,106.2603,2372.4970000000003,106.24510000000001,2372.4970000000003,105.66199999999999
2372.979,104.5601,2372.979,106.2287,2372.979,106.22370000000001,2372.979,105.646
2373.461,104.53630000000001,2373.461,106.1952,2373.461,106.2005,2373.461,105.6263
2373.943,104.5119,2373.943,106.16430000000001,2373.943,106.1788,2373.943,105.6041
2374.425,104.49040000000001,2374.425,106.1401,2374.425,106.16250000000001,2374.425,105.58130000000001
2374.9069999999997,104.474,2374.9069999999997,106.1252,2374.9069999999997,106.15509999999999,2374.9069999999997,105.5599
2375.389,104.46340000000001,2375.389,106.12029999999999,2375.389,106.1591,2375.389,105.5415
2375.8720000000003,104.45830000000001,2375.8720000000003,106.1245,2375.8720000000003,106.17430000000002,2375.8720000000003,105.5273
2376.3540000000003,104.4569,2376.3540000000003,106.1358,2376.3540000000003,106.19829999999999,2376.3540000000003,105.51809999999999
2376.836,104.4577,2376.836,106.1515,2376.836,106.2263,2376.836,105.51459999999999
2377.3179999999998,104.4594,2377.3179999999998,106.1692,2377.3179999999998,106.2528,2377.3179999999998,105.5167
2377.8,104.4614,2377.8,106.1866,2377.8,106.2727,2377.8,105.5241
2378.282,104.46390000000001,2378.282,106.202,2378.282,106.2826,2378.282,105.5358
2378.7639999999997,104.46740000000001,2378.7639999999997,106.2144,2378.7639999999997,106.2824,2378.7639999999997,105.5506
2379.246,104.4725,2379.246,106.22339999999998,2379.246,106.27409999999999,2379.246,105.56700000000001
2379.7290000000003,104.47949999999999,2379.7290000000003,106.2293,2379.7290000000003,106.26169999999999,2379.7290000000003,105.5837
2380.21,104.48809999999999,2380.21,106.233,2380.21,106.24910000000001,2380.21,105.59970000000001
2380.6929999999998,104.4973,2380.6929999999998,106.2356,2380.6929999999998,106.2394,2380.6929999999998,105.6143
2381.1749999999997,104.50600000000001,2381.1749999999997,106.2384,2381.1749999999997,106.2336,2381.1749999999997,105.62720000000002
2381.657,104.5129,2381.657,106.2419,2381.657,106.2311,2381.657,105.6379
2382.139,104.5169,2382.139,106.24659999999999,2382.139,106.23039999999999,2382.139,105.6465
2382.621,104.51740000000001,2382.621,106.25240000000001,2382.621,106.23,2382.621,105.65299999999999
2383.103,104.5142,2383.103,106.2591,2383.103,106.22940000000001,2383.103,105.6579
2383.585,104.508,2383.585,106.2664,2383.585,106.22940000000001,2383.585,105.6622
2384.067,104.49949999999998,2384.067,106.2743,2384.067,106.2313,2384.067,105.6668
2384.5499999999997,104.4899,2384.5499999999997,106.28249999999998,2384.5499999999997,106.2364,2384.5499999999997,105.67249999999999
2385.0319999999997,104.48049999999999,2385.0319999999997,106.2912,2385.0319999999997,106.2452,2385.0319999999997,105.67949999999999
2385.514,104.4724,2385.514,106.3002,2385.514,106.2568,2385.514,105.6875
2385.996,104.4667,2385.996,106.3091,2385.996,106.26910000000001,2385.996,105.6953
2386.478,104.464,2386.478,106.3174,2386.478,106.2795,2386.478,105.7016
2386.96,104.46470000000001,2386.96,106.32459999999999,2386.96,106.2859,2386.96,105.70530000000001
2387.442,104.4683,2387.442,106.3301,2387.442,106.2871,2387.442,105.70599999999999
2387.924,104.47370000000001,2387.924,106.3334,2387.924,106.28299999999999,2387.924,105.7039
2388.406,104.4794,2388.406,106.3341,2388.406,106.2747,2388.406,105.6996
2388.8889999999997,104.48349999999999,2388.8889999999997,106.3314,2388.8889999999997,106.2632,2388.8889999999997,105.69390000000001
2389.371,104.48440000000001,2389.371,106.32459999999999,2389.371,106.2498,2389.371,105.68690000000001
2389.853,104.481,2389.853,106.31349999999999,2389.853,106.23530000000001,2389.853,105.6784
2390.335,104.47370000000001,2390.335,106.2983,2390.335,106.2204,2390.335,105.6681
2390.817,104.4635,2390.817,106.28,2390.817,106.20620000000001,2390.817,105.6557
2391.299,104.4529,2391.299,106.26070000000001,2391.299,106.19380000000001,2391.299,105.6418
2391.781,104.4445,2391.781,106.24309999999998,2391.781,106.18449999999999,2391.781,105.62800000000001
2392.263,104.4405,2392.263,106.22970000000001,2392.263,106.17909999999999,2392.263,105.61609999999999
2392.7459999999996,104.442,2392.7459999999996,106.22210000000001,2392.7459999999996,106.17760000000001,2392.7459999999996,105.6084
2393.228,104.4485,2393.228,106.2207,2393.228,106.179,2393.228,105.6059
2393.71,104.4581,2393.71,106.2243,2393.71,106.1811,2393.71,105.6084
2394.192,104.4678,2394.192,106.23070000000001,2394.192,106.18209999999999,2394.192,105.6146
2394.674,104.4746,2394.674,106.2374,2394.674,106.1806,2394.674,105.6225
2395.156,104.47599999999998,2395.156,106.2422,2395.156,106.1766,2395.156,105.6299
2395.638,104.471,2395.638,106.24419999999999,2395.638,106.17129999999999,2395.638,105.6355
2396.12,104.46029999999999,2396.12,106.2435,2396.12,106.16669999999999,2396.12,105.63860000000001
2396.6029999999996,104.44590000000001,2396.6029999999996,106.2414,2396.6029999999996,106.1647,2396.6029999999996,105.6397
2397.085,104.43039999999999,2397.085,106.23929999999999,2397.085,106.1664,2397.085,105.6395
2397.567,104.4167,2397.567,106.23899999999999,2397.567,106.17160000000001,2397.567,105.6385
2398.049,104.40700000000001,2398.049,106.24150000000002,2398.049,106.1795,2398.049,105.63709999999999
2398.5310000000004,104.4025,2398.5310000000004,106.24759999999999,2398.5310000000004,106.1889,2398.5310000000004,105.6354
2399.013,104.4033,2399.013,106.25770000000001,2399.013,106.199,2399.013,105.6337
2399.495,104.40849999999999,2399.495,106.2715,2399.495,106.2095,2399.495,105.63260000000001
2399.977,104.4165,2399.977,106.2884,2399.977,106.2205,2399.977,105.63309999999998
2400.4590000000003,104.4254,2400.4590000000003,106.3065,2400.4590000000003,106.23119999999999,2400.4590000000003,105.6362
2400.942,104.43430000000001,2400.942,106.3247,2400.942,106.2416,2400.942,105.6428
2401.424,104.4422,2401.424,106.3409,2401.424,106.24990000000001,2401.424,105.6527
2401.906,104.44839999999999,2401.906,106.35300000000001,2401.906,106.25389999999999,2401.906,105.6646
2402.3880000000004,104.45219999999999,2402.3880000000004,106.3593,2402.3880000000004,106.2518,2402.3880000000004,105.6767
2402.87,104.4535,2402.87,106.3596,2402.87,106.24279999999999,2402.87,105.68690000000001
2403.352,104.45219999999999,2403.352,106.35470000000001,2403.352,106.2276,2403.352,105.6935
2403.834,104.4485,2403.834,106.3467,2403.834,106.2088,2403.834,105.69599999999998
2404.3160000000003,104.44279999999999,2404.3160000000003,106.338,2404.3160000000003,106.18970000000002,2404.3160000000003,105.69489999999999
2404.799,104.43610000000001,2404.799,106.331,2404.799,106.1738,2404.799,105.69170000000001
2405.281,104.42949999999999,2405.281,106.327,2405.281,106.1636,2405.281,105.68789999999998
2405.763,104.4243,2405.763,106.3269,2405.763,106.16019999999999,2405.763,105.6852
2406.2450000000003,104.4217,2406.2450000000003,106.3304,2406.2450000000003,106.16369999999999,2406.2450000000003,105.6845
2406.727,104.42260000000002,2406.727,106.3371,2406.727,106.1727,2406.727,105.6862
2407.209,104.4271,2407.209,106.3462,2407.209,106.18570000000001,2407.209,105.68990000000001
2407.691,104.43450000000001,2407.691,106.35669999999999,2407.691,106.2006,2407.691,105.69470000000001
2408.1730000000002,104.44340000000001,2408.1730000000002,106.3677,2408.1730000000002,106.2157,2408.1730000000002,105.6996
2408.656,104.4521,2408.656,106.3779,2408.656,106.22940000000001,2408.656,105.7034
2409.1369999999997,104.4587,2409.1369999999997,106.3862,2409.1369999999997,106.2406,2409.1369999999997,105.70530000000001
2409.62,104.4621,2409.62,106.39129999999999,2409.62,106.2487,2409.62,105.7046
2410.1020000000003,104.4621,2410.1020000000003,106.3928,2410.1020000000003,106.2535,2410.1020000000003,105.7016
2410.584,104.4594,2410.584,106.39099999999999,2410.584,106.25569999999999,2410.584,105.697
2411.066,104.4554,2411.066,106.38669999999999,2411.066,106.2561,2411.066,105.69200000000001
2411.548,104.45199999999998,2411.548,106.38149999999999,2411.548,106.25569999999999,2411.548,105.68809999999999
2412.03,104.45089999999999,2412.03,106.3768,2412.03,106.2551,2412.03,105.6865
2412.512,104.4531,2412.512,106.3736,2412.512,106.2546,2412.512,105.68809999999999
2412.9939999999997,104.4592,2412.9939999999997,106.37209999999999,2412.9939999999997,106.254,2412.9939999999997,105.693
2413.477,104.4692,2413.477,106.37259999999999,2413.477,106.25359999999999,2413.477,105.7012
2413.9590000000003,104.4826,2413.9590000000003,106.3747,2413.9590000000003,106.254,2413.9590000000003,105.7122
2414.4410000000003,104.49839999999999,2414.4410000000003,106.3785,2414.4410000000003,106.2568,2414.4410000000003,105.7256
2414.923,104.51520000000001,2414.923,106.38399999999999,2414.923,106.26310000000001,2414.923,105.7408
2415.4049999999997,104.53079999999999,2415.4049999999997,106.3912,2415.4049999999997,106.2737,2415.4049999999997,105.75710000000001
2415.887,104.54239999999999,2415.887,106.39940000000001,2415.887,106.2878,2415.887,105.7733
2416.369,104.5471,2416.369,106.4073,2416.369,106.3029,2416.369,105.7878
2416.8509999999997,104.54270000000001,2416.8509999999997,106.41290000000001,2416.8509999999997,106.315,2416.8509999999997,105.79829999999998
2417.333,104.5283,2417.333,106.4139,2417.333,106.31980000000001,2417.333,105.80279999999999
2417.8160000000003,104.5048,2417.8160000000003,106.4087,2417.8160000000003,106.3145,2417.8160000000003,105.7998
2418.2980000000002,104.47550000000001,2418.2980000000002,106.3971,2418.2980000000002,106.2983,2418.2980000000002,105.78909999999999
2418.7799999999997,104.44489999999999,2418.7799999999997,106.3803,2418.7799999999997,106.2735,2418.7799999999997,105.772
2419.2619999999997,104.41799999999999,2419.2619999999997,106.36099999999999,2419.2619999999997,106.24499999999999,2419.2619999999997,105.75099999999999
2419.744,104.39890000000001,2419.744,106.3426,2419.744,106.21849999999999,2419.744,105.72950000000002
2420.226,104.38959999999999,2420.226,106.32820000000001,2420.226,106.1993,2420.226,105.71079999999999
2420.708,104.39020000000001,2420.708,106.32,2420.708,106.1909,2420.708,105.6971
2421.19,104.3987,2421.19,106.3188,2421.19,106.19400000000002,2421.19,105.68960000000001
2421.6730000000002,104.41199999999999,2421.6730000000002,106.32390000000001,2421.6730000000002,106.2065,2421.6730000000002,105.6878
2422.155,104.4268,2422.155,106.33349999999999,2422.155,106.2245,2422.155,105.69010000000002
2422.6369999999997,104.44059999999999,2422.6369999999997,106.34490000000001,2422.6369999999997,106.24329999999999,2422.6369999999997,105.6943
2423.1189999999997,104.45150000000001,2423.1189999999997,106.35539999999999,2423.1189999999997,106.2583,2423.1189999999997,105.6979
2423.601,104.45850000000002,2423.601,106.3623,2423.601,106.26610000000001,2423.601,105.6988
2424.083,104.4612,2424.083,106.36350000000002,2424.083,106.26530000000001,2424.083,105.6958
2424.565,104.45960000000001,2424.565,106.3579,2424.565,106.2562,2424.565,105.68900000000001
2425.047,104.45400000000001,2425.047,106.3455,2425.047,106.24100000000001,2425.047,105.6791
2425.53,104.44500000000001,2425.53,106.32770000000001,2425.53,106.2227,2425.53,105.6676
2426.012,104.4338,2426.012,106.3069,2426.012,106.2048,2426.012,105.6562
2426.494,104.4216,2426.494,106.28569999999999,2426.494,106.1899,2426.494,105.6459
2426.9759999999997,104.40990000000001,2426.9759999999997,106.2669,2426.9759999999997,106.17920000000001,2426.9759999999997,105.6367
2427.458,104.39920000000001,2427.458,106.2519,2427.458,106.1722,2427.458,105.6279
2427.94,104.38940000000001,2427.94,106.2411,2427.94,106.1677,2427.94,105.618
2428.422,104.3796,2428.422,106.23400000000001,2428.422,106.16369999999999,2428.422,105.6062
2428.904,104.3687,2428.904,106.2293,2428.904,106.15920000000001,2428.904,105.5925
2429.386,104.35600000000001,2429.386,106.22609999999999,2429.386,106.1545,2429.386,105.5787
2429.869,104.34190000000001,2429.869,106.22389999999999,2429.869,106.15079999999999,2429.869,105.5682
2430.351,104.3279,2430.351,106.22279999999999,2430.351,106.15,2430.351,105.56429999999999
2430.8329999999996,104.316,2430.8329999999996,106.22290000000001,2430.8329999999996,106.1531,2430.8329999999996,105.56970000000001
2431.315,104.3082,2431.315,106.224,2431.315,106.1596,2431.315,105.5849
2431.797,104.3056,2431.797,106.22540000000001,2431.797,106.16749999999999,2431.797,105.60780000000001
2432.279,104.308,2432.279,106.226,2432.279,106.17410000000001,2432.279,105.63419999999999
2432.761,104.31349999999999,2432.761,106.2248,2432.761,106.1767,2432.761,105.65880000000001
2433.243,104.3199,2433.243,106.2214,2433.243,106.17479999999999,2433.243,105.6772
2433.726,104.325,2433.726,106.2167,2433.726,106.1696,2433.726,105.68679999999999
2434.208,104.3273,2434.208,106.2126,2434.208,106.16430000000001,2434.208,105.6878
2434.6899999999996,104.3266,2434.6899999999996,106.2114,2434.6899999999996,106.16220000000001,2434.6899999999996,105.68230000000001
2435.172,104.32339999999999,2435.172,106.2147,2435.172,106.16550000000001,2435.172,105.6735
2435.654,104.3187,2435.654,106.2233,2435.654,106.1738,2435.654,105.66420000000001
2436.136,104.31349999999999,2436.136,106.2363,2436.136,106.1846,2436.136,105.65599999999999
2436.6180000000004,104.30850000000001,2436.6180000000004,106.2516,2436.6180000000004,106.19400000000002,2436.6180000000004,105.6494
2437.1,104.3045,2437.1,106.26679999999999,2437.1,106.1987,2437.1,105.6435
2437.583,104.30189999999999,2437.583,106.2794,2437.583,106.1968,2437.583,105.6378
2438.064,104.3015,2438.064,106.2876,2438.064,106.1888,2438.064,105.63180000000001
2438.5469999999996,104.30369999999999,2438.5469999999996,106.29059999999998,2438.5469999999996,106.17689999999999,2438.5469999999996,105.626
2439.029,104.30900000000001,2439.029,106.28820000000002,2439.029,106.16399999999999,2439.029,105.6215
2439.511,104.3169,2439.511,106.2813,2439.511,106.1525,2439.511,105.6192
2439.993,104.32639999999999,2439.993,106.27120000000001,2439.993,106.1432,2439.993,105.61989999999999
2440.4750000000004,104.33630000000001,2440.4750000000004,106.26050000000001,2440.4750000000004,106.13619999999999,2440.4750000000004,105.6236
2440.957,104.3452,2440.957,106.2518,2440.957,106.131,2440.957,105.6301
2441.439,104.35239999999999,2441.439,106.2483,2441.439,106.12740000000001,2441.439,105.6385
2441.921,104.35799999999999,2441.921,106.2518,2441.921,106.12559999999999,2441.921,105.64819999999999
2442.404,104.36240000000001,2442.404,106.2627,2442.404,106.1264,2442.404,105.6581
2442.886,104.36589999999998,2442.886,106.2788,2442.886,106.12950000000001,2442.886,105.6673
2443.368,104.3685,2443.368,106.29580000000001,2443.368,106.134,2443.368,105.67439999999999
2443.85,104.36939999999998,2443.85,106.30869999999999,2443.85,106.1378,2443.85,105.6782
2444.3320000000003,104.3677,2444.3320000000003,106.31360000000001,2444.3320000000003,106.1388,2444.3320000000003,105.6781
2444.814,104.3631,2444.814,106.3091,2444.814,106.13589999999999,2444.814,105.67439999999999
2445.296,104.35620000000002,2445.296,106.29729999999999,2445.296,106.1301,2445.296,105.6689
2445.778,104.3488,2445.778,106.2831,2445.778,106.1245,2445.778,105.664
2446.26,104.34380000000002,2446.26,106.27260000000001,2446.26,106.12349999999999,2446.26,105.6624
2446.743,104.3433,2446.743,106.27029999999999,2446.743,106.1305,2446.743,105.6656
2447.225,104.34840000000001,2447.225,106.2778,2447.225,106.14680000000001,2447.225,105.6733
2447.707,104.3576,2447.707,106.2924,2447.707,106.17000000000002,2447.707,105.68299999999999
2448.1890000000003,104.3682,2448.1890000000003,106.30900000000001,2448.1890000000003,106.19559999999998,2448.1890000000003,105.6908
2448.671,104.3761,2448.671,106.3215,2448.671,106.21750000000002,2448.671,105.6928
2449.153,104.3781,2449.153,106.32509999999999,2449.153,106.2308,2449.153,105.68660000000001
2449.6349999999998,104.373,2449.6349999999998,106.3185,2449.6349999999998,106.23339999999999,2449.6349999999998,105.67219999999999
2450.117,104.3621,2450.117,106.30390000000001,2450.117,106.2263,2450.117,105.65249999999999
2450.6,104.3485,2450.6,106.28569999999999,2450.6,106.21350000000001,2450.6,105.63199999999999
2451.082,104.33600000000001,2451.082,106.2689,2451.082,106.19959999999999,2451.082,105.6155
2451.564,104.3278,2451.564,106.25750000000001,2451.564,106.1887,2451.564,105.6067
2452.0460000000003,104.32520000000001,2452.0460000000003,106.25309999999999,2452.0460000000003,106.1831,2452.0460000000003,105.6069
2452.5280000000002,104.3272,2452.5280000000002,106.2548,2452.5280000000002,106.18270000000001,2452.5280000000002,105.6147
2453.0099999999998,104.3316,2453.0099999999998,106.2604,2453.0099999999998,106.1859,2453.0099999999998,105.6266
2453.4919999999997,104.3356,2453.4919999999997,106.2671,2453.4919999999997,106.19050000000001,2453.4919999999997,105.63810000000001
2453.974,104.33730000000001,2453.974,106.2725,2453.974,106.19430000000001,2453.974,105.6451
2454.4570000000003,104.3357,2454.4570000000003,106.27489999999999,2454.4570000000003,106.196,2454.4570000000003,105.64489999999999
2454.939,104.3312,2454.939,106.27310000000001,2454.939,106.19480000000001,2454.939,105.63640000000001
2455.421,104.32459999999999,2455.421,106.26660000000001,2455.421,106.19030000000001,2455.421,105.6206
2455.9030000000002,104.31680000000001,2455.9030000000002,106.2551,2455.9030000000002,106.18240000000002,2455.9030000000002,105.59989999999999
2456.385,104.3081,2456.385,106.23879999999998,2456.385,106.17110000000001,2456.385,105.57730000000001
2456.8669999999997,104.29839999999999,2456.8669999999997,106.21849999999999,2456.8669999999997,106.15669999999999,2456.8669999999997,105.5559
2457.3489999999997,104.28729999999999,2457.3489999999997,106.1957,2457.3489999999997,106.13980000000001,2457.3489999999997,105.5377
2457.831,104.2748,2457.831,106.17239999999998,2457.831,106.12140000000001,2457.831,105.5239
2458.313,104.2612,2458.313,106.15060000000001,2458.313,106.1025,2458.313,105.514
2458.796,104.2475,2458.796,106.1318,2458.796,106.08420000000001,2458.796,105.50679999999998
2459.278,104.2348,2459.278,106.1166,2459.278,106.0672,2459.278,105.5005
2459.76,104.224,2459.76,106.10470000000001,2459.76,106.05180000000001,2459.76,105.4937
2460.242,104.216,2460.242,106.09580000000001,2460.242,106.0384,2460.242,105.48599999999999
2460.7239999999997,104.21100000000001,2460.7239999999997,106.0897,2460.7239999999997,106.0276,2460.7239999999997,105.47789999999999
2461.2059999999997,104.209,2461.2059999999997,106.0865,2461.2059999999997,106.02000000000001,2461.2059999999997,105.47109999999999
2461.688,104.2096,2461.688,106.0869,2461.688,106.016,2461.688,105.4673
2462.17,104.2121,2462.17,106.0911,2462.17,106.0155,2462.17,105.46759999999999
2462.653,104.2154,2462.653,106.09880000000001,2462.653,106.0176,2462.653,105.4723
2463.1349999999998,104.21780000000001,2463.1349999999998,106.10870000000001,2463.1349999999998,106.0206,2463.1349999999998,105.48010000000001
2463.617,104.21780000000001,2463.617,106.11850000000001,2463.617,106.02260000000001,2463.617,105.4888
2464.099,104.2138,2464.099,106.12610000000001,2464.099,106.02210000000001,2464.099,105.4962
2464.581,104.20519999999999,2464.581,106.1301,2464.581,106.0187,2464.581,105.5004
2465.0629999999996,104.19259999999998,2465.0629999999996,106.13040000000001,2465.0629999999996,106.0136,2465.0629999999996,105.5005
2465.545,104.1782,2465.545,106.1283,2465.545,106.0088,2465.545,105.49690000000001
2466.027,104.16460000000001,2466.027,106.1255,2466.027,106.0063,2466.027,105.4907
2466.5099999999998,104.1547,2466.5099999999998,106.1234,2466.5099999999998,106.00739999999999,2466.5099999999998,105.48329999999999
2466.9919999999997,104.1504,2466.9919999999997,106.1221,2466.9919999999997,106.0119,2466.9919999999997,105.4758
2467.474,104.1517,2467.474,106.1207,2467.474,106.01830000000001,2467.474,105.469
2467.956,104.1568,2467.956,106.11729999999999,2467.956,106.0242,2467.956,105.4632
2468.438,104.16250000000001,2468.438,106.1101,2468.438,106.0273,2468.438,105.4581
2468.9199999999996,104.1652,2468.9199999999996,106.0982,2468.9199999999996,106.02609999999999,2468.9199999999996,105.4534
2469.402,104.1621,2469.402,106.08200000000001,2469.402,106.0203,2469.402,105.44819999999999
2469.884,104.1518,2469.884,106.0632,2469.884,106.01039999999999,2469.884,105.44160000000001
2470.366,104.135,2470.366,106.04400000000001,2470.366,105.99730000000001,2470.366,105.4324
2470.8489999999997,104.11399999999999,2470.8489999999997,106.0267,2470.8489999999997,105.98179999999999,2470.8489999999997,105.42020000000001
2471.331,104.0926,2471.331,106.01270000000001,2471.331,105.9648,2471.331,105.40469999999999
2471.813,104.0745,2471.813,106.0027,2471.813,105.94680000000001,2471.813,105.38730000000001
2472.295,104.0633,2472.295,105.99700000000001,2472.295,105.929,2472.295,105.3702
2472.7769999999996,104.061,2472.7769999999996,105.99549999999999,2472.7769999999996,105.91319999999999,2472.7769999999996,105.3563
2473.259,104.0686,2473.259,105.99799999999999,2473.259,105.90180000000001,2473.259,105.34859999999999
2473.741,104.08500000000001,2473.741,106.0043,2473.741,105.89710000000001,2473.741,105.34909999999999
2474.223,104.1078,2474.223,106.01370000000001,2474.223,105.90060000000001,2474.223,105.35799999999999
2474.7059999999997,104.1336,2474.7059999999997,106.02499999999999,2474.7059999999997,105.91239999999999,2474.7059999999997,105.3742
2475.188,104.1582,2475.188,106.0365,2475.188,105.9312,2475.188,105.39510000000001
2475.67,104.1779,2475.67,106.04629999999999,2475.67,105.95429999999999,2475.67,105.4178
2476.152,104.1901,2476.152,106.05310000000001,2476.152,105.9785,2476.152,105.43979999999999
2476.6339999999996,104.19380000000001,2476.6339999999996,106.0568,2476.6339999999996,106.0009,2476.6339999999996,105.45949999999999
2477.116,104.1901,2477.116,106.0581,2477.116,106.0194,2477.116,105.4765
2477.598,104.1814,2477.598,106.0586,2477.598,106.03290000000001,2477.598,105.4908
2478.08,104.1709,2478.08,106.06040000000002,2478.08,106.04119999999999,2478.08,105.5026
2478.5629999999996,104.16149999999999,2478.5629999999996,106.0646,2478.5629999999996,106.04450000000001,2478.5629999999996,105.5115
2479.044,104.15490000000001,2479.044,106.0714,2479.044,106.0435,2479.044,105.5169
2479.527,104.15160000000002,2479.527,106.07990000000001,2479.527,106.0389,2479.527,105.518
2480.009,104.1505,2480.009,106.0881,2480.009,106.0313,2480.009,105.51410000000001
2480.491,104.1497,2480.491,106.0939,2480.491,106.0217,2480.491,105.5053
2480.973,104.14730000000002,2480.973,106.0956,2480.973,106.01069999999999,2480.973,105.4923
2481.455,104.14179999999999,2481.455,106.09219999999999,2481.455,105.9989,2481.455,105.4758
2481.937,104.1328,2481.937,106.08370000000001,2481.937,105.98669999999998,2481.937,105.4572
2482.4190000000003,104.121,2482.4190000000003,106.0711,2482.4190000000003,105.9742,2482.4190000000003,105.4374
2482.901,104.1075,2482.901,106.0562,2482.901,105.96170000000001,2482.901,105.4176
2483.384,104.09440000000001,2483.384,106.0413,2483.384,105.94980000000001,2483.384,105.3993
2483.866,104.0834,2483.866,106.02879999999999,2483.866,105.93969999999999,2483.866,105.3847
2484.348,104.0765,2484.348,106.02069999999999,2484.348,105.93289999999999,2484.348,105.37589999999999
2484.83,104.0748,2484.83,106.01849999999999,2484.83,105.93110000000001,2484.83,105.3748
2485.312,104.0791,2485.312,106.0224,2485.312,105.93509999999999,2485.312,105.3824
2485.794,104.08900000000001,2485.794,106.0316,2485.794,105.9451,2485.794,105.39789999999999
2486.2760000000003,104.1035,2486.2760000000003,106.0444,2486.2760000000003,105.95969999999998,2486.2760000000003,105.41879999999999
2486.758,104.1207,2486.758,106.0588,2486.758,105.9769,2486.758,105.44160000000001
2487.24,104.1382,2487.24,106.0727,2487.24,105.99449999999999,2487.24,105.4621
2487.723,104.1536,2487.723,106.0848,2487.723,106.0108,2487.723,105.47770000000001
2488.205,104.1654,2488.205,106.0949,2488.205,106.02510000000001,2488.205,105.487
2488.687,104.17309999999999,2488.687,106.10329999999999,2488.687,106.03769999999999,2488.687,105.491
2489.169,104.1771,2489.169,106.11,2489.169,106.04929999999999,2489.169,105.4918
2489.651,104.1787,2489.651,106.1153,2489.651,106.06040000000002,2489.651,105.49189999999999
2490.1330000000003,104.1796,2490.1330000000003,106.1184,2490.1330000000003,106.0711,2490.1330000000003,105.49340000000001
2490.6150000000002,104.1806,2490.6150000000002,106.1184,2490.6150000000002,106.0805,2490.6150000000002,105.49710000000002
2491.0969999999998,104.1819,2491.0969999999998,106.1144,2491.0969999999998,106.0875,2491.0969999999998,105.50250000000001
2491.58,104.1826,2491.58,106.1062,2491.58,106.0908,2491.58,105.5084
2492.062,104.1814,2492.062,106.0945,2492.062,106.0898,2492.062,105.51299999999999
2492.544,104.177,2492.544,106.08089999999999,2492.544,106.08470000000001,2492.544,105.515
2493.026,104.1684,2493.026,106.06700000000001,2493.026,106.0764,2493.026,105.51360000000001
2493.508,104.15589999999999,2493.508,106.05439999999999,2493.508,106.06599999999999,2493.508,105.5085
2493.9900000000002,104.1406,2493.9900000000002,106.0437,2493.9900000000002,106.0545,2493.9900000000002,105.5001
2494.472,104.1242,2494.472,106.0351,2494.472,106.04299999999999,2494.472,105.4889
2494.9539999999997,104.1085,2494.9539999999997,106.028,2494.9539999999997,106.032,2494.9539999999997,105.476
2495.437,104.0949,2495.437,106.0224,2495.437,106.02180000000001,2495.437,105.4624
2495.919,104.084,2495.919,106.0186,2495.919,106.01259999999999,2495.919,105.4492
2496.4010000000003,104.07509999999999,2496.4010000000003,106.01720000000002,2496.4010000000003,106.0043,2496.4010000000003,105.4376
2496.883,104.0672,2496.883,106.01899999999999,2496.883,105.9964,2496.883,105.4278
2497.365,104.0591,2497.365,106.0241,2497.365,105.988,2497.365,105.41959999999999
2497.847,104.0497,2497.847,106.0313,2497.847,105.978,2497.847,105.41210000000001
2498.329,104.0391,2498.329,106.03849999999998,2498.329,105.9655,2498.329,105.4041
2498.8109999999997,104.0281,2498.8109999999997,106.04299999999999,2498.8109999999997,105.94999999999999,2498.8109999999997,105.3947
2499.2929999999997,104.01830000000001,2499.2929999999997,106.0424,2499.2929999999997,105.932,2499.2929999999997,105.3833
2499.776,104.0116,2499.776,106.0356,2499.776,105.91269999999999,2499.776,105.3708
2500.2580000000003,104.0092,2500.2580000000003,106.023,2500.2580000000003,105.8939,2500.2580000000003,105.35810000000001
2500.74,104.01100000000001,2500.74,106.0068,2500.74,105.8772,2500.74,105.347
2501.2219999999998,104.0161,2501.2219999999998,105.9898,2501.2219999999998,105.86359999999999,2501.2219999999998,105.3387
2501.704,104.02180000000001,2501.704,105.975,2501.704,105.85329999999999,2501.704,105.3339
2502.186,104.02560000000001,2502.186,105.9648,2502.186,105.8459,2502.186,105.3326
2502.6679999999997,104.0252,2502.6679999999997,105.96019999999999,2502.6679999999997,105.84089999999999,2502.6679999999997,105.3344
2503.1499999999996,104.0202,2503.1499999999996,105.96090000000001,2503.1499999999996,105.83800000000001,2503.1499999999996,105.33879999999999
2503.633,104.012,2503.633,105.9658,2503.633,105.83769999999998,2503.633,105.3453
2504.1150000000002,104.00339999999998,2504.1150000000002,105.9731,2504.1150000000002,105.84089999999999,2504.1150000000002,105.35350000000001
2504.5969999999998,103.9982,2504.5969999999998,105.98110000000001,2504.5969999999998,105.84800000000001,2504.5969999999998,105.36280000000001
2505.0789999999997,103.99929999999999,2505.0789999999997,105.9882,2505.0789999999997,105.8589,2505.0789999999997,105.37190000000001
2505.561,104.0081,2505.561,105.99320000000002,2505.561,105.8726,2505.561,105.37920000000001
2506.043,104.02359999999999,2506.043,105.99549999999999,2506.043,105.887,2506.043,105.3831
2506.525,104.04299999999999,2506.525,105.99529999999999,2506.525,105.89980000000001,2506.525,105.3822
2507.0069999999996,104.06249999999999,2507.0069999999996,105.99350000000001,2507.0069999999996,105.9096,2507.0069999999996,105.37650000000001
2507.49,104.0791,2507.49,105.9918,2507.49,105.91550000000001,2507.49,105.3677
2507.971,104.0912,2507.971,105.9923,2507.971,105.9186,2507.971,105.3589
2508.454,104.09909999999999,2508.454,105.9969,2508.454,105.9207,2508.454,105.35369999999999
2508.936,104.10470000000001,2508.936,106.0065,2508.936,105.92399999999999,2508.936,105.3555
2509.418,104.1105,2509.418,106.0212,2509.418,105.92999999999999,2509.418,105.3659
2509.9,104.1179,2509.9,106.0395,2509.9,105.9396,2509.9,105.3846
2510.382,104.1267,2510.382,106.05869999999999,2510.382,105.952,2510.382,105.40899999999999
2510.8639999999996,104.1348,2510.8639999999996,106.07580000000002,2510.8639999999996,105.96600000000001,2510.8639999999996,105.43530000000001
2511.346,104.1394,2511.346,106.08789999999999,2511.346,105.9795,2511.346,105.4592
2511.828,104.1378,2511.828,106.0931,2511.828,105.99069999999999,2511.828,105.4771
2512.311,104.1285,2512.311,106.0909,2512.311,105.9982,2512.311,105.4867
2512.793,104.1123,2512.793,106.0825,2512.793,106.00130000000001,2512.793,105.48709999999998
2513.275,104.0915,2513.275,106.07029999999999,2513.275,105.9998,2513.275,105.4791
2513.757,104.06960000000001,2513.757,106.0576,2513.757,105.99449999999999,2513.757,105.4644
2514.239,104.04990000000001,2514.239,106.0475,2514.239,105.9865,2514.239,105.4451
2514.7209999999995,104.03450000000001,2514.7209999999995,106.04299999999999,2514.7209999999995,105.9768,2514.7209999999995,105.4238
2515.203,104.0237,2515.203,106.0454,2515.203,105.96669999999999,2515.203,105.40270000000001
2515.685,104.01689999999999,2515.685,106.0547,2515.685,105.9572,2515.685,105.38400000000001
2516.1670000000004,104.0126,2516.1670000000004,106.0694,2516.1670000000004,105.9488,2516.1670000000004,105.3693
2516.65,104.00990000000002,2516.65,106.0869,2516.65,105.9416,2516.65,105.3598
2517.132,104.0085,2517.132,106.10409999999999,2517.132,105.93570000000001,2517.132,105.35570000000001
2517.614,104.0088,2517.614,106.1182,2517.614,105.93140000000001,2517.614,105.35669999999999
2518.096,104.0116,2518.096,106.1272,2518.096,105.9288,2518.096,105.3619
2518.578,104.0172,2518.578,106.1305,2518.578,105.92859999999999,2518.578,105.36970000000001
2519.06,104.0249,2519.06,106.1285,2519.06,105.93140000000001,2519.06,105.3785
2519.542,104.03309999999999,2519.542,106.1224,2519.542,105.937,2519.542,105.38680000000001
2520.0240000000003,104.0399,2520.0240000000003,106.1137,2520.0240000000003,105.9447,2520.0240000000003,105.3933
2520.507,104.0434,2520.507,106.1037,2520.507,105.95330000000001,2520.507,105.3971
2520.989,104.0429,2520.989,106.09299999999999,2520.989,105.96090000000001,2520.989,105.39789999999999
2521.471,104.03880000000001,2521.471,106.08169999999998,2521.471,105.9661,2521.471,105.396
2521.953,104.0325,2521.953,106.06979999999999,2521.953,105.96799999999999,2521.953,105.3919
2522.435,104.02530000000002,2522.435,106.05690000000001,2522.435,105.9671,2522.435,105.38669999999999
2522.917,104.01849999999999,2522.917,106.04299999999999,2522.917,105.9643,2522.917,105.38119999999999
2523.399,104.0121,2523.399,106.02810000000001,2523.399,105.961,2523.399,105.37639999999999
2523.8810000000003,104.0051,2523.8810000000003,106.01259999999999,2523.8810000000003,105.9583,2523.8810000000003,105.37259999999999
2524.3640000000005,103.996,2524.3640000000005,105.9967,2524.3640000000005,105.9564,2524.3640000000005,105.3698
2524.846,103.9838,2524.846,105.9812,2524.846,105.95490000000001,2524.846,105.3677
2525.328,103.9684,2525.328,105.9669,2525.328,105.953,2525.328,105.36609999999999
2525.81,103.9509,2525.81,105.955,2525.81,105.95049999999999,2525.81,105.3652
2526.292,103.9339,2526.292,105.94669999999999,2526.292,105.94749999999999,2526.292,105.3655
2526.774,103.91969999999999,2526.774,105.9428,2526.774,105.945,2526.774,105.36760000000001
2527.256,103.9107,2527.256,105.9436,2527.256,105.9439,2527.256,105.3723
2527.7380000000003,103.9075,2527.7380000000003,105.9484,2527.7380000000003,105.9446,2527.7380000000003,105.37920000000001
2528.2200000000003,103.9096,2528.2200000000003,105.9555,2528.2200000000003,105.9464,2528.2200000000003,105.3874
2528.703,103.91520000000001,2528.703,105.96270000000001,2528.703,105.9477,2528.703,105.3948
2529.185,103.9219,2529.185,105.96779999999998,2529.185,105.9464,2529.185,105.39890000000001
2529.667,103.9275,2529.667,105.96950000000001,2529.667,105.9408,2529.667,105.3976
2530.149,103.9304,2530.149,105.9677,2530.149,105.93030000000002,2530.149,105.3897
2530.631,103.9302,2530.631,105.9633,2530.631,105.9161,2530.631,105.37559999999999
2531.113,103.92699999999999,2531.113,105.9583,2531.113,105.9004,2531.113,105.35719999999999
2531.5950000000003,103.9219,2531.5950000000003,105.9544,2531.5950000000003,105.88589999999999,2531.5950000000003,105.3374
2532.077,103.91600000000001,2532.077,105.9529,2532.077,105.8749,2532.077,105.31960000000001
2532.56,103.9102,2532.56,105.9539,2532.56,105.86850000000001,2532.56,105.30669999999999
2533.042,103.90539999999999,2533.042,105.9566,2533.042,105.86670000000001,2533.042,105.3003
2533.524,103.90220000000001,2533.524,105.9596,2533.524,105.86819999999999,2533.524,105.3007
2534.006,103.90079999999999,2534.006,105.9611,2534.006,105.87150000000001,2534.006,105.30649999999999
2534.4880000000003,103.901,2534.4880000000003,105.9598,2534.4880000000003,105.87530000000001,2534.4880000000003,105.3155
2534.97,103.9023,2534.97,105.955,2534.97,105.87819999999999,2534.97,105.32490000000001
2535.452,103.904,2535.452,105.9466,2535.452,105.87960000000001,2535.452,105.33220000000001
2535.934,103.9053,2535.934,105.93520000000001,2535.934,105.87899999999999,2535.934,105.33539999999999
2536.4170000000004,103.9055,2536.4170000000004,105.9219,2536.4170000000004,105.8759,2536.4170000000004,105.3334
2536.8979999999997,103.90440000000001,2536.8979999999997,105.9085,2536.8979999999997,105.8702,2536.8979999999997,105.32639999999999
2537.381,103.90209999999999,2537.381,105.8969,2537.381,105.86240000000001,2537.381,105.31569999999999
2537.863,103.8991,2537.863,105.8888,2537.863,105.8532,2537.863,105.3032
2538.3450000000003,103.89600000000002,2538.3450000000003,105.88550000000001,2538.3450000000003,105.84420000000001,2538.3450000000003,105.2911
2538.8269999999998,103.89299999999999,2538.8269999999998,105.8873,2538.8269999999998,105.837,2538.8269999999998,105.28139999999999
2539.309,103.8901,2539.309,105.8931,2539.309,105.83279999999999,2539.309,105.27539999999999
2539.791,103.8867,2539.791,105.90109999999999,2539.791,105.8324,2539.791,105.27329999999999
2540.273,103.88189999999999,2540.273,105.90869999999998,2540.273,105.8352,2540.273,105.2745
2540.7549999999997,103.87530000000001,2540.7549999999997,105.9137,2540.7549999999997,105.8403,2540.7549999999997,105.2778
2541.238,103.8666,2541.238,105.915,2541.238,105.8462,2541.238,105.28170000000001
2541.72,103.8567,2541.72,105.91269999999999,2541.72,105.85180000000001,2541.72,105.28519999999999
2542.202,103.8469,2542.202,105.908,2542.202,105.8565,2542.202,105.28729999999999
2542.6839999999997,103.8388,2542.6839999999997,105.9025,2542.6839999999997,105.8602,2542.6839999999997,105.2883
2543.166,103.83359999999999,2543.166,105.8976,2543.166,105.8632,2543.166,105.2884
2543.648,103.83210000000001,2543.648,105.8941,2543.648,105.8655,2543.648,105.28850000000001
2544.13,103.834,2544.13,105.89189999999999,2544.13,105.867,2544.13,105.2892
2544.612,103.8386,2544.612,105.89059999999999,2544.612,105.86739999999999,2544.612,105.2912
2545.0939999999996,103.8443,2545.0939999999996,105.89,2545.0939999999996,105.8663,2545.0939999999996,105.29459999999999
2545.5769999999998,103.8499,2545.5769999999998,105.8904,2545.5769999999998,105.8638,2545.5769999999998,105.29939999999999
2546.059,103.8547,2546.059,105.89269999999999,2546.059,105.8602,2546.059,105.3053
2546.541,103.85839999999999,2546.541,105.898,2546.541,105.85659999999999,2546.541,105.3116
2547.023,103.86169999999998,2547.023,105.90690000000001,2547.023,105.85409999999999,2547.023,105.31790000000001
2547.505,103.86599999999999,2547.505,105.91900000000001,2547.505,105.8537,2547.505,105.324
2547.987,103.87249999999999,2547.987,105.9333,2547.987,105.85629999999999,2547.987,105.3298
2548.469,103.8823,2548.469,105.94809999999998,2548.469,105.8623,2548.469,105.3359
2548.9509999999996,103.89569999999999,2548.9509999999996,105.9623,2548.9509999999996,105.87169999999999,2548.9509999999996,105.3429
2549.4339999999997,103.91189999999999,2549.4339999999997,105.9757,2549.4339999999997,105.884,2549.4339999999997,105.35159999999999
2549.916,103.92920000000001,2549.916,105.9888,2549.916,105.89869999999999,2549.916,105.3624
2550.398,103.9451,2550.398,106.00309999999999,2550.398,105.91440000000001,2550.398,105.37559999999999
2550.88,103.95669999999998,2550.88,106.0194,2550.88,105.9297,2550.88,105.3903
2551.362,103.962,2551.362,106.0376,2551.362,105.9429,2551.362,105.4056
2551.844,103.9601,2551.844,106.0562,2551.844,105.95209999999999,2551.844,105.42
2552.326,103.95160000000001,2552.326,106.07260000000001,2552.326,105.9563,2552.326,105.4322
2552.8079999999995,103.9381,2552.8079999999995,106.084,2552.8079999999995,105.955,2552.8079999999995,105.4409
2553.2909999999997,103.9224,2553.2909999999997,106.0883,2553.2909999999997,105.949,2553.2909999999997,105.4452
2553.773,103.9065,2553.773,106.0851,2553.773,105.9396,2553.773,105.4445
2554.255,103.89219999999999,2554.255,106.0754,2554.255,105.9287,2554.255,105.4387
2554.737,103.8797,2554.737,106.0616,2554.737,105.9178,2554.737,105.42769999999999
2555.219,103.86869999999999,2555.219,106.0465,2555.219,105.9078,2555.219,105.41229999999999
2555.701,103.85839999999999,2555.701,106.03229999999999,2555.701,105.89900000000002,2555.701,105.3939
2556.183,103.8484,2556.183,106.0202,2556.183,105.8916,2556.183,105.3745
2556.665,103.8392,2556.665,106.0103,2556.665,105.88539999999999,2556.665,105.35650000000001
2557.147,103.83160000000001,2557.147,106.0017,2557.147,105.88059999999999,2557.147,105.34209999999999
2557.63,103.8267,2557.63,105.99300000000001,2557.63,105.8775,2557.63,105.33250000000001
2558.112,103.8251,2558.112,105.9828,2558.112,105.87610000000001,2558.112,105.3278
2558.594,103.826,2558.594,105.9699,2558.594,105.8759,2558.594,105.32639999999999
2559.076,103.8277,2559.076,105.9537,2559.076,105.87610000000001,2559.076,105.32619999999999
2559.558,103.828,2559.558,105.9343,2559.558,105.8754,2559.558,105.325
2560.04,103.82530000000001,2560.04,105.9128,2560.04,105.87279999999998,2560.04,105.32159999999999
2560.522,103.81899999999999,2560.522,105.8913,2560.522,105.86850000000001,2560.522,105.316
2561.004,103.8103,2561.004,105.87249999999999,2561.004,105.86359999999999,2561.004,105.30980000000001
2561.487,103.80149999999999,2561.487,105.85979999999999,2561.487,105.86,2561.487,105.305
2561.969,103.79499999999999,2561.969,105.8559,2561.969,105.8595,2561.969,105.3031
2562.4510000000005,103.7928,2562.4510000000005,105.862,2562.4510000000005,105.86340000000001,2562.4510000000005,105.3046
2562.933,103.7949,2562.933,105.8776,2562.933,105.87089999999999,2562.933,105.30820000000001
2563.415,103.8,2563.415,105.8999,2563.415,105.88,2563.415,105.3118
2563.897,103.80510000000001,2563.897,105.9247,2563.897,105.88759999999999,2563.897,105.3131
2564.379,103.80709999999999,2564.379,105.94699999999999,2564.379,105.8905,2564.379,105.31060000000001
2564.861,103.8032,2564.861,105.96220000000001,2564.861,105.88640000000001,2564.861,105.3039
2565.344,103.79220000000001,2565.344,105.96700000000001,2565.344,105.87450000000001,2565.344,105.294
2565.8250000000003,103.7739,2565.8250000000003,105.95989999999999,2565.8250000000003,105.8557,2565.8250000000003,105.2823
2566.3080000000004,103.7493,2566.3080000000004,105.9411,2566.3080000000004,105.8317,2566.3080000000004,105.2699
2566.79,103.71999999999998,2566.79,105.9121,2566.79,105.8047,2566.79,105.25720000000001
2567.272,103.6878,2567.272,105.87550000000002,2567.272,105.7763,2567.272,105.2432
2567.754,103.6545,2567.754,105.8343,2567.754,105.7478,2567.754,105.2271
2568.236,103.6219,2568.236,105.792,2568.236,105.7201,2568.236,105.20799999999998
2568.718,103.59190000000001,2568.718,105.7519,2568.718,105.69409999999999,2568.718,105.1859
2569.2,103.56620000000001,2569.2,105.7172,2569.2,105.67070000000001,2569.2,105.1619
2569.6820000000002,103.54669999999999,2569.6820000000002,105.6905,2569.6820000000002,105.6508,2569.6820000000002,105.1381
2570.1650000000004,103.53429999999999,2570.1650000000004,105.673,2570.1650000000004,105.6355,2570.1650000000004,105.1164
2570.647,103.5293,2570.647,105.66469999999998,2570.647,105.62529999999998,2570.647,105.0984
2571.129,103.53110000000001,2571.129,105.66409999999999,2571.129,105.6203,2571.129,105.0846
2571.611,103.5382,2571.611,105.66839999999999,2571.611,105.61989999999999,2571.611,105.0747
2572.093,103.5486,2572.093,105.67470000000002,2572.093,105.6231,2572.093,105.0676
2572.5750000000003,103.56,2572.5750000000003,105.67979999999999,2572.5750000000003,105.6284,2572.5750000000003,105.0618
2573.057,103.57050000000001,2573.057,105.68180000000001,2573.057,105.63419999999999,2573.057,105.05610000000001
2573.539,103.5784,2573.539,105.6794,2573.539,105.63860000000001,2573.539,105.0495
2574.021,103.5824,2574.021,105.6724,2574.021,105.64,2574.021,105.0413
2574.504,103.5819,2574.504,105.66159999999999,2574.504,105.6368,2574.504,105.0313
2574.986,103.57670000000002,2574.986,105.64800000000001,2574.986,105.6281,2574.986,105.0201
2575.468,103.5677,2575.468,105.633,2575.468,105.6142,2575.468,105.0085
2575.95,103.5561,2575.95,105.6182,2575.95,105.59609999999999,2575.95,104.99799999999999
2576.4320000000002,103.5438,2576.4320000000002,105.6049,2576.4320000000002,105.57620000000001,2576.4320000000002,104.99019999999999
2576.9139999999998,103.5325,2576.9139999999998,105.5944,2576.9139999999998,105.5569,2576.9139999999998,104.9865
2577.396,103.52369999999999,2577.396,105.5874,2577.396,105.54060000000001,2577.396,104.9874
2577.878,103.5178,2577.878,105.58399999999999,2577.878,105.5289,2577.878,104.9923
2578.3610000000003,103.51429999999999,2578.3610000000003,105.5837,2578.3610000000003,105.5221,2578.3610000000003,104.99940000000001
2578.843,103.512,2578.843,105.5855,2578.843,105.5198,2578.843,105.0062
2579.325,103.5096,2579.325,105.58840000000001,2579.325,105.52140000000001,2579.325,105.01089999999999
2579.807,103.50619999999999,2579.807,105.59179999999999,2579.807,105.5266,2579.807,105.0125
2580.289,103.5018,2580.289,105.59559999999999,2580.289,105.5355,2580.289,105.0116
2580.7709999999997,103.497,2580.7709999999997,105.60000000000001,2580.7709999999997,105.5488,2580.7709999999997,105.00959999999999
2581.253,103.4928,2581.253,105.60560000000001,2581.253,105.5663,2581.253,105.0087
2581.735,103.4898,2581.735,105.6122,2581.735,105.5871,2581.735,105.01039999999999
2582.2180000000003,103.488,2582.2180000000003,105.6195,2582.2180000000003,105.6089,2582.2180000000003,105.01480000000001
2582.7,103.48679999999999,2582.7,105.6264,2582.7,105.62830000000001,2582.7,105.02080000000001
2583.182,103.4853,2583.182,105.63199999999999,2583.182,105.64189999999999,2583.182,105.02640000000001
2583.6639999999998,103.48310000000001,2583.6639999999998,105.6354,2583.6639999999998,105.6473,2583.6639999999998,105.02959999999999
2584.146,103.47999999999999,2584.146,105.6368,2584.146,105.644,2584.146,105.02940000000001
2584.6279999999997,103.477,2584.6279999999997,105.63690000000001,2584.6279999999997,105.63309999999998,2584.6279999999997,105.02590000000001
2585.11,103.47489999999999,2585.11,105.637,2585.11,105.6175,2585.11,105.0204
2585.592,103.47439999999999,2585.592,105.6382,2585.592,105.60000000000001,2585.592,105.0143
2586.074,103.47550000000001,2586.074,105.64059999999999,2586.074,105.5831,2586.074,105.00910000000002
2586.557,103.4769,2586.557,105.6438,2586.557,105.56779999999999,2586.557,105.00510000000001
2587.0389999999998,103.4773,2587.0389999999998,105.64659999999999,2587.0389999999998,105.55399999999999,2587.0389999999998,105.00179999999999
2587.5209999999997,103.4753,2587.5209999999997,105.64770000000001,2587.5209999999997,105.54110000000001,2587.5209999999997,104.99799999999999
2588.003,103.47090000000001,2588.003,105.64620000000001,2588.003,105.5289,2588.003,104.9925
2588.485,103.4648,2588.485,105.642,2588.485,105.5175,2588.485,104.9847
2588.967,103.45899999999999,2588.967,105.6357,2588.967,105.5079,2588.967,104.97460000000001
2589.449,103.4554,2589.449,105.6281,2589.449,105.5013,2589.449,104.9631
2589.931,103.45519999999999,2589.931,105.6201,2589.931,105.49839999999999,2589.931,104.95159999999998
2590.414,103.45819999999999,2590.414,105.61210000000001,2590.414,105.4993,2590.414,104.9417
2590.8959999999997,103.46280000000002,2590.8959999999997,105.6041,2590.8959999999997,105.50299999999999,2590.8959999999997,104.93459999999999
2591.3779999999997,103.46690000000001,2591.3779999999997,105.59620000000001,2591.3779999999997,105.5083,2591.3779999999997,104.9315
2591.86,103.46820000000001,2591.86,105.5885,2591.86,105.5137,2591.86,104.93289999999999
2592.342,103.4655,2592.342,105.5812,2592.342,105.5183,2592.342,104.93900000000001
2592.824,103.45880000000001,2592.824,105.5749,2592.824,105.52170000000001,2592.824,104.9491
2593.306,103.4495,2593.306,105.57019999999999,2593.306,105.5239,2593.306,104.96220000000001
2593.788,103.43929999999999,2593.788,105.56700000000001,2593.788,105.52490000000002,2593.788,104.9765
2594.271,103.43,2594.271,105.5652,2594.271,105.52490000000002,2594.271,104.9898
2594.7519999999995,103.4225,2594.7519999999995,105.5639,2594.7519999999995,105.5238,2594.7519999999995,105.0002
2595.2349999999997,103.4167,2595.2349999999997,105.5629,2595.2349999999997,105.52159999999999,2595.2349999999997,105.0062
2595.717,103.41199999999999,2595.717,105.5617,2595.717,105.51839999999999,2595.717,105.00670000000001
2596.199,103.4069,2596.199,105.56030000000001,2596.199,105.51429999999999,2596.199,105.0017
2596.681,103.40039999999999,2596.681,105.5591,2596.681,105.5096,2596.681,104.9917
2597.163,103.3913,2597.163,105.55799999999999,2597.163,105.5042,2597.163,104.97760000000001
2597.645,103.3792,2597.645,105.5566,2597.645,105.4978,2597.645,104.9603
2598.127,103.3642,2598.127,105.55380000000001,2598.127,105.48980000000002,2598.127,104.9409
2598.609,103.34639999999999,2598.609,105.5483,2598.609,105.4796,2598.609,104.9204
2599.0919999999996,103.3268,2599.0919999999996,105.53889999999998,2599.0919999999996,105.46690000000001,2599.0919999999996,104.8999
2599.574,103.30630000000001,2599.574,105.52520000000001,2599.574,105.45219999999999,2599.574,104.88059999999999
2600.056,103.28599999999999,2600.056,105.50729999999999,2600.056,105.4362,2600.056,104.8629
2600.5380000000005,103.26709999999999,2600.5380000000005,105.4864,2600.5380000000005,105.41959999999999,2600.5380000000005,104.84700000000001
2601.02,103.25009999999999,2601.02,105.46359999999999,2601.02,105.40290000000002,2601.02,104.83229999999999
2601.502,103.23530000000001,2601.502,105.44009999999999,2601.502,105.386,2601.502,104.81769999999999
2601.984,103.222,2601.984,105.4167,2601.984,105.36829999999999,2601.984,104.80179999999999
2602.466,103.2097,2602.466,105.3938,2602.466,105.3496,2602.466,104.7842
2602.948,103.1975,2602.948,105.372,2602.948,105.33030000000001,2602.948,104.76520000000001
2603.431,103.1849,2603.431,105.3521,2603.431,105.3118,2603.431,104.7463
2603.913,103.17229999999999,2603.913,105.33539999999999,2603.913,105.29599999999999,2603.913,104.72980000000001
2604.3950000000004,103.16019999999999,2604.3950000000004,105.32300000000001,2604.3950000000004,105.2849,2604.3950000000004,104.7178
2604.877,103.1498,2604.877,105.316,2604.877,105.2796,2604.877,104.7118
2605.359,103.1419,2605.359,105.31459999999998,2605.359,105.2796,2605.359,104.71170000000001
2605.841,103.1369,2605.841,105.31779999999999,2605.841,105.28269999999999,2605.841,104.71619999999999
2606.323,103.1349,2606.323,105.3236,2606.323,105.2862,2606.323,104.7231
2606.805,103.1352,2606.805,105.32999999999998,2606.805,105.2872,2606.805,104.7304
2607.288,103.1371,2607.288,105.3347,2607.288,105.2838,2607.288,104.7366
2607.77,103.13969999999999,2607.77,105.3366,2607.77,105.2758,2607.77,104.7408
2608.2520000000004,103.1425,2608.2520000000004,105.3353,2608.2520000000004,105.2643,2608.2520000000004,104.7434
2608.734,103.1449,2608.734,105.33109999999999,2608.734,105.251,2608.734,104.7445
2609.216,103.1466,2609.216,105.3248,2609.216,105.23769999999999,2609.216,104.7444
2609.698,103.1473,2609.698,105.317,2609.698,105.2255,2609.698,104.7426
2610.18,103.1467,2610.18,105.30839999999999,2610.18,105.2151,2610.18,104.73859999999999
2610.6620000000003,103.14460000000001,2610.6620000000003,105.29939999999999,2610.6620000000003,105.20670000000001,2610.6620000000003,104.7317
2611.145,103.1409,2611.145,105.29079999999999,2611.145,105.2007,2611.145,104.7221
2611.627,103.13600000000001,2611.627,105.2837,2611.627,105.1977,2611.627,104.7105
2612.1090000000004,103.1303,2612.1090000000004,105.2791,2612.1090000000004,105.1984,2612.1090000000004,104.69850000000001
2612.591,103.1242,2612.591,105.2781,2612.591,105.20320000000001,2612.591,104.6877
2613.073,103.118,2613.073,105.281,2613.073,105.2117,2613.073,104.6797
2613.555,103.11170000000001,2613.555,105.28710000000001,2613.555,105.22210000000001,2613.555,104.67530000000001
2614.0370000000003,103.10520000000001,2614.0370000000003,105.295,2614.0370000000003,105.23219999999999,2614.0370000000003,104.6746
2614.5190000000002,103.09809999999999,2614.5190000000002,105.3028,2614.5190000000002,105.23929999999999,2614.5190000000002,104.6772
2615.0009999999997,103.0902,2615.0009999999997,105.30870000000002,2615.0009999999997,105.2417,2615.0009999999997,104.68249999999999
2615.484,103.0816,2615.484,105.3116,2615.484,105.2389,2615.484,104.6896
2615.9660000000003,103.07280000000002,2615.9660000000003,105.3114,2615.9660000000003,105.2319,2615.9660000000003,104.6977
2616.4480000000003,103.06450000000001,2616.4480000000003,105.3089,2616.4480000000003,105.22240000000001,2616.4480000000003,104.7059
2616.93,103.05709999999999,2616.93,105.3051,2616.93,105.2127,2616.93,104.71340000000001
2617.412,103.05120000000001,2617.412,105.30109999999999,2617.412,105.2043,2617.412,104.7191
2617.8940000000002,103.04690000000001,2617.8940000000002,105.29740000000001,2617.8940000000002,105.1982,2617.8940000000002,104.7223
2618.376,103.04390000000001,2618.376,105.29409999999999,2618.376,105.1941,2618.376,104.7224
2618.8579999999997,103.04180000000001,2618.8579999999997,105.29059999999998,2618.8579999999997,105.19149999999999,2618.8579999999997,104.71919999999999
2619.341,103.0399,2619.341,105.2864,2619.341,105.18950000000001,2619.341,104.7131
2619.8230000000003,103.03750000000001,2619.8230000000003,105.28090000000002,2619.8230000000003,105.1874,2619.8230000000003,104.7047
2620.3050000000003,103.0341,2620.3050000000003,105.27420000000001,2620.3050000000003,105.18469999999999,2620.3050000000003,104.6948
2620.787,103.029,2620.787,105.2664,2620.787,105.1811,2620.787,104.684
2621.269,103.02229999999999,2621.269,105.2581,2621.269,105.1763,2621.269,104.6729
2621.751,103.01450000000001,2621.751,105.2503,2621.751,105.1702,2621.751,104.6623
2622.233,103.00640000000001,2622.233,105.2437,2622.233,105.16300000000001,2622.233,104.65279999999998
2622.7149999999997,102.99940000000001,2622.7149999999997,105.2394,2622.7149999999997,105.1553,2622.7149999999997,104.6454
2623.198,102.99480000000001,2623.198,105.2379,2623.198,105.1479,2623.198,104.64070000000001
2623.679,102.9937,2623.679,105.23929999999999,2623.679,105.14179999999999,2623.679,104.63910000000001
2624.1620000000003,102.996,2624.1620000000003,105.24309999999998,2624.1620000000003,105.1379,2624.1620000000003,104.64020000000001
2624.644,103.001,2624.644,105.2484,2624.644,105.1364,2624.644,104.6427
2625.1259999999997,103.00689999999999,2625.1259999999997,105.25359999999999,2625.1259999999997,105.13680000000001,2625.1259999999997,104.64500000000001
2625.608,103.0119,2625.608,105.25750000000001,2625.608,105.138,2625.608,104.6455
2626.09,103.01419999999999,2626.09,105.2591,2626.09,105.13889999999999,2626.09,104.6431
2626.572,103.01320000000001,2626.572,105.2583,2626.572,105.1387,2626.572,104.6379
2627.054,103.009,2627.054,105.25569999999999,2627.054,105.13719999999999,2627.054,104.6307
2627.536,103.0028,2627.536,105.2527,2627.536,105.1348,2627.536,104.6229
2628.0190000000002,102.99609999999998,2628.0190000000002,105.25040000000001,2628.0190000000002,105.13239999999999,2628.0190000000002,104.61609999999999
2628.501,102.99020000000002,2628.501,105.2492,2628.501,105.1306,2628.501,104.611
2628.9829999999997,102.9856,2628.9829999999997,105.2488,2628.9829999999997,105.12939999999999,2628.9829999999997,104.6077
2629.465,102.9822,2629.465,105.24789999999999,2629.465,105.1283,2629.465,104.6054
2629.947,102.97890000000001,2629.947,105.2447,2629.947,105.1259,2629.947,104.60300000000001
2630.429,102.97480000000002,2630.429,105.2379,2630.429,105.1212,2630.429,104.5996
2630.911,102.9687,2630.911,105.2265,2630.911,105.1129,2630.911,104.5945
2631.393,102.96019999999999,2631.393,105.21119999999999,2631.393,105.10090000000001,2631.393,104.5875
2631.875,102.9494,2631.875,105.1933,2631.875,105.0856,2631.875,104.57860000000001
2632.358,102.9369,2632.358,105.175,2632.358,105.06800000000001,2632.358,104.56810000000002
2632.8399999999997,102.92360000000001,2632.8399999999997,105.1583,2632.8399999999997,105.04979999999999,2632.8399999999997,104.5562
2633.322,102.9106,2633.322,105.14479999999999,2633.322,105.0325,2633.322,104.54339999999999
2633.804,102.8989,2633.804,105.1353,2633.804,105.01750000000001,2633.804,104.53030000000001
2634.286,102.8891,2634.286,105.1293,2634.286,105.0057,2634.286,104.51809999999999
2634.768,102.88170000000001,2634.768,105.1259,2634.768,104.99730000000001,2634.768,104.5076
2635.25,102.8764,2635.25,105.12330000000001,2635.25,104.99199999999999,2635.25,104.49949999999998
2635.732,102.87230000000001,2635.732,105.1199,2635.732,104.9886,2635.732,104.4938
2636.215,102.86800000000001,2636.215,105.1139,2636.215,104.9855,2636.215,104.48949999999999
2636.6969999999997,102.8621,2636.6969999999997,105.10440000000001,2636.6969999999997,104.9811,2636.6969999999997,104.4849
2637.179,102.8532,2637.179,105.09100000000001,2637.179,104.9744,2637.179,104.47820000000002
2637.661,102.8408,2637.661,105.0743,2637.661,104.9653,2637.661,104.4683
2638.143,102.8257,2638.143,105.0556,2638.143,104.9544,2638.143,104.45530000000001
2638.625,102.8093,2638.625,105.03670000000001,2638.625,104.94330000000001,2638.625,104.44040000000001
2639.107,102.79370000000002,2639.107,105.0196,2639.107,104.9336,2639.107,104.4261
2639.589,102.78110000000001,2639.589,105.0058,2639.589,104.9267,2639.589,104.4147
2640.072,102.7725,2640.072,104.996,2640.072,104.9231,2640.072,104.40799999999999
2640.5539999999996,102.7682,2640.5539999999996,104.99019999999999,2640.5539999999996,104.9223,2640.5539999999996,104.40650000000001
2641.036,102.76700000000001,2641.036,104.9873,2641.036,104.92300000000002,2641.036,104.4092
2641.518,102.7671,2641.518,104.98590000000002,2641.518,104.92379999999999,2641.518,104.4139
2642.0,102.76639999999999,2642.0,104.9846,2642.0,104.9232,2642.0,104.4182
2642.4820000000004,102.76350000000001,2642.4820000000004,104.98240000000001,2642.4820000000004,104.9202,2642.4820000000004,104.4198
2642.964,102.7575,2642.964,104.97890000000001,2642.964,104.9145,2642.964,104.41720000000001
2643.446,102.74849999999999,2643.446,104.97430000000001,2643.446,104.90610000000001,2643.446,104.41
2643.928,102.73740000000001,2643.928,104.9693,2643.928,104.8954,2643.928,104.3986
2644.411,102.7252,2644.411,104.96449999999999,2644.411,104.8829,2644.411,104.3839
2644.893,102.7128,2644.893,104.9606,2644.893,104.86919999999999,2644.893,104.3672
2645.375,102.7009,2645.375,104.95790000000001,2645.375,104.85510000000001,2645.375,104.3501
2645.857,102.69,2645.857,104.95609999999999,2645.857,104.84169999999999,2645.857,104.3341
2646.3390000000004,102.68029999999999,2646.3390000000004,104.95509999999999,2646.3390000000004,104.83,2646.3390000000004,104.3205
2646.821,102.67200000000001,2646.821,104.9539,2646.821,104.8209,2646.821,104.3104
2647.303,102.66489999999999,2647.303,104.952,2647.303,104.8146,2647.303,104.30420000000001
2647.785,102.6592,2647.785,104.9487,2647.785,104.811,2647.785,104.3018
2648.268,102.6547,2648.268,104.9436,2648.268,104.8093,2648.268,104.30269999999999
2648.75,102.6514,2648.75,104.9368,2648.75,104.8087,2648.75,104.3056
2649.232,102.6494,2649.232,104.9288,2649.232,104.8083,2649.232,104.3094
2649.714,102.6489,2649.714,104.9207,2649.714,104.8082,2649.714,104.31300000000002
2650.1960000000004,102.65010000000001,2650.1960000000004,104.9134,2650.1960000000004,104.8087,2650.1960000000004,104.3156
2650.678,102.65299999999999,2650.678,104.908,2650.678,104.81,2650.678,104.31680000000001
2651.16,102.65740000000001,2651.16,104.9048,2651.16,104.81259999999999,2651.16,104.31630000000001
2651.642,102.6626,2651.642,104.90360000000001,2651.642,104.8157,2651.642,104.31379999999999
2652.125,102.66740000000001,2652.125,104.9035,2652.125,104.8181,2652.125,104.30919999999999
2652.606,102.6706,2652.606,104.90310000000001,2652.606,104.8184,2652.606,104.3028
2653.089,102.6709,2653.089,104.90129999999999,2653.089,104.8152,2653.089,104.29509999999999
2653.571,102.6678,2653.571,104.8972,2653.571,104.8083,2653.571,104.28710000000001
2654.0530000000003,102.66139999999999,2654.0530000000003,104.8908,2654.0530000000003,104.7981,2654.0530000000003,104.28
2654.5350000000003,102.6524,2654.5350000000003,104.8827,2654.5350000000003,104.78639999999999,2654.5350000000003,104.275
2655.017,102.64169999999999,2655.017,104.87379999999999,2655.017,104.7747,2655.017,104.2725
2655.499,102.6305,2655.499,104.86519999999999,2655.499,104.7647,2655.499,104.2724
2655.981,102.6196,2655.981,104.8578,2655.981,104.7568,2655.981,104.27360000000002
2656.463,102.60959999999999,2656.463,104.85210000000001,2656.463,104.7509,2656.463,104.2748
2656.946,102.6009,2656.946,104.8481,2656.946,104.74589999999999,2656.946,104.2745
2657.428,102.5936,2657.428,104.8459,2657.428,104.74090000000001,2657.428,104.2723
2657.9100000000003,102.5878,2657.9100000000003,104.8451,2657.9100000000003,104.7352,2657.9100000000003,104.2681
2658.3920000000003,102.58370000000001,2658.3920000000003,104.84500000000001,2658.3920000000003,104.7286,2658.3920000000003,104.26280000000001
2658.874,102.58080000000001,2658.874,104.84500000000001,2658.874,104.72109999999999,2658.874,104.2571
2659.3559999999998,102.5784,2659.3559999999998,104.8438,2659.3559999999998,104.7132,2659.3559999999998,104.25150000000001
2659.838,102.5751,2659.838,104.84020000000001,2659.838,104.70479999999999,2659.838,104.2457
2660.32,102.5698,2660.32,104.83290000000001,2660.32,104.6958,2660.32,104.23849999999999
2660.8019999999997,102.56110000000001,2660.8019999999997,104.8211,2660.8019999999997,104.68610000000001,2660.8019999999997,104.229
2661.285,102.5489,2661.285,104.8049,2661.285,104.67569999999999,2661.285,104.2165
2661.7670000000003,102.53380000000001,2661.7670000000003,104.78529999999999,2661.7670000000003,104.6648,2661.7670000000003,104.2013
2662.2490000000003,102.5172,2662.2490000000003,104.76389999999999,2662.2490000000003,104.6542,2662.2490000000003,104.18469999999999
2662.7309999999998,102.5009,2662.7309999999998,104.74269999999999,2662.7309999999998,104.64469999999999,2662.7309999999998,104.1685
2663.2129999999997,102.48660000000001,2663.2129999999997,104.7234,2663.2129999999997,104.63659999999999,2663.2129999999997,104.1548
2663.695,102.4751,2663.695,104.70710000000001,2663.695,104.6302,2663.695,104.14460000000001
2664.177,102.4663,2664.177,104.69420000000001,2664.177,104.62480000000001,2664.177,104.1381
2664.659,102.45899999999999,2664.659,104.68409999999999,2664.659,104.6195,2664.659,104.1343
2665.142,102.45200000000001,2665.142,104.6761,2665.142,104.6135,2665.142,104.13170000000001
2665.6240000000003,102.44390000000001,2665.6240000000003,104.6695,2665.6240000000003,104.60640000000001,2665.6240000000003,104.12870000000001
2666.106,102.43430000000001,2666.106,104.66340000000001,2666.106,104.5979,2666.106,104.12410000000001
2666.5879999999997,102.42309999999999,2666.5879999999997,104.6576,2666.5879999999997,104.5885,2666.5879999999997,104.11760000000001
2667.0699999999997,102.411,2667.0699999999997,104.6522,2667.0699999999997,104.5784,2667.0699999999997,104.1094
2667.552,102.3988,2667.552,104.64690000000002,2667.552,104.5678,2667.552,104.10029999999999
2668.034,102.38719999999999,2668.034,104.6418,2668.034,104.5569,2668.034,104.0908
2668.516,102.37650000000001,2668.516,104.6368,2668.516,104.54570000000001,2668.516,104.0816
2668.999,102.3671,2668.999,104.6319,2668.999,104.5344,2668.999,104.07280000000002
2669.481,102.3591,2669.481,104.6271,2669.481,104.5234,2669.481,104.06439999999999
2669.963,102.35240000000002,2669.963,104.62270000000001,2669.963,104.51360000000001,2669.963,104.0562
2670.445,102.3473,2670.445,104.6191,2670.445,104.50580000000001,2670.445,104.048
2670.9269999999997,102.3434,2670.9269999999997,104.61640000000001,2670.9269999999997,104.50019999999999,2670.9269999999997,104.0397
2671.409,102.34049999999999,2671.409,104.6145,2671.409,104.4967,2671.409,104.0313
2671.891,102.3377,2671.891,104.61309999999999,2671.891,104.49440000000001,2671.891,104.02260000000001
2672.373,102.33399999999999,2672.373,104.61149999999999,2672.373,104.4922,2672.373,104.01389999999999
2672.855,102.3288,2672.855,104.6095,2672.855,104.4888,2672.855,104.0055
2673.338,102.3218,2673.338,104.6066,2673.338,104.4837,2673.338,103.9977
2673.82,102.3134,2673.82,104.6031,2673.82,104.4771,2673.82,103.9911
2674.302,102.3046,2674.302,104.5992,2674.302,104.47010000000002,2674.302,103.9858
2674.7839999999997,102.2965,2674.7839999999997,104.5953,2674.7839999999997,104.46379999999999,2674.7839999999997,103.9817
2675.266,102.28999999999999,2675.266,104.5916,2675.266,104.45960000000001,2675.266,103.9785
2675.748,102.28550000000001,2675.748,104.588,2675.748,104.45800000000001,2675.748,103.97540000000001
2676.23,102.28280000000001,2676.23,104.5842,2676.23,104.45899999999999,2676.23,103.9722
2676.712,102.2808,2676.712,104.5799,2676.712,104.46200000000002,2676.712,103.96860000000001
2677.195,102.27870000000001,2677.195,104.5751,2677.195,104.4659,2677.195,103.9649
2677.677,102.27569999999999,2677.677,104.56989999999999,2677.677,104.4697,2677.677,103.96170000000001
2678.159,102.2715,2678.159,104.5643,2678.159,104.4723,2678.159,103.95989999999999
2678.6409999999996,102.2665,2678.6409999999996,104.5587,2678.6409999999996,104.473,2678.6409999999996,103.95970000000001
2679.123,102.2613,2679.123,104.5531,2679.123,104.47139999999999,2679.123,103.9611
2679.605,102.25649999999999,2679.605,104.5475,2679.605,104.4675,2679.605,103.9634
2680.087,102.2529,2680.087,104.5417,2680.087,104.4615,2680.087,103.96589999999999
2680.5690000000004,102.2508,2680.5690000000004,104.5358,2680.5690000000004,104.45439999999999,2680.5690000000004,103.96780000000001
2681.052,102.2502,2681.052,104.53030000000001,2681.052,104.44709999999999,2681.052,103.96879999999999
2681.533,102.2508,2681.533,104.5258,2681.533,104.4409,2681.533,103.9691
2682.016,102.25219999999999,2682.016,104.52300000000001,2682.016,104.43679999999999,2682.016,103.9693
2682.498,102.25370000000001,2682.498,104.52239999999999,2682.498,104.43530000000001,2682.498,103.9699
2682.98,102.25470000000001,2682.98,104.5238,2682.98,104.43610000000001,2682.98,103.9711
2683.462,102.2548,2683.462,104.5266,2683.462,104.43830000000001,2683.462,103.9727
2683.944,102.2535,2683.944,104.52969999999999,2683.944,104.4408,2683.944,103.97400000000002
2684.4260000000004,102.2511,2684.4260000000004,104.5324,2684.4260000000004,104.4425,2684.4260000000004,103.97479999999999
2684.908,102.24819999999998,2684.908,104.5342,2684.908,104.4432,2684.908,103.97479999999999
2685.39,102.2459,2685.39,104.5357,2685.39,104.44290000000001,2685.39,103.97460000000001
2685.873,102.2452,2685.873,104.53779999999999,2685.873,104.4427,2685.873,103.97540000000001
2686.355,102.24709999999999,2686.355,104.5418,2686.355,104.44359999999999,2686.355,103.9785
2686.837,102.2518,2686.837,104.54870000000001,2686.837,104.44640000000001,2686.837,103.9848
2687.319,102.2589,2687.319,104.5584,2687.319,104.45139999999999,2687.319,103.99430000000001
2687.801,102.2678,2687.801,104.5703,2687.801,104.4581,2687.801,104.00640000000001
2688.2830000000004,102.2775,2688.2830000000004,104.583,2688.2830000000004,104.46560000000001,2688.2830000000004,104.0194
2688.765,102.28699999999999,2688.765,104.595,2688.765,104.4728,2688.765,104.03150000000001
2689.247,102.296,2689.247,104.60529999999999,2689.247,104.47869999999999,2689.247,104.0413
2689.729,102.3042,2689.729,104.6132,2689.729,104.48249999999999,2689.729,104.04759999999999
2690.212,102.3114,2690.212,104.6188,2690.212,104.4839,2690.212,104.05009999999999
2690.694,102.3174,2690.694,104.6224,2690.694,104.48310000000001,2690.694,104.04899999999999
2691.176,102.3217,2691.176,104.6244,2691.176,104.48010000000001,2691.176,104.0451
2691.658,102.3236,2691.658,104.6246,2691.658,104.4756,2691.658,104.03880000000001
2692.1400000000003,102.3225,2692.1400000000003,104.6229,2692.1400000000003,104.47040000000001,2692.1400000000003,104.0311
2692.6220000000003,102.3185,2692.6220000000003,104.619,2692.6220000000003,104.4655,2692.6220000000003,104.02279999999999
2693.104,102.3123,2693.104,104.61309999999999,2693.104,104.4619,2693.104,104.01480000000001
2693.586,102.30520000000001,2693.586,104.60549999999999,2693.586,104.4607,2693.586,104.00819999999999
2694.069,102.2988,2694.069,104.5974,2694.069,104.46260000000001,2694.069,104.00359999999999
2694.551,102.29410000000001,2694.551,104.58970000000001,2694.551,104.46759999999999,2694.551,104.00160000000001
2695.033,102.2917,2695.033,104.5834,2695.033,104.47489999999999,2695.033,104.0019
2695.515,102.291,2695.515,104.5784,2695.515,104.4834,2695.515,104.00359999999999
2695.9970000000003,102.29090000000001,2695.9970000000003,104.57430000000001,2695.9970000000003,104.4913,2695.9970000000003,104.00529999999999
2696.4790000000003,102.28980000000001,2696.4790000000003,104.5703,2696.4790000000003,104.4972,2696.4790000000003,104.00529999999999
2696.961,102.28649999999999,2696.961,104.5652,2696.961,104.4996,2696.961,104.00259999999999
2697.4429999999998,102.2804,2697.4429999999998,104.5587,2697.4429999999998,104.49820000000001,2697.4429999999998,103.9967
2697.926,102.2718,2697.926,104.55080000000001,2697.926,104.4931,2697.926,103.9881
2698.4080000000004,102.2616,2698.4080000000004,104.5426,2698.4080000000004,104.4848,2698.4080000000004,103.9778
2698.89,102.2511,2698.89,104.5352,2698.89,104.47470000000001,2698.89,103.96749999999999
2699.372,102.2414,2699.372,104.52999999999999,2699.372,104.4637,2699.372,103.95859999999999
2699.8540000000003,102.23349999999999,2699.8540000000003,104.5274,2699.8540000000003,104.453,2699.8540000000003,103.95179999999999
2700.3360000000002,102.22739999999999,2700.3360000000002,104.5276,2700.3360000000002,104.4433,2700.3360000000002,103.94730000000001
2700.8179999999998,102.22310000000002,2700.8179999999998,104.52969999999999,2700.8179999999998,104.4346,2700.8179999999998,103.94399999999999
2701.2999999999997,102.2197,2701.2999999999997,104.5323,2701.2999999999997,104.4266,2701.2999999999997,103.9408
2701.782,102.21640000000001,2701.782,104.5337,2701.782,104.4182,2701.782,103.9361
2702.2650000000003,102.21199999999999,2702.2650000000003,104.5324,2702.2650000000003,104.4084,2702.2650000000003,103.92859999999999
2702.747,102.2055,2702.747,104.5272,2702.747,104.39639999999999,2702.747,103.9179
2703.229,102.1962,2703.229,104.5175,2703.229,104.3816,2703.229,103.90429999999999
2703.7110000000002,102.18419999999999,2703.7110000000002,104.5036,2703.7110000000002,104.36449999999999,2703.7110000000002,103.88850000000001
2704.193,102.1697,2704.193,104.4862,2704.193,104.34559999999999,2704.193,103.8719
2704.6749999999997,102.1538,2704.6749999999997,104.46640000000001,2704.6749999999997,104.3261,2704.6749999999997,103.85560000000001
2705.1569999999997,102.1377,2705.1569999999997,104.4456,2705.1569999999997,104.30699999999999,2705.1569999999997,103.8403
2705.639,102.1225,2705.639,104.4248,2705.639,104.2889,2705.639,103.8265
2706.1220000000003,102.10870000000001,2706.1220000000003,104.4046,2706.1220000000003,104.2718,2706.1220000000003,103.81370000000001
2706.604,102.0962,2706.604,104.3852,2706.604,104.25569999999999,2706.604,103.8012
2707.086,102.08420000000001,2707.086,104.3666,2707.086,104.24029999999999,2707.086,103.7884
2707.568,102.072,2707.568,104.34840000000001,2707.568,104.22590000000001,2707.568,103.77479999999998
2708.05,102.0588,2708.05,104.3306,2708.05,104.2129,2708.05,103.76050000000001
2708.532,102.0447,2708.532,104.3134,2708.532,104.2023,2708.532,103.74589999999999
2709.0139999999997,102.03009999999999,2709.0139999999997,104.29759999999999,2709.0139999999997,104.1944,2709.0139999999997,103.7317
2709.496,102.0159,2709.496,104.2839,2709.496,104.1896,2709.496,103.7186
2709.9790000000003,102.00290000000001,2709.9790000000003,104.2727,2709.9790000000003,104.1869,2709.9790000000003,103.70710000000001
2710.461,101.99130000000001,2710.461,104.264,2710.461,104.18499999999999,2710.461,103.6973
2710.9429999999998,101.9806,2710.9429999999998,104.2569,2710.9429999999998,104.18220000000001,2710.9429999999998,103.6886
2711.425,101.96940000000001,2711.425,104.25009999999999,2711.425,104.1772,2711.425,103.6804
2711.907,101.9563,2711.907,104.24180000000001,2711.907,104.169,2711.907,103.67169999999999
2712.389,101.9398,2712.389,104.2305,2712.389,104.1575,2712.389,103.66159999999999
2712.8709999999996,101.9191,2712.8709999999996,104.2154,2712.8709999999996,104.1432,2712.8709999999996,103.64930000000001
2713.353,101.89429999999999,2713.353,104.1962,2713.353,104.1267,2713.353,103.6345
2713.835,101.86619999999999,2713.835,104.1736,2713.835,104.1085,2713.835,103.6171
2714.318,101.8361,2714.318,104.14889999999998,2714.318,104.0888,2714.318,103.5974
2714.7999999999997,101.80560000000001,2714.7999999999997,104.12379999999999,2714.7999999999997,104.06800000000001,2714.7999999999997,103.5766
2715.282,101.77629999999999,2715.282,104.0997,2715.282,104.0464,2715.282,103.5559
2715.764,101.7496,2715.764,104.07839999999999,2715.764,104.02510000000001,2715.764,103.5368
2716.246,101.72680000000001,2716.246,104.061,2716.246,104.0052,2716.246,103.5207
2716.7279999999996,101.70859999999999,2716.7279999999996,104.04860000000001,2716.7279999999996,103.9881,2716.7279999999996,103.5085
2717.21,101.6953,2717.21,104.0414,2717.21,103.97479999999999,2717.21,103.50019999999999
2717.692,101.6861,2717.692,104.03899999999999,2717.692,103.9652,2717.692,103.4951
2718.175,101.6799,2718.175,104.03999999999999,2718.175,103.9585,2718.175,103.49170000000001
2718.6560000000004,101.6749,2718.6560000000004,104.04230000000001,2718.6560000000004,103.9529,2718.6560000000004,103.4882
2719.139,101.6694,2719.139,104.0432,2719.139,103.94680000000001,2719.139,103.48299999999999
2719.621,101.6618,2719.621,104.0404,2719.621,103.9388,2719.621,103.47550000000001
2720.103,101.6516,2720.103,104.0324,2720.103,103.92840000000001,2720.103,103.4655
2720.585,101.63889999999999,2720.585,104.01899999999999,2720.585,103.9161,2720.585,103.4539
2721.067,101.6249,2721.067,104.0014,2721.067,103.9026,2721.067,103.4418
2721.549,101.61089999999999,2721.549,103.98210000000002,2721.549,103.88869999999999,2721.549,103.4303
2722.031,101.59769999999999,2722.031,103.96320000000001,2722.031,103.8748,2722.031,103.42
2722.5130000000004,101.58560000000001,2722.5130000000004,103.94669999999999,2722.5130000000004,103.86059999999999,2722.5130000000004,103.4107
2722.996,101.5741,2722.996,103.93289999999999,2722.996,103.8454,2722.996,103.40180000000001
2723.478,101.56240000000001,2723.478,103.92110000000001,2723.478,103.8289,2723.478,103.39229999999999
2723.96,101.5496,2723.96,103.90939999999999,2723.96,103.8111,2723.96,103.3814
2724.442,101.5355,2724.442,103.89630000000001,2724.442,103.7928,2724.442,103.369
2724.924,101.52069999999999,2724.924,103.88090000000001,2724.924,103.7752,2724.924,103.3556
2725.406,101.50630000000001,2725.406,103.8638,2725.406,103.75970000000001,2725.406,103.34209999999999
2725.888,101.4938,2725.888,103.8464,2725.888,103.7471,2725.888,103.33000000000001
2726.3700000000003,101.48459999999999,2726.3700000000003,103.831,2726.3700000000003,103.7378,2726.3700000000003,103.3204
2726.853,101.4794,2726.853,103.8193,2726.853,103.7312,2726.853,103.31380000000001
2727.335,101.47800000000001,2727.335,103.8122,2727.335,103.7266,2727.335,103.3101
2727.817,101.47999999999999,2727.817,103.80910000000002,2727.817,103.7228,2727.817,103.3084
2728.299,101.48440000000001,2728.299,103.8085,2728.299,103.7191,2728.299,103.3073
2728.781,101.49040000000001,2728.781,103.8085,2728.781,103.715,2728.781,103.30539999999999
2729.263,101.49719999999999,2729.263,103.8076,2729.263,103.71010000000001,2729.263,103.3015
2729.745,101.50410000000001,2729.745,103.80510000000001,2729.745,103.7042,2729.745,103.295
2730.2270000000003,101.5109,2730.2270000000003,103.80149999999999,2730.2270000000003,103.6974,2730.2270000000003,103.2864
2730.709,101.5173,2730.709,103.7979,2730.709,103.6898,2730.709,103.2766
2731.192,101.5233,2731.192,103.79549999999999,2731.192,103.6819,2731.192,103.26729999999999
2731.674,101.5291,2731.674,103.79499999999999,2731.674,103.6747,2731.674,103.25979999999998
2732.156,101.5352,2732.156,103.7966,2732.156,103.6693,2732.156,103.25549999999998
2732.638,101.54240000000001,2732.638,103.79929999999999,2732.638,103.66690000000001,2732.638,103.25470000000001
2733.12,101.5511,2733.12,103.80229999999999,2733.12,103.66820000000001,2733.12,103.2571
2733.602,101.5617,2733.602,103.8044,2733.602,103.6729,2733.602,103.2614
2734.0840000000003,101.5738,2734.0840000000003,103.80499999999999,2734.0840000000003,103.67960000000001,2734.0840000000003,103.26599999999999
2734.5660000000003,101.5865,2734.5660000000003,103.8037,2734.5660000000003,103.6864,2734.5660000000003,103.26930000000002
2735.049,101.59830000000001,2735.049,103.80080000000001,2735.049,103.6908,2735.049,103.27040000000001
2735.531,101.6077,2735.531,103.7963,2735.531,103.691,2735.531,103.2689
2736.013,101.61340000000001,2736.013,103.7903,2736.013,103.68599999999999,2736.013,103.2655
2736.4950000000003,101.61500000000001,2736.4950000000003,103.783,2736.4950000000003,103.67599999999999,2736.4950000000003,103.2614
2736.977,101.61260000000001,2736.977,103.7742,2736.977,103.6625,2736.977,103.2576
2737.459,101.6072,2737.459,103.76419999999999,2737.459,103.64739999999999,2737.459,103.25519999999999
2737.9410000000003,101.5998,2737.9410000000003,103.7534,2737.9410000000003,103.63279999999999,2737.9410000000003,103.25420000000001
2738.4230000000002,101.592,2738.4230000000002,103.7423,2738.4230000000002,103.62,2738.4230000000002,103.2541
2738.906,101.585,2738.906,103.73159999999999,2738.906,103.61,2738.906,103.25390000000002
2739.388,101.5799,2739.388,103.7217,2739.388,103.6027,2739.388,103.2523
2739.87,101.57719999999999,2739.87,103.7126,2739.87,103.59769999999999,2739.87,103.2485
2740.3520000000003,101.57730000000001,2740.3520000000003,103.7042,2740.3520000000003,103.5941,2740.3520000000003,103.24210000000001
2740.834,101.5799,2740.834,103.69600000000001,2740.834,103.5908,2740.834,103.2334
2741.316,101.5847,2741.316,103.6877,2741.316,103.5872,2741.316,103.2232
2741.7980000000002,101.59039999999999,2741.7980000000002,103.6794,2741.7980000000002,103.5827,2741.7980000000002,103.2127
2742.28,101.5959,2742.28,103.67120000000001,2742.28,103.5769,2742.28,103.20270000000001
2742.7619999999997,101.5999,2742.7619999999997,103.6635,2742.7619999999997,103.57000000000001,2742.7619999999997,103.1937
2743.245,101.6016,2743.245,103.65679999999999,2743.245,103.5623,2743.245,103.1859
2743.727,101.6008,2743.727,103.6511,2743.727,103.55430000000001,2743.727,103.1787
2744.2090000000003,101.59769999999999,2744.2090000000003,103.6462,2744.2090000000003,103.5466,2744.2090000000003,103.17110000000001
2744.691,101.59290000000001,2744.691,103.6418,2744.691,103.53939999999999,2744.691,103.1622
2745.173,101.58739999999999,2745.173,103.6373,2745.173,103.5327,2745.173,103.1512
2745.655,101.58149999999999,2745.655,103.63210000000001,2745.655,103.52619999999999,2745.655,103.1377
2746.137,101.57529999999998,2746.137,103.6262,2746.137,103.51950000000001,2746.137,103.122
2746.619,101.5687,2746.619,103.6198,2746.619,103.5122,2746.619,103.1045
2747.102,101.56110000000001,2747.102,103.6132,2747.102,103.5043,2747.102,103.0864
2747.583,101.5526,2747.583,103.60679999999999,2747.583,103.4961,2747.583,103.06900000000002
2748.0660000000003,101.54350000000001,2748.0660000000003,103.60100000000001,2748.0660000000003,103.4883,2748.0660000000003,103.05340000000001
2748.548,101.5347,2748.548,103.5956,2748.548,103.4814,2748.548,103.0408
2749.0299999999997,101.5272,2749.0299999999997,103.5905,2749.0299999999997,103.47569999999999,2749.0299999999997,103.0318
2749.512,101.522,2749.512,103.585,2749.512,103.4708,2749.512,103.02640000000001
2749.994,101.5191,2749.994,103.57860000000001,2749.994,103.466,2749.994,103.02409999999999
2750.476,101.5178,2750.476,103.5709,2750.476,103.4599,2750.476,103.0239
2750.9579999999996,101.51689999999999,2750.9579999999996,103.56160000000001,2750.9579999999996,103.45169999999999,2750.9579999999996,103.02459999999999
2751.44,101.5147,2751.44,103.5509,2751.44,103.44089999999998,2751.44,103.0248
2751.9230000000002,101.51010000000001,2751.9230000000002,103.5396,2751.9230000000002,103.42800000000001,2751.9230000000002,103.0235
2752.405,101.5026,2752.405,103.5284,2752.405,103.41409999999999,2752.405,103.02009999999999
2752.8869999999997,101.4926,2752.8869999999997,103.51820000000001,2752.8869999999997,103.40050000000001,2752.8869999999997,103.01450000000001
2753.369,101.4812,2753.369,103.5096,2753.369,103.38860000000001,2753.369,103.0071
2753.851,101.46969999999999,2753.851,103.5029,2753.851,103.3788,2753.851,102.9982
2754.333,101.459,2754.333,103.49770000000001,2754.333,103.371,2754.333,102.9886
2754.8149999999996,101.44930000000001,2754.8149999999996,103.4931,2754.8149999999996,103.3642,2754.8149999999996,102.9785
2755.297,101.44040000000001,2755.297,103.488,2755.297,103.35730000000001,2755.297,102.96799999999999
2755.78,101.4312,2755.78,103.4813,2755.78,103.34939999999999,2755.78,102.9572
2756.262,101.42089999999999,2756.262,103.4721,2756.262,103.34,2756.262,102.9461
2756.7439999999997,101.40880000000001,2756.7439999999997,103.4602,2756.7439999999997,103.32920000000001,2756.7439999999997,102.9348
2757.226,101.3948,2757.226,103.4461,2757.226,103.3177,2757.226,102.92380000000001
2757.708,101.3794,2757.708,103.4308,2757.708,103.30619999999999,2757.708,102.91349999999998
2758.19,101.3638,2758.19,103.41560000000001,2758.19,103.29520000000001,2758.19,102.90440000000001
2758.6719999999996,101.34870000000001,2758.6719999999996,103.40149999999998,2758.6719999999996,103.2849,2758.6719999999996,102.8967
2759.154,101.335,2759.154,103.3895,2759.154,103.275,2759.154,102.8901
2759.636,101.32289999999999,2759.636,103.3796,2759.636,103.2649,2759.636,102.8842
2760.119,101.3124,2760.119,103.3716,2760.119,103.25439999999999,2760.119,102.87809999999999
2760.6009999999997,101.3029,2760.6009999999997,103.3647,2760.6009999999997,103.24329999999999,2760.6009999999997,102.871
2761.083,101.2935,2761.083,103.35810000000001,2761.083,103.2316,2761.083,102.8624
2761.565,101.2837,2761.565,103.35069999999999,2761.565,103.21990000000001,2761.565,102.85210000000001
2762.047,101.27269999999999,2762.047,103.34179999999999,2762.047,103.20830000000001,2762.047,102.84
2762.529,101.26029999999999,2762.529,103.3307,2762.529,103.19689999999999,2762.529,102.82659999999998
2763.011,101.2462,2763.011,103.317,2763.011,103.18549999999999,2763.011,102.8121
2763.493,101.2304,2763.493,103.3006,2763.493,103.1736,2763.493,102.7966
2763.976,101.21260000000001,2763.976,103.28150000000001,2763.976,103.1603,2763.976,102.78020000000001
2764.458,101.193,2764.458,103.2604,2764.458,103.145,2764.458,102.76259999999999
2764.94,101.1714,2764.94,103.23800000000001,2764.94,103.12740000000001,2764.94,102.74380000000001
2765.422,101.1482,2765.422,103.2152,2765.422,103.1074,2765.422,102.72380000000001
2765.904,101.1236,2765.904,103.19309999999999,2765.904,103.08520000000001,2765.904,102.70280000000001
2766.386,101.09809999999999,2766.386,103.17259999999999,2766.386,103.0613,2766.386,102.6813
2766.868,101.0723,2766.868,103.1538,2766.868,103.0364,2766.868,102.6595
2767.35,101.04679999999999,2767.35,103.13669999999999,2767.35,103.01089999999999,2767.35,102.638
2767.833,101.0219,2767.833,103.1204,2767.833,102.9853,2767.833,102.6168
2768.315,100.9975,2768.315,103.1042,2768.315,102.95989999999999,2768.315,102.5959
2768.797,100.9735,2768.797,103.0869,2768.797,102.93490000000001,2768.797,102.5752
2769.279,100.94959999999999,2769.279,103.0678,2769.279,102.9104,2769.279,102.5544
2769.761,100.9252,2769.761,103.04690000000001,2769.761,102.8866,2769.761,102.5334
2770.243,100.9002,2770.243,103.0243,2770.243,102.8635,2770.243,102.51209999999999
2770.725,100.8745,2770.725,103.0008,2770.725,102.8411,2770.725,102.4907
2771.207,100.8484,2771.207,102.9771,2771.207,102.8197,2771.207,102.4693
2771.689,100.8219,2771.689,102.9539,2771.689,102.79899999999999,2771.689,102.44819999999999
2772.172,100.7951,2772.172,102.9315,2772.172,102.7792,2772.172,102.42750000000001
2772.654,100.76780000000001,2772.654,102.90969999999999,2772.654,102.75989999999999,2772.654,102.4073
2773.136,100.73939999999999,2773.136,102.8878,2773.136,102.7409,2773.136,102.3875
2773.618,100.7096,2773.618,102.86519999999999,2773.618,102.72149999999999,2773.618,102.36749999999999
2774.1,100.67790000000001,2774.1,102.84120000000001,2774.1,102.7012,2774.1,102.34689999999999
2774.582,100.64420000000001,2774.582,102.81519999999999,2774.582,102.67949999999999,2774.582,102.3248
2775.064,100.6088,2775.064,102.7873,2775.064,102.6556,2775.064,102.3006
2775.546,100.5722,2775.546,102.7579,2775.546,102.6295,2775.546,102.27390000000001
2776.029,100.535,2776.029,102.7274,2776.029,102.60119999999999,2776.029,102.2449
2776.51,100.4978,2776.51,102.69680000000001,2776.51,102.5709,2776.51,102.21430000000001
2776.993,100.461,2776.993,102.6668,2776.993,102.53939999999999,2776.993,102.1833
2777.475,100.4251,2777.475,102.638,2777.475,102.50729999999999,2777.475,102.15320000000001
2777.957,100.3903,2777.957,102.611,2777.957,102.47569999999999,2777.957,102.1253
2778.4390000000003,100.35700000000001,2778.4390000000003,102.5863,2778.4390000000003,102.4453,2778.4390000000003,102.1003
2778.921,100.32589999999999,2778.921,102.5641,2778.921,102.417,2778.921,102.0785
2779.403,100.29729999999999,2779.403,102.5443,2779.403,102.3911,2779.403,102.05900000000001
2779.885,100.2713,2779.885,102.52650000000001,2779.885,102.36760000000001,2779.885,102.0407
2780.367,100.24770000000001,2780.367,102.50980000000001,2780.367,102.34620000000001,2780.367,102.0222
2780.85,100.2251,2780.85,102.4925,2780.85,102.32600000000001,2780.85,102.00229999999999
2781.332,100.2019,2781.332,102.4729,2781.332,102.3059,2781.332,101.9801
2781.814,100.1765,2781.814,102.4495,2781.814,102.2846,2781.814,101.9555
2782.2960000000003,100.1472,2782.2960000000003,102.42139999999999,2782.2960000000003,102.2611,2782.2960000000003,101.929
2782.778,100.11380000000001,2782.778,102.3887,2782.778,102.23500000000001,2782.778,101.90159999999999
2783.2599999999998,100.0767,2783.2599999999998,102.3526,2783.2599999999998,102.2065,2783.2599999999998,101.8742
2783.742,100.0373,2783.742,102.31490000000001,2783.742,102.1765,2783.742,101.8475
2784.224,99.99743000000001,2784.224,102.27790000000002,2784.224,102.1463,2784.224,101.8216
2784.707,99.95853,2784.707,102.24310000000001,2784.707,102.1169,2784.707,101.7962
2785.189,99.92146,2785.189,102.21119999999999,2785.189,102.0889,2785.189,101.77050000000001
2785.671,99.88605,2785.671,102.1818,2785.671,102.0624,2785.671,101.7436
2786.1530000000002,99.85139000000001,2786.1530000000002,102.1538,2786.1530000000002,102.0366,2786.1530000000002,101.71470000000001
2786.6349999999998,99.81608,2786.6349999999998,102.1258,2786.6349999999998,102.01050000000001,2786.6349999999998,101.6837
2787.1169999999997,99.77878000000001,2787.1169999999997,102.097,2787.1169999999997,101.9831,2787.1169999999997,101.651
2787.599,99.73869,2787.599,102.06729999999999,2787.599,101.9542,2787.599,101.6176
2788.081,99.69559000000001,2788.081,102.03720000000001,2788.081,101.92399999999999,2788.081,101.58460000000001
2788.563,99.64993,2788.563,102.00750000000001,2788.563,101.89330000000001,2788.563,101.5531
2789.046,99.60255000000001,2789.046,101.97890000000001,2789.046,101.86319999999999,2789.046,101.52369999999999
2789.528,99.55439,2789.528,101.9514,2789.528,101.8343,2789.528,101.49649999999998
2790.01,99.50627,2790.01,101.9245,2790.01,101.8068,2790.01,101.47090000000001
2790.492,99.45888,2790.492,101.89710000000001,2790.492,101.78039999999999,2790.492,101.4461
2790.9739999999997,99.41255,2790.9739999999997,101.8684,2790.9739999999997,101.75399999999999,2790.9739999999997,101.4211
2791.456,99.36747,2791.456,101.83789999999999,2791.456,101.7267,2791.456,101.3951
2791.938,99.32349,2791.938,101.80579999999999,2791.938,101.6978,2791.938,101.3677
2792.42,99.28029000000001,2792.42,101.77279999999999,2792.42,101.6669,2792.42,101.33859999999999
2792.903,99.23743,2792.903,101.73989999999999,2792.903,101.6343,2792.903,101.3079
2793.3849999999998,99.19427999999999,2793.3849999999998,101.70790000000001,2793.3849999999998,101.6008,2793.3849999999998,101.2758
2793.867,99.15036,2793.867,101.67699999999999,2793.867,101.5671,2793.867,101.2424
2794.349,99.1055,2794.349,101.6472,2794.349,101.5339,2794.349,101.2076
2794.8309999999997,99.05973,2794.8309999999997,101.61800000000001,2794.8309999999997,101.5015,2794.8309999999997,101.172
2795.313,99.01347,2795.313,101.5887,2795.313,101.4699,2795.313,101.1356
2795.795,98.96715999999999,2795.795,101.5587,2795.795,101.4388,2795.795,101.09889999999999
2796.277,98.92117,2796.277,101.52749999999999,2796.277,101.4079,2796.277,101.06250000000001
2796.7599999999998,98.87545,2796.7599999999998,101.4943,2796.7599999999998,101.37650000000001,2796.7599999999998,101.0265
2797.2419999999997,98.82948,2797.2419999999997,101.45880000000001,2797.2419999999997,101.34440000000001,2797.2419999999997,100.99130000000001
2797.724,98.78235000000001,2797.724,101.42040000000001,2797.724,101.31129999999999,2797.724,100.9568
2798.206,98.73295999999999,2798.206,101.37910000000001,2798.206,101.2772,2798.206,100.9229
2798.6879999999996,98.68029,2798.6879999999996,101.3349,2798.6879999999996,101.2424,2798.6879999999996,100.8891
2799.17,98.62360000000001,2799.17,101.2887,2799.17,101.2071,2799.17,100.8552
2799.652,98.56258,2799.652,101.2416,2799.652,101.17160000000001,2799.652,100.8208
2800.134,98.49724,2800.134,101.1948,2800.134,101.1358,2800.134,100.7853
2800.616,98.42783,2800.616,101.14909999999999,2800.616,101.0995,2800.616,100.74810000000001
2801.0989999999997,98.35478,2801.0989999999997,101.1048,2801.0989999999997,101.0618,2801.0989999999997,100.7085
2801.581,98.27855,2801.581,101.06139999999999,2801.581,101.0219,2801.581,100.6658
2802.063,98.19981,2802.063,101.0181,2802.063,100.97910000000002,2802.063,100.6197
2802.5449999999996,98.11948,2802.5449999999996,100.974,2802.5449999999996,100.9331,2802.5449999999996,100.57069999999999
2803.027,98.03855999999999,2803.027,100.929,2803.027,100.8843,2803.027,100.51989999999999
2803.509,97.95817,2803.509,100.88319999999999,2803.509,100.8335,2803.509,100.4685
2803.991,97.87919000000001,2803.991,100.8373,2803.991,100.782,2803.991,100.4181
2804.473,97.80208999999999,2804.473,100.79199999999999,2804.473,100.731,2804.473,100.36940000000001
2804.9559999999997,97.72676000000001,2804.9559999999997,100.7477,2804.9559999999997,100.6812,2804.9559999999997,100.3226
2805.438,97.65253,2805.438,100.704,2805.438,100.6327,2805.438,100.2769
2805.92,97.57849,2805.92,100.6598,2805.92,100.5849,2805.92,100.2311
2806.402,97.50368,2806.402,100.61389999999999,2806.402,100.5369,2806.402,100.18400000000001
2806.884,97.42749,2806.884,100.5653,2806.884,100.488,2806.884,100.13479999999998
2807.366,97.34961999999999,2807.366,100.5133,2807.366,100.43759999999999,2807.366,100.0837
2807.848,97.27008,2807.848,100.4581,2807.848,100.3855,2807.848,100.0313
2808.33,97.18906000000001,2808.33,100.40020000000001,2808.33,100.3317,2808.33,99.97859
2808.8129999999996,97.10641000000001,2808.8129999999996,100.3404,2808.8129999999996,100.27619999999999,2808.8129999999996,99.92598
2809.294,97.0219,2809.294,100.2794,2809.294,100.21910000000001,2809.294,99.87346000000001
2809.777,96.93499,2809.777,100.21739999999998,2809.777,100.1599,2809.777,99.82023999999998
2810.259,96.84519,2810.259,100.15469999999999,2810.259,100.0985,2810.259,99.76508000000001
2810.741,96.75219999999999,2810.741,100.09129999999999,2810.741,100.0349,2810.741,99.70684
2811.223,96.65607,2811.223,100.02720000000001,2811.223,99.96909000000001,2811.223,99.6448
2811.705,96.55714,2811.705,99.96262,2811.705,99.90172,2811.705,99.57887
2812.187,96.45588000000001,2812.187,99.89744999999999,2812.187,99.83332000000001,2812.187,99.50949
2812.669,96.35249,2812.669,99.83131,2812.669,99.76428999999999,2812.669,99.43742
2813.151,96.24688,2813.151,99.76353,2813.151,99.69469000000001,2813.151,99.36330999999998
2813.634,96.13852,2813.634,99.69314,2813.634,99.62418,2813.634,99.28767
2814.116,96.02672999999999,2814.116,99.61928999999999,2814.116,99.55223000000001,2814.116,99.21078
2814.598,95.9109,2814.598,99.54149,2814.598,99.47836000000001,2814.598,99.13287
2815.08,95.79083,2815.08,99.4598,2815.08,99.40238000000001,2815.08,99.05421000000001
2815.562,95.66673,2815.562,99.37478999999999,2815.562,99.32439000000001,2815.562,98.97517
2816.044,95.53927,2816.044,99.28725,2816.044,99.24471,2816.044,98.89594000000001
2816.5260000000003,95.40936,2816.5260000000003,99.19783000000001,2816.5260000000003,99.16364,2816.5260000000003,98.81636999999999
2817.008,95.2778,2817.008,99.10693,2817.008,99.08121,2817.008,98.73592000000001
2817.4900000000002,95.14506,2817.4900000000002,99.01444,2817.4900000000002,98.99703000000001,2817.4900000000002,98.65347
2817.973,95.01111999999999,2817.973,98.92007,2817.973,98.91040000000001,2817.973,98.56775999999999
2818.455,94.87545,2818.455,98.82346999999999,2818.455,98.82047,2818.455,98.47762
2818.937,94.73705000000001,2818.937,98.72434999999999,2818.937,98.72643,2818.937,98.38231
2819.419,94.59462,2819.419,98.62246999999999,2819.419,98.62768,2819.419,98.28159
2819.901,94.4467,2819.901,98.51739,2819.901,98.52366,2819.901,98.17544999999998
2820.3830000000003,94.2919,2820.3830000000003,98.40835,2820.3830000000003,98.41397,2820.3830000000003,98.06396
2820.865,94.12914,2820.865,98.29422,2820.865,98.29825,2820.865,97.94706
2821.347,93.95778999999999,2821.347,98.17378,2821.347,98.17616,2821.347,97.82436000000001
2821.83,93.77786,2821.83,98.0461,2821.83,98.04758,2821.83,97.69553
2822.3120000000004,93.59,2822.3120000000004,97.91103,2822.3120000000004,97.9128,2822.3120000000004,97.56055
2822.794,93.39531000000001,2822.794,97.76932000000001,2822.794,97.77248,2822.794,97.41994
2823.276,93.19501000000001,2823.276,97.62231,2823.276,97.62746,2823.276,97.27463999999999
2823.758,92.98994,2823.758,97.47137000000001,2823.758,97.47847999999999,2823.758,97.12564
2824.2400000000002,92.78026,2824.2400000000002,97.31716,2824.2400000000002,97.32587000000001,2824.2400000000002,96.97349
2824.7219999999998,92.56509,2824.7219999999998,97.15913,2824.7219999999998,97.16922,2824.7219999999998,96.81786000000001
2825.204,92.3428,2825.204,96.99547000000001,2825.204,97.00748000000002,2825.204,96.65731
2825.687,92.11124,2825.687,96.82366999999999,2825.687,96.83928,2825.687,96.48969
2826.1690000000003,91.86829,2826.1690000000003,96.64130999999999,2826.1690000000003,96.66331,2826.1690000000003,96.31276
2826.651,91.61243,2826.651,96.44694,2826.651,96.47881,2826.651,96.12492
2827.133,91.34304,2827.133,96.24055,2827.133,96.28556,2827.133,95.92567000000001
2827.615,91.06036,2827.615,96.02342999999999,2827.615,96.08378,2827.615,95.71547000000001
2828.097,90.76527,2828.097,95.79754,2828.097,95.87374,2828.097,95.49545
2828.579,90.45867,2828.579,95.56466999999999,2828.579,95.65523999999999,2828.579,95.26652999999999
2829.061,90.14111,2829.061,95.32560000000001,2829.061,95.42738999999999,2829.061,95.02893999999999
2829.543,89.81229,2829.543,95.07967000000001,2829.543,95.18860000000001,2829.543,94.78173
2830.0260000000003,89.47108,2830.0260000000003,94.82495999999999,2830.0260000000003,94.93689,2830.0260000000003,94.52313000000001
2830.508,89.11555,2830.508,94.55870000000002,2830.508,94.6703,2830.508,94.25102000000001
2830.99,88.74352,2830.99,94.27804,2830.99,94.38737,2830.99,93.96365
2831.4719999999998,88.35293999999999,2831.4719999999998,93.98066,2831.4719999999998,94.08716999999999,2831.4719999999998,93.66006
2831.954,87.94230999999999,2831.954,93.66514000000001,2831.954,93.76947,2831.954,93.34028
2832.436,87.51098999999999,2832.436,93.33109,2832.436,93.43458,2832.436,93.0051
2832.918,87.05909,2832.918,92.97887,2832.918,93.08301999999999,2832.918,92.65549
2833.4,86.58751000000001,2833.4,92.60937999999999,2833.4,92.71556000000001,2833.4,92.2922
2833.8830000000003,86.09740000000001,2833.8830000000003,92.22366,2833.8830000000003,92.33302,2833.8830000000003,91.91528
2834.3650000000002,85.58984000000001,2834.3650000000002,91.82259,2834.3650000000002,91.93619999999999,2834.3650000000002,91.52418
2834.8469999999998,85.06543,2834.8469999999998,91.40665,2834.8469999999998,91.52569,2834.8469999999998,91.11762
2835.3289999999997,84.52432999999999,2835.3289999999997,90.97588999999999,2835.3289999999997,91.10177,2835.3289999999997,90.69422
2835.811,83.96622,2835.811,90.52991,2835.811,90.66422,2835.811,90.25267
2836.293,83.39069,2836.293,90.06805,2836.293,90.21228,2836.293,89.79205
2836.775,82.79757000000001,2836.775,89.58968,2836.775,89.74493000000001,2836.775,89.31213
2837.257,82.18722,2837.257,89.09442,2837.257,89.26116999999999,2837.257,88.81323
2837.7400000000002,81.56065,2837.7400000000002,88.58226,2837.7400000000002,88.76052,2837.7400000000002,88.29633
2838.221,80.91946,2838.221,88.05376000000001,2838.221,88.24332999999999,2838.221,87.76285
2838.7039999999997,80.26554000000002,2838.7039999999997,87.50975,2838.7039999999997,87.71088,2838.7039999999997,87.21437
2839.1859999999997,79.60075,2839.1859999999997,86.95127,2839.1859999999997,87.16511,2839.1859999999997,86.65255
2839.668,78.92675,2839.668,86.37934,2839.668,86.60823,2839.668,86.07871
2840.15,78.24481,2840.15,85.79498,2840.15,86.0423,2840.15,85.49393
2840.632,77.55598,2840.632,85.19928,2840.632,85.4688,2840.632,84.89891
2841.114,76.86111,2841.114,84.59351,2841.114,84.8885,2841.114,84.29417000000001
2841.596,76.16087999999999,2841.596,83.97919,2841.596,84.30148,2841.596,83.68027
2842.078,75.45597,2842.078,83.35801000000001,2842.078,83.70744,2842.078,83.05795
2842.5609999999997,74.74704,2842.5609999999997,82.73154,2842.5609999999997,83.10606,2842.5609999999997,82.42838
2843.0429999999997,74.03484,2843.0429999999997,82.10104,2843.0429999999997,82.49727,2843.0429999999997,81.79322
2843.525,73.32051,2843.525,81.46751,2843.525,81.88174000000001,2843.525,81.15484000000001
2844.007,72.60588,2844.007,80.83168,2844.007,81.26111,2844.007,80.51602000000001
2844.4890000000005,71.89408,2844.4890000000005,80.19483,2844.4890000000005,80.63839,2844.4890000000005,79.88023
2844.971,71.18987,2844.971,79.55939,2844.971,80.01801999999999,2844.971,79.25155000000001
2845.453,70.49994,2845.453,78.9295,2845.453,79.406,2845.453,78.63450999999999
2845.935,69.83278,2845.935,78.31117,2845.935,78.80938,2845.935,78.03409
2846.417,69.19843,2846.417,77.71211,2846.417,78.23582,2846.417,77.45566
2846.8999999999996,68.60794,2846.8999999999996,77.14108999999999,2846.8999999999996,77.69291,2846.8999999999996,76.90485
2847.382,68.07249,2847.382,76.60683,2847.382,77.1873,2847.382,76.38733
2847.864,67.60255,2847.864,76.11717999999999,2847.864,76.7243,2847.864,75.90856000000001
2848.3460000000005,67.20682,2848.3460000000005,75.67839000000001,2848.3460000000005,76.30759,2848.3460000000005,75.47348
2848.828,66.8914,2848.828,75.29478,2848.828,75.93933,2848.828,75.08617
2849.31,66.65912,2849.31,74.96863,2849.31,75.62048,2849.31,74.74952
2849.792,66.50934000000001,2849.792,74.70042000000001,2849.792,75.35119,2849.792,74.46511
2850.274,66.43845,2850.274,74.48933,2850.274,75.13129,2850.274,74.23347
2850.7569999999996,66.44082,2850.7569999999996,74.33361,2850.7569999999996,74.96058,2850.7569999999996,74.05423
2851.239,66.51022,2851.239,74.23119,2851.239,74.83895000000001,2851.239,73.92686
2851.721,66.6408,2851.721,74.17985,2851.721,74.76623000000001,2851.721,73.85091
2852.2030000000004,66.8279,2852.2030000000004,74.17738,2852.2030000000004,74.74199999999999,2852.2030000000004,73.82603
2852.685,67.06792,2852.685,74.2215,2852.685,74.76505,2852.685,73.85175000000001
2853.167,67.35777,2853.167,74.30972,2853.167,74.8334,2853.167,73.92697
2853.649,67.69416,2853.649,74.43915,2853.649,74.94396,2853.649,74.04939
2854.131,68.07297,2854.131,74.60642,2854.131,75.09282,2854.131,74.21528
2854.6139999999996,68.48911,2854.6139999999996,74.8078,2854.6139999999996,75.27538,2854.6139999999996,74.41964
2855.096,68.93668,2855.096,75.0392,2855.096,75.48679,2855.096,74.65662
2855.578,69.40941000000001,2855.578,75.29639999999999,2855.578,75.72218000000001,2855.578,74.92014
2856.0600000000004,69.90105,2856.0600000000004,75.57502000000001,2856.0600000000004,75.97666000000001,2856.0600000000004,75.20441
2856.542,70.40523999999999,2856.542,75.87038,2856.542,76.24539,2856.542,75.50409
2857.024,70.91553,2857.024,76.17743,2857.024,76.52357,2857.024,75.81426
2857.506,71.42515999999999,2857.506,76.49068,2857.506,76.80635,2857.506,76.13024
2857.988,71.92725,2857.988,76.80449,2857.988,77.08913,2857.988,76.44747
2858.4700000000003,72.41507,2858.4700000000003,77.11324,2858.4700000000003,77.36761,2858.4700000000003,76.76147
2858.953,72.88268000000001,2858.953,77.41190999999999,2858.953,77.63803,2858.953,77.06801999999999
2859.435,73.32542000000001,2859.435,77.69631000000001,2859.435,77.89713,2859.435,77.36323999999999
2859.9170000000004,73.74004000000001,2859.9170000000004,77.96324999999999,2859.9170000000004,78.14198,2859.9170000000004,77.64368
2860.3990000000003,74.12462,2860.3990000000003,78.21043999999999,2860.3990000000003,78.36981,2860.3990000000003,77.90624
2860.881,74.47809000000001,2860.881,78.43633,2860.881,78.57804,2860.881,78.14814
2861.363,74.79978,2861.363,78.63976,2861.363,78.76437,2861.363,78.3669
2861.845,75.0891,2861.845,78.81986,2861.845,78.92706000000001,2861.845,78.56056
2862.327,75.34576,2862.327,78.97616000000001,2862.327,79.06560999999999,2862.327,78.72806
2862.81,75.57006,2862.81,79.10864000000001,2862.81,79.18081,2862.81,78.86958
2863.292,75.76341000000001,2863.292,79.21819,2863.292,79.27504,2863.292,78.98701
2863.7740000000003,75.92857000000001,2863.7740000000003,79.30664,2863.7740000000003,79.35182,2863.7740000000003,79.08376
2864.2560000000003,76.06962,2864.2560000000003,79.37698,2864.2560000000003,79.41528,2864.2560000000003,79.16432999999999
2864.738,76.19148,2864.738,79.43313,2864.738,79.46964,2864.738,79.23367
2865.22,76.29942,2865.22,79.47955999999999,2865.22,79.51854,2865.22,79.29639
2865.7019999999998,76.39829,2865.7019999999998,79.52089,2865.7019999999998,79.5649,2865.7019999999998,79.356
2866.184,76.49236,2866.184,79.56163000000001,2866.184,79.61103,2866.184,79.41498
2866.667,76.58525,2866.667,79.60576999999999,2866.667,79.65877,2866.667,79.47488
2867.148,76.68019,2867.148,79.65673,2867.148,79.70998,2867.148,79.53701
2867.6310000000003,76.78032,2867.6310000000003,79.71732,2867.6310000000003,79.76671999999999,2867.6310000000003,79.60296
2868.1130000000003,76.88901,2868.1130000000003,79.7898,2868.1130000000003,79.83143,2868.1130000000003,79.67509
2868.595,77.00979000000001,2868.595,79.87602,2868.595,79.90685,2868.595,79.75656
2869.0769999999998,77.14619,2869.0769999999998,79.97733,2869.0769999999998,79.99577000000001,2869.0769999999998,79.85094000000001
2869.5589999999997,77.30127999999999,2869.5589999999997,80.09456999999999,2869.5589999999997,80.10069,2869.5589999999997,79.96145
2870.041,77.4772,2870.041,80.22802999999999,2870.041,80.22342,2870.041,80.09039
2870.523,77.67477,2870.523,80.37724,2870.523,80.36462,2870.523,80.23847
2871.005,77.89318,2871.005,80.54088,2871.005,80.52346,2871.005,80.40459
2871.4880000000003,78.12988,2871.4880000000003,80.71692999999999,2871.4880000000003,80.69742,2871.4880000000003,80.58613
2871.9700000000003,78.38058000000001,2871.9700000000003,80.90265000000001,2871.9700000000003,80.88234999999999,2871.9700000000003,80.77921
2872.452,78.63978,2872.452,81.09479,2872.452,81.0731,2872.452,80.97952
2872.9339999999997,78.90112,2872.9339999999997,81.28997999999999,2872.9339999999997,81.26423000000001,2872.9339999999997,81.18275
2873.4159999999997,79.15832,2873.4159999999997,81.48491999999999,2873.4159999999997,81.45108,2873.4159999999997,81.38522
2873.898,79.40568999999999,2873.898,81.67666,2873.898,81.6305,2873.898,81.58391
2874.38,79.63865,2874.38,81.86256999999999,2874.38,81.80116,2874.38,81.77647
2874.862,79.85367,2874.862,82.04034,2874.862,81.96318,2874.862,81.96092
2875.344,80.04813,2875.344,82.20775,2875.344,82.11737,2875.344,82.13519
2875.827,80.21954,2875.827,82.36252,2875.827,82.26402,2875.827,82.29694
2876.309,80.36533,2876.309,82.50231,2876.309,82.40218,2876.309,82.44355
2876.7909999999997,80.48263,2876.7909999999997,82.62487,2876.7909999999997,82.52929999999999,2876.7909999999997,82.57243000000001
2877.2729999999997,80.56871,2877.2729999999997,82.72836999999998,2877.2729999999997,82.64186000000001,2877.2729999999997,82.68155
2877.755,80.62154,2877.755,82.8116,2877.755,82.73618,2877.755,82.76978
2878.237,80.6405,2878.237,82.87431,2878.237,82.80977999999999,2878.237,82.83731
2878.719,80.62671999999999,2878.719,82.91703,2878.719,82.86179000000001,2878.719,82.88531
2879.201,80.58292,2879.201,82.94109,2879.201,82.89339,2879.201,82.91567
2879.684,80.51283,2879.684,82.94815,2879.684,82.90706,2879.684,82.93017
2880.166,80.42007,2880.166,82.93991,2880.166,82.90561,2880.166,82.93006
2880.6479999999997,80.30743,2880.6479999999997,82.91793999999999,2880.6479999999997,82.89132000000001,2880.6479999999997,82.91564
2881.1299999999997,80.17621,2881.1299999999997,82.88337999999999,2881.1299999999997,82.86519,2881.1299999999997,82.88644
2881.612,80.02641,2881.612,82.83701,2881.612,82.82703,2881.612,82.84148
2882.094,79.85712000000001,2882.094,82.77917000000001,2882.094,82.77591,2882.094,82.77990000000001
2882.576,79.66738000000001,2882.576,82.70973,2882.576,82.71077,2882.576,82.70136000000001
2883.058,79.45697,2883.058,82.62816000000001,2883.058,82.63121,2883.058,82.6063
2883.541,79.2268,2883.541,82.53365000000001,2883.541,82.53764000000001,2883.541,82.49584999999999
2884.023,78.97891,2884.023,82.42528999999999,2884.023,82.43128999999999,2884.023,82.37164
2884.5049999999997,78.71624,2884.5049999999997,82.3025,2884.5049999999997,82.31374000000001,2884.5049999999997,82.2354
2884.9869999999996,78.44201,2884.9869999999996,82.16525000000001,2884.9869999999996,82.18636000000001,2884.9869999999996,82.08878
2885.469,78.15931,2885.469,82.01439,2885.469,82.05005999999999,2885.469,81.93311
2885.951,77.87071,2885.951,81.8517,2885.951,81.90523999999999,2885.951,81.76952999999999
2886.4330000000004,77.57813999999999,2886.4330000000004,81.67963,2886.4330000000004,81.75181,2886.4330000000004,81.59903
2886.915,77.28288,2886.915,81.50091,2886.915,81.5898,2886.915,81.42254
2887.397,76.98567,2887.397,81.31804000000001,2887.397,81.41959999999999,2887.397,81.24086
2887.88,76.68688,2887.88,81.13289999999999,2887.88,81.24224,2887.88,81.05480999999999
2888.362,76.38652,2888.362,80.94655,2888.362,81.05928,2888.362,80.86498
2888.8439999999996,76.08465,2888.8439999999996,80.75945000000002,2888.8439999999996,80.87281000000002,2888.8439999999996,80.67202
2889.326,75.78148999999999,2889.326,80.57162,2889.326,80.68494,2889.326,80.47649
2889.808,75.47773000000001,2889.808,80.38315,2889.808,80.49775,2889.808,80.27919
2890.2900000000004,75.17443,2890.2900000000004,80.19435,2890.2900000000004,80.31280000000001,2890.2900000000004,80.08105
2890.772,74.873,2890.772,80.00578000000002,2890.772,80.13112,2890.772,79.88315
2891.254,74.57491,2891.254,79.81815,2891.254,79.95317,2891.254,79.68647
2891.737,74.28122,2891.737,79.63207,2891.737,79.77888,2891.737,79.49174000000001
2892.219,73.99239,2892.219,79.44784999999999,2892.219,79.6078,2892.219,79.29917999999999
2892.7009999999996,73.70819,2892.7009999999996,79.26555,2892.7009999999996,79.43932000000001,2892.7009999999996,79.10863
2893.183,73.42793,2893.183,79.08505,2893.183,79.27279999999999,2893.183,78.91964
2893.665,73.1507,2893.665,78.90633,2893.665,79.10776999999999,2893.665,78.73178
2894.1470000000004,72.8758,2894.1470000000004,78.72954,2894.1470000000004,78.94391999999999,2894.1470000000004,78.54489
2894.629,72.60281,2894.629,78.55501000000001,2894.629,78.78109,2894.629,78.35921
2895.111,72.33154,2895.111,78.38309,2895.111,78.61916,2895.111,78.17516
2895.594,72.06158,2895.594,78.21384,2895.594,78.45795,2895.594,77.99309
2896.075,71.79226,2896.075,78.04685,2896.075,78.29713,2896.075,77.81297
2896.5579999999995,71.52243999999999,2896.5579999999995,77.88119,2896.5579999999995,78.13633,2896.5579999999995,77.63423
2897.04,71.25084,2897.04,77.71564,2897.04,77.97504,2897.04,77.45580000000001
2897.522,70.9763,2897.522,77.54905,2897.522,77.81284000000001,2897.522,77.27638999999999
2898.0040000000004,70.69830999999999,2898.0040000000004,77.38043,2898.0040000000004,77.64938,2898.0040000000004,77.09492
2898.4860000000003,70.41708,2898.4860000000003,77.20924,2898.4860000000003,77.48424,2898.4860000000003,76.91082
2898.968,70.13347999999999,2898.968,77.03529999999999,2898.968,77.31705,2898.968,76.72412
2899.45,69.84857,2899.45,76.85845,2899.45,77.14744999999999,2899.45,76.53539
2899.932,69.56322,2899.932,76.67847,2899.932,76.97512,2899.932,76.34549
2900.415,69.2778,2900.415,76.49484,2900.415,76.79998,2900.415,76.15516
2900.897,68.99212,2900.897,76.30691999999999,2900.897,76.62227,2900.897,75.96478
2901.379,68.70555999999999,2901.379,76.11401,2901.379,76.44263000000001,2901.379,75.77418
2901.8610000000003,68.41727,2901.8610000000003,75.91561999999999,2901.8610000000003,76.26167,2901.8610000000003,75.58249
2902.3430000000003,68.12627,2902.3430000000003,75.71151,2902.3430000000003,76.07972000000001,2902.3430000000003,75.38834
2902.825,67.83135,2902.825,75.50152,2902.825,75.89622,2902.825,75.1898
2903.307,67.53079,2903.307,75.28549,2903.307,75.70953,2903.307,74.98474
2903.7889999999998,67.22232,2903.7889999999998,75.06303,2903.7889999999998,75.51698,2903.7889999999998,74.77106
2904.271,66.90337,2904.271,74.83357,2904.271,75.31539000000001,2904.271,74.54707
2904.754,66.57155,2904.754,74.59645,2904.754,75.10192,2904.754,74.31178
2905.236,66.22524999999999,2905.236,74.35121,2905.236,74.87477,2905.236,74.06518
2905.7180000000003,65.86417,2905.7180000000003,74.09778,2905.7180000000003,74.6337,2905.7180000000003,73.80808
2906.2000000000003,65.48936,2906.2000000000003,73.8364,2906.2000000000003,74.37998999999999,2906.2000000000003,73.54177
2906.682,65.10284,2906.682,73.5675,2906.682,74.11591,2906.682,73.26756999999999
2907.1639999999998,64.70668,2907.1639999999998,73.29131000000001,2907.1639999999998,73.84385,2907.1639999999998,72.98633
2907.6459999999997,64.30233,2907.6459999999997,73.00753,2907.6459999999997,73.56561,2907.6459999999997,72.69802999999999
2908.128,63.89005,2908.128,72.71529,2908.128,73.28184,2908.128,72.40199
2908.611,63.469100000000005,2908.611,72.41322,2908.611,72.99201,2908.611,72.09698
2909.093,63.03818,2909.093,72.09985999999999,2909.093,72.69492,2909.093,71.78191
2909.5750000000003,62.596109999999996,2909.5750000000003,71.77393000000001,2909.5750000000003,72.389,2909.5750000000003,71.45594
2910.0570000000002,62.1425,2910.0570000000002,71.43467,2910.0570000000002,72.07300000000001,2910.0570000000002,71.11877
2910.5389999999998,61.677749999999996,2910.5389999999998,71.08189,2910.5389999999998,71.7461,2910.5389999999998,70.77029999999999
2911.0209999999997,61.20292,2911.0209999999997,70.71576,2911.0209999999997,71.40799,2911.0209999999997,70.41051999999999
2911.5029999999997,60.71933,2911.5029999999997,70.33689,2911.5029999999997,71.05884,2911.5029999999997,70.03928
2911.985,60.22856,2911.985,69.94625,2911.985,70.69928,2911.985,69.6564
2912.468,59.73253,2912.468,69.54539,2912.468,70.33059,2912.468,69.26226
2912.95,59.234210000000004,2912.95,69.1369,2912.95,69.95497999999999,2912.95,68.85844
2913.4320000000002,58.738060000000004,2913.4320000000002,68.72448,2913.4320000000002,69.57562,2913.4320000000002,68.4481
2913.914,58.25032,2913.914,68.31293,2913.914,69.19669999999999,2913.914,68.03606
2914.396,57.77847,2914.396,67.90754,2914.396,68.82282000000001,2914.396,67.62812
2914.8779999999997,57.330439999999996,2914.8779999999997,67.51355000000001,2914.8779999999997,68.4586,2914.8779999999997,67.23021
2915.3599999999997,56.91341,2915.3599999999997,67.13531,2915.3599999999997,68.10798,2915.3599999999997,66.84731000000001
2915.842,56.532939999999996,2915.842,66.77594,2915.842,67.77402000000001,2915.842,66.48281
2916.324,56.19272000000001,2916.324,66.43748000000001,2916.324,67.45889,2916.324,66.13854
2916.807,55.89486,2916.807,66.12132,2916.807,67.16435,2916.807,65.81540000000001
2917.289,55.64059,2917.289,65.82891000000001,2917.289,66.89206999999999,2917.289,65.51421
2917.771,55.43084,2917.771,65.56218,2917.771,66.64406,2917.771,65.23645
2918.253,55.266580000000005,2918.253,65.32368,2918.253,66.42246,2918.253,64.98459
2918.7349999999997,55.14859,2918.7349999999997,65.11618,2918.7349999999997,66.22942,2918.7349999999997,64.76183
2919.2169999999996,55.07723,2919.2169999999996,64.94213,2919.2169999999996,66.06657,2919.2169999999996,64.57148000000001
2919.699,55.05223,2919.699,64.80326,2919.699,65.93504,2919.699,64.41635
2920.181,55.073049999999995,2920.181,64.70053,2920.181,65.83554000000001,2920.181,64.29838000000001
2920.6639999999998,55.139269999999996,2920.6639999999998,64.63434000000001,2920.6639999999998,65.7688,2920.6639999999998,64.21876
2921.146,55.25121,2921.146,64.60509,2921.146,65.73592,2921.146,64.17823999999999
2921.628,55.40999,2921.628,64.6134,2921.628,65.73846,2921.628,64.17741000000001
2922.11,55.61703,2922.11,64.6601,2922.11,65.77802,2922.11,64.2169
2922.5919999999996,55.87310000000001,2922.5919999999996,64.7459,2922.5919999999996,65.85573,2922.5919999999996,64.29709
2923.0739999999996,56.17739,2923.0739999999996,64.87077000000001,2923.0739999999996,65.97146000000001,2923.0739999999996,64.41786
2923.556,56.52697,2923.556,65.03368,2923.556,66.12367,2923.556,64.57843
2924.038,56.91706,2924.038,65.23254,2924.038,66.30959,2924.038,64.7772
2924.5209999999997,57.34198,2924.5209999999997,65.46459999999999,2924.5209999999997,66.52591,2924.5209999999997,65.0122
2925.002,57.7963,2925.002,65.72698,2925.002,66.76959,2925.002,65.28131
2925.485,58.27574,2925.485,66.01709,2925.485,67.03844000000001,2925.485,65.5825
2925.967,58.777590000000004,2925.967,66.33284,2925.967,67.33127999999999,2925.967,65.91379
2926.449,59.30025,2926.449,66.67249,2926.449,67.64752,2926.449,66.27289
2926.9309999999996,59.842769999999994,2926.9309999999996,67.03437,2926.9309999999996,67.98673,2926.9309999999996,66.6572
2927.413,60.40413,2927.413,67.41672,2927.413,68.34804,2927.413,67.06358
2927.895,60.983090000000004,2927.895,67.81767,2927.895,68.72999,2927.895,67.48873999999999
2928.3770000000004,61.578239999999994,2928.3770000000004,68.23544,2928.3770000000004,69.13067,2928.3770000000004,67.92975
2928.859,62.188179999999996,2928.859,68.66855,2928.859,69.54789,2928.859,68.38435000000001
2929.342,62.8116,2929.342,69.11583999999999,2929.342,69.97949,2929.342,68.85121
2929.824,63.44709,2929.824,69.57636,2929.824,70.42342,2929.824,69.3295
2930.306,64.09276,2930.306,70.04919,2930.306,70.87785,2930.306,69.81873
2930.7879999999996,64.746,2930.7879999999996,70.53311,2930.7879999999996,71.3411,2930.7879999999996,70.3181
2931.27,65.40373,2931.27,71.02679,2931.27,71.8119,2931.27,70.82656
2931.752,66.06284000000001,2931.752,71.52894,2931.752,72.28957,2931.752,71.34284
2932.2340000000004,66.72081,2932.2340000000004,72.03846,2932.2340000000004,72.7741,2932.2340000000004,71.86581000000001
2932.716,67.37608,2932.716,72.55457,2932.716,73.26606,2932.716,72.39462999999999
2933.198,68.02795,2933.198,73.07648,2933.198,73.76602,2933.198,72.92864
2933.681,68.67506,2933.681,73.60236,2933.681,74.27383,2933.681,73.46696
2934.163,69.31703999999999,2934.163,74.13062,2934.163,74.78791,2934.163,74.00795000000001
2934.6449999999995,69.95133,2934.6449999999995,74.65808,2934.6449999999995,75.30497,2934.6449999999995,74.54894999999999
2935.127,70.57376,2935.127,75.18074999999999,2935.127,75.82034,2935.127,75.08636
2935.609,71.17937,2935.609,75.69453,2935.609,76.32876999999999,2935.609,75.61625000000001
2936.0910000000003,71.76359,2936.0910000000003,76.1963,2936.0910000000003,76.82566,2936.0910000000003,76.13508
2936.5730000000003,72.32321999999999,2936.5730000000003,76.68452,2936.5730000000003,77.30785,2936.5730000000003,76.64026
2937.055,72.85696,2937.055,77.15912,2937.055,77.77401,2937.055,77.1303
2937.538,73.36493,2937.538,77.62093,2937.538,78.22437,2937.538,77.60447
2938.02,73.84774,2938.02,78.07066,2938.02,78.65996,2938.02,78.06221
2938.5019999999995,74.30544,2938.5019999999995,78.50796,2938.5019999999995,79.0816,2938.5019999999995,78.50247999999999
2938.984,74.73701,2938.984,78.93112,2938.984,79.48929,2938.984,78.92363
2939.466,75.14027,2939.466,79.33733000000001,2939.466,79.88176,2939.466,79.32346
2939.9480000000003,75.51265,2939.9480000000003,79.72327,2939.9480000000003,80.25681,2939.9480000000003,79.69973999999999
2940.4300000000003,75.85191,2940.4300000000003,80.08611,2940.4300000000003,80.61165000000001,2940.4300000000003,80.05072
2940.912,76.15679,2940.912,80.42381,2940.912,80.94334,2940.912,80.37525000000001
2941.395,76.42702,2941.395,80.73518,2941.395,81.24921,2941.395,80.67285
2941.877,76.66303,2941.877,81.01974,2941.877,81.52744,2941.877,80.94333
2942.359,76.86555,2942.359,81.2771,2942.359,81.77692,2942.359,81.18661
2942.841,77.03531,2942.841,81.50702000000001,2942.841,81.99774,2942.841,81.40276
2943.323,77.17322,2943.323,81.70935999999999,2943.323,82.19106,2943.323,81.59202
2943.8050000000003,77.28062,2943.8050000000003,81.88454999999999,2943.8050000000003,82.35906999999999,2943.8050000000003,81.75538
2944.2870000000003,77.35954,2944.2870000000003,82.03367999999999,2944.2870000000003,82.50446,2944.2870000000003,81.89443
2944.769,77.41278,2944.769,82.15873,2944.769,82.63,2944.769,82.01143
2945.2509999999997,77.4434,2945.2509999999997,82.26196,2945.2509999999997,82.73772,2945.2509999999997,82.10853999999999
2945.734,77.45417,2945.734,82.34557000000001,2945.734,82.82865,2945.734,82.18742
2946.216,77.44717,2946.216,82.41106,2946.216,82.90266000000001,2946.216,82.24873000000001
2946.698,77.42377,2946.698,82.45924000000001,2946.698,82.95904,2946.698,82.29235
2947.18,77.3851,2947.18,82.49052,2947.18,82.99718,2947.18,82.3178
2947.6620000000003,77.33303000000001,2947.6620000000003,82.50541999999999,2947.6620000000003,83.01747,2947.6620000000003,82.32533000000001
2948.1440000000002,77.27090000000001,2948.1440000000002,82.50556,2948.1440000000002,83.02183,2948.1440000000002,82.31665
2948.6259999999997,77.20382,2948.6259999999997,82.49380000000001,2948.6259999999997,83.01377000000001,2948.6259999999997,82.29533
2949.1079999999997,77.13821,2949.1079999999997,82.47417,2949.1079999999997,82.99791,2949.1079999999997,82.26639
2949.591,77.08073999999999,2949.591,82.45139,2949.591,82.97923,2949.591,82.23549
2950.073,77.03732000000001,2950.073,82.42998,2950.073,82.96227,2950.073,82.20791
2950.555,77.01227,2950.555,82.4138,2950.555,82.95066,2950.555,82.18773999999999
2951.037,77.00815,2951.037,82.40569,2951.037,82.9471,2951.037,82.17764000000001
2951.5190000000002,77.02625,2951.5190000000002,82.40767,2951.5190000000002,82.95352,2951.5190000000002,82.17914999999999
2952.001,77.06746,2952.001,82.42139,2952.001,82.97148999999999,2952.001,82.19324999999999
2952.483,77.13283,2952.483,82.44847,2952.483,83.00241,2952.483,82.22102
2952.9649999999997,77.22373,2952.9649999999997,82.4905,2952.9649999999997,83.04739,2952.9649999999997,82.26371999999999
2953.448,77.34156999999999,2953.448,82.54892,2953.448,83.1072,2953.448,82.32261
2953.929,77.48717,2953.929,82.62449000000001,2953.929,83.18173,2953.929,82.39844
2954.4120000000003,77.66038,2954.4120000000003,82.71706,2954.4120000000003,83.27013000000001,2954.4120000000003,82.49096
2954.894,77.86011,2954.894,82.8254,2954.894,83.37080999999999,2954.894,82.59884
2955.376,78.08463,2955.376,82.94741,2955.376,83.48186,2955.376,82.71993
2955.858,78.33223000000001,2955.858,83.08059999999999,2955.858,83.60139000000001,2955.858,82.85193
2956.34,78.60151,2956.34,83.22231000000001,2956.34,83.72759,2956.34,82.99273
2956.8219999999997,78.89151,2956.8219999999997,83.37009,2956.8219999999997,83.85889,2956.8219999999997,83.14099999999999
2957.304,79.20123000000001,2957.304,83.52173,2957.304,83.99363,2957.304,83.29589
2957.786,79.52944000000001,2957.786,83.67523,2957.786,84.13,2957.786,83.45684
2958.2690000000002,79.87438,2958.2690000000002,83.82885,2958.2690000000002,84.26614000000001,2958.2690000000002,83.62316
2958.7509999999997,80.23396,2958.7509999999997,83.98103,2958.7509999999997,84.40024,2958.7509999999997,83.79374999999999
2959.233,80.60631000000001,2959.233,84.13076000000001,2959.233,84.53093000000001,2959.233,83.96718999999999
2959.715,80.99019999999999,2959.715,84.27747,2959.715,84.65742,2959.715,84.14186000000001
2960.197,81.38528000000001,2960.197,84.42107,2960.197,84.77946,2960.197,84.31624
2960.6789999999996,81.79187999999999,2960.6789999999996,84.56179,2960.6789999999996,84.89727,2960.6789999999996,84.48914
2961.161,82.21043,2961.161,84.69998000000001,2961.161,85.01111999999999,2961.161,84.65972000000001
2961.643,82.64113,2961.643,84.83595,2961.643,85.12141,2961.643,84.82773999999999
2962.125,83.08355,2962.125,84.97021000000001,2962.125,85.22874999999999,2962.125,84.99355
2962.6079999999997,83.53706000000001,2962.6079999999997,85.10379999999999,2962.6079999999997,85.33443,2962.6079999999997,85.15836
2963.09,84.00107,2963.09,85.23859999999999,2963.09,85.44067,2963.09,85.3243
2963.572,84.47552,2963.572,85.37743,2963.572,85.55078,2963.572,85.49448
2964.054,84.96066,2964.054,85.52374999999999,2964.054,85.66864000000001,2964.054,85.67251999999999
2964.536,85.45662,2964.536,85.68092,2964.536,85.79799,2964.536,85.86188
2965.018,85.96261999999999,2965.018,85.85137,2965.018,85.94149,2965.018,86.06499
2965.5,86.47639999999998,2965.5,86.0361,2965.5,86.10006999999999,2965.5,86.28265
2965.982,86.99427,2965.982,86.23447,2965.982,86.2729,2965.982,86.51369000000001
2966.4649999999997,87.51163,2966.4649999999997,86.44469000000001,2966.4649999999997,86.45785000000001,2966.4649999999997,86.75542999999999
2966.947,88.02421000000001,2966.947,86.66472999999999,2966.947,86.65238000000001,2966.947,87.00451
2967.429,88.529,2967.429,86.89303000000001,2967.429,86.85457,2967.429,87.25797999999999
2967.911,89.02479,2967.911,87.12897999999998,2967.911,87.06356,2967.911,87.51415
2968.393,89.51209,2968.393,87.37283,2968.393,87.27967,2968.393,87.77284
2968.875,89.99231,2968.875,87.62515,2968.875,87.50392,2968.875,88.03523
2969.357,90.46673999999999,2969.357,87.88618,2969.357,87.73742999999999,2969.357,88.3031
2969.839,90.93584,2969.839,88.15547000000001,2969.839,87.98088,2969.839,88.57804
2970.322,91.39907000000001,2970.322,88.43199999999999,2970.322,88.23437,2970.322,88.86096
2970.804,91.85499999999999,2970.804,88.71449999999999,2970.804,88.49743000000001,2970.804,89.15178
2971.286,92.30181999999999,2971.286,89.00198,2971.286,88.76925999999999,2971.286,89.44941999999999
2971.768,92.738,2971.768,89.29411999999999,2971.768,89.04906,2971.768,89.75229999999999
2972.25,93.16232,2972.25,89.59107,2972.25,89.33577,2972.25,90.05853
2972.732,93.574,2972.732,89.89308,2972.732,89.62833,2972.732,90.36618000000001
2973.214,93.97261,2973.214,90.20003000000001,2973.214,89.9254,2973.214,90.67358
2973.696,94.35797000000001,2973.696,90.51096,2973.696,90.2254,2973.696,90.97929
2974.1780000000003,94.73046,2974.1780000000003,90.82442,2974.1780000000003,90.5269,2974.1780000000003,91.28236
2974.661,95.09109000000001,2974.661,91.13875,2974.661,90.82889,2974.661,91.58234
2975.143,95.44157999999999,2975.143,91.45282999999999,2975.143,91.1309,2975.143,91.87946
2975.625,95.7841,2975.625,91.7664,2975.625,91.43307999999999,2975.625,92.17443
2976.107,96.1207,2976.107,92.08002,2976.107,91.7358,2976.107,92.46808
2976.589,96.45251,2976.589,92.39477000000001,2976.589,92.03936999999999,2976.589,92.76132000000001
2977.071,96.77932,2977.071,92.71138,2977.071,92.34356,2977.071,93.05462
2977.553,97.09949,2977.553,93.02986000000001,2977.553,92.64766999999999,2977.553,93.34783
2978.0350000000003,97.41056999999999,2978.0350000000003,93.34934000000001,2978.0350000000003,92.95078000000001,2978.0350000000003,93.64043000000001
2978.518,97.71001,2978.518,93.66823,2978.518,93.25213,2978.518,93.93163
2979.0,97.99621,2979.0,93.98488,2979.0,93.55156000000001,2979.0,94.22076000000001
2979.482,98.26908,2979.482,94.29819,2979.482,93.84962,2979.482,94.50748000000002
2979.964,98.52986,2979.964,94.60786999999999,2979.964,94.14726999999999,2979.964,94.79175
2980.4460000000004,98.78059999999999,2980.4460000000004,94.91431,2980.4460000000004,94.4454,2980.4460000000004,95.07362
2980.928,99.02338,2980.928,95.21832,2980.928,94.74443000000001,2980.928,95.35304
2981.41,99.25957,2981.41,95.52042,2981.41,95.04384999999999,2981.41,95.62953999999999
2981.8920000000003,99.48952,2981.8920000000003,95.82045000000001,2981.8920000000003,95.34236999999999,2981.8920000000003,95.90213
2982.375,99.71276,2982.375,96.11755000000001,2982.375,95.63811,2982.375,96.16953000000001
2982.8559999999998,99.92844,2982.8559999999998,96.41031999999998,2982.8559999999998,95.92924,2982.8559999999998,96.43034999999999
2983.339,100.1357,2983.339,96.69717,2983.339,96.21426,2983.339,96.68343
2983.821,100.3341,2983.821,96.97676,2983.821,96.49229,2983.821,96.92817
2984.3030000000003,100.5233,2984.3030000000003,97.24831,2984.3030000000003,96.76302,2984.3030000000003,97.16457
2984.785,100.70349999999999,2984.785,97.51151,2984.785,97.0266,2984.785,97.39327
2985.267,100.87459999999999,2985.267,97.7664,2985.267,97.28321,2985.267,97.61536
2985.7490000000003,101.03649999999999,2985.7490000000003,98.01313999999999,2985.7490000000003,97.53309,2985.7490000000003,97.83202
2986.231,101.18929999999999,2986.231,98.25174000000001,2986.231,97.77631,2986.231,98.04435
2986.7129999999997,101.33330000000001,2986.7129999999997,98.48201,2986.7129999999997,98.01264,2986.7129999999997,98.25300999999999
2987.196,101.46900000000001,2987.196,98.70356,2987.196,98.24171,2987.196,98.45810999999999
2987.678,101.59689999999999,2987.678,98.91595000000001,2987.678,98.46280999999999,2987.678,98.65895
2988.1600000000003,101.7177,2988.1600000000003,99.11885,2988.1600000000003,98.67523,2988.1600000000003,98.85433
2988.642,101.8313,2988.642,99.31215999999999,2988.642,98.87819999999999,2988.642,99.04260000000001
2989.124,101.9371,2989.124,99.49622,2989.124,99.07130000000001,2989.124,99.22224
2989.606,102.03469999999999,2989.606,99.67193999999999,2989.606,99.25476,2989.606,99.39233
2990.088,102.1234,2990.088,99.8407,2990.088,99.4296,2990.088,99.55286
2990.57,102.2035,2990.57,100.00439999999999,2990.57,99.59766,2990.57,99.70496
2991.0519999999997,102.2761,2991.0519999999997,100.16510000000001,2991.0519999999997,99.76120999999999,2991.0519999999997,99.85065
2991.535,102.3433,2991.535,100.3246,2991.535,99.92258,2991.535,99.99224999999998
2992.0170000000003,102.4072,2992.0170000000003,100.48410000000001,2992.0170000000003,100.08349999999999,2992.0170000000003,100.1319
2992.499,102.4697,2992.499,100.6438,2992.499,100.24489999999999,2992.499,100.27109999999999
2992.9809999999998,102.53179999999999,2992.9809999999998,100.80279999999999,2992.9809999999998,100.4062,2992.9809999999998,100.41
2993.463,102.59370000000001,2993.463,100.95940000000002,2993.463,100.56639999999999,2993.463,100.54780000000001
2993.945,102.6547,2993.945,101.1114,2993.945,100.72350000000002,2993.945,100.6831
2994.427,102.7141,2994.427,101.2568,2994.427,100.8759,2994.427,100.81450000000001
2994.9089999999997,102.77149999999999,2994.9089999999997,101.39450000000001,2994.9089999999997,101.0224,2994.9089999999997,100.94080000000001
2995.392,102.82690000000001,2995.392,101.5248,2995.392,101.1624,2995.392,101.0618
2995.8740000000003,102.8808,2995.8740000000003,101.64869999999999,2995.8740000000003,101.29570000000001,2995.8740000000003,101.178
2996.356,102.93369999999999,2996.356,101.7679,2996.356,101.42269999999999,2996.356,101.2899
2996.8379999999997,102.9856,2996.8379999999997,101.88390000000001,2996.8379999999997,101.54339999999999,2996.8379999999997,101.39819999999999
2997.32,103.03580000000001,2997.32,101.9974,2997.32,101.65809999999999,2997.32,101.5029
2997.802,103.08319999999999,2997.802,102.108,2997.802,101.7666,2997.802,101.6036
2998.284,103.1267,2998.284,102.21450000000002,2998.284,101.8689,2998.284,101.69950000000001
2998.7659999999996,103.1655,2998.7659999999996,102.3153,2998.7659999999996,101.9651,2998.7659999999996,101.78990000000002
2999.249,103.19959999999999,2999.249,102.4092,2999.249,102.0556,2999.249,101.8747
2999.731,103.2296,2999.731,102.49539999999999,2999.731,102.14080000000001,2999.731,101.9544
3000.213,103.25619999999999,3000.213,102.57430000000001,3000.213,102.2215,3000.213,102.02990000000001
3000.6949999999997,103.2799,3000.6949999999997,102.6471,3000.6949999999997,102.298,3000.6949999999997,102.1023
3001.177,103.3005,3001.177,102.71509999999999,3001.177,102.37039999999999,3001.177,102.17240000000001
3001.659,103.31760000000001,3001.659,102.77929999999999,3001.659,102.4387,3001.659,102.24040000000001
3002.141,103.3304,3002.141,102.84009999999999,3002.141,102.5026,3002.141,102.30570000000002
3002.6229999999996,103.33890000000001,3002.6229999999996,102.89729999999999,3002.6229999999996,102.5622,3002.6229999999996,102.36749999999999
3003.105,103.3439,3003.105,102.9507,3003.105,102.61789999999999,3003.105,102.4246
3003.588,103.3473,3003.588,103.00009999999999,3003.588,102.6704,3003.588,102.4769
3004.07,103.3514,3004.07,103.0462,3004.07,102.7209,3004.07,102.52449999999999
3004.5519999999997,103.3586,3004.5519999999997,103.0901,3004.5519999999997,102.7706,3004.5519999999997,102.5686
3005.034,103.3703,3005.034,103.1334,3005.034,102.82039999999999,3005.034,102.61070000000001
3005.516,103.3868,3005.516,103.17719999999998,3005.516,102.87049999999999,3005.516,102.65230000000001
3005.998,103.40700000000001,3005.998,103.2217,3005.998,102.92049999999999,3005.998,102.6944
3006.48,103.42929999999998,3006.48,103.26629999999999,3006.48,102.9691,3006.48,102.73689999999999
3006.962,103.4516,3006.962,103.3089,3006.962,103.01499999999999,3006.962,102.77879999999999
3007.445,103.47219999999999,3007.445,103.3476,3007.445,103.0565,3007.445,102.81869999999999
3007.927,103.49,3007.927,103.38050000000001,3007.927,103.0924,3007.927,102.85470000000001
3008.409,103.5043,3008.409,103.4065,3008.409,103.1222,3008.409,102.88520000000001
3008.891,103.5147,3008.891,103.42569999999999,3008.891,103.14589999999998,3008.891,102.9093
3009.373,103.521,3009.373,103.4395,3009.373,103.1642,3009.373,102.9269
3009.855,103.5231,3009.855,103.45009999999999,3009.855,103.1787,3009.855,102.93900000000001
3010.337,103.5215,3010.337,103.45979999999999,3010.337,103.1911,3010.337,102.94730000000001
3010.819,103.51729999999999,3010.819,103.4708,3010.819,103.2033,3010.819,102.9543
3011.302,103.5123,3011.302,103.4849,3011.302,103.2174,3011.302,102.96209999999999
3011.783,103.5091,3011.783,103.50299999999999,3011.783,103.2346,3011.783,102.97259999999999
3012.266,103.51010000000001,3012.266,103.5251,3012.266,103.2559,3012.266,102.9868
3012.748,103.51740000000001,3012.748,103.55069999999999,3012.748,103.28120000000001,3012.748,103.0047
3013.23,103.53190000000001,3013.23,103.5784,3013.23,103.30950000000001,3013.23,103.02530000000002
3013.712,103.55270000000002,3013.712,103.6065,3013.712,103.3394,3013.712,103.047
3014.194,103.57799999999999,3014.194,103.6335,3014.194,103.3692,3014.194,103.0682
3014.676,103.6049,3014.676,103.6579,3014.676,103.39750000000001,3014.676,103.0881
3015.158,103.6307,3015.158,103.6792,3015.158,103.42309999999999,3015.158,103.1063
3015.64,103.65310000000001,3015.64,103.6974,3015.64,103.446,3015.64,103.1233
3016.123,103.6711,3016.123,103.7133,3016.123,103.4662,3016.123,103.14000000000001
3016.605,103.68489999999998,3016.605,103.728,3016.605,103.48429999999999,3016.605,103.15719999999999
3017.087,103.6956,3017.087,103.7426,3017.087,103.5006,3017.087,103.1753
3017.569,103.70479999999999,3017.569,103.75760000000001,3017.569,103.51539999999999,3017.569,103.1941
3018.051,103.7141,3018.051,103.77289999999999,3018.051,103.52850000000001,3018.051,103.21260000000001
3018.5330000000004,103.7247,3018.5330000000004,103.788,3018.5330000000004,103.5397,3018.5330000000004,103.23
3019.015,103.737,3019.015,103.8019,3019.015,103.54920000000001,3019.015,103.24549999999999
3019.497,103.7507,3019.497,103.81389999999999,3019.497,103.55730000000001,3019.497,103.2589
3019.9790000000003,103.76490000000001,3019.9790000000003,103.8237,3019.9790000000003,103.56490000000001,3019.9790000000003,103.2707
3020.462,103.77860000000001,3020.462,103.8318,3020.462,103.57320000000001,3020.462,103.28150000000001
3020.944,103.7908,3020.944,103.8391,3020.944,103.5831,3020.944,103.292
3021.426,103.8011,3021.426,103.8468,3021.426,103.5951,3021.426,103.3028
3021.908,103.8095,3021.908,103.8559,3021.908,103.6092,3021.908,103.314
3022.3900000000003,103.81689999999999,3022.3900000000003,103.8676,3022.3900000000003,103.6249,3022.3900000000003,103.3256
3022.872,103.82450000000001,3022.872,103.8823,3022.872,103.64139999999999,3022.872,103.33760000000001
3023.354,103.8338,3023.354,103.89999999999999,3023.354,103.6579,3023.354,103.35000000000001
3023.8360000000002,103.84599999999999,3023.8360000000002,103.92049999999999,3023.8360000000002,103.674,3023.8360000000002,103.3629
3024.3190000000004,103.8615,3024.3190000000004,103.94319999999999,3024.3190000000004,103.68939999999999,3024.3190000000004,103.37639999999999
3024.801,103.88,3024.801,103.9669,3024.801,103.70349999999999,3024.801,103.3904
3025.283,103.9004,3025.283,103.99020000000002,3025.283,103.71570000000001,3025.283,103.4044
3025.765,103.92110000000001,3025.765,104.0116,3025.765,103.7249,3025.765,103.4176
3026.2470000000003,103.9401,3026.2470000000003,104.02960000000002,3026.2470000000003,103.73010000000001,3026.2470000000003,103.4291
3026.729,103.956,3026.729,104.04310000000001,3026.729,103.7307,3026.729,103.4384
3027.211,103.9679,3027.211,104.05199999999999,3027.211,103.7272,3027.211,103.4453
3027.693,103.9757,3027.693,104.0567,3027.693,103.7207,3027.693,103.4503
3028.1760000000004,103.98,3028.1760000000004,104.0583,3028.1760000000004,103.71379999999999,3028.1760000000004,103.4541
3028.658,103.98190000000001,3028.658,104.0583,3028.658,103.70870000000001,3028.658,103.4575
3029.14,103.98259999999999,3029.14,104.058,3029.14,103.708,3029.14,103.4615
3029.622,103.9838,3029.622,104.05839999999999,3029.622,103.7126,3029.622,103.4665
3030.1040000000003,103.9866,3030.1040000000003,104.06020000000001,3030.1040000000003,103.7226,3030.1040000000003,103.4728
3030.586,103.9922,3030.586,104.0639,3030.586,103.7365,3030.586,103.4804
3031.0679999999998,104.0012,3031.0679999999998,104.06960000000001,3031.0679999999998,103.75229999999999,3031.0679999999998,103.4892
3031.55,104.0138,3031.55,104.0773,3031.55,103.7676,3031.55,103.49919999999999
3032.032,104.02940000000001,3032.032,104.0868,3032.032,103.7808,3032.032,103.5099
3032.515,104.047,3032.515,104.0975,3032.515,103.79119999999999,3032.515,103.5208
3032.997,104.06500000000001,3032.997,104.1085,3032.997,103.79899999999999,3032.997,103.5309
3033.479,104.08200000000001,3033.479,104.1186,3033.479,103.8052,3033.479,103.5397
3033.9610000000002,104.0972,3033.9610000000002,104.1269,3033.9610000000002,103.8113,3033.9610000000002,103.5469
3034.443,104.10999999999999,3034.443,104.13289999999999,3034.443,103.81879999999998,3034.443,103.5529
3034.9249999999997,104.1209,3034.9249999999997,104.1371,3034.9249999999997,103.829,3034.9249999999997,103.559
3035.407,104.1308,3035.407,104.14049999999999,3035.407,103.8427,3035.407,103.5668
3035.889,104.1407,3035.889,104.1444,3035.889,103.8597,3035.889,103.57750000000001
3036.3720000000003,104.1512,3036.3720000000003,104.1498,3036.3720000000003,103.8792,3036.3720000000003,103.59179999999999
3036.854,104.1624,3036.854,104.15700000000001,3036.854,103.8991,3036.854,103.609
3037.336,104.17339999999999,3037.336,104.16510000000001,3037.336,103.91699999999999,3037.336,103.6273
3037.818,104.18289999999999,3037.818,104.17259999999999,3037.818,103.9302,3037.818,103.64420000000001
3038.3,104.1896,3038.3,104.1781,3038.3,103.93650000000001,3038.3,103.6575
3038.7819999999997,104.19290000000001,3038.7819999999997,104.1806,3038.7819999999997,103.93520000000001,3038.7819999999997,103.6658
3039.264,104.19290000000001,3039.264,104.18050000000001,3039.264,103.9269,3039.264,103.6691
3039.746,104.19080000000001,3039.746,104.1793,3039.746,103.9141,3039.746,103.6686
3040.2290000000003,104.18829999999998,3040.2290000000003,104.1793,3040.2290000000003,103.89980000000001,3040.2290000000003,103.6662
3040.711,104.1871,3040.711,104.18220000000001,3040.711,103.88759999999999,3040.711,103.6638
3041.1929999999998,104.18829999999998,3041.1929999999998,104.1889,3041.1929999999998,103.88010000000001,3041.1929999999998,103.6628
3041.675,104.192,3041.675,104.1987,3041.675,103.8786,3041.675,103.66390000000001
3042.157,104.1974,3042.157,104.20989999999999,3042.157,103.8829,3042.157,103.6668
3042.6389999999997,104.203,3042.6389999999997,104.22039999999998,3042.6389999999997,103.8918,3042.6389999999997,103.671
3043.121,104.20720000000001,3043.121,104.2286,3043.121,103.90299999999999,3043.121,103.67550000000001
3043.603,104.2087,3043.603,104.2341,3043.603,103.9145,3043.603,103.67949999999999
3044.085,104.2071,3044.085,104.23750000000001,3044.085,103.9245,3044.085,103.6824
3044.5679999999998,104.20259999999999,3044.5679999999998,104.2397,3044.5679999999998,103.93159999999999,3044.5679999999998,103.6835
3045.0499999999997,104.1963,3045.0499999999997,104.24210000000001,3045.0499999999997,103.9355,3045.0499999999997,103.68280000000001
3045.532,104.1897,3045.532,104.245,3045.532,103.936,3045.532,103.68029999999999
3046.014,104.18400000000001,3046.014,104.248,3046.014,103.9341,3046.014,103.67679999999999
3046.496,104.18069999999999,3046.496,104.2502,3046.496,103.93090000000001,3046.496,103.67349999999999
3046.978,104.18039999999999,3046.978,104.25070000000001,3046.978,103.92809999999999,3046.978,103.6721
3047.46,104.1831,3047.46,104.2491,3047.46,103.9274,3047.46,103.6737
3047.942,104.18829999999998,3047.942,104.24560000000001,3047.942,103.92999999999999,3047.942,103.67880000000001
3048.4249999999997,104.19460000000001,3048.4249999999997,104.241,3048.4249999999997,103.93639999999999,3048.4249999999997,103.6867
3048.906,104.2005,3048.906,104.23599999999999,3048.906,103.9457,3048.906,103.69550000000001
3049.389,104.20419999999999,3049.389,104.2308,3049.389,103.95609999999999,3049.389,103.7029
3049.871,104.20439999999999,3049.871,104.2253,3049.871,103.9655,3049.871,103.70680000000002
3050.353,104.2008,3050.353,104.21879999999999,3050.353,103.97179999999999,3050.353,103.70680000000002
3050.835,104.19369999999999,3050.835,104.21100000000001,3050.835,103.9739,3050.835,103.70330000000001
3051.317,104.18449999999999,3051.317,104.2021,3051.317,103.97209999999998,3051.317,103.69839999999999
3051.799,104.175,3051.799,104.1932,3051.799,103.9679,3051.799,103.6948
3052.281,104.1671,3052.281,104.1863,3052.281,103.9633,3052.281,103.6945
3052.763,104.1626,3052.763,104.1833,3052.763,103.96039999999999,3052.763,103.69839999999999
3053.246,104.16250000000001,3053.246,104.1859,3053.246,103.96069999999999,3053.246,103.70630000000001
3053.728,104.1672,3053.728,104.1949,3053.728,103.9647,3053.728,103.7168
3054.21,104.17670000000001,3054.21,104.2098,3054.21,103.97209999999998,3054.21,103.7282
3054.692,104.1904,3054.692,104.2292,3054.692,103.9822,3054.692,103.73920000000001
3055.174,104.2073,3055.174,104.25089999999999,3055.174,103.99380000000001,3055.174,103.7493
3055.656,104.2263,3055.656,104.2727,3055.656,104.00609999999999,3055.656,103.7585
3056.138,104.246,3056.138,104.2922,3056.138,104.0182,3056.138,103.7674
3056.62,104.2649,3056.62,104.3078,3056.62,104.02960000000002,3056.62,103.7762
3057.103,104.28170000000001,3057.103,104.3188,3057.103,104.0398,3057.103,103.785
3057.585,104.2954,3057.585,104.32509999999999,3057.585,104.0489,3057.585,103.79369999999999
3058.067,104.3059,3058.067,104.3279,3058.067,104.05690000000001,3058.067,103.80180000000001
3058.549,104.31379999999999,3058.549,104.3288,3058.549,104.06470000000002,3058.549,103.8095
3059.031,104.3204,3059.031,104.33019999999999,3059.031,104.07310000000001,3059.031,103.8173
3059.513,104.3272,3059.513,104.3344,3059.513,104.0834,3059.513,103.82560000000001
3059.995,104.3358,3059.995,104.34309999999999,3059.995,104.0962,3059.995,103.83500000000001
3060.4770000000003,104.3471,3060.4770000000003,104.35699999999999,3060.4770000000003,104.1114,3060.4770000000003,103.8454
3060.959,104.36129999999999,3060.959,104.37540000000001,3060.959,104.128,3060.959,103.85640000000001
3061.442,104.3779,3061.442,104.3968,3061.442,104.1444,3061.442,103.8669
3061.924,104.39590000000001,3061.924,104.4187,3061.924,104.1584,3061.924,103.87610000000001
3062.4060000000004,104.41460000000001,3062.4060000000004,104.439,3062.4060000000004,104.16859999999998,3062.4060000000004,103.88390000000001
3062.888,104.4335,3062.888,104.4562,3062.888,104.1745,3062.888,103.89070000000001
3063.37,104.4524,3063.37,104.46990000000001,3063.37,104.177,3063.37,103.89779999999999
3063.852,104.4718,3063.852,104.4806,3063.852,104.178,3063.852,103.9064
3064.3340000000003,104.4922,3064.3340000000003,104.48960000000001,3064.3340000000003,104.18019999999999,3064.3340000000003,103.9178
3064.816,104.5137,3064.816,104.4983,3064.816,104.1861,3064.816,103.9325
3065.299,104.5365,3065.299,104.508,3065.299,104.1977,3065.299,103.95049999999999
3065.781,104.56030000000001,3065.781,104.51939999999999,3065.781,104.21549999999999,3065.781,103.9711
3066.2630000000004,104.585,3066.2630000000004,104.5326,3066.2630000000004,104.23929999999999,3066.2630000000004,103.9936
3066.745,104.6103,3066.745,104.5476,3066.745,104.26729999999999,3066.745,104.0172
3067.227,104.636,3067.227,104.5642,3067.227,104.29729999999999,3067.227,104.04119999999999
3067.709,104.6618,3067.709,104.5822,3067.709,104.3269,3067.709,104.06519999999999
3068.1910000000003,104.68710000000002,3068.1910000000003,104.6017,3068.1910000000003,104.3534,3068.1910000000003,104.0883
3068.673,104.71109999999999,3068.673,104.6224,3068.673,104.375,3068.673,104.1099
3069.156,104.73259999999999,3069.156,104.6443,3069.156,104.3905,3069.156,104.12939999999999
3069.638,104.75049999999999,3069.638,104.6668,3069.638,104.39989999999999,3069.638,104.1463
3070.1200000000003,104.7643,3070.1200000000003,104.6893,3070.1200000000003,104.40400000000001,3070.1200000000003,104.16050000000001
3070.602,104.77449999999999,3070.602,104.7112,3070.602,104.4049,3070.602,104.1728
3071.084,104.78179999999999,3071.084,104.73140000000001,3071.084,104.40499999999999,3071.084,104.18400000000001
3071.566,104.7881,3071.566,104.7494,3071.566,104.4067,3071.566,104.19510000000001
3072.0480000000002,104.7951,3072.0480000000002,104.7645,3072.0480000000002,104.4119,3072.0480000000002,104.20689999999999
3072.53,104.8042,3072.53,104.7766,3072.53,104.4217,3072.53,104.22009999999999
3073.0119999999997,104.8163,3073.0119999999997,104.7857,3073.0119999999997,104.4362,3073.0119999999997,104.2351
3073.495,104.8314,3073.495,104.7923,3073.495,104.4548,3073.495,104.25169999999999
3073.9770000000003,104.8491,3073.9770000000003,104.7971,3073.9770000000003,104.47619999999999,3073.9770000000003,104.26979999999999
3074.459,104.86880000000001,3074.459,104.8011,3074.459,104.49869999999999,3074.459,104.28880000000001
3074.941,104.8898,3074.941,104.80460000000001,3074.941,104.5205,3074.941,104.3079
3075.423,104.91189999999999,3075.423,104.8083,3075.423,104.5398,3075.423,104.32589999999999
3075.905,104.93459999999999,3075.905,104.81190000000001,3075.905,104.55479999999999,3075.905,104.34140000000001
3076.387,104.9577,3076.387,104.8155,3076.387,104.5644,3076.387,104.35289999999999
3076.8689999999997,104.981,3076.8689999999997,104.81899999999999,3076.8689999999997,104.5682,3076.8689999999997,104.3597
3077.352,105.0042,3077.352,104.8227,3077.352,104.5672,3077.352,104.3621
3077.833,105.02689999999998,3077.833,104.8275,3077.833,104.5633,3077.833,104.36110000000001
3078.3160000000003,105.0489,3078.3160000000003,104.8345,3078.3160000000003,104.5591,3078.3160000000003,104.35849999999999
3078.798,105.07010000000001,3078.798,104.84420000000001,3078.798,104.5572,3078.798,104.35620000000002
3079.2799999999997,105.09049999999999,3079.2799999999997,104.85690000000001,3079.2799999999997,104.55969999999999,3079.2799999999997,104.3556
3079.762,105.1099,3079.762,104.87150000000001,3079.762,104.56689999999999,3079.762,104.3571
3080.244,105.12809999999999,3080.244,104.8866,3080.244,104.5781,3080.244,104.36080000000001
3080.7259999999997,105.1447,3080.7259999999997,104.90029999999999,3080.7259999999997,104.5912,3080.7259999999997,104.366
3081.208,105.15950000000001,3081.208,104.9115,3081.208,104.60419999999999,3081.208,104.37259999999999
3081.69,105.17259999999999,3081.69,104.9201,3081.69,104.6157,3081.69,104.38119999999999
3082.1730000000002,105.1849,3082.1730000000002,104.9272,3082.1730000000002,104.6251,3082.1730000000002,104.3925
3082.6549999999997,105.1972,3082.6549999999997,104.935,3082.6549999999997,104.63329999999999,3082.6549999999997,104.4076
3083.1369999999997,105.2109,3083.1369999999997,104.94539999999999,3083.1369999999997,104.6411,3083.1369999999997,104.4266
3083.619,105.22670000000001,3083.619,104.9595,3083.619,104.64949999999999,3083.619,104.44839999999999
3084.101,105.2448,3084.101,104.977,3084.101,104.65880000000001,3084.101,104.4708
3084.5829999999996,105.2642,3084.5829999999996,104.996,3084.5829999999996,104.6683,3084.5829999999996,104.4912
3085.065,105.2831,3085.065,105.01400000000001,3085.065,104.6771,3085.065,104.50710000000001
3085.547,105.2993,3085.547,105.0284,3085.547,104.6843,3085.547,104.5172
3086.03,105.3109,3086.03,105.03739999999999,3086.03,104.6894,3086.03,104.5215
3086.5119999999997,105.317,3086.5119999999997,105.0411,3086.5119999999997,104.6931,3086.5119999999997,104.52159999999999
3086.9939999999997,105.31779999999999,3086.9939999999997,105.04070000000002,3086.9939999999997,104.69619999999999,3086.9939999999997,104.5197
3087.476,105.31479999999999,3087.476,105.0384,3087.476,104.69999999999999,3087.476,104.51790000000001
3087.958,105.31029999999998,3087.958,105.03670000000001,3087.958,104.7052,3087.958,104.51760000000002
3088.44,105.3069,3088.44,105.0373,3088.44,104.712,3088.44,104.51919999999998
3088.922,105.3066,3088.922,105.0411,3088.922,104.7196,3088.922,104.52239999999999
3089.404,105.31060000000001,3089.404,105.0477,3089.404,104.72699999999999,3089.404,104.5261
3089.886,105.3185,3089.886,105.056,3089.886,104.73259999999999,3089.886,104.5293
3090.369,105.3291,3090.369,105.06439999999999,3090.369,104.73509999999999,3090.369,104.53110000000001
3090.8509999999997,105.3401,3090.8509999999997,105.07130000000001,3090.8509999999997,104.7337,3090.8509999999997,104.53049999999999
3091.333,105.3495,3091.333,105.0755,3091.333,104.72779999999999,3091.333,104.52699999999999
3091.815,105.3554,3091.815,105.07660000000001,3091.815,104.71770000000001,3091.815,104.5206
3092.297,105.35730000000001,3092.297,105.075,3092.297,104.7047,3092.297,104.512
3092.779,105.3555,3092.779,105.072,3092.779,104.6907,3092.779,104.50280000000001
3093.261,105.35159999999999,3093.261,105.06930000000001,3093.261,104.67850000000001,3093.261,104.49539999999999
3093.743,105.3477,3093.743,105.06899999999999,3093.743,104.67120000000001,3093.743,104.4922
3094.226,105.34559999999999,3094.226,105.07230000000001,3094.226,104.6713,3094.226,104.4953
3094.7079999999996,105.3465,3094.7079999999996,105.07979999999999,3094.7079999999996,104.6797,3094.7079999999996,104.5051
3095.19,105.3503,3095.19,105.09029999999998,3095.19,104.69569999999999,3095.19,104.5205
3095.672,105.35600000000001,3095.672,105.10189999999999,3095.672,104.7166,3095.672,104.53859999999999
3096.154,105.3621,3096.154,105.1121,3096.154,104.73840000000001,3096.154,104.5561
3096.636,105.36710000000001,3096.636,105.11919999999999,3096.636,104.75760000000001,3096.636,104.57019999999999
3097.118,105.37049999999999,3097.118,105.1224,3097.118,104.7714,3097.118,104.57939999999999
3097.6,105.37289999999999,3097.6,105.12280000000001,3097.6,104.7795,3097.6,104.5841
3098.083,105.37559999999999,3098.083,105.1225,3098.083,104.78320000000001,3098.083,104.58609999999999
3098.5649999999996,105.38019999999999,3098.5649999999996,105.124,3098.5649999999996,104.7852,3098.5649999999996,104.5874
3099.047,105.38749999999999,3099.047,105.12870000000001,3099.047,104.788,3099.047,104.58940000000001
3099.529,105.3977,3099.529,105.13719999999999,3099.529,104.7933,3099.529,104.5925
3100.011,105.4096,3100.011,105.1482,3100.011,104.8012,3100.011,104.5958
3100.4930000000004,105.4217,3100.4930000000004,105.1599,3100.4930000000004,104.8107,3100.4930000000004,104.5985
3100.975,105.43279999999999,3100.975,105.17060000000001,3100.975,104.82020000000001,3100.975,104.6003
3101.457,105.4424,3101.457,105.1795,3101.457,104.82849999999999,3101.457,104.6019
3101.939,105.45089999999999,3101.939,105.18700000000001,3101.939,104.835,3101.939,104.6049
3102.4219999999996,105.45949999999999,3102.4219999999996,105.1947,3102.4219999999996,104.84020000000001,3102.4219999999996,104.6112
3102.904,105.4695,3102.904,105.20439999999999,3102.904,104.84519999999999,3102.904,104.6221
3103.386,105.48169999999999,3103.386,105.2168,3103.386,104.85079999999999,3103.386,104.63739999999999
3103.868,105.4955,3103.868,105.23150000000001,3103.868,104.85709999999999,3103.868,104.6556
3104.3500000000004,105.5094,3104.3500000000004,105.24659999999999,3104.3500000000004,104.86370000000001,3104.3500000000004,104.67450000000001
3104.832,105.52140000000001,3104.832,105.2596,3104.832,104.8697,3104.832,104.6916
3105.314,105.52950000000001,3105.314,105.26830000000001,3105.314,104.8743,3105.314,104.7054
3105.796,105.53269999999999,3105.796,105.2717,3105.796,104.87709999999998,3105.796,104.7155
3106.279,105.5307,3106.279,105.27040000000001,3106.279,104.8784,3106.279,104.7221
3106.7599999999998,105.5243,3106.7599999999998,105.2664,3106.7599999999998,104.87910000000001,3106.7599999999998,104.7264
3107.243,105.515,3107.243,105.26219999999999,3107.243,104.88,3107.243,104.7291
3107.725,105.5044,3107.725,105.2603,3107.725,104.8823,3107.725,104.73079999999999
3108.2070000000003,105.4942,3108.2070000000003,105.26180000000001,3108.2070000000003,104.8861,3108.2070000000003,104.73179999999999
3108.689,105.48580000000001,3108.689,105.2667,3108.689,104.89150000000001,3108.689,104.7325
3109.171,105.4803,3109.171,105.2738,3109.171,104.8981,3109.171,104.73310000000001
3109.653,105.4783,3109.653,105.2808,3109.653,104.90489999999998,3109.653,104.73410000000001
3110.135,105.48010000000001,3110.135,105.2856,3110.135,104.9108,3110.135,104.73570000000001
3110.617,105.4851,3110.617,105.2862,3110.617,104.9144,3110.617,104.73740000000001
3111.1,105.492,3111.1,105.28150000000001,3111.1,104.9144,3111.1,104.7383
3111.582,105.49889999999999,3111.582,105.27159999999999,3111.582,104.9096,3111.582,104.7369
3112.0640000000003,105.5038,3112.0640000000003,105.2571,3112.0640000000003,104.9002,3112.0640000000003,104.732
3112.546,105.5054,3112.546,105.2401,3112.546,104.88690000000001,3112.546,104.7234
3113.028,105.5033,3113.028,105.2227,3113.028,104.87200000000001,3113.028,104.71170000000001
3113.5099999999998,105.4986,3113.5099999999998,105.20750000000001,3113.5099999999998,104.8581,3113.5099999999998,104.69900000000001
3113.992,105.49360000000001,3113.992,105.19659999999999,3113.992,104.8479,3113.992,104.68710000000002
3114.474,105.4907,3114.474,105.1909,3114.474,104.8433,3114.474,104.6782
3114.957,105.4915,3114.957,105.1904,3114.957,104.8446,3114.957,104.6729
3115.439,105.4966,3115.439,105.1935,3115.439,104.8506,3115.439,104.67120000000001
3115.9210000000003,105.5051,3115.9210000000003,105.1978,3115.9210000000003,104.8588,3115.9210000000003,104.67200000000001
3116.4030000000002,105.5145,3116.4030000000002,105.2007,3116.4030000000002,104.8666,3116.4030000000002,104.6739
3116.8849999999998,105.52250000000001,3116.8849999999998,105.2,3116.8849999999998,104.87150000000001,3116.8849999999998,104.67550000000001
3117.3669999999997,105.52699999999999,3117.3669999999997,105.1947,3117.3669999999997,104.87219999999999,3117.3669999999997,104.6756
3117.849,105.52699999999999,3117.849,105.1852,3117.849,104.86850000000001,3117.849,104.6732
3118.331,105.5228,3118.331,105.1727,3118.331,104.8608,3118.331,104.667
3118.8129999999996,105.515,3118.8129999999996,105.1593,3118.8129999999996,104.8499,3118.8129999999996,104.65599999999999
3119.296,105.50489999999999,3119.296,105.14699999999999,3119.296,104.83659999999999,3119.296,104.63940000000001
3119.7780000000002,105.49329999999999,3119.7780000000002,105.13699999999999,3119.7780000000002,104.82149999999999,3119.7780000000002,104.6175
3120.26,105.4806,3120.26,105.12989999999999,3120.26,104.80529999999999,3120.26,104.59179999999999
3120.7419999999997,105.467,3120.7419999999997,105.1255,3120.7419999999997,104.7886,3120.7419999999997,104.5655
3121.2239999999997,105.4529,3121.2239999999997,105.12299999999999,3121.2239999999997,104.7722,3121.2239999999997,104.5425
3121.706,105.4392,3121.706,105.12109999999998,3121.706,104.75710000000001,3121.706,104.5264
3122.188,105.4273,3122.188,105.1191,3122.188,104.74380000000001,3122.188,104.51950000000001
3122.6699999999996,105.419,3122.6699999999996,105.11619999999999,3122.6699999999996,104.7327,3122.6699999999996,104.5218
3123.153,105.4155,3123.153,105.1123,3123.153,104.7237,3123.153,104.5314
3123.635,105.4173,3123.635,105.1075,3123.635,104.7168,3123.635,104.54509999999999
3124.117,105.42370000000001,3124.117,105.1023,3124.117,104.71209999999999,3124.117,104.5598
3124.5989999999997,105.43299999999999,3124.5989999999997,105.0972,3124.5989999999997,104.7099,3124.5989999999997,104.57320000000001
3125.0809999999997,105.4427,3125.0809999999997,105.09219999999999,3125.0809999999997,104.7107,3125.0809999999997,104.58430000000001
3125.563,105.45070000000001,3125.563,105.0872,3125.563,104.7148,3125.563,104.59290000000001
3126.045,105.45530000000001,3126.045,105.0818,3126.045,104.72170000000001,3126.045,104.59909999999999
3126.527,105.4562,3126.527,105.0753,3126.527,104.73030000000001,3126.527,104.60229999999999
3127.0099999999998,105.45400000000001,3127.0099999999998,105.0676,3127.0099999999998,104.73889999999999,3127.0099999999998,104.6017
3127.492,105.45070000000001,3127.492,105.0591,3127.492,104.7456,3127.492,104.59639999999999
3127.974,105.4485,3127.974,105.05109999999999,3127.974,104.7496,3127.974,104.5865
3128.456,105.45,3128.456,105.04549999999999,3128.456,104.7512,3128.456,104.57369999999999
3128.9379999999996,105.4564,3128.9379999999996,105.0439,3128.9379999999996,104.7517,3128.9379999999996,104.5609
3129.42,105.46789999999999,3129.42,105.0474,3129.42,104.7529,3129.42,104.5517
3129.902,105.4829,3129.902,105.05539999999999,3129.902,104.7561,3129.902,104.5488
3130.384,105.49839999999999,3130.384,105.0661,3130.384,104.7615,3130.384,104.55300000000001
3130.866,105.51109999999998,3130.866,105.07660000000001,3130.866,104.76769999999999,3130.866,104.563
3131.349,105.51759999999999,3131.349,105.084,3131.349,104.77250000000001,3131.349,104.5753
3131.831,105.5162,3131.831,105.08630000000001,3131.831,104.7736,3131.831,104.586
3132.313,105.50699999999999,3132.313,105.0833,3132.313,104.76989999999999,3132.313,104.592
3132.7949999999996,105.4923,3132.7949999999996,105.0767,3132.7949999999996,104.7615,3132.7949999999996,104.592
3133.277,105.47550000000001,3133.277,105.0692,3133.277,104.75019999999999,3133.277,104.587
3133.759,105.46029999999999,3133.759,105.0639,3133.759,104.7385,3133.759,104.5791
3134.241,105.4495,3134.241,105.0626,3134.241,104.7286,3134.241,104.5711
3134.723,105.44420000000001,3134.723,105.06580000000001,3134.723,104.72170000000001,3134.723,104.56490000000001
3135.206,105.44389999999999,3135.206,105.07230000000001,3135.206,104.71820000000001,3135.206,104.56110000000001
3135.688,105.4468,3135.688,105.0802,3135.688,104.7175,3135.688,104.5598
3136.17,105.45139999999999,3136.17,105.0875,3136.17,104.71900000000001,3136.17,104.5602
3136.6519999999996,105.45649999999999,3136.6519999999996,105.0934,3136.6519999999996,104.7224,3136.6519999999996,104.5622
3137.134,105.4621,3137.134,105.09759999999999,3137.134,104.72749999999999,3137.134,104.5657
3137.616,105.4688,3137.616,105.101,3137.616,104.73440000000001,3137.616,104.5709
3138.098,105.4776,3138.098,105.10440000000001,3138.098,104.74269999999999,3138.098,104.5776
3138.58,105.4889,3138.58,105.1085,3138.58,104.75129999999999,3138.58,104.58510000000001
3139.063,105.5023,3139.063,105.1131,3139.063,104.75859999999999,3139.063,104.5923
3139.544,105.5164,3139.544,105.11749999999999,3139.544,104.76319999999998,3139.544,104.59799999999998
3140.027,105.52950000000001,3140.027,105.1209,3140.027,104.7642,3140.027,104.6016
3140.5089999999996,105.5404,3140.5089999999996,105.1227,3140.5089999999996,104.7618,3140.5089999999996,104.6031
3140.991,105.54809999999999,3140.991,105.1225,3140.991,104.75699999999999,3140.991,104.6034
3141.473,105.5526,3141.473,105.1207,3141.473,104.75129999999999,3141.473,104.6034
3141.955,105.5544,3141.955,105.11749999999999,3141.955,104.74600000000001,3141.955,104.60300000000001
3142.4370000000004,105.55380000000001,3142.4370000000004,105.1131,3142.4370000000004,104.74140000000001,3142.4370000000004,104.60180000000001
3142.919,105.55099999999999,3142.919,105.10740000000001,3142.919,104.73760000000001,3142.919,104.59830000000001
3143.401,105.54619999999998,3143.401,105.1005,3143.401,104.73410000000001,3143.401,104.59140000000001
3143.884,105.5395,3143.884,105.09280000000001,3143.884,104.73110000000001,3143.884,104.5811
3144.366,105.5317,3144.366,105.0856,3144.366,104.7296,3144.366,104.56890000000001
3144.848,105.5241,3144.848,105.08040000000001,3144.848,104.7312,3144.848,104.5579
3145.33,105.5183,3145.33,105.0789,3145.33,104.7372,3145.33,104.5514
3145.812,105.5159,3145.812,105.08200000000001,3145.812,104.7482,3145.812,104.5518
3146.2940000000003,105.5172,3146.2940000000003,105.0894,3146.2940000000003,104.76289999999999,3146.2940000000003,104.55969999999999
3146.776,105.521,3146.776,105.0994,3146.776,104.77860000000001,3146.776,104.5731
3147.258,105.52490000000002,3147.258,105.10889999999999,3147.258,104.7914,3147.258,104.5882
3147.7400000000002,105.5258,3147.7400000000002,105.1148,3147.7400000000002,104.7979,3147.7400000000002,104.6008
3148.223,105.52109999999999,3148.223,105.1148,3148.223,104.7963,3148.223,104.6074
3148.705,105.50980000000001,3148.705,105.10770000000001,3148.705,104.78659999999999,3148.705,104.6062
3149.187,105.4928,3149.187,105.0946,3149.187,104.7712,3149.187,104.5976
3149.669,105.47279999999999,3149.669,105.0773,3149.669,104.7529,3149.669,104.58380000000001
3150.1510000000003,105.4534,3150.1510000000003,105.0586,3150.1510000000003,104.73479999999999,3150.1510000000003,104.5675
3150.633,105.43769999999999,3150.633,105.04070000000002,3150.633,104.71820000000001,3150.633,104.5512
3151.115,105.4276,3151.115,105.0249,3151.115,104.7032,3151.115,104.5366
3151.597,105.4233,3151.597,105.0113,3151.597,104.6883,3151.597,104.52420000000001
3152.08,105.423,3152.08,104.99909999999998,3152.08,104.6718,3152.08,104.51410000000001
3152.562,105.42450000000001,3152.562,104.9873,3152.562,104.6524,3152.562,104.50569999999999
3153.044,105.4256,3153.044,104.97510000000001,3153.044,104.6299,3153.044,104.4981
3153.526,105.4251,3153.526,104.9628,3153.526,104.60549999999999,3153.526,104.49090000000001
3154.0080000000003,105.4227,3154.0080000000003,104.95080000000002,3154.0080000000003,104.5812,3154.0080000000003,104.48329999999999
3154.4900000000002,105.4195,3154.4900000000002,104.94049999999999,3154.4900000000002,104.5593,3154.4900000000002,104.47489999999999
3154.9719999999998,105.417,3154.9719999999998,104.9332,3154.9719999999998,104.54220000000001,3154.9719999999998,104.4657
3155.454,105.41629999999999,3155.454,104.9297,3155.454,104.53129999999999,3155.454,104.4559
3155.937,105.4179,3155.937,104.93010000000001,3155.937,104.52749999999999,3155.937,104.4463
3156.419,105.4212,3156.419,104.9335,3156.419,104.5304,3156.419,104.4381
3156.901,105.4248,3156.901,104.93809999999999,3156.901,104.53889999999998,3156.901,104.43199999999999
3157.383,105.4266,3157.383,104.9418,3157.383,104.5509,3157.383,104.42819999999999
3157.8650000000002,105.42469999999999,3157.8650000000002,104.94200000000001,3157.8650000000002,104.56360000000001,3157.8650000000002,104.4259
3158.347,105.41810000000001,3158.347,104.9371,3158.347,104.57430000000001,3158.347,104.42340000000002
3158.8289999999997,105.40670000000001,3158.8289999999997,104.9265,3158.8289999999997,104.58030000000001,3158.8289999999997,104.4192
3159.311,105.39179999999999,3159.311,104.91090000000001,3159.311,104.58030000000001,3159.311,104.4119
3159.793,105.37589999999999,3159.793,104.8923,3159.793,104.5739,3159.793,104.4015
3160.2760000000003,105.36149999999999,3160.2760000000003,104.87379999999999,3160.2760000000003,104.5622,3160.2760000000003,104.3892
3160.758,105.3509,3160.758,104.85839999999999,3160.758,104.5475,3160.758,104.3773
3161.24,105.34559999999999,3161.24,104.8484,3161.24,104.532,3161.24,104.3679
3161.722,105.3453,3161.722,104.84469999999999,3161.722,104.51790000000001,3161.722,104.3627
3162.204,105.3488,3162.204,104.8469,3162.204,104.50649999999999,3162.204,104.362
3162.6859999999997,105.35419999999999,3162.6859999999997,104.8529,3162.6859999999997,104.49839999999999,3162.6859999999997,104.365
3163.168,105.3598,3163.168,104.8603,3163.168,104.49340000000001,3163.168,104.3698
3163.65,105.36460000000001,3163.65,104.8669,3163.65,104.4913,3163.65,104.375
3164.1330000000003,105.3688,3164.1330000000003,104.8708,3164.1330000000003,104.4912,3164.1330000000003,104.3793
3164.615,105.3738,3164.615,104.8719,3164.615,104.4929,3164.615,104.3826
3165.0969999999998,105.38080000000001,3165.0969999999998,104.87049999999999,3165.0969999999998,104.4956,3165.0969999999998,104.3852
3165.579,105.3909,3165.579,104.86789999999999,3165.579,104.4986,3165.579,104.3879
3166.061,105.4039,3166.061,104.8653,3166.061,104.5009,3166.061,104.39110000000001
3166.5429999999997,105.41890000000001,3166.5429999999997,104.8638,3166.5429999999997,104.5016,3166.5429999999997,104.3947
3167.025,105.43400000000001,3167.025,104.8638,3167.025,104.50019999999999,3167.025,104.3981
3167.507,105.44789999999999,3167.507,104.8653,3167.507,104.4968,3167.507,104.40039999999999
3167.9900000000002,105.4597,3167.9900000000002,104.86789999999999,3167.9900000000002,104.492,3167.9900000000002,104.4013
3168.471,105.4702,3168.471,104.8708,3168.471,104.48679999999999,3168.471,104.4003
3168.9539999999997,105.4805,3168.9539999999997,104.87329999999999,3168.9539999999997,104.48230000000001,3168.9539999999997,104.39789999999999
3169.436,105.49189999999999,3169.436,104.8741,3169.436,104.4789,3169.436,104.3945
3169.918,105.5051,3169.918,104.87230000000001,3169.918,104.47649999999999,3169.918,104.39099999999999
3170.4,105.51889999999999,3170.4,104.8671,3170.4,104.47439999999999,3170.4,104.38780000000001
3170.882,105.53099999999999,3170.882,104.858,3170.882,104.4713,3170.882,104.3846
3171.364,105.5382,3171.364,104.84519999999999,3171.364,104.46610000000001,3171.364,104.3809
3171.846,105.5377,3171.846,104.8295,3171.846,104.4577,3171.846,104.3755
3172.328,105.528,3172.328,104.81210000000002,3172.328,104.4455,3172.328,104.367
3172.8109999999997,105.50980000000001,3172.8109999999997,104.79469999999999,3172.8109999999997,104.4293,3172.8109999999997,104.35399999999998
3173.293,105.48580000000001,3173.293,104.7785,3173.293,104.40929999999999,3173.293,104.3357
3173.775,105.46029999999999,3173.775,104.7648,3173.775,104.3863,3173.775,104.3122
3174.257,105.43780000000001,3174.257,104.7537,3174.257,104.36129999999999,3174.257,104.2849
3174.739,105.422,3174.739,104.7451,3174.739,104.3359,3174.739,104.2565
3175.221,105.41480000000001,3175.221,104.73809999999999,3175.221,104.31200000000001,3175.221,104.2301
3175.703,105.41590000000001,3175.703,104.7319,3175.703,104.2912,3175.703,104.2091
3176.185,105.42309999999999,3176.185,104.72570000000002,3176.185,104.2748,3176.185,104.19579999999999
3176.667,105.4334,3176.667,104.71889999999999,3176.667,104.26310000000001,3176.667,104.1909
3177.15,105.444,3177.15,104.7118,3177.15,104.25580000000001,3177.15,104.19369999999999
3177.632,105.4527,3177.632,104.7047,3177.632,104.25189999999999,3177.632,104.2016
3178.114,105.4589,3178.114,104.69839999999999,3178.114,104.2503,3178.114,104.2117
3178.596,105.46329999999999,3178.596,104.6937,3178.596,104.25040000000001,3178.596,104.2208
3179.078,105.4672,3179.078,104.6907,3179.078,104.2523,3179.078,104.227
3179.56,105.47169999999998,3179.56,104.68900000000001,3179.56,104.25619999999999,3179.56,104.229
3180.042,105.477,3180.042,104.68740000000001,3180.042,104.2619,3180.042,104.2263
3180.5240000000003,105.48219999999999,3180.5240000000003,104.68409999999999,3180.5240000000003,104.26820000000001,3180.5240000000003,104.2189
3181.007,105.4854,3181.007,104.6772,3181.007,104.2728,3181.007,104.2066
3181.489,105.4846,3181.489,104.6652,3181.489,104.2723,3181.489,104.1897
3181.971,105.4789,3181.971,104.6478,3181.971,104.2641,3181.971,104.16909999999999
3182.453,105.4685,3182.453,104.62599999999999,3182.453,104.24640000000001,3182.453,104.1467
3182.935,105.4557,3182.935,104.60229999999999,3182.935,104.22009999999999,3182.935,104.12539999999998
3183.417,105.4433,3183.417,104.5799,3183.417,104.18829999999998,3183.417,104.1088
3183.899,105.4346,3183.899,104.5615,3183.899,104.15559999999999,3183.899,104.09980000000002
3184.3810000000003,105.43149999999999,3184.3810000000003,104.549,3184.3810000000003,104.1266,3184.3810000000003,104.09949999999999
3184.864,105.4339,3184.864,104.5426,3184.864,104.10470000000001,3184.864,104.10669999999999
3185.346,105.44009999999999,3185.346,104.54060000000001,3185.346,104.0909,3185.346,104.1177
3185.828,105.4475,3185.828,104.5404,3185.828,104.08420000000001,3185.828,104.1277
3186.3100000000004,105.4535,3186.3100000000004,104.5393,3186.3100000000004,104.08200000000001,3186.3100000000004,104.1321
3186.792,105.4573,3186.792,104.5358,3186.792,104.0815,3186.792,104.1282
3187.274,105.45949999999999,3187.274,104.5293,3187.274,104.08109999999999,3187.274,104.11580000000001
3187.756,105.46199999999999,3187.756,104.5206,3187.756,104.08010000000002,3187.756,104.09710000000001
3188.2380000000003,105.4667,3188.2380000000003,104.511,3188.2380000000003,104.0787,3188.2380000000003,104.07560000000001
3188.72,105.47409999999999,3188.72,104.50140000000002,3188.72,104.0773,3188.72,104.05439999999999
3189.203,105.48299999999999,3189.203,104.49139999999998,3189.203,104.0755,3189.203,104.03549999999998
3189.685,105.49040000000001,3189.685,104.4802,3189.685,104.0722,3189.685,104.0189
3190.1670000000004,105.49260000000001,3190.1670000000004,104.466,3190.1670000000004,104.06569999999999,3190.1670000000004,104.00359999999999
3190.649,105.48679999999999,3190.649,104.4475,3190.649,104.05470000000001,3190.649,103.98830000000001
3191.131,105.4721,3191.131,104.4246,3191.131,104.0386,3191.131,103.9719
3191.613,105.4506,3191.613,104.3983,3191.613,104.0184,3191.613,103.95490000000001
3192.0950000000003,105.42620000000001,3192.0950000000003,104.3707,3192.0950000000003,103.99560000000001,3192.0950000000003,103.938
3192.577,105.4039,3192.577,104.3442,3192.577,103.97240000000001,3192.577,103.92250000000001
3193.06,105.38749999999999,3193.06,104.3205,3193.06,103.95030000000001,3193.06,103.90870000000001
3193.542,105.3793,3193.542,104.3005,3193.542,103.9299,3193.542,103.8962
3194.0240000000003,105.3793,3194.0240000000003,104.2841,3194.0240000000003,103.91090000000001,3194.0240000000003,103.8838
3194.506,105.3856,3194.506,104.27029999999999,3194.506,103.89299999999999,3194.506,103.87029999999999
3194.988,105.3955,3194.988,104.2583,3194.988,103.87580000000001,3194.988,103.85560000000001
3195.47,105.40650000000001,3195.47,104.24770000000001,3195.47,103.86010000000002,3195.47,103.8405
3195.952,105.41709999999999,3195.952,104.23910000000001,3195.952,103.8467,3195.952,103.8273
3196.434,105.4265,3196.434,104.2331,3196.434,103.83709999999999,3196.434,103.81830000000001
3196.917,105.4342,3196.917,104.2303,3196.917,103.8319,3196.917,103.815
3197.398,105.4402,3197.398,104.2306,3197.398,103.83070000000001,3197.398,103.8178
3197.8810000000003,105.44420000000001,3197.8810000000003,104.2326,3197.8810000000003,103.8322,3197.8810000000003,103.8252
3198.3630000000003,105.44610000000002,3198.3630000000003,104.23450000000001,3198.3630000000003,103.83439999999999,3198.3630000000003,103.8347
3198.845,105.446,3198.845,104.2343,3198.845,103.8353,3198.845,103.8436
3199.3269999999998,105.4451,3199.3269999999998,104.2305,3199.3269999999998,103.83370000000001,3199.3269999999998,103.84979999999999
3199.809,105.4447,3199.809,104.22279999999999,3199.809,103.82880000000002,3199.809,103.8522
3200.291,105.4465,3200.291,104.2121,3200.291,103.82100000000001,3200.291,103.8511
3200.7729999999997,105.45150000000001,3200.7729999999997,104.2003,3200.7729999999997,103.8108,3200.7729999999997,103.8472
3201.255,105.45979999999999,3201.255,104.1894,3201.255,103.7989,3201.255,103.8416
3201.7380000000003,105.47059999999999,3201.7380000000003,104.18130000000001,3201.7380000000003,103.7863,3201.7380000000003,103.83539999999999
3202.2200000000003,105.48219999999999,3202.2200000000003,104.1773,3202.2200000000003,103.7741,3202.2200000000003,103.8294
3202.7019999999998,105.4932,3202.7019999999998,104.1778,3202.7019999999998,103.76350000000001,3202.7019999999998,103.8244
3203.1839999999997,105.50280000000001,3203.1839999999997,104.1824,3203.1839999999997,103.756,3203.1839999999997,103.82130000000001
3203.666,105.51109999999998,3203.666,104.1902,3203.666,103.7526,3203.666,103.8206
3204.148,105.51859999999999,3204.148,104.2,3204.148,103.7535,3204.148,103.82249999999999
3204.6299999999997,105.52600000000001,3204.6299999999997,104.21039999999999,3204.6299999999997,103.75779999999999,3204.6299999999997,103.82679999999999
3205.112,105.5332,3205.112,104.22,3205.112,103.7631,3205.112,103.832
3205.594,105.5393,3205.594,104.2278,3205.594,103.76689999999999,3205.594,103.8363
3206.077,105.543,3206.077,104.2329,3206.077,103.7666,3206.077,103.8378
3206.5589999999997,105.5427,3206.5589999999997,104.2349,3206.5589999999997,103.7612,3206.5589999999997,103.8352
3207.0409999999997,105.53779999999999,3207.0409999999997,104.2336,3207.0409999999997,103.7514,3207.0409999999997,103.828
3207.523,105.52850000000001,3207.523,104.2291,3207.523,103.7396,3207.523,103.8171
3208.005,105.5164,3208.005,104.2218,3208.005,103.7292,3208.005,103.8041
3208.487,105.50319999999999,3208.487,104.2117,3208.487,103.7231,3208.487,103.79100000000001
3208.969,105.49109999999999,3208.969,104.1993,3208.969,103.72269999999999,3208.969,103.77940000000001
3209.451,105.4816,3209.451,104.18499999999999,3209.451,103.7277,3209.451,103.77019999999999
3209.934,105.4754,3209.934,104.1696,3209.934,103.7358,3209.934,103.76350000000001
3210.4159999999997,105.4731,3210.4159999999997,104.1541,3210.4159999999997,103.7441,3210.4159999999997,103.75909999999999
3210.8979999999997,105.47470000000001,3210.8979999999997,104.1399,3210.8979999999997,103.74980000000001,3210.8979999999997,103.7567
3211.38,105.4806,3211.38,104.12840000000001,3211.38,103.7515,3211.38,103.75609999999999
3211.862,105.49090000000001,3211.862,104.1207,3211.862,103.7489,3211.862,103.75730000000001
3212.344,105.5053,3212.344,104.11710000000001,3212.344,103.7431,3212.344,103.7601
3212.826,105.5226,3212.826,104.11729999999999,3212.826,103.7355,3212.826,103.76350000000001
3213.308,105.54060000000001,3213.308,104.11999999999999,3213.308,103.72710000000001,3213.308,103.766
3213.791,105.5566,3213.791,104.1234,3213.791,103.7183,3213.791,103.7655
3214.273,105.56790000000001,3214.273,104.1258,3214.273,103.7088,3214.273,103.7601
3214.7549999999997,105.57300000000001,3214.7549999999997,104.12570000000001,3214.7549999999997,103.6977,3214.7549999999997,103.7486
3215.237,105.57190000000001,3215.237,104.1224,3215.237,103.68440000000001,3215.237,103.73110000000001
3215.719,105.56620000000001,3215.719,104.11580000000001,3215.719,103.6689,3215.719,103.7094
3216.201,105.55859999999998,3216.201,104.10600000000001,3216.201,103.65150000000001,3216.201,103.68599999999999
3216.683,105.5519,3216.683,104.0937,3216.683,103.63340000000001,3216.683,103.66409999999999
3217.165,105.5477,3217.165,104.0792,3217.165,103.6157,3217.165,103.6462
3217.647,105.5468,3217.647,104.0632,3217.647,103.5995,3217.647,103.63389999999998
3218.13,105.54840000000002,3218.13,104.04610000000001,3218.13,103.5855,3218.13,103.6273
3218.6119999999996,105.5512,3218.6119999999996,104.0288,3218.6119999999996,103.57400000000001,3218.6119999999996,103.6254
3219.094,105.5536,3219.094,104.01219999999999,3219.094,103.5642,3219.094,103.62599999999999
3219.576,105.55429999999998,3219.576,103.997,3219.576,103.55529999999999,3219.576,103.6265
3220.058,105.5528,3220.058,103.9833,3220.058,103.54570000000001,3220.058,103.6244
3220.54,105.5491,3220.54,103.9707,3220.54,103.53349999999999,3220.54,103.6178
3221.022,105.5432,3221.022,103.958,3221.022,103.51740000000001,3221.022,103.60549999999999
3221.504,105.5354,3221.504,103.94380000000001,3221.504,103.4965,3221.504,103.5874
3221.987,105.5258,3221.987,103.9272,3221.987,103.4713,3221.987,103.5643
3222.4689999999996,105.51489999999998,3222.4689999999996,103.908,3222.4689999999996,103.4433,3222.4689999999996,103.53829999999999
3222.951,105.5034,3222.951,103.8873,3222.951,103.4152,3222.951,103.5119
3223.433,105.4924,3223.433,103.8673,3223.433,103.39020000000001,3223.433,103.48809999999999
3223.915,105.48299999999999,3223.915,103.8505,3223.915,103.371,3223.915,103.469
3224.3970000000004,105.4759,3224.3970000000004,103.8393,3224.3970000000004,103.359,3224.3970000000004,103.4561
3224.879,105.47120000000001,3224.879,103.83489999999999,3224.879,103.3541,3224.879,103.44919999999999
3225.361,105.46809999999999,3225.361,103.8365,3225.361,103.35430000000001,3225.361,103.4465
3225.844,105.4651,3225.844,103.84199999999998,3225.844,103.3564,3225.844,103.44539999999999
3226.3250000000003,105.4605,3226.3250000000003,103.8475,3226.3250000000003,103.35700000000001,3226.3250000000003,103.4427
3226.808,105.4527,3226.808,103.8492,3226.808,103.35319999999999,3226.808,103.4357
3227.29,105.441,3227.29,103.8435,3227.29,103.34360000000001,3227.29,103.423
3227.772,105.4254,3227.772,103.82830000000001,3227.772,103.32820000000001,3227.772,103.4043
3228.2540000000004,105.4068,3228.2540000000004,103.8035,3228.2540000000004,103.3086,3228.2540000000004,103.38099999999999
3228.736,105.38650000000001,3228.736,103.77069999999999,3228.736,103.2867,3228.736,103.3553
3229.218,105.366,3229.218,103.733,3229.218,103.2645,3229.218,103.32939999999999
3229.7,105.3467,3229.7,103.69420000000001,3229.7,103.2432,3229.7,103.3056
3230.1820000000002,105.32999999999998,3230.1820000000002,103.658,3230.1820000000002,103.22290000000001,3230.1820000000002,103.2848
3230.665,105.317,3230.665,103.6271,3230.665,103.20290000000001,3230.665,103.26709999999999
3231.147,105.30870000000002,3231.147,103.6032,3231.147,103.1823,3231.147,103.25219999999999
3231.629,105.30600000000001,3231.629,103.5868,3231.629,103.1601,3231.629,103.23899999999999
3232.1110000000003,105.3094,3232.1110000000003,103.5774,3232.1110000000003,103.1366,3232.1110000000003,103.22670000000001
3232.593,105.3188,3232.593,103.5741,3232.593,103.11280000000001,3232.593,103.2149
3233.075,105.3339,3233.075,103.5756,3233.075,103.0911,3233.075,103.2041
3233.557,105.3538,3233.557,103.5809,3233.557,103.0742,3233.557,103.195
3234.039,105.3774,3234.039,103.5892,3234.039,103.0643,3234.039,103.18879999999999
3234.521,105.40320000000001,3234.521,103.5995,3234.521,103.06269999999999,3234.521,103.1863
3235.004,105.4297,3235.004,103.6105,3235.004,103.0685,3235.004,103.18730000000001
3235.486,105.4551,3235.486,103.6208,3235.486,103.07919999999999,3235.486,103.1906
3235.9680000000003,105.4773,3235.9680000000003,103.6289,3235.9680000000003,103.0907,3235.9680000000003,103.1941
3236.4500000000003,105.4943,3236.4500000000003,103.6332,3236.4500000000003,103.09839999999998,3236.4500000000003,103.1949
3236.932,105.50470000000001,3236.932,103.633,3236.932,103.09870000000001,3236.932,103.1909
3237.4139999999998,105.5078,3237.4139999999998,103.62849999999999,3237.4139999999998,103.08949999999999,3237.4139999999998,103.1808
3237.896,105.50450000000001,3237.896,103.62039999999999,3237.896,103.0715,3237.896,103.1652
3238.378,105.4967,3238.378,103.6102,3238.378,103.0472,3238.378,103.1463
3238.861,105.48759999999999,3238.861,103.5992,3238.861,103.0205,3238.861,103.12740000000001
3239.343,105.4805,3239.343,103.5879,3239.343,102.9952,3239.343,103.1116
3239.8250000000003,105.47770000000001,3239.8250000000003,103.57600000000001,3239.8250000000003,102.97430000000001,3239.8250000000003,103.10109999999999
3240.3070000000002,105.47999999999999,3240.3070000000002,103.5627,3240.3070000000002,102.95870000000001,3240.3070000000002,103.0959
3240.7889999999998,105.48679999999999,3240.7889999999998,103.54669999999999,3240.7889999999998,102.94779999999999,3240.7889999999998,103.0945
3241.271,105.4958,3241.271,103.52749999999999,3241.271,102.93950000000001,3241.271,103.09410000000001
3241.753,105.5043,3241.753,103.50550000000001,3241.753,102.932,3241.753,103.0921
3242.235,105.5102,3242.235,103.4819,3242.235,102.9234,3242.235,103.0866
3242.718,105.5126,3242.718,103.4587,3242.718,102.9131,3242.718,103.07759999999999
3243.2,105.5119,3243.2,103.4376,3243.2,102.90129999999999,3243.2,103.0669
3243.6820000000002,105.50949999999999,3243.6820000000002,103.4195,3243.6820000000002,102.88839999999999,3243.6820000000002,103.05720000000001
3244.164,105.50699999999999,3244.164,103.4043,3244.164,102.87459999999999,3244.164,103.05089999999998
3244.6459999999997,105.5056,3244.6459999999997,103.3908,3244.6459999999997,102.86,3244.6459999999997,103.04960000000001
3245.128,105.50600000000001,3245.128,103.37769999999999,3245.128,102.8441,3245.128,103.0532
3245.61,105.5079,3245.61,103.364,3245.61,102.82659999999998,3245.61,103.0599
3246.092,105.51109999999998,3246.092,103.3496,3246.092,102.8081,3246.092,103.06709999999998
3246.574,105.5155,3246.574,103.3351,3246.574,102.78970000000001,3246.574,103.07260000000001
3247.057,105.5215,3247.057,103.3217,3247.057,102.7731,3247.057,103.07459999999999
3247.539,105.52969999999999,3247.539,103.31060000000001,3247.539,102.7602,3247.539,103.07230000000001
3248.021,105.5404,3248.021,103.30170000000001,3248.021,102.75160000000001,3248.021,103.0659
3248.5029999999997,105.5534,3248.5029999999997,103.29429999999999,3248.5029999999997,102.7469,3248.5029999999997,103.0556
3248.985,105.5671,3248.985,103.2867,3248.985,102.74369999999999,3248.985,103.04150000000001
3249.467,105.5792,3249.467,103.277,3249.467,102.739,3249.467,103.0238
3249.949,105.587,3249.949,103.2637,3249.949,102.729,3249.949,103.0022
3250.431,105.588,3250.431,103.24629999999999,3250.431,102.71140000000001,3250.431,102.977
3250.9139999999998,105.5809,3250.9139999999998,103.2251,3250.9139999999998,102.6853,3250.9139999999998,102.94909999999999
3251.396,105.5658,3251.396,103.2013,3251.396,102.6519,3251.396,102.9196
3251.878,105.54429999999999,3251.878,103.1763,3251.878,102.6143,3251.878,102.8903
3252.36,105.51889999999999,3252.36,103.15160000000002,3252.36,102.5766,3252.36,102.86249999999998
3252.842,105.49260000000001,3252.842,103.12809999999999,3252.842,102.54289999999999,3252.842,102.83690000000001
3253.324,105.46809999999999,3253.324,103.10649999999998,3253.324,102.5161,3253.324,102.8135
3253.806,105.4475,3253.806,103.08679999999998,3253.806,102.49770000000001,3253.806,102.7916
3254.288,105.43180000000001,3254.288,103.0685,3254.288,102.4869,3254.288,102.77019999999999
3254.7709999999997,105.4206,3254.7709999999997,103.0508,3254.7709999999997,102.4811,3254.7709999999997,102.74849999999999
3255.252,105.413,3255.252,103.0325,3255.252,102.4764,3255.252,102.7261
3255.735,105.40750000000001,3255.735,103.0127,3255.735,102.4686,3255.735,102.70299999999999
3256.217,105.40220000000001,3256.217,102.9906,3256.217,102.4541,3256.217,102.6792
3256.699,105.3957,3256.699,102.9664,3256.699,102.4305,3256.699,102.6549
3257.181,105.38719999999999,3257.181,102.9412,3257.181,102.39750000000001,3257.181,102.6299
3257.663,105.37639999999999,3257.663,102.91650000000001,3257.663,102.3568,3257.663,102.60400000000001
3258.145,105.36399999999999,3258.145,102.8944,3258.145,102.3119,3258.145,102.5771
3258.627,105.351,3258.627,102.87610000000001,3258.627,102.26740000000001,3258.627,102.54970000000002
3259.109,105.339,3259.109,102.86169999999998,3259.109,102.2276,3259.109,102.52270000000001
3259.592,105.32939999999999,3259.592,102.84960000000001,3259.592,102.1955,3259.592,102.4971
3260.074,105.3233,3260.074,102.83720000000001,3260.074,102.17259999999999,3260.074,102.47409999999999
3260.556,105.3213,3260.556,102.82150000000001,3260.556,102.15799999999999,3260.556,102.45400000000001
3261.038,105.3234,3261.038,102.79990000000001,3261.038,102.14970000000001,3261.038,102.437
3261.52,105.32900000000001,3261.52,102.7716,3261.52,102.1444,3261.52,102.4225
3262.002,105.3369,3262.002,102.738,3262.002,102.1395,3262.002,102.40990000000001
3262.4840000000004,105.34570000000001,3262.4840000000004,102.7022,3262.4840000000004,102.1333,3262.4840000000004,102.3988
3262.966,105.3541,3262.966,102.66789999999999,3262.966,102.1253,3262.966,102.3895
3263.448,105.36080000000001,3263.448,102.639,3263.448,102.1157,3263.448,102.3824
3263.931,105.36509999999998,3263.931,102.6178,3263.931,102.10520000000001,3263.931,102.3779
3264.413,105.3666,3264.413,102.60480000000001,3264.413,102.0942,3264.413,102.37570000000001
3264.895,105.3657,3264.895,102.5989,3264.895,102.08200000000001,3264.895,102.37469999999999
3265.377,105.3631,3265.377,102.5976,3265.377,102.0676,3265.377,102.3731
3265.859,105.35950000000001,3265.859,102.5979,3265.859,102.0494,3265.859,102.3685
3266.3410000000003,105.35570000000001,3266.3410000000003,102.5968,3266.3410000000003,102.02640000000001,3266.3410000000003,102.35929999999999
3266.823,105.352,3266.823,102.592,3266.823,101.9982,3266.823,102.34460000000001
3267.305,105.3485,3267.305,102.5824,3267.305,101.9658,3267.305,102.3246
3267.788,105.345,3267.788,102.5675,3267.788,101.9307,3267.788,102.3007
3268.2700000000004,105.34140000000001,3268.2700000000004,102.54780000000001,3268.2700000000004,101.8951,3268.2700000000004,102.2743
3268.752,105.33749999999999,3268.752,102.5247,3268.752,101.86120000000001,3268.752,102.2468
3269.234,105.3339,3269.234,102.50030000000001,3269.234,101.83040000000001,3269.234,102.219
3269.716,105.331,3269.716,102.4766,3269.716,101.804,3269.716,102.19130000000001
3270.1980000000003,105.32919999999999,3270.1980000000003,102.4557,3270.1980000000003,101.7825,3270.1980000000003,102.16400000000002
3270.68,105.3285,3270.68,102.43880000000001,3270.68,101.76590000000002,3270.68,102.13749999999999
3271.162,105.32870000000001,3271.162,102.4262,3271.162,101.7542,3271.162,102.1126
3271.645,105.3291,3271.645,102.4173,3271.645,101.74680000000001,3271.645,102.09049999999999
3272.1270000000004,105.32919999999999,3272.1270000000004,102.4107,3272.1270000000004,101.74319999999999,3272.1270000000004,102.072
3272.609,105.32900000000001,3272.609,102.40499999999999,3272.609,101.7423,3272.609,102.0576
3273.091,105.32939999999999,3273.091,102.3991,3273.091,101.74300000000001,3273.091,102.04709999999999
3273.573,105.33170000000001,3273.573,102.39240000000001,3273.573,101.7439,3273.573,102.03930000000001
3274.0550000000003,105.3374,3274.0550000000003,102.3854,3274.0550000000003,101.74399999999999,3274.0550000000003,102.0329
3274.537,105.34740000000001,3274.537,102.3786,3274.537,101.7426,3274.537,102.02690000000001
3275.019,105.36149999999999,3275.019,102.3723,3275.019,101.73920000000001,3275.019,102.0208
3275.501,105.3786,3275.501,102.3665,3275.501,101.7338,3275.501,102.0149
3275.9840000000004,105.3963,3275.9840000000004,102.36050000000002,3275.9840000000004,101.7266,3275.9840000000004,102.0098
3276.466,105.4119,3276.466,102.3534,3276.466,101.7176,3276.466,102.006
3276.948,105.4236,3276.948,102.3439,3276.948,101.7065,3276.948,102.00340000000001
3277.43,105.4303,3277.43,102.3314,3277.43,101.69319999999999,3277.43,102.0015
3277.9120000000003,105.4321,3277.9120000000003,102.3157,3277.9120000000003,101.6772,3277.9120000000003,101.99929999999999
3278.3940000000002,105.43020000000001,3278.3940000000002,102.2968,3278.3940000000002,101.6585,3278.3940000000002,101.99560000000001
3278.8759999999997,105.4258,3278.8759999999997,102.27520000000001,3278.8759999999997,101.6373,3278.8759999999997,101.99000000000001
3279.358,105.42009999999999,3279.358,102.2516,3279.358,101.6143,3279.358,101.98270000000001
3279.8410000000003,105.4136,3279.8410000000003,102.22659999999999,3279.8410000000003,101.59039999999999,3279.8410000000003,101.9744
3280.3230000000003,105.4063,3280.3230000000003,102.20119999999999,3280.3230000000003,101.5666,3280.3230000000003,101.9658
3280.805,105.3982,3280.805,102.1768,3280.805,101.5439,3280.805,101.95739999999999
3281.287,105.3892,3281.287,102.155,3281.287,101.5234,3281.287,101.9492
3281.7690000000002,105.3796,3281.7690000000002,102.13719999999999,3281.7690000000002,101.5059,3281.7690000000002,101.94049999999999
3282.251,105.3699,3282.251,102.12460000000002,3282.251,101.49170000000001,3282.251,101.9305
3282.7329999999997,105.36099999999999,3282.7329999999997,102.11699999999999,3282.7329999999997,101.4811,3282.7329999999997,101.9185
3283.215,105.3533,3283.215,102.11330000000001,3283.215,101.4735,3283.215,101.90429999999999
3283.6980000000003,105.3469,3283.6980000000003,102.11110000000001,3283.6980000000003,101.468,3283.6980000000003,101.8883
3284.179,105.34190000000001,3284.179,102.1078,3284.179,101.46310000000001,3284.179,101.8716
3284.662,105.3382,3284.662,102.1012,3284.662,101.45759999999999,3284.662,101.8555
3285.144,105.3359,3285.144,102.0901,3285.144,101.45070000000001,3285.144,101.8414
3285.626,105.33500000000001,3285.626,102.07459999999999,3285.626,101.4421,3285.626,101.83040000000001
3286.108,105.3357,3286.108,102.0561,3286.108,101.4324,3286.108,101.8232
3286.5899999999997,105.33749999999999,3286.5899999999997,102.0362,3286.5899999999997,101.42219999999999,3286.5899999999997,101.81949999999999
3287.072,105.3391,3287.072,102.0167,3287.072,101.4125,3287.072,101.8186
3287.554,105.33879999999999,3287.554,101.9982,3287.554,101.4032,3287.554,101.81880000000001
3288.036,105.3347,3288.036,101.9812,3288.036,101.39339999999999,3288.036,101.8179
3288.519,105.32509999999999,3288.519,101.9651,3288.519,101.38180000000001,3288.519,101.81370000000001
3289.0009999999997,105.30980000000001,3289.0009999999997,101.94959999999999,3289.0009999999997,101.36670000000001,3289.0009999999997,101.804
3289.483,105.28960000000001,3289.483,101.93430000000001,3289.483,101.34689999999999,3289.483,101.7876
3289.965,105.2672,3289.965,101.9193,3289.965,101.3226,3289.965,101.7646
3290.447,105.2454,3290.447,101.9045,3290.447,101.2955,3290.447,101.73620000000001
3290.929,105.22720000000001,3290.929,101.88999999999999,3290.929,101.26820000000001,3290.929,101.7047
3291.411,105.2141,3291.411,101.8756,3291.411,101.24359999999999,3291.411,101.67250000000001
3291.893,105.2065,3291.893,101.86120000000001,3291.893,101.22409999999999,3291.893,101.64219999999999
3292.375,105.20320000000001,3292.375,101.84649999999999,3292.375,101.2105,3292.375,101.61519999999999
3292.8579999999997,105.2022,3292.8579999999997,101.8316,3292.8579999999997,101.2025,3292.8579999999997,101.5924
3293.34,105.2017,3293.34,101.81700000000001,3293.34,101.19789999999999,3293.34,101.5738
3293.822,105.2005,3293.822,101.8035,3293.822,101.1942,3293.822,101.559
3294.304,105.1984,3294.304,101.79149999999998,3294.304,101.189,3294.304,101.54780000000001
3294.786,105.1962,3294.786,101.7813,3294.786,101.1806,3294.786,101.5401
3295.268,105.1947,3295.268,101.7724,3295.268,101.16830000000002,3295.268,101.53609999999999
3295.75,105.195,3295.75,101.76389999999999,3295.75,101.15259999999999,3295.75,101.5358
3296.232,105.197,3296.232,101.755,3296.232,101.1347,3296.232,101.53859999999999
3296.7149999999997,105.20009999999999,3296.7149999999997,101.7453,3296.7149999999997,101.1165,3296.7149999999997,101.54369999999999
3297.197,105.203,3297.197,101.7355,3297.197,101.1002,3297.197,101.5501
3297.679,105.20439999999999,3297.679,101.7266,3297.679,101.08760000000001,3297.679,101.5565
3298.161,105.20320000000001,3298.161,101.72030000000001,3298.161,101.08019999999999,3298.161,101.5623
3298.643,105.1992,3298.643,101.7176,3298.643,101.0785,3298.643,101.56700000000001
3299.125,105.1925,3299.125,101.71889999999999,3299.125,101.08220000000001,3299.125,101.57039999999999
3299.607,105.18419999999999,3299.607,101.72330000000001,3299.607,101.0897,3299.607,101.5727
3300.089,105.1752,3300.089,101.7292,3300.089,101.09889999999999,3300.089,101.57350000000001
3300.5719999999997,105.16680000000001,3300.5719999999997,101.7347,3300.5719999999997,101.1076,3300.5719999999997,101.5728
3301.054,105.15969999999999,3301.054,101.7383,3301.054,101.11429999999999,3301.054,101.5706
3301.536,105.1542,3301.536,101.73890000000002,3301.536,101.1185,3301.536,101.56689999999999
3302.018,105.1505,3302.018,101.73689999999999,3302.018,101.1209,3302.018,101.56289999999998
3302.5,105.14829999999999,3302.5,101.733,3302.5,101.12289999999999,3302.5,101.55959999999999
3302.982,105.14710000000001,3302.982,101.7285,3302.982,101.12589999999999,3302.982,101.5584
3303.464,105.14680000000001,3303.464,101.7244,3303.464,101.1304,3303.464,101.5602
3303.946,105.14710000000001,3303.946,101.7217,3303.946,101.13589999999999,3303.946,101.56490000000001
3304.4280000000003,105.14809999999999,3304.4280000000003,101.7209,3304.4280000000003,101.1406,3304.4280000000003,101.57149999999999
3304.911,105.1498,3304.911,101.7224,3304.911,101.1425,3304.911,101.57860000000001
3305.393,105.15270000000001,3305.393,101.72650000000002,3305.393,101.1402,3305.393,101.5849
3305.875,105.1574,3305.875,101.7331,3305.875,101.1333,3305.875,101.58959999999999
3306.3570000000004,105.1642,3306.3570000000004,101.7423,3306.3570000000004,101.1232,3306.3570000000004,101.593
3306.839,105.173,3306.839,101.7533,3306.839,101.1118,3306.839,101.5956
3307.321,105.18320000000001,3307.321,101.7654,3307.321,101.10189999999999,3307.321,101.59819999999999
3307.803,105.19369999999999,3307.803,101.7772,3307.803,101.09509999999999,3307.803,101.60070000000002
3308.2850000000003,105.203,3308.2850000000003,101.78769999999999,3308.2850000000003,101.0924,3308.2850000000003,101.6024
3308.768,105.2096,3308.768,101.7961,3308.768,101.0934,3308.768,101.6016
3309.25,105.2128,3309.25,101.80229999999999,3309.25,101.09740000000001,3309.25,101.59689999999999
3309.732,105.2128,3309.732,101.80709999999999,3309.732,101.1041,3309.732,101.5882
3310.2140000000004,105.21149999999999,3310.2140000000004,101.8119,3310.2140000000004,101.11380000000001,3310.2140000000004,101.5766
3310.696,105.21149999999999,3310.696,101.81849999999999,3310.696,101.1276,3310.696,101.5653
3311.178,105.2157,3311.178,101.8283,3311.178,101.147,3311.178,101.5579
3311.66,105.2263,3311.66,101.8421,3311.66,101.17229999999999,3311.66,101.55799999999999
3312.1420000000003,105.24359999999999,3312.1420000000003,101.8597,3312.1420000000003,101.20270000000001,3312.1420000000003,101.56739999999999
3312.625,105.26599999999999,3312.625,101.8799,3312.625,101.23549999999999,3312.625,101.58590000000001
3313.1059999999998,105.2902,3313.1059999999998,101.9007,3313.1059999999998,101.26710000000001,3313.1059999999998,101.61089999999999
3313.589,105.3117,3313.589,101.91969999999999,3313.589,101.29390000000001,3313.589,101.6386
3314.0710000000004,105.3268,3314.0710000000004,101.93520000000001,3314.0710000000004,101.31330000000001,3314.0710000000004,101.665
3314.553,105.3334,3314.553,101.9459,3314.553,101.3248,3314.553,101.6875
3315.035,105.3314,3315.035,101.95190000000001,3315.035,101.33000000000001,3315.035,101.70490000000001
3315.517,105.3233,3315.517,101.9542,3315.517,101.33160000000001,3315.517,101.7179
3315.9990000000003,105.3121,3315.9990000000003,101.9545,3315.9990000000003,101.33319999999999,3315.9990000000003,101.72829999999999
3316.481,105.3013,3316.481,101.955,3316.481,101.3372,3316.481,101.738
3316.9629999999997,105.29280000000001,3316.9629999999997,101.9571,3316.9629999999997,101.345,3316.9629999999997,101.7482
3317.446,105.28699999999999,3317.446,101.9617,3317.446,101.356,3317.446,101.759
3317.9280000000003,105.28299999999999,3317.9280000000003,101.96849999999999,3317.9280000000003,101.3687,3317.9280000000003,101.7697
3318.41,105.2789,3318.41,101.9762,3318.41,101.38069999999999,3318.41,101.77879999999999
3318.892,105.27340000000001,3318.892,101.98320000000001,3318.892,101.3903,3318.892,101.785
3319.374,105.26629999999999,3319.374,101.98819999999999,3319.374,101.39659999999999,3319.374,101.7878
3319.856,105.2584,3319.856,101.9903,3319.856,101.4001,3319.856,101.7876
3320.338,105.25150000000001,3320.338,101.99000000000001,3320.338,101.4024,3320.338,101.78590000000001
3320.8199999999997,105.24709999999999,3320.8199999999997,101.98849999999999,3320.8199999999997,101.40530000000001,3320.8199999999997,101.7845
3321.302,105.246,3321.302,101.9873,3321.302,101.411,3321.302,101.78540000000001
3321.7850000000003,105.24789999999999,3321.7850000000003,101.9879,3321.7850000000003,101.42020000000001,3321.7850000000003,101.79020000000001
3322.2670000000003,105.2513,3322.2670000000003,101.9911,3322.2670000000003,101.43279999999999,3322.2670000000003,101.79929999999999
3322.749,105.25420000000001,3322.749,101.9969,3322.749,101.4473,3322.749,101.8121
3323.2309999999998,105.25500000000001,3323.2309999999998,102.0046,3323.2309999999998,101.46109999999999,3323.2309999999998,101.82739999999998
3323.713,105.2527,3323.713,102.013,3323.713,101.47189999999999,3323.713,101.8433
3324.195,105.24770000000001,3324.195,102.021,3324.195,101.47800000000001,3324.195,101.85820000000001
3324.6769999999997,105.2407,3324.6769999999997,102.0278,3324.6769999999997,101.47919999999999,3324.6769999999997,101.8711
3325.159,105.2329,3325.159,102.033,3325.159,101.4766,3325.159,101.88159999999999
3325.6420000000003,105.22560000000001,3325.6420000000003,102.03649999999999,3325.6420000000003,101.4726,3325.6420000000003,101.8904
3326.1240000000003,105.21929999999999,3326.1240000000003,102.03850000000001,3326.1240000000003,101.4695,3326.1240000000003,101.89809999999999
3326.6059999999998,105.21400000000001,3326.6059999999998,102.0391,3326.6059999999998,101.4691,3326.6059999999998,101.90539999999999
3327.0879999999997,105.2095,3327.0879999999997,102.0384,3327.0879999999997,101.47170000000001,3327.0879999999997,101.91220000000001
3327.57,105.2051,3327.57,102.0368,3327.57,101.4761,3327.57,101.9174
3328.052,105.2,3328.052,102.0346,3328.052,101.4799,3328.052,101.91969999999999
3328.534,105.1934,3328.534,102.0324,3328.534,101.48079999999999,3328.534,101.9179
3329.016,105.1846,3329.016,102.031,3329.016,101.47729999999999,3329.016,101.9113
3329.4990000000003,105.17309999999999,3329.4990000000003,102.0313,3329.4990000000003,101.46969999999999,3329.4990000000003,101.90079999999999
3329.981,105.15890000000002,3329.981,102.03390000000002,3329.981,101.45949999999999,3329.981,101.8881
3330.4629999999997,105.14280000000001,3330.4629999999997,102.0392,3330.4629999999997,101.44930000000001,3330.4629999999997,101.8756
3330.9449999999997,105.126,3330.9449999999997,102.04729999999999,3330.9449999999997,101.4415,3330.9449999999997,101.86550000000001
3331.427,105.11019999999999,3331.427,102.05770000000001,3331.427,101.4377,3331.427,101.85869999999998
3331.909,105.0964,3331.909,102.06949999999999,3331.909,101.438,3331.909,101.8553
3332.391,105.08500000000001,3332.391,102.0815,3332.391,101.4413,3332.391,101.85379999999999
3332.873,105.075,3332.873,102.09230000000001,3332.873,101.446,3332.873,101.85249999999999
3333.355,105.06500000000001,3333.355,102.1007,3333.355,101.4509,3333.355,101.85
3333.838,105.0535,3333.838,102.1058,3333.838,101.45580000000001,3333.838,101.8467
3334.32,105.0402,3334.32,102.1076,3334.32,101.4618,3334.32,101.8443
3334.8019999999997,105.02659999999999,3334.8019999999997,102.1073,3334.8019999999997,101.47109999999999,3334.8019999999997,101.8461
3335.284,105.0162,3335.284,102.1069,3335.284,101.4859,3335.284,101.8554
3335.766,105.0131,3335.766,102.10900000000001,3335.766,101.5074,3335.766,101.8747
3336.248,105.0214,3336.248,102.11600000000001,3336.248,101.5352,3336.248,101.9047
3336.73,105.04260000000001,3336.73,102.1296,3336.73,101.56739999999999,3336.73,101.9434
3337.212,105.0757,3337.212,102.14989999999999,3337.212,101.6006,3337.212,101.9871
3337.695,105.11619999999999,3337.695,102.1753,3337.695,101.6311,3337.695,102.0308
3338.177,105.1581,3338.177,102.2033,3338.177,101.65630000000002,3338.177,102.07010000000001
3338.6589999999997,105.1949,3338.6589999999997,102.23100000000001,3338.6589999999997,101.6748,3338.6589999999997,102.10189999999999
3339.141,105.222,3339.141,102.25569999999999,3339.141,101.68710000000002,3339.141,102.125
3339.623,105.2368,3339.623,102.2761,3339.623,101.69550000000001,3339.623,102.1402
3340.105,105.2399,3340.105,102.29220000000001,3340.105,101.703,3340.105,102.14959999999999
3340.587,105.23370000000001,3340.587,102.3047,3340.587,101.7128,3340.587,102.15570000000001
3341.069,105.2217,3341.069,102.3152,3341.069,101.7269,3341.069,102.16069999999999
3341.552,105.20670000000001,3341.552,102.3248,3341.552,101.7456,3341.552,102.16590000000001
3342.033,105.1909,3342.033,102.33399999999999,3342.033,101.7676,3342.033,102.1715
3342.5159999999996,105.17510000000001,3342.5159999999996,102.34289999999999,3342.5159999999996,101.7901,3342.5159999999996,102.1773
3342.998,105.15939999999999,3342.998,102.3514,3342.998,101.80990000000001,3342.998,102.1826
3343.48,105.1439,3343.48,102.3595,3343.48,101.8242,3343.48,102.18719999999999
3343.962,105.1291,3343.962,102.368,3343.962,101.8317,3343.962,102.19149999999999
3344.4440000000004,105.11619999999999,3344.4440000000004,102.37819999999999,3344.4440000000004,101.83279999999999,3344.4440000000004,102.1965
3344.926,105.1067,3344.926,102.392,3344.926,101.83009999999999,3344.926,102.2035
3345.408,105.102,3345.408,102.4106,3345.408,101.8273,3345.408,102.2142
3345.89,105.10310000000001,3345.89,102.43469999999999,3345.89,101.82860000000001,3345.89,102.2295
3346.3729999999996,105.1101,3346.3729999999996,102.4635,3346.3729999999996,101.8375,3346.3729999999996,102.24990000000001
3346.855,105.12209999999999,3346.855,102.49520000000001,3346.855,101.8554,3346.855,102.27470000000001
3347.337,105.13749999999999,3347.337,102.5272,3347.337,101.8818,3347.337,102.3023
3347.819,105.1547,3347.819,102.55669999999999,3347.819,101.91369999999999,3347.819,102.3304
3348.3010000000004,105.1717,3348.3010000000004,102.58130000000001,3348.3010000000004,101.9465,3348.3010000000004,102.3564
3348.783,105.1871,3348.783,102.5995,3348.783,101.97510000000001,3348.783,102.37799999999999
3349.265,105.2003,3349.265,102.61089999999999,3349.265,101.9952,3349.265,102.3935
3349.747,105.21130000000001,3349.747,102.6163,3349.747,102.0046,3349.747,102.4026
3350.2290000000003,105.2208,3350.2290000000003,102.6171,3350.2290000000003,102.00309999999999,3350.2290000000003,102.40599999999999
3350.712,105.22990000000001,3350.712,102.6154,3350.712,101.9934,3350.712,102.4054
3351.194,105.2397,3351.194,102.6133,3351.194,101.97989999999999,3351.194,102.4026
3351.676,105.25089999999999,3351.676,102.6127,3351.676,101.96780000000001,3351.676,102.3991
3352.1580000000004,105.2632,3352.1580000000004,102.6147,3352.1580000000004,101.96130000000001,3352.1580000000004,102.3955
3352.64,105.2757,3352.64,102.6198,3352.64,101.96320000000001,3352.64,102.39160000000001
3353.122,105.28679999999999,3353.122,102.6274,3353.122,101.9739,3353.122,102.3867
3353.604,105.29459999999999,3353.604,102.63640000000001,3353.604,101.99149999999999,3353.604,102.3801
3354.0860000000002,105.2975,3354.0860000000002,102.64500000000001,3354.0860000000002,102.0129,3354.0860000000002,102.372
3354.569,105.2945,3354.569,102.65169999999999,3354.569,102.03439999999999,3354.569,102.3637
3355.051,105.28550000000001,3355.051,102.6548,3355.051,102.0525,3355.051,102.35700000000001
3355.533,105.27089999999998,3355.533,102.6534,3355.533,102.0651,3355.533,102.3539
3356.0150000000003,105.2517,3356.0150000000003,102.647,3356.0150000000003,102.07109999999999,3356.0150000000003,102.3553
3356.497,105.2292,3356.497,102.6362,3356.497,102.0707,3356.497,102.36080000000001
3356.979,105.2051,3356.979,102.62199999999999,3356.979,102.0647,3356.979,102.3682
3357.461,105.1814,3357.461,102.6062,3357.461,102.0545,3357.461,102.37469999999999
3357.943,105.16019999999999,3357.943,102.5913,3357.943,102.0419,3357.943,102.37780000000001
3358.426,105.14399999999999,3358.426,102.5798,3358.426,102.0286,3358.426,102.37639999999999
3358.908,105.13470000000001,3358.908,102.5738,3358.908,102.0169,3358.908,102.3716
3359.39,105.1334,3359.39,102.5746,3359.39,102.0091,3359.39,102.3658
3359.8720000000003,105.1399,3359.8720000000003,102.58210000000001,3359.8720000000003,102.0065,3359.8720000000003,102.36229999999999
3360.3540000000003,105.1523,3360.3540000000003,102.5949,3360.3540000000003,102.00990000000002,3360.3540000000003,102.3636
3360.836,105.16749999999999,3360.836,102.6102,3360.836,102.0184,3360.836,102.37039999999999
3361.3179999999998,105.18209999999999,3361.3179999999998,102.62469999999999,3361.3179999999998,102.0298,3361.3179999999998,102.3811
3361.8,105.19279999999999,3361.8,102.6354,3361.8,102.0409,3361.8,102.39240000000001
3362.282,105.19810000000001,3362.282,102.6405,3362.282,102.0489,3362.282,102.4009
3362.765,105.1977,3362.765,102.6396,3362.765,102.05189999999999,3362.765,102.4036
3363.247,105.1925,3363.247,102.6337,3363.247,102.04960000000001,3363.247,102.39940000000001
3363.7290000000003,105.1839,3363.7290000000003,102.62420000000002,3363.7290000000003,102.04310000000001,3363.7290000000003,102.3889
3364.2110000000002,105.1727,3364.2110000000002,102.6127,3364.2110000000002,102.03390000000002,3364.2110000000002,102.3741
3364.6929999999998,105.1585,3364.6929999999998,102.5997,3364.6929999999998,102.02340000000001,3364.6929999999998,102.35700000000001
3365.1749999999997,105.14049999999999,3365.1749999999997,102.585,3365.1749999999997,102.0121,3365.1749999999997,102.3393
3365.657,105.1174,3365.657,102.5681,3365.657,101.99910000000001,3365.657,102.3217
3366.139,105.08919999999999,3366.139,102.549,3366.139,101.98339999999999,3366.139,102.3049
3366.622,105.0576,3366.622,102.529,3366.622,101.9646,3366.622,102.28960000000001
3367.104,105.02659999999999,3367.104,102.51079999999999,3367.104,101.9441,3367.104,102.27720000000001
3367.5860000000002,105.00130000000001,3367.5860000000002,102.49839999999999,3367.5860000000002,101.92479999999999,3367.5860000000002,102.2697
3368.068,104.98700000000001,3368.068,102.49539999999999,3368.068,101.9108,3368.068,102.2692
3368.5499999999997,104.9874,3368.5499999999997,102.5046,3368.5499999999997,101.906,3368.5499999999997,102.2768
3369.0319999999997,105.0033,3369.0319999999997,102.5258,3369.0319999999997,101.91250000000001,3369.0319999999997,102.2919
3369.514,105.03240000000001,3369.514,102.5566,3369.514,101.9295,3369.514,102.3122
3369.996,105.06960000000001,3369.996,102.5916,3369.996,101.953,3369.996,102.33380000000001
3370.479,105.1081,3370.479,102.62469999999999,3370.479,101.97739999999999,3370.479,102.35270000000001
3370.961,105.1415,3370.961,102.65010000000001,3370.961,101.9968,3370.961,102.3657
3371.443,105.1652,3371.443,102.66360000000002,3371.443,102.007,3371.443,102.3714
3371.925,105.1777,3371.925,102.664,3371.925,102.007,3371.925,102.3703
3372.407,105.1801,3372.407,102.65280000000001,3372.407,101.9987,3372.407,102.3647
3372.8889999999997,105.1763,3372.8889999999997,102.63390000000001,3372.8889999999997,101.9865,3372.8889999999997,102.35730000000001
3373.371,105.17099999999999,3373.371,102.6122,3373.371,101.97579999999999,3373.371,102.3506
3373.853,105.1685,3373.853,102.5921,3373.853,101.97080000000001,3373.853,102.34639999999999
3374.335,105.17129999999999,3374.335,102.57700000000001,3374.335,101.9738,3374.335,102.3452
3374.8179999999998,105.17970000000001,3374.8179999999998,102.5683,3374.8179999999998,101.9848,3374.8179999999998,102.34719999999999
3375.3,105.19160000000001,3375.3,102.56510000000002,3375.3,102.0014,3375.3,102.3516
3375.782,105.2041,3375.782,102.56559999999999,3375.782,102.02029999999999,3375.782,102.35780000000001
3376.264,105.2139,3376.264,102.5675,3376.264,102.0383,3376.264,102.36510000000001
3376.7459999999996,105.21910000000001,3376.7459999999996,102.56890000000001,3376.7459999999996,102.0535,3376.7459999999996,102.37289999999999
3377.228,105.21910000000001,3377.228,102.56920000000001,3377.228,102.0649,3377.228,102.3803
3377.71,105.2151,3377.71,102.56920000000001,3377.71,102.07310000000001,3377.71,102.38659999999999
3378.192,105.209,3378.192,102.5706,3378.192,102.07919999999999,3378.192,102.3908
3378.6749999999997,105.20290000000001,3378.6749999999997,102.5753,3378.6749999999997,102.0843,3378.6749999999997,102.39229999999999
3379.156,105.198,3379.156,102.5847,3379.156,102.0889,3379.156,102.3911
3379.639,105.1949,3379.639,102.5993,3379.639,102.09280000000001,3379.639,102.3877
3380.121,105.1934,3380.121,102.6184,3380.121,102.0953,3380.121,102.383
3380.6029999999996,105.1935,3380.6029999999996,102.6405,3380.6029999999996,102.0961,3380.6029999999996,102.3786
3381.085,105.1957,3381.085,102.66420000000001,3381.085,102.0952,3381.085,102.3763
3381.567,105.2008,3381.567,102.68820000000001,3381.567,102.094,3381.567,102.37799999999999
3382.049,105.2098,3382.049,102.71189999999999,3382.049,102.0947,3382.049,102.38529999999999
3382.531,105.22309999999999,3382.531,102.7355,3382.531,102.0996,3382.531,102.399
3383.013,105.2396,3383.013,102.759,3383.013,102.11099999999999,3383.013,102.41940000000001
3383.496,105.2569,3383.496,102.78229999999999,3383.496,102.12950000000001,3383.496,102.44539999999999
3383.978,105.2713,3383.978,102.8045,3383.978,102.154,3383.978,102.47470000000001
3384.4599999999996,105.2794,3384.4599999999996,102.82469999999999,3384.4599999999996,102.1821,3384.4599999999996,102.5045
3384.942,105.2786,3384.942,102.84150000000001,3384.942,102.21039999999999,3384.942,102.5322
3385.424,105.2685,3385.424,102.8545,3385.424,102.2359,3385.424,102.5555
3385.906,105.25059999999999,3385.906,102.86370000000001,3385.906,102.2564,3385.906,102.57369999999999
3386.3880000000004,105.2278,3386.3880000000004,102.8699,3386.3880000000004,102.27170000000001,3386.3880000000004,102.5872
3386.87,105.20320000000001,3386.87,102.87440000000001,3386.87,102.2821,3386.87,102.5968
3387.353,105.17939999999999,3387.353,102.8782,3387.353,102.28880000000001,3387.353,102.6036
3387.835,105.1579,3387.835,102.88219999999998,3387.835,102.2928,3387.835,102.60810000000001
3388.317,105.13950000000001,3388.317,102.8871,3388.317,102.29459999999999,3388.317,102.6105
3388.799,105.12459999999999,3388.799,102.89379999999998,3388.799,102.29490000000001,3388.799,102.6108
3389.281,105.1142,3389.281,102.90390000000001,3389.281,102.295,3389.281,102.60990000000001
3389.763,105.1093,3389.763,102.9196,3389.763,102.2975,3389.763,102.60990000000001
3390.2450000000003,105.1113,3390.2450000000003,102.9431,3390.2450000000003,102.3064,3390.2450000000003,102.61389999999999
3390.727,105.12049999999999,3390.727,102.97590000000001,3390.727,102.32540000000002,3390.727,102.62549999999999
3391.209,105.13600000000001,3391.209,103.01800000000001,3391.209,102.3574,3391.209,102.6472
3391.692,105.1547,3391.692,103.0669,3391.692,102.4025,3391.692,102.67930000000001
3392.174,105.17259999999999,3392.174,103.11859999999999,3392.174,102.4571,3392.174,102.7191
3392.656,105.1855,3392.656,103.1682,3392.656,102.5153,3392.656,102.76190000000001
3393.138,105.1906,3393.138,103.21180000000001,3393.138,102.57019999999999,3393.138,102.80199999999999
3393.62,105.18749999999999,3393.62,103.24770000000001,3393.62,102.61670000000001,3393.62,102.8356
3394.1020000000003,105.17790000000001,3394.1020000000003,103.2766,3394.1020000000003,102.6534,3394.1020000000003,102.86139999999999
3394.584,105.1652,3394.584,103.30140000000002,3394.584,102.6829,3394.584,102.88159999999999
3395.066,105.1525,3395.066,103.3247,3395.066,102.71060000000001,3395.066,102.9002
3395.549,105.1417,3395.549,103.34810000000002,3395.549,102.74190000000002,3395.549,102.92159999999998
3396.031,105.1328,3396.031,103.3709,3396.031,102.78009999999999,3396.031,102.9484
3396.513,105.1239,3396.513,103.3907,3396.513,102.8249,3396.513,102.98069999999998
3396.995,105.1129,3396.995,103.40469999999999,3396.995,102.87250000000002,3396.995,103.01610000000001
3397.477,105.0983,3397.477,103.4114,3397.477,102.9169,3397.477,103.051
3397.9590000000003,105.0802,3397.9590000000003,103.4116,3397.9590000000003,102.95289999999999,3397.9590000000003,103.0823
3398.4410000000003,105.06070000000001,3398.4410000000003,103.4089,3398.4410000000003,102.9775,3398.4410000000003,103.1085
3398.923,105.04299999999999,3398.923,103.4086,3398.923,102.99179999999998,3398.923,103.13019999999999
3399.406,105.0303,3399.406,103.4157,3399.406,102.99940000000001,3399.406,103.1493
3399.888,105.0244,3399.888,103.43299999999999,3399.888,103.0055,3399.888,103.1677
3400.37,105.0252,3400.37,103.46079999999999,3400.37,103.01450000000001,3400.37,103.1867
3400.852,105.0311,3400.852,103.49680000000001,3400.852,103.02960000000002,3400.852,103.2064
3401.334,105.0391,3401.334,103.5375,3401.334,103.0515,3401.334,103.22640000000001
3401.8160000000003,105.0462,3401.8160000000003,103.5797,3401.8160000000003,103.08,3401.8160000000003,103.2467
3402.2980000000002,105.0508,3402.2980000000002,103.6216,3402.2980000000002,103.11399999999999,3402.2980000000002,103.268
3402.7799999999997,105.05199999999999,3402.7799999999997,103.6627,3402.7799999999997,103.15270000000001,3402.7799999999997,103.292
3403.2619999999997,105.0507,3403.2619999999997,103.7037,3403.2619999999997,103.1957,3403.2619999999997,103.3204
3403.745,105.04830000000001,3403.745,103.7449,3403.745,103.2424,3403.745,103.3541
3404.2270000000003,105.04629999999999,3404.2270000000003,103.7855,3404.2270000000003,103.2919,3404.2270000000003,103.3922
3404.709,105.04560000000001,3404.709,103.8238,3404.709,103.34239999999998,3404.709,103.4322
3405.191,105.04659999999998,3405.191,103.8575,3405.191,103.3917,3405.191,103.47040000000001
3405.6730000000002,105.04899999999999,3405.6730000000002,103.88539999999999,3405.6730000000002,103.4381,3405.6730000000002,103.5037
3406.155,105.0524,3406.155,103.9077,3406.155,103.48079999999999,3406.155,103.53049999999999
3406.6369999999997,105.0562,3406.6369999999997,103.9267,3406.6369999999997,103.52019999999999,3406.6369999999997,103.55149999999999
3407.1189999999997,105.0605,3407.1189999999997,103.9461,3407.1189999999997,103.55760000000001,3407.1189999999997,103.56939999999999
3407.602,105.0651,3407.602,103.96950000000001,3407.602,103.59449999999998,3407.602,103.5878
3408.083,105.0702,3408.083,103.9989,3408.083,103.6314,3408.083,103.6097
3408.566,105.0755,3408.566,104.03439999999999,3408.566,103.66820000000001,3408.566,103.6368
3409.048,105.0803,3409.048,104.07390000000001,3409.048,103.7034,3409.048,103.6689
3409.53,105.08409999999999,3409.53,104.1139,3409.53,103.73559999999999,3409.53,103.7044
3410.012,105.08619999999999,3410.012,104.1512,3410.012,103.76389999999999,3410.012,103.741
3410.4939999999997,105.08599999999998,3410.4939999999997,104.1828,3410.4939999999997,103.7896,3410.4939999999997,103.7776
3410.9759999999997,105.08489999999999,3410.9759999999997,104.2088,3410.9759999999997,103.81309999999999,3410.9759999999997,103.8115
3411.458,105.0848,3411.458,104.23119999999999,3411.458,103.8365,3411.458,103.8424
3411.94,105.0876,3411.94,104.2526,3411.94,103.8624,3411.94,103.87029999999999
3412.423,105.0947,3412.423,104.2759,3412.423,103.8923,3412.423,103.8961
3412.9049999999997,105.10589999999999,3412.9049999999997,104.30250000000001,3412.9049999999997,103.92680000000001,3412.9049999999997,103.92049999999999
3413.387,105.1202,3413.387,104.33250000000001,3413.387,103.9649,3413.387,103.9442
3413.869,105.135,3413.869,104.3647,3413.869,104.0046,3413.869,103.9674
3414.351,105.1474,3414.351,104.397,3414.351,104.0434,3414.351,103.99050000000001
3414.8329999999996,105.1547,3414.8329999999996,104.42720000000001,3414.8329999999996,104.0788,3414.8329999999996,104.01350000000001
3415.315,105.15559999999999,3415.315,104.453,3415.315,104.1088,3415.315,104.0364
3415.797,105.1499,3415.797,104.4728,3415.797,104.1323,3415.797,104.05869999999999
3416.28,105.13920000000002,3416.28,104.4855,3416.28,104.14909999999999,3416.28,104.0796
3416.7619999999997,105.1259,3416.7619999999997,104.491,3416.7619999999997,104.1599,3416.7619999999997,104.09790000000001
3417.244,105.11269999999999,3417.244,104.49,3417.244,104.16650000000001,3417.244,104.1124
3417.726,105.1022,3417.726,104.4846,3417.726,104.17099999999999,3417.726,104.1225
3418.208,105.0957,3418.208,104.4771,3418.208,104.1758,3418.208,104.128
3418.6899999999996,105.0934,3418.6899999999996,104.4705,3418.6899999999996,104.183,3418.6899999999996,104.13000000000001
3419.172,105.09429999999999,3419.172,104.4673,3419.172,104.1935,3419.172,104.13000000000001
3419.654,105.0967,3419.654,104.469,3419.654,104.20670000000001,3419.654,104.1305
3420.136,105.0986,3420.136,104.4758,3420.136,104.2212,3420.136,104.13349999999998
3420.6189999999997,105.09809999999999,3420.6189999999997,104.48679999999999,3420.6189999999997,104.2346,3420.6189999999997,104.1402
3421.101,105.09440000000001,3421.101,104.501,3421.101,104.245,3421.101,104.15110000000001
3421.583,105.08770000000001,3421.583,104.51760000000002,3421.583,104.2518,3421.583,104.1654
3422.065,105.0791,3422.065,104.5366,3422.065,104.2559,3422.065,104.1816
3422.5469999999996,105.07029999999999,3422.5469999999996,104.55890000000001,3422.5469999999996,104.2596,3422.5469999999996,104.19810000000001
3423.029,105.0631,3423.029,104.5852,3423.029,104.26530000000001,3423.029,104.2133
3423.511,105.0588,3423.511,104.6152,3423.511,104.2748,3423.511,104.2263
3423.993,105.0581,3423.993,104.647,3423.993,104.2883,3423.993,104.2367
3424.4759999999997,105.06040000000002,3424.4759999999997,104.6775,3424.4759999999997,104.3041,3424.4759999999997,104.24459999999999
3424.958,105.06439999999999,3424.958,104.7026,3424.958,104.3197,3424.958,104.2503
3425.44,105.0676,3425.44,104.7188,3425.44,104.3318,3425.44,104.2541
3425.922,105.0673,3425.922,104.7239,3425.922,104.338,3425.922,104.2561
3426.404,105.0611,3426.404,104.7183,3426.404,104.33730000000001,3426.404,104.2563
3426.886,105.0478,3426.886,104.7044,3426.886,104.33030000000001,3426.886,104.2546
3427.368,105.0273,3427.368,104.68599999999999,3427.368,104.319,3427.368,104.2508
3427.85,105.00160000000001,3427.85,104.66720000000001,3427.85,104.30630000000001,3427.85,104.2452
3428.3329999999996,104.97399999999999,3428.3329999999996,104.65150000000001,3428.3329999999996,104.29509999999999,3428.3329999999996,104.23830000000001
3428.815,104.948,3428.815,104.64020000000001,3428.815,104.28790000000001,3428.815,104.2305
3429.297,104.9269,3429.297,104.6332,3429.297,104.2856,3429.297,104.2225
3429.779,104.91220000000001,3429.779,104.6286,3429.779,104.2882,3429.779,104.21450000000002
3430.261,104.9034,3430.261,104.6244,3430.261,104.2942,3430.261,104.2063
3430.743,104.89850000000001,3430.743,104.6185,3430.743,104.3013,3430.743,104.1976
3431.225,104.8946,3431.225,104.6104,3431.225,104.3071,3431.225,104.1879
3431.707,104.8893,3431.707,104.6008,3431.707,104.3094,3431.707,104.1773
3432.1890000000003,104.8815,3432.1890000000003,104.5916,3432.1890000000003,104.3074,3432.1890000000003,104.1666
3432.672,104.8716,3432.672,104.5854,3432.672,104.3016,3432.672,104.15700000000001
3433.154,104.86189999999999,3433.154,104.58430000000001,3433.154,104.29409999999999,3433.154,104.1498
3433.636,104.8549,3433.636,104.58970000000001,3433.636,104.2878,3433.636,104.1459
3434.118,104.85249999999999,3434.118,104.60119999999999,3434.118,104.2856,3434.118,104.1458
3434.6,104.8557,3434.6,104.61739999999999,3434.6,104.28949999999999,3434.6,104.14920000000001
3435.082,104.8641,3435.082,104.63579999999999,3435.082,104.3002,3435.082,104.15559999999999
3435.564,104.8759,3435.564,104.65390000000001,3435.564,104.31660000000001,3435.564,104.1649
3436.0460000000003,104.8888,3436.0460000000003,104.6697,3436.0460000000003,104.3364,3436.0460000000003,104.1773
3436.529,104.90090000000001,3436.529,104.68260000000001,3436.529,104.35669999999999,3436.529,104.19369999999999
3437.0099999999998,104.9102,3437.0099999999998,104.69239999999999,3437.0099999999998,104.375,3437.0099999999998,104.21480000000001
3437.493,104.915,3437.493,104.69930000000001,3437.493,104.3895,3437.493,104.24009999999998
3437.975,104.9138,3437.975,104.7032,3437.975,104.3991,3437.975,104.2678
3438.457,104.90520000000001,3438.457,104.70330000000001,3438.457,104.40370000000001,3438.457,104.29429999999999
3438.939,104.88850000000001,3438.939,104.6983,3438.939,104.4033,3438.939,104.3156
3439.421,104.8638,3439.421,104.68740000000001,3439.421,104.3983,3439.421,104.328
3439.9030000000002,104.833,3439.9030000000002,104.6708,3439.9030000000002,104.38940000000001,3439.9030000000002,104.33030000000001
3440.385,104.7996,3440.385,104.6508,3440.385,104.3774,3440.385,104.3236
3440.8669999999997,104.7685,3440.8669999999997,104.6316,3440.8669999999997,104.3639,3440.8669999999997,104.3117
3441.35,104.74419999999999,3441.35,104.61769999999999,3441.35,104.3505,3441.35,104.2991
3441.832,104.72980000000001,3441.832,104.6127,3441.832,104.3387,3441.832,104.2894
3442.3140000000003,104.72550000000001,3442.3140000000003,104.6175,3442.3140000000003,104.32889999999999,3442.3140000000003,104.28349999999999
3442.796,104.7285,3442.796,104.62929999999999,3442.796,104.32079999999999,3442.796,104.2796
3443.278,104.7342,3443.278,104.64320000000001,3443.278,104.3129,3443.278,104.2737
3443.76,104.7378,3443.76,104.6536,3443.76,104.3043,3443.76,104.2621
3444.242,104.7367,3444.242,104.65709999999999,3444.242,104.2947,3444.242,104.24359999999999
3444.7239999999997,104.73140000000001,3444.7239999999997,104.65379999999999,3444.7239999999997,104.2862,3444.7239999999997,104.2203
3445.207,104.72570000000002,3445.207,104.6483,3445.207,104.28250000000001,3445.207,104.1982
3445.689,104.7259,3445.689,104.64819999999999,3445.689,104.2889,3445.689,104.18469999999999
3446.1710000000003,104.738,3446.1710000000003,104.6615,3446.1710000000003,104.3101,3446.1710000000003,104.1869
3446.653,104.76559999999999,3446.653,104.693,3446.653,104.34779999999999,3446.653,104.20799999999998
3447.1349999999998,104.8077,3447.1349999999998,104.742,3447.1349999999998,104.3995,3447.1349999999998,104.246
3447.617,104.8588,3447.617,104.8022,3447.617,104.4587,3447.617,104.29379999999999
3448.099,104.911,3448.099,104.8638,3448.099,104.5168,3448.099,104.3428
3448.5809999999997,104.9567,3448.5809999999997,104.918,3448.5809999999997,104.5665,3448.5809999999997,104.3855
3449.0629999999996,104.9909,3449.0629999999996,104.9593,3449.0629999999996,104.6036,3449.0629999999996,104.4185
3449.546,105.01180000000001,3449.546,104.98689999999999,3449.546,104.6273,3449.546,104.44210000000001
3450.0280000000002,105.0205,3450.0280000000002,105.00359999999999,3450.0280000000002,104.63990000000001,3450.0280000000002,104.4592
3450.5099999999998,105.01929999999999,3450.5099999999998,105.01370000000001,3450.5099999999998,104.64489999999999,3450.5099999999998,104.4734
3450.9919999999997,105.01169999999999,3450.9919999999997,105.02180000000001,3450.9919999999997,104.646,3450.9919999999997,104.48729999999999
3451.474,105.0009,3451.474,105.0305,3451.474,104.6461,3451.474,104.5024
3451.956,104.98940000000002,3451.956,105.04070000000002,3451.956,104.6471,3451.956,104.5183
3452.438,104.9792,3452.438,105.0515,3452.438,104.6503,3452.438,104.53380000000001
3452.9199999999996,104.9717,3452.9199999999996,105.0611,3452.9199999999996,104.6564,3452.9199999999996,104.548
3453.403,104.96749999999999,3453.403,105.0678,3453.403,104.66629999999999,3453.403,104.5604
3453.885,104.96650000000001,3453.885,105.0707,3453.885,104.68059999999998,3453.885,104.5711
3454.367,104.96780000000001,3454.367,105.0692,3454.367,104.6994,3454.367,104.58030000000001
3454.8489999999997,104.9698,3454.8489999999997,105.0632,3454.8489999999997,104.7215,3454.8489999999997,104.5879
3455.331,104.97049999999999,3455.331,105.05260000000001,3455.331,104.7441,3455.331,104.59270000000001
3455.813,104.9677,3455.813,105.0376,3455.813,104.76350000000001,3455.813,104.593
3456.295,104.96019999999999,3456.295,105.0189,3456.295,104.7757,3456.295,104.5875
3456.7769999999996,104.9479,3456.7769999999996,104.99799999999999,3456.7769999999996,104.7779,3456.7769999999996,104.5753
3457.2599999999998,104.932,3457.2599999999998,104.97780000000002,3457.2599999999998,104.76920000000001,3457.2599999999998,104.5572
3457.742,104.915,3457.742,104.9615,3457.742,104.75110000000001,3457.742,104.53509999999999
3458.224,104.8996,3458.224,104.9522,3458.224,104.72699999999999,3458.224,104.512
3458.7059999999997,104.8878,3458.7059999999997,104.952,3458.7059999999997,104.70139999999999,3458.7059999999997,104.4912
3459.188,104.88090000000001,3459.188,104.9608,3459.188,104.6786,3459.188,104.4754
3459.67,104.8784,3459.67,104.9769,3459.67,104.6619,3459.67,104.46660000000001
3460.152,104.8786,3460.152,104.9965,3460.152,104.6527,3460.152,104.4654
3460.6339999999996,104.8789,3460.6339999999996,105.0158,3460.6339999999996,104.6508,3460.6339999999996,104.4715
3461.116,104.87679999999999,3461.116,105.03119999999998,3461.116,104.6544,3461.116,104.48299999999999
3461.599,104.87010000000001,3461.599,105.04,3461.599,104.66109999999999,3461.599,104.4971
3462.081,104.85759999999999,3462.081,105.0414,3462.081,104.66740000000001,3462.081,104.51029999999999
3462.5629999999996,104.8395,3462.5629999999996,105.0355,3462.5629999999996,104.6706,3462.5629999999996,104.5188
3463.045,104.81670000000001,3463.045,105.02359999999999,3463.045,104.6683,3463.045,104.51950000000001
3463.527,104.7915,3463.527,105.00789999999999,3463.527,104.65960000000001,3463.527,104.5115
3464.009,104.76620000000001,3464.009,104.99080000000001,3464.009,104.6451,3464.009,104.49569999999999
3464.491,104.74369999999999,3464.491,104.9752,3464.491,104.6273,3464.491,104.47569999999999
3464.973,104.7267,3464.973,104.96399999999998,3464.973,104.60989999999998,3464.973,104.45660000000001
3465.456,104.7175,3465.456,104.9601,3465.456,104.59719999999999,3465.456,104.4438
3465.938,104.7174,3465.938,104.9658,3465.938,104.59339999999999,3465.938,104.4418
3466.4199999999996,104.72680000000001,3466.4199999999996,104.9817,3466.4199999999996,104.6011,3466.4199999999996,104.4529
3466.902,104.74419999999999,3466.902,105.007,3466.902,104.6211,3466.902,104.4764
3467.384,104.7671,3467.384,105.0391,3467.384,104.65150000000001,3467.384,104.5091
3467.866,104.7919,3467.866,105.07390000000001,3467.866,104.68869999999998,3467.866,104.54620000000001
3468.348,104.81469999999999,3468.348,105.10759999999999,3468.348,104.728,3468.348,104.5824
3468.83,104.8324,3468.83,105.13650000000001,3468.83,104.7648,3468.83,104.6138
3469.313,104.8425,3469.313,105.1583,3469.313,104.7951,3469.313,104.63739999999999
3469.794,104.8444,3469.794,105.17179999999999,3469.794,104.81640000000002,3469.794,104.6519
3470.277,104.83819999999999,3470.277,105.17689999999999,3470.277,104.8271,3470.277,104.65690000000001
3470.759,104.8252,3470.759,105.17410000000001,3470.759,104.8272,3470.759,104.6527
3471.241,104.8077,3471.241,105.1647,3471.241,104.8179,3471.241,104.64
3471.723,104.7876,3471.723,105.1507,3471.723,104.80160000000001,3471.723,104.62
3472.205,104.76719999999999,3472.205,105.1343,3472.205,104.782,3472.205,104.59469999999999
3472.687,104.7484,3472.687,105.1181,3472.687,104.7633,3472.687,104.5668
3473.169,104.733,3473.169,105.1048,3473.169,104.7504,3473.169,104.5397
3473.651,104.7226,3473.651,105.09649999999999,3473.651,104.74699999999999,3473.651,104.5168
3474.134,104.71820000000001,3474.134,105.0941,3474.134,104.7552,3474.134,104.5007
3474.616,104.71999999999998,3474.616,105.09679999999999,3474.616,104.7747,3474.616,104.4922
3475.098,104.72760000000001,3475.098,105.1026,3475.098,104.80199999999999,3475.098,104.49040000000001
3475.58,104.739,3475.58,105.1085,3475.58,104.832,3475.58,104.4924
3476.062,104.7517,3476.062,105.1116,3476.062,104.8585,3476.062,104.4948
3476.544,104.76270000000001,3476.544,105.1103,3476.544,104.8764,3476.544,104.49440000000001
3477.026,104.7693,3477.026,105.104,3477.026,104.8824,3477.026,104.48960000000001
3477.508,104.76950000000001,3477.508,105.09349999999999,3477.508,104.87550000000002,3477.508,104.4802
3477.9900000000002,104.7625,3477.9900000000002,105.0803,3477.9900000000002,104.85759999999999,3477.9900000000002,104.46809999999999
3478.473,104.7487,3478.473,105.0659,3478.473,104.83160000000001,3478.473,104.4559
3478.955,104.73010000000001,3478.955,105.0518,3478.955,104.80210000000001,3478.955,104.4468
3479.437,104.71010000000001,3479.437,105.0392,3479.437,104.77399999999999,3479.437,104.44359999999999
3479.919,104.69269999999999,3479.919,105.02940000000001,3479.919,104.7522,3479.919,104.4486
3480.4010000000003,104.68280000000001,3480.4010000000003,105.0244,3480.4010000000003,104.74140000000001,3480.4010000000003,104.4635
3480.883,104.6848,3480.883,105.02629999999999,3480.883,104.7453,3480.883,104.489
3481.365,104.70219999999999,3481.365,105.03750000000001,3481.365,104.766,3481.365,104.5256
3481.847,104.7363,3481.847,105.0591,3481.847,104.8034,3481.847,104.57289999999999
3482.33,104.786,3482.33,105.0904,3482.33,104.8544,3482.33,104.6297
3482.812,104.84750000000001,3482.812,105.12840000000001,3482.812,104.9137,3482.812,104.6935
3483.294,104.915,3483.294,105.1684,3483.294,104.97460000000001,3483.294,104.76060000000001
3483.776,104.98160000000001,3483.776,105.2052,3483.776,105.0308,3483.776,104.82659999999998
3484.2580000000003,105.04050000000001,3484.2580000000003,105.2346,3484.2580000000003,105.07690000000001,3484.2580000000003,104.8861
3484.74,105.0861,3484.74,105.25439999999999,3484.74,105.10999999999999,3484.74,104.9341
3485.2219999999998,105.1148,3485.2219999999998,105.2651,3485.2219999999998,105.12939999999999,3485.2219999999998,104.96620000000001
3485.704,105.1258,3485.704,105.26979999999999,3485.704,105.13729999999998,3485.704,104.9809
3486.1870000000004,105.12140000000001,3486.1870000000004,105.27340000000001,3486.1870000000004,105.1374,3486.1870000000004,104.9792
3486.669,105.1067,3486.669,105.28170000000001,3486.669,105.13470000000001,3486.669,104.9654
3487.151,105.0886,3487.151,105.2992,3487.151,105.13380000000001,3487.151,104.9459
3487.633,105.07379999999999,3487.633,105.3278,3487.633,105.1381,3487.633,104.9277
3488.1150000000002,105.0675,3488.1150000000002,105.3662,3488.1150000000002,105.1485,3488.1150000000002,104.9164
3488.5969999999998,105.0719,3488.5969999999998,105.4102,3488.5969999999998,105.1644,3488.5969999999998,104.9145
3489.0789999999997,105.0861,3489.0789999999997,105.45389999999999,3489.0789999999997,105.1833,3489.0789999999997,104.9214
3489.561,105.107,3489.561,105.49139999999998,3489.561,105.20270000000001,3489.561,104.9337
3490.043,105.1301,3490.043,105.518,3490.043,105.22,3490.043,104.9471
3490.526,105.1512,3490.526,105.5314,3490.526,105.2333,3490.526,104.95779999999999
3491.008,105.16669999999999,3491.008,105.5319,3491.008,105.2414,3491.008,104.9631
3491.49,105.17410000000001,3491.49,105.52159999999999,3491.49,105.2435,3491.49,104.96209999999999
3491.972,105.1722,3491.972,105.5041,3491.972,105.23929999999999,3491.972,104.9553
3492.4539999999997,105.16069999999999,3492.4539999999997,105.4832,3492.4539999999997,105.2287,3492.4539999999997,104.9436
3492.9359999999997,105.14049999999999,3492.9359999999997,105.4624,3492.9359999999997,105.2127,3492.9359999999997,104.928
3493.418,105.11330000000001,3493.418,105.44420000000001,3493.418,105.1924,3493.418,104.9093
3493.9,105.0818,3493.9,105.4297,3493.9,105.1701,3493.9,104.8886
3494.383,105.0492,3494.383,105.41929999999999,3494.383,105.14840000000001,3494.383,104.8671
3494.865,105.0189,3494.865,105.4124,3494.865,105.1296,3494.865,104.84649999999999
3495.3469999999998,104.9939,3495.3469999999998,105.40799999999999,3495.3469999999998,105.1154,3495.3469999999998,104.82879999999999
3495.829,104.9755,3495.829,105.4054,3495.829,105.1058,3495.829,104.81530000000001
3496.311,104.96350000000001,3496.311,105.40350000000001,3496.311,105.0993,3496.311,104.806
3496.7929999999997,104.9558,3496.7929999999997,105.4015,3496.7929999999997,105.0934,3496.7929999999997,104.79929999999999
3497.275,104.9492,3497.275,105.398,3497.275,105.08519999999999,3497.275,104.79220000000001
3497.757,104.9404,3497.757,105.3914,3497.757,105.0722,3497.757,104.78110000000001
3498.2400000000002,104.9267,3498.2400000000002,105.37939999999999,3498.2400000000002,105.05310000000001,3498.2400000000002,104.7633
3498.721,104.9067,3498.721,105.3596,3498.721,105.02759999999999,3498.721,104.73740000000001
3499.2039999999997,104.88040000000001,3499.2039999999997,105.3298,3499.2039999999997,104.9964,3499.2039999999997,104.7042
3499.686,104.8492,3499.686,105.2891,3499.686,104.9609,3499.686,104.6659
3500.168,104.8157,3500.168,105.2386,3500.168,104.9231,3500.168,104.6262
3500.65,104.7837,3500.65,105.18220000000001,3500.65,104.88589999999999,3500.65,104.58940000000001
3501.132,104.75760000000001,3501.132,105.1264,3501.132,104.85329999999999,3501.132,104.55969999999999
3501.614,104.74190000000002,3501.614,105.08,3501.614,104.8303,3501.614,104.54090000000001
3502.096,104.7403,3502.096,105.0514,3502.096,104.8214,3502.096,104.5352
3502.5779999999995,104.75399999999999,3502.5779999999995,105.0464,3502.5779999999995,104.83,3502.5779999999995,104.54319999999998
3503.0609999999997,104.78080000000001,3503.0609999999997,105.06549999999999,3503.0609999999997,104.8559,3503.0609999999997,104.56309999999999
3503.543,104.8151,3503.543,105.10340000000001,3503.543,104.8944,3503.543,104.5907
3504.025,104.84949999999999,3504.025,105.1503,3504.025,104.9378,3504.025,104.6205
3504.507,104.87660000000001,3504.507,105.195,3504.507,104.97710000000001,3504.507,104.64670000000001
3504.989,104.8913,3504.989,105.2284,3504.989,105.0047,3504.989,104.66439999999999
3505.471,104.8916,3505.471,105.24530000000001,3505.471,105.0166,3505.471,104.67089999999999
3505.953,104.87880000000001,3505.953,105.2448,3505.953,105.0128,3505.953,104.6656
3506.435,104.85629999999999,3506.435,105.22940000000001,3506.435,104.9967,3506.435,104.6498
3506.917,104.8287,3506.917,105.2041,3506.917,104.9739,3506.917,104.6271
3507.4,104.8011,3507.4,105.1753,3507.4,104.9507,3507.4,104.60229999999999
3507.882,104.7785,3507.882,105.14959999999999,3507.882,104.933,3507.882,104.5809
3508.3640000000005,104.7645,3508.3640000000005,105.1331,3508.3640000000005,104.92459999999998,3508.3640000000005,104.56810000000002
3508.846,104.76129999999999,3508.846,105.12989999999999,3508.846,104.9267,3508.846,104.5677
3509.328,104.768,3509.328,105.14099999999999,3509.328,104.9371,3509.328,104.5799
3509.81,104.7822,3509.81,105.1641,3509.81,104.9523,3509.81,104.6024
3510.292,104.8006,3510.292,105.1952,3510.292,104.9684,3510.292,104.6309
3510.774,104.82000000000001,3510.774,105.2293,3510.774,104.9836,3510.774,104.66120000000001
3511.257,104.8385,3511.257,105.26299999999999,3511.257,104.9982,3511.257,104.69
3511.739,104.8559,3511.739,105.2942,3511.739,105.01389999999999,3511.739,104.71600000000001
3512.2210000000005,104.8727,3512.2210000000005,105.3226,3512.2210000000005,105.0327,3512.2210000000005,104.739
3512.703,104.89,3512.703,105.349,3512.703,105.0557,3512.703,104.75970000000001
3513.185,104.9088,3513.185,105.3743,3513.185,105.0823,3513.185,104.77909999999999
3513.667,104.9294,3513.667,105.3988,3513.667,105.1106,3513.667,104.79769999999999
3514.149,104.95110000000001,3514.149,105.4214,3514.149,105.1379,3514.149,104.8155
3514.631,104.97160000000001,3514.631,105.44009999999999,3514.631,105.1614,3514.631,104.8324
3515.114,104.988,3515.114,105.45219999999999,3515.114,105.17920000000001,3515.114,104.8472
3515.596,104.99719999999999,3515.596,105.4556,3515.596,105.19069999999999,3515.596,104.85910000000001
3516.0780000000004,104.9971,3516.0780000000004,105.4496,3516.0780000000004,105.1967,3516.0780000000004,104.8669
3516.56,104.9876,3516.56,105.43610000000001,3516.56,105.19890000000001,3516.56,104.87049999999999
3517.042,104.97129999999999,3517.042,105.41910000000001,3517.042,105.1997,3517.042,104.87010000000001
3517.524,104.95209999999999,3517.524,105.40370000000001,3517.524,105.2008,3517.524,104.8666
3518.006,104.93490000000001,3518.006,105.3944,3518.006,105.2028,3518.006,104.86120000000001
3518.4880000000003,104.9232,3518.4880000000003,105.39309999999999,3518.4880000000003,105.205,3518.4880000000003,104.8547
3518.97,104.91749999999999,3518.97,105.39860000000002,3518.97,105.2053,3518.97,104.8467
3519.453,104.91600000000001,3519.453,105.4063,3519.453,105.2005,3519.453,104.836
3519.9350000000004,104.914,3519.9350000000004,105.4102,3519.9350000000004,105.1876,3519.9350000000004,104.8203
3520.417,104.90710000000001,3520.417,105.4051,3520.417,105.1647,3520.417,104.7976
3520.899,104.8921,3520.899,105.38810000000001,3520.899,105.13170000000001,3520.899,104.7673
3521.381,104.86919999999999,3521.381,105.36019999999999,3521.381,105.0907,3521.381,104.7309
3521.863,104.84230000000001,3521.863,105.32639999999999,3521.863,105.0464,3521.863,104.693
3522.3450000000003,104.81750000000001,3522.3450000000003,105.29360000000001,3522.3450000000003,105.0042,3522.3450000000003,104.65990000000001
3522.8269999999998,104.80100000000002,3522.8269999999998,105.26880000000001,3522.8269999999998,104.9693,3522.8269999999998,104.6379
3523.31,104.7963,3523.31,105.256,3523.31,104.94449999999999,3523.31,104.631
3523.7920000000004,104.8025,3523.7920000000004,105.2548,3523.7920000000004,104.9294,3523.7920000000004,104.6389
3524.2740000000003,104.8149,3524.2740000000003,105.26150000000001,3524.2740000000003,104.9213,3524.2740000000003,104.65729999999999
3524.756,104.827,3524.756,105.27109999999999,3524.756,104.91649999999998,3524.756,104.6797
3525.238,104.833,3525.238,105.2798,3525.238,104.91239999999999,3525.238,104.6994
3525.72,104.8304,3525.72,105.2861,3525.72,104.909,3525.72,104.7123
3526.202,104.82000000000001,3526.202,105.2916,3526.202,104.90820000000001,3526.202,104.7175
3526.6839999999997,104.8054,3526.6839999999997,105.2992,3526.6839999999997,104.9137,3526.6839999999997,104.717
3527.167,104.7919,3527.167,105.3119,3527.167,104.9288,3527.167,104.71490000000001
3527.648,104.7844,3527.648,105.33109999999999,3527.648,104.95509999999999,3527.648,104.71520000000001
3528.1310000000003,104.786,3528.1310000000003,105.35589999999999,3528.1310000000003,104.99130000000001,3528.1310000000003,104.7209
3528.613,104.79750000000001,3528.613,105.3839,3528.613,105.0338,3528.613,104.7332
3529.095,104.8179,3529.095,105.4124,3529.095,105.07839999999999,3529.095,104.752
3529.5769999999998,104.8451,3529.5769999999998,105.4397,3529.5769999999998,105.12140000000001,3529.5769999999998,104.7764
3530.059,104.8765,3530.059,105.465,3530.059,105.16019999999999,3530.059,104.8054
3530.5409999999997,104.909,3530.5409999999997,105.488,3530.5409999999997,105.19380000000001,3530.5409999999997,104.8376
3531.023,104.9388,3531.023,105.5078,3531.023,105.2211,3531.023,104.8708
3531.505,104.9616,3531.505,105.52250000000001,3531.505,105.2409,3531.505,104.9019
3531.9880000000003,104.9736,3531.9880000000003,105.5296,3531.9880000000003,105.252,3531.9880000000003,104.9269
3532.47,104.97209999999998,3532.47,105.52699999999999,3532.47,105.25340000000001,3532.47,104.9421
3532.9519999999998,104.95689999999999,3532.9519999999998,105.51429999999999,3532.9519999999998,105.24549999999999,3532.9519999999998,104.9456
3533.4339999999997,104.9304,3533.4339999999997,105.4935,3533.4339999999997,105.2298,3533.4339999999997,104.9377
3533.916,104.8974,3533.916,105.4688,3533.916,105.2098,3533.916,104.9217
3534.398,104.86439999999999,3534.398,105.446,3534.398,105.19000000000001,3534.398,104.9032
3534.88,104.83789999999999,3534.88,105.43119999999999,3534.88,105.17460000000001,3534.88,104.88889999999999
3535.362,104.8222,3535.362,105.4286,3535.362,105.1663,3535.362,104.88360000000002
3535.844,104.8186,3535.844,105.43880000000001,3535.844,105.1654,3535.844,104.8893
3536.327,104.82430000000001,3536.327,105.4584,3536.327,105.169,3536.327,104.90330000000002
3536.8089999999997,104.8346,3536.8089999999997,105.48169999999999,3536.8089999999997,105.1733,3536.8089999999997,104.91950000000001
3537.2909999999997,104.84450000000001,3537.2909999999997,105.5029,3537.2909999999997,105.17479999999999,3537.2909999999997,104.93159999999999
3537.773,104.85130000000001,3537.773,105.51820000000001,3537.773,105.1728,3537.773,104.93520000000001
3538.255,104.8546,3538.255,105.5271,3538.255,105.16879999999999,3538.255,104.9295
3538.737,104.85580000000002,3538.737,105.5309,3538.737,105.1657,3538.737,104.9166
3539.219,104.8567,3539.219,105.5319,3539.219,105.1661,3539.219,104.9004
3539.701,104.858,3539.701,105.5312,3539.701,105.1709,3539.701,104.88470000000001
3540.184,104.8585,3540.184,105.5281,3540.184,105.1782,3540.184,104.87100000000001
3540.6659999999997,104.8552,3540.6659999999997,105.5202,3540.6659999999997,105.18430000000001,3540.6659999999997,104.8588
3541.1479999999997,104.84420000000001,3541.1479999999997,105.5037,3541.1479999999997,105.1838,3541.1479999999997,104.84519999999999
3541.63,104.8222,3541.63,105.47489999999999,3541.63,105.1725,3541.63,104.82629999999999
3542.112,104.78719999999998,3542.112,105.43149999999999,3542.112,105.14779999999999,3542.112,104.7992
3542.594,104.7398,3542.594,105.37389999999999,3542.594,105.1099,3542.594,104.76289999999999
3543.076,104.6832,3543.076,105.30550000000001,3543.076,105.06230000000001,3543.076,104.71969999999999
3543.558,104.6231,3543.558,105.23340000000002,3543.558,105.0106,3543.558,104.6743
3544.041,104.5666,3544.041,105.16680000000001,3544.041,104.96209999999999,3544.041,104.63359999999999
3544.5229999999997,104.521,3544.5229999999997,105.11630000000001,3544.5229999999997,104.9242,3544.5229999999997,104.60510000000001
3545.0049999999997,104.4926,3545.0049999999997,105.0911,3545.0049999999997,104.90330000000002,3545.0049999999997,104.5943
3545.487,104.48530000000001,3545.487,105.09660000000001,3545.487,104.9034,3545.487,104.6038
3545.969,104.4993,3545.969,105.13269999999999,3545.969,104.9253,3545.969,104.63180000000001
3546.451,104.53079999999999,3546.451,105.19229999999999,3546.451,104.96589999999999,3546.451,104.67200000000001
3546.933,104.5725,3546.933,105.26329999999999,3546.933,105.01800000000001,3546.933,104.7153
3547.415,104.6157,3547.415,105.33170000000001,3547.415,105.07260000000001,3547.415,104.7522
3547.897,104.6519,3547.897,105.3857,3547.897,105.12060000000001,3547.897,104.7754
3548.3799999999997,104.67530000000001,3548.3799999999997,105.4182,3548.3799999999997,105.155,3548.3799999999997,104.7815
3548.8619999999996,104.6829,3548.8619999999996,105.4278,3548.8619999999996,105.17240000000001,3548.8619999999996,104.7711
3549.344,104.6749,3549.344,105.4175,3549.344,105.1722,3549.344,104.7476
3549.826,104.654,3549.826,105.3938,3549.826,105.1573,3549.826,104.7171
3550.3080000000004,104.6258,3550.3080000000004,105.36540000000001,3550.3080000000004,105.1335,3550.3080000000004,104.68759999999999
3550.79,104.5984,3550.79,105.342,3550.79,105.10900000000001,3550.79,104.66789999999999
3551.272,104.5809,3551.272,105.33239999999999,3551.272,105.0929,3551.272,104.6661
3551.754,104.58080000000001,3551.754,105.34190000000001,3551.754,105.09230000000001,3551.754,104.68690000000001
3552.237,104.60130000000001,3552.237,105.3701,3552.237,105.1096,3552.237,104.7291
3552.7189999999996,104.63960000000002,3552.7189999999996,105.4112,3552.7189999999996,105.14179999999999,3552.7189999999996,104.7858
3553.201,104.68889999999999,3553.201,105.4568,3553.201,105.1825,3553.201,104.8474
3553.683,104.7407,3553.683,105.49900000000001,3553.683,105.2248,3553.683,104.90509999999999
3554.1650000000004,104.78829999999999,3554.1650000000004,105.53349999999999,3554.1650000000004,105.2641,3554.1650000000004,104.9533
3554.647,104.8276,3554.647,105.5589,3554.647,105.298,3554.647,104.98989999999999
3555.129,104.857,3555.129,105.5763,3555.129,105.3265,3555.129,105.0153
3555.611,104.87660000000001,3555.611,105.5866,3555.611,105.3496,3555.611,105.03020000000001
3556.094,104.887,3556.094,105.5903,3556.094,105.36680000000001,3556.094,105.0355
3556.575,104.8888,3556.575,105.58670000000001,3556.575,105.3761,3556.575,105.03119999999998
3557.058,104.88170000000001,3557.058,105.57469999999999,3557.058,105.3753,3557.058,105.01720000000002
3557.54,104.86549999999998,3557.54,105.55330000000001,3557.54,105.3625,3557.54,104.99380000000001
3558.0220000000004,104.8403,3558.0220000000004,105.5235,3558.0220000000004,105.33749999999999,3558.0220000000004,104.9625
3558.504,104.8074,3558.504,105.4882,3558.504,105.303,3558.504,104.9265
3558.986,104.76939999999999,3558.986,105.45230000000001,3558.986,105.264,3558.986,104.89
3559.468,104.73030000000001,3559.468,105.4213,3559.468,105.2268,3559.468,104.85709999999999
3559.95,104.69420000000001,3559.95,105.3995,3559.95,105.1971,3559.95,104.83059999999999
3560.4320000000002,104.66390000000001,3560.4320000000002,105.3884,3560.4320000000002,105.1777,3560.4320000000002,104.8111
3560.915,104.64020000000001,3560.915,105.38579999999999,3560.915,105.1677,3560.915,104.7963
3561.397,104.6211,3561.397,105.3864,3561.397,105.1629,3561.397,104.78259999999999
3561.8790000000004,104.60300000000001,3561.8790000000004,105.3833,3561.8790000000004,105.1574,3561.8790000000004,104.76540000000001
3562.3610000000003,104.58130000000001,3562.3610000000003,105.36959999999999,3562.3610000000003,105.14479999999999,3562.3610000000003,104.74140000000001
3562.843,104.5521,3562.843,105.3404,3562.843,105.12060000000001,3562.843,104.70809999999999
3563.325,104.5125,3563.325,105.29329999999999,3563.325,105.08200000000001,3563.325,104.6646
3563.807,104.4619,3563.807,105.22890000000001,3563.807,105.02890000000001,3563.807,104.6112
3564.289,104.40259999999999,3564.289,105.15129999999999,3564.289,104.9636,3564.289,104.55000000000001
3564.7709999999997,104.34079999999999,3564.7709999999997,105.0697,3564.7709999999997,104.89269999999999,3564.7709999999997,104.4862
3565.254,104.28869999999999,3565.254,104.9998,3565.254,104.82830000000001,3565.254,104.43
3565.7360000000003,104.26329999999999,3565.7360000000003,104.96300000000001,3565.7360000000003,104.788,3565.7360000000003,104.39659999999999
3566.2180000000003,104.2809,3566.2180000000003,104.9804,3566.2180000000003,104.7906,3566.2180000000003,104.4021
3566.7,104.347,3566.7,105.0595,3566.7,104.84500000000001,3566.7,104.4533
3567.182,104.44869999999999,3567.182,105.18469999999999,3567.182,104.9416,3567.182,104.5402
3567.6639999999998,104.5599,3567.6639999999998,105.3227,3567.6639999999998,105.055,3567.6639999999998,104.63940000000001
3568.146,104.65629999999999,3568.146,105.4412,3568.146,105.15920000000001,3568.146,104.728
3568.6279999999997,104.72680000000001,3568.6279999999997,105.52420000000001,3568.6279999999997,105.23979999999999,3568.6279999999997,104.7946
3569.111,104.77250000000001,3569.111,105.5725,3569.111,105.2954,3569.111,104.84
3569.5930000000003,104.80030000000001,3569.5930000000003,105.596,3569.5930000000003,105.3313,3569.5930000000003,104.8706
3570.0750000000003,104.8165,3570.0750000000003,105.60560000000001,3570.0750000000003,105.35399999999998,3570.0750000000003,104.8932
3570.557,104.82469999999999,3570.557,105.6089,3570.557,105.36749999999999,3570.557,104.91220000000001
3571.0389999999998,104.8257,3571.0389999999998,105.6095,3571.0389999999998,105.37320000000001,3571.0389999999998,104.9288
3571.5209999999997,104.8191,3571.5209999999997,105.60810000000001,3571.5209999999997,105.371,3571.5209999999997,104.94250000000001
3572.003,104.8049,3572.003,105.60369999999999,3572.003,105.3606,3572.003,104.952
3572.485,104.78480000000002,3572.485,105.59540000000001,3572.485,105.34270000000001,3572.485,104.95689999999999
3572.968,104.7617,3572.968,105.58350000000002,3572.968,105.3193,3572.968,104.95760000000001
3573.4500000000003,104.73989999999999,3573.4500000000003,105.5695,3573.4500000000003,105.2942,3573.4500000000003,104.95559999999999
3573.9320000000002,104.72330000000001,3573.9320000000002,105.5558,3573.9320000000002,105.2715,3573.9320000000002,104.953
3574.4139999999998,104.71440000000001,3574.4139999999998,105.54490000000001,3574.4139999999998,105.2548,3574.4139999999998,104.95110000000001
3574.8959999999997,104.7132,3574.8959999999997,105.53790000000001,3574.8959999999997,105.2462,3574.8959999999997,104.9499
3575.3779999999997,104.71770000000001,3575.3779999999997,105.5347,3575.3779999999997,105.24560000000001,3575.3779999999997,104.9479
3575.86,104.7244,3575.86,105.5336,3575.86,105.25139999999999,3575.86,104.9429
3576.342,104.72980000000001,3576.342,105.53250000000001,3576.342,105.2611,3576.342,104.93289999999999
3576.824,104.7315,3576.824,105.52969999999999,3576.824,105.272,3576.824,104.9173
3577.3070000000002,104.72829999999999,3577.3070000000002,105.5243,3577.3070000000002,105.28249999999998,3577.3070000000002,104.8977
3577.789,104.7206,3577.789,105.517,3577.789,105.2916,3577.789,104.87679999999999
3578.271,104.7097,3578.271,105.50930000000001,3578.271,105.2993,3578.271,104.8583
3578.7529999999997,104.6969,3578.7529999999997,105.5029,3578.7529999999997,105.30569999999999,3578.7529999999997,104.8456
3579.235,104.6835,3579.235,105.49900000000001,3579.235,105.3109,3579.235,104.84009999999999
3579.717,104.6701,3579.717,105.498,3579.717,105.31459999999998,3579.717,104.84169999999999
3580.199,104.6572,3580.199,105.4994,3580.199,105.3162,3580.199,104.84830000000001
3580.681,104.6455,3580.681,105.5021,3580.681,105.3154,3580.681,104.8572
3581.164,104.63560000000001,3581.164,105.50489999999999,3581.164,105.31220000000002,3581.164,104.8659
3581.646,104.62830000000001,3581.646,105.5069,3581.646,105.3071,3581.646,104.8726
3582.128,104.6243,3582.128,105.50699999999999,3582.128,105.3007,3582.128,104.87660000000001
3582.6099999999997,104.6233,3582.6099999999997,105.5041,3582.6099999999997,105.29329999999999,3582.6099999999997,104.87729999999999
3583.092,104.62389999999999,3583.092,105.4968,3583.092,105.28439999999999,3583.092,104.8742
3583.574,104.6235,3583.574,105.48310000000001,3583.574,105.2722,3583.574,104.86599999999999
3584.056,104.6183,3584.056,105.4605,3584.056,105.25389999999999,3584.056,104.85079999999999
3584.538,104.60510000000001,3584.538,105.42750000000001,3584.538,105.22640000000001,3584.538,104.82730000000001
3585.021,104.583,3585.021,105.38529999999999,3585.021,105.1889,3585.021,104.7966
3585.502,104.5566,3585.502,105.341,3585.502,105.1459,3585.502,104.765
3585.985,104.53779999999999,3585.985,105.3094,3585.985,105.10969999999999,3585.985,104.7458
3586.4669999999996,104.5436,3586.4669999999996,105.3108,3586.4669999999996,105.0989,3586.4669999999996,104.7569
3586.949,104.5875,3586.949,105.36080000000001,3586.949,105.12989999999999,3586.949,104.8107
3587.431,104.66789999999999,3587.431,105.4568,3587.431,105.20419999999999,3587.431,104.9029
3587.913,104.7645,3587.913,105.575,3587.913,105.3037,3587.913,105.01
3588.3950000000004,104.8501,3588.3950000000004,105.68310000000001,3588.3950000000004,105.4006,3588.3950000000004,105.1027
3588.877,104.906,3588.877,105.75890000000001,3588.877,105.4735,3588.877,105.1621
3589.359,104.9282,3589.359,105.7976,3589.359,105.5154,3589.359,105.1855
3589.842,104.9232,3589.842,105.8072,3589.842,105.5306,3589.842,105.1815
3590.324,104.90109999999999,3590.324,105.7997,3590.324,105.5276,3590.324,105.1616
3590.806,104.8706,3590.806,105.78479999999999,3590.806,105.51410000000001,3590.806,105.13520000000001
3591.288,104.8375,3591.288,105.7678,3591.288,105.4948,3591.288,105.10759999999999
3591.77,104.8054,3591.77,105.7501,3591.77,105.47189999999999,3591.77,105.08090000000001
3592.2520000000004,104.77680000000001,3592.2520000000004,105.73060000000001,3592.2520000000004,105.44659999999999,3592.2520000000004,105.0558
3592.734,104.7544,3592.734,105.7088,3592.734,105.4206,3592.734,105.033
3593.216,104.7411,3593.216,105.6851,3593.216,105.39670000000001,3593.216,105.01400000000001
3593.698,104.7391,3593.698,105.66159999999999,3593.698,105.3779,3593.698,105.0009
3594.181,104.7486,3594.181,105.641,3594.181,105.3667,3594.181,104.99480000000001
3594.663,104.76669999999999,3594.663,105.62519999999999,3594.663,105.3634,3594.663,104.9952
3595.145,104.7888,3595.145,105.6148,3595.145,105.3664,3595.145,104.99959999999999
3595.627,104.80990000000001,3595.627,105.6089,3595.627,105.3731,3595.627,105.0047
3596.1090000000004,104.82629999999999,3596.1090000000004,105.606,3596.1090000000004,105.38080000000001,3596.1090000000004,105.0076
3596.591,104.8363,3596.591,105.6049,3596.591,105.38780000000001,3596.591,105.0071
3597.073,104.84020000000001,3597.073,105.6049,3597.073,105.3933,3597.073,105.00370000000001
3597.555,104.83940000000001,3597.555,105.6061,3597.555,105.3972,3597.555,104.9995
3598.038,104.8357,3598.038,105.60879999999999,3598.038,105.39959999999999,3598.038,104.99700000000001
3598.52,104.83109999999999,3598.52,105.6135,3598.52,105.4006,3598.52,104.99909999999998
3599.002,104.8271,3599.002,105.62039999999999,3599.002,105.4009,3599.002,105.00789999999999
3599.484,104.8251,3599.484,105.6295,3599.484,105.40119999999999,3599.484,105.0245
3599.9660000000003,104.82629999999999,3599.9660000000003,105.641,3599.9660000000003,105.40339999999999,3599.9660000000003,105.04850000000002
3600.4480000000003,104.8308,3600.4480000000003,105.6549,3600.4480000000003,105.40899999999999,3600.4480000000003,105.0778
3600.93,104.8381,3600.93,105.6713,3600.93,105.4195,3600.93,105.1091
3601.412,104.8468,3601.412,105.6897,3601.412,105.4349,3601.412,105.1384
3601.895,104.8549,3601.895,105.70949999999999,3601.895,105.45400000000001,3601.895,105.16220000000001
3602.377,104.8608,3602.377,105.7296,3602.377,105.4746,3602.377,105.1783
3602.859,104.8626,3602.859,105.7483,3602.859,105.49340000000001,3602.859,105.1855
3603.341,104.8588,3603.341,105.7631,3603.341,105.50699999999999,3603.341,105.1833
3603.8230000000003,104.8481,3603.8230000000003,105.7715,3603.8230000000003,105.5126,3603.8230000000003,105.17209999999999
3604.3050000000003,104.83,3604.3050000000003,105.7712,3604.3050000000003,105.508,3604.3050000000003,105.15339999999999
3604.787,104.8049,3604.787,105.7615,3604.787,105.493,3604.787,105.12919999999998
3605.269,104.7744,3605.269,105.74289999999999,3605.269,105.469,3605.269,105.1029
3605.751,104.741,3605.751,105.71820000000001,3605.751,105.4394,3605.751,105.07839999999999
3606.2340000000004,104.7083,3606.2340000000004,105.69170000000001,3606.2340000000004,105.40899999999999,3606.2340000000004,105.0595
3606.716,104.6802,3606.716,105.66919999999999,3606.716,105.3833,3606.716,105.0487
3607.198,104.6595,3607.198,105.65530000000001,3607.198,105.36710000000001,3607.198,105.04560000000001
3607.6800000000003,104.6458,3607.6800000000003,105.65100000000001,3607.6800000000003,105.3606,3607.6800000000003,105.0451
3608.1620000000003,104.63359999999999,3608.1620000000003,105.65070000000001,3608.1620000000003,105.3582,3608.1620000000003,105.037
3608.644,104.614,3608.644,105.644,3608.644,105.3493,3608.644,105.01020000000001
3609.1259999999997,104.5791,3609.1259999999997,105.62,3609.1259999999997,105.3233,3609.1259999999997,104.9575
3609.608,104.52539999999999,3609.608,105.5731,3609.608,105.2745,3609.608,104.8792
3610.0910000000003,104.45439999999999,3610.0910000000003,105.5036,3610.0910000000003,105.2036,3610.0910000000003,104.78229999999999
3610.573,104.37039999999999,3610.573,105.4157,3610.573,105.11500000000001,3610.573,104.67599999999999
3611.055,104.278,3611.055,105.3156,3611.055,105.01480000000001,3611.055,104.5695
3611.5370000000003,104.183,3611.5370000000003,105.2106,3611.5370000000003,104.91109999999999,3611.5370000000003,104.4713
3612.0190000000002,104.09280000000001,3612.0190000000002,105.1106,3612.0190000000002,104.8141,3612.0190000000002,104.3905
3612.5009999999997,104.0167,3612.5009999999997,105.0279,3612.5009999999997,104.73589999999999,3612.5009999999997,104.3353
3612.9829999999997,103.96350000000001,3612.9829999999997,104.97380000000001,3612.9829999999997,104.687,3612.9829999999997,104.3111
3613.465,103.9376,3613.465,104.95410000000001,3613.465,104.6719,3613.465,104.31680000000001
3613.9480000000003,103.938,3613.9480000000003,104.9669,3613.9480000000003,104.6875,3613.9480000000003,104.34570000000001
3614.429,103.95989999999999,3614.429,105.0048,3614.429,104.7253,3614.429,104.38879999999999
3614.912,103.99719999999999,3614.912,105.05819999999999,3614.912,104.7762,3614.912,104.43880000000001
3615.3940000000002,104.0437,3615.3940000000002,105.1177,3615.3940000000002,104.8317,3615.3940000000002,104.49040000000001
3615.876,104.09299999999999,3615.876,105.17479999999999,3615.876,104.88459999999999,3615.876,104.5393
3616.358,104.13920000000002,3616.358,105.22160000000001,3616.358,104.9288,3616.358,104.582
3616.8399999999997,104.17860000000002,3616.8399999999997,105.25359999999999,3616.8399999999997,104.9613,3616.8399999999997,104.61689999999999
3617.322,104.21229999999998,3617.322,105.2719,3617.322,104.9833,3617.322,104.6462
3617.804,104.24659999999999,3617.804,105.2848,3617.804,105.00229999999999,3617.804,104.6764
3618.286,104.29090000000001,3618.286,105.3056,3618.286,105.02940000000001,3618.286,104.7163
3618.769,104.35190000000001,3618.769,105.3462,3618.769,105.07409999999999,3618.769,104.7711
3619.251,104.42819999999999,3619.251,105.4099,3619.251,105.1382,3619.251,104.8389
3619.733,104.5109,3619.733,105.48949999999999,3619.733,105.2152,3619.733,104.91060000000002
3620.215,104.589,3620.215,105.57240000000002,3620.215,105.2958,3620.215,104.9765
3620.6969999999997,104.6562,3620.6969999999997,105.64869999999999,3620.6969999999997,105.3728,3620.6969999999997,105.0317
3621.179,104.7118,3621.179,105.71410000000002,3621.179,105.4438,3621.179,105.07610000000001
3621.661,104.75779999999999,3621.661,105.76820000000001,3621.661,105.50869999999999,3621.661,105.11250000000001
3622.143,104.7959,3622.143,105.8112,3622.143,105.5667,3622.143,105.1421
3622.625,104.8257,3622.625,105.8426,3622.625,105.61540000000001,3622.625,105.16430000000001
3623.108,104.8457,3623.108,105.86089999999999,3623.108,105.6514,3623.108,105.1771
3623.59,104.8552,3623.59,105.8661,3623.59,105.6726,3623.59,105.17970000000001
3624.072,104.85610000000001,3624.072,105.861,3624.072,105.6807,3624.072,105.17430000000002
3624.5539999999996,104.85329999999999,3624.5539999999996,105.85210000000001,3624.5539999999996,105.6814,3624.5539999999996,105.1664
3625.036,104.853,3625.036,105.8467,3625.036,105.6824,3625.036,105.1626
3625.518,104.859,3625.518,105.84979999999999,3625.518,105.69,3625.518,105.16749999999999
3626.0,104.8698,3626.0,105.85979999999999,3626.0,105.7048,3626.0,105.1796
3626.4820000000004,104.878,3626.4820000000004,105.8686,3626.4820000000004,105.72109999999999,3626.4820000000004,105.1917
3626.965,104.87580000000001,3626.965,105.8661,3626.965,105.73129999999999,3626.965,105.1954
3627.447,104.864,3627.447,105.85260000000001,3627.447,105.73559999999999,3627.447,105.19179999999999
3627.929,104.8602,3627.929,105.8473,3627.929,105.75000000000001,3627.929,105.1979
3628.411,104.8861,3628.411,105.87740000000001,3628.411,105.79369999999999,3628.411,105.23530000000001
3628.893,104.9355,3628.893,105.94200000000001,3628.893,105.8579,3628.893,105.298
3629.375,104.969,3629.375,105.9989,3629.375,105.89999999999999,3629.375,105.34570000000001
3629.857,104.9533,3629.857,106.0063,3629.857,105.8851,3629.857,105.34380000000002
3630.3390000000004,104.8932,3630.3390000000004,105.961,3630.3390000000004,105.81830000000001,3630.3390000000004,105.2954
3630.822,104.8168,3630.822,105.88919999999999,3630.822,105.73030000000001,3630.822,105.2278
3631.304,104.75030000000001,3631.304,105.8193,3631.304,105.6498,3631.304,105.16669999999999
3631.786,104.7067,3631.786,105.76820000000001,3631.786,105.5923,3631.786,105.1255
3632.268,104.6878,3632.268,105.7407,3632.268,105.56049999999999,3632.268,105.10600000000001
3632.75,104.688,3632.75,105.7339,3632.75,105.5496,3632.75,105.10360000000001
3633.232,104.6996,3633.232,105.7413,3633.232,105.5516,3633.232,105.111
3633.714,104.71360000000001,3633.714,105.75479999999999,3633.714,105.5574,3633.714,105.12049999999999
3634.1960000000004,104.7224,3634.1960000000004,105.76650000000001,3634.1960000000004,105.55930000000001,3634.1960000000004,105.125
3634.678,104.7209,3634.678,105.77000000000001,3634.678,105.5518,3634.678,105.1199
3635.161,104.70779999999999,3635.161,105.76259999999999,3635.161,105.5336,3635.161,105.1037
3635.643,104.6845,3635.643,105.7446,3635.643,105.50679999999998,3635.643,105.07759999999999
3636.125,104.6543,3636.125,105.71900000000001,3636.125,105.47500000000001,3636.125,105.0446
3636.607,104.62039999999999,3636.607,105.68900000000001,3636.607,105.4424,3636.607,105.008
3637.089,104.58559999999999,3637.089,105.6582,3637.089,105.4125,3637.089,104.9712
3637.571,104.5518,3637.571,105.62879999999998,3637.571,105.38719999999999,3637.571,104.93669999999999
3638.0530000000003,104.5197,3638.0530000000003,105.6016,3638.0530000000003,105.3666,3638.0530000000003,104.9059
3638.535,104.4883,3638.535,105.5754,3638.535,105.3482,3638.535,104.8784
3639.018,104.4559,3639.018,105.5477,3639.018,105.3285,3639.018,104.85199999999999
3639.5,104.4203,3639.5,105.5157,3639.5,105.3039,3639.5,104.82400000000001
3639.982,104.38019999999999,3639.982,105.4776,3639.982,105.2719,3639.982,104.79169999999999
3640.464,104.3358,3640.464,105.43299999999999,3640.464,105.2323,3640.464,104.7539
3640.946,104.28880000000001,3640.946,105.3834,3640.946,105.18730000000001,3640.946,104.71109999999999
3641.428,104.2419,3641.428,105.3313,3641.428,105.14000000000001,3641.428,104.6648
3641.9100000000003,104.197,3641.9100000000003,105.2789,3641.9100000000003,105.0932,3641.9100000000003,104.61720000000001
3642.3920000000003,104.1548,3642.3920000000003,105.2271,3642.3920000000003,105.0482,3642.3920000000003,104.56989999999999
3642.875,104.11429999999999,3642.875,105.17559999999999,3642.875,105.0044,3642.875,104.52349999999998
3643.3559999999998,104.073,3643.3559999999998,105.1232,3643.3559999999998,104.9595,3643.3559999999998,104.4773
3643.839,104.0277,3643.839,105.0677,3643.839,104.9099,3643.839,104.43
3644.3210000000004,103.9742,3644.3210000000004,105.0065,3644.3210000000004,104.8514,3644.3210000000004,104.3785
3644.803,103.908,3644.803,104.93589999999999,3644.803,104.77929999999999,3644.803,104.31909999999999
3645.285,103.8249,3645.285,104.85260000000001,3645.285,104.68990000000001,3645.285,104.24759999999999
3645.7670000000003,103.7239,3645.7670000000003,104.7555,3645.7670000000003,104.58229999999999,3645.7670000000003,104.1624
3646.2490000000003,103.6092,3646.2490000000003,104.64850000000001,3646.2490000000003,104.46230000000001,3646.2490000000003,104.06599999999999
3646.7309999999998,103.4921,3646.7309999999998,104.5423,3646.7309999999998,104.3432,3646.7309999999998,103.96700000000001
3647.2129999999997,103.3898,3647.2129999999997,104.4534,3647.2129999999997,104.24530000000001,3647.2129999999997,103.8793
3647.696,103.322,3647.696,104.40050000000001,3647.696,104.19069999999999,3647.696,103.8194
3648.1780000000003,103.3064,3648.1780000000003,104.39959999999999,3648.1780000000003,104.1973,3648.1780000000003,103.80359999999999
3648.66,103.3558,3648.66,104.4619,3648.66,104.27470000000001,3648.66,103.8457
3649.142,103.47269999999999,3649.142,104.58780000000002,3649.142,104.419,3649.142,103.95160000000001
3649.6240000000003,103.6416,3649.6240000000003,104.7604,3649.6240000000003,104.6077,3649.6240000000003,104.1099
3650.106,103.8265,3650.106,104.9431,3650.106,104.80030000000001,3650.106,104.2878
3650.5879999999997,103.9847,3650.5879999999997,105.09329999999999,3650.5879999999997,104.9537,3650.5879999999997,104.44309999999999
3651.0699999999997,104.08919999999999,3651.0699999999997,105.1857,3651.0699999999997,105.0444,3651.0699999999997,104.5481
3651.552,104.1396,3651.552,105.22210000000001,3651.552,105.0765,3651.552,104.6004
3652.0350000000003,104.15369999999999,3652.0350000000003,105.22370000000001,3652.0350000000003,105.072,3652.0350000000003,104.6168
3652.517,104.15350000000001,3652.517,105.21529999999998,3652.517,105.0562,3652.517,104.619
3652.999,104.1546,3652.999,105.21480000000001,3652.999,105.04659999999998,3652.999,104.6226
3653.481,104.1627,3653.481,105.22879999999999,3653.481,105.05009999999999,3653.481,104.6338
3653.963,104.1757,3653.963,105.25439999999999,3653.963,105.0648,3653.963,104.6509
3654.445,104.1887,3654.445,105.2843,3654.445,105.08489999999999,3654.445,104.6688
3654.9269999999997,104.19860000000001,3654.9269999999997,105.31230000000001,3654.9269999999997,105.1064,3654.9269999999997,104.68390000000001
3655.409,104.2065,3655.409,105.3361,3655.409,105.12859999999999,3655.409,104.6958
3655.8920000000003,104.2137,3655.8920000000003,105.3548,3655.8920000000003,105.1505,3655.8920000000003,104.7042
3656.374,104.2182,3656.374,105.36540000000001,3656.374,105.16760000000001,3656.374,104.70580000000001
3656.8559999999998,104.2157,3656.8559999999998,105.36410000000001,3656.8559999999998,105.1733,3656.8559999999998,104.69649999999999
3657.338,104.206,3657.338,105.35170000000001,3657.338,105.166,3657.338,104.6776
3657.82,104.19460000000001,3657.82,105.3348,3657.82,105.15129999999999,3657.82,104.65660000000001
3658.302,104.1895,3658.302,105.3225,3658.302,105.138,3658.302,104.64359999999999
3658.7839999999997,104.19590000000001,3658.7839999999997,105.3207,3658.7839999999997,105.1331,3658.7839999999997,104.64500000000001
3659.266,104.2144,3659.266,105.3309,3659.266,105.13920000000002,3659.266,104.6623
3659.7490000000003,104.2415,3659.7490000000003,105.3503,3659.7490000000003,105.15440000000001,3659.7490000000003,104.69200000000001
3660.231,104.27120000000001,3660.231,105.3741,3660.231,105.1747,3660.231,104.72749999999999
3660.7129999999997,104.2977,3660.7129999999997,105.39750000000001,3660.7129999999997,105.1954,3660.7129999999997,104.76140000000001
3661.195,104.3164,3661.195,105.417,3661.195,105.2128,3661.195,104.7878
3661.677,104.3256,3661.677,105.43070000000002,3661.677,105.2246,3661.677,104.8034
3662.159,104.3255,3662.159,105.43830000000001,3662.159,105.2301,3662.159,104.80810000000001
3662.6409999999996,104.31859999999999,3662.6409999999996,105.44009999999999,3662.6409999999996,105.22970000000001,3662.6409999999996,104.804
3663.123,104.3077,3663.123,105.437,3663.123,105.2246,3663.123,104.79469999999999
3663.605,104.2955,3663.605,105.4294,3663.605,105.21629999999999,3663.605,104.7834
3664.088,104.2837,3664.088,105.41799999999999,3664.088,105.20609999999999,3664.088,104.77270000000001
3664.5699999999997,104.27340000000001,3664.5699999999997,105.40370000000001,3664.5699999999997,105.1957,3664.5699999999997,104.7636
3665.052,104.26480000000001,3665.052,105.38749999999999,3665.052,105.1863,3665.052,104.7563
3665.534,104.2578,3665.534,105.3708,3665.534,105.179,3665.534,104.75000000000001
3666.016,104.2513,3666.016,105.35399999999998,3666.016,105.1737,3666.016,104.74319999999999
3666.4979999999996,104.24310000000001,3666.4979999999996,105.3364,3666.4979999999996,105.1685,3666.4979999999996,104.73349999999999
3666.98,104.23,3666.98,105.3152,3666.98,105.1596,3666.98,104.7174
3667.462,104.2084,3667.462,105.2872,3667.462,105.14250000000001,3667.462,104.69170000000001
3667.945,104.1777,3667.945,105.2516,3667.945,105.1146,3667.945,104.65599999999999
3668.4269999999997,104.1437,3668.4269999999997,105.2146,3668.4269999999997,105.0805,3668.4269999999997,104.61640000000001
3668.909,104.11999999999999,3668.909,105.1912,3668.909,105.0533,3668.909,104.5869
3669.391,104.1184,3669.391,105.19579999999999,3669.391,105.0465,3669.391,104.5796
3669.873,104.13369999999999,3669.873,105.2247,3669.873,105.05850000000001,3669.873,104.5903
3670.355,104.14159999999998,3670.355,105.252,3670.355,105.0677,3670.355,104.59559999999999
3670.837,104.12110000000001,3670.837,105.252,3670.837,105.0535,3670.837,104.5751
3671.319,104.07409999999999,3671.319,105.223,3671.319,105.0159,3671.319,104.5306
3671.802,104.0197,3671.802,105.1836,3671.802,104.9725,3671.802,104.481
3672.2830000000004,103.97540000000001,3672.2830000000004,105.1532,3672.2830000000004,104.94049999999999,3672.2830000000004,104.4438
3672.766,103.9456,3672.766,105.13729999999998,3672.766,104.92379999999999,3672.766,104.42340000000002
3673.248,103.9209,3673.248,105.1263,3673.248,104.9121,3673.248,104.4111
3673.73,103.8899,3673.73,105.105,3673.73,104.89139999999999,3673.73,104.39540000000001
3674.212,103.85629999999999,3674.212,105.07249999999999,3674.212,104.86059999999999,3674.212,104.379
3674.694,103.8473,3674.694,105.0535,3674.694,104.8436,3674.694,104.3861
3675.176,103.8883,3675.176,105.0773,3675.176,104.8665,3675.176,104.437
3675.658,103.9593,3675.658,105.13239999999999,3675.658,104.9159,3675.658,104.5081
3676.1400000000003,104.0051,3676.1400000000003,105.16980000000001,3676.1400000000003,104.9444,3676.1400000000003,104.545
3676.623,103.99780000000001,3676.623,105.16080000000001,3676.623,104.92760000000001,3676.623,104.52420000000001
3677.105,103.95540000000001,3677.105,105.12060000000001,3677.105,104.883,3677.105,104.468
3677.587,103.9107,3677.587,105.0805,3677.587,104.8425,3677.587,104.41210000000001
3678.069,103.88589999999999,3678.069,105.06249999999999,3678.069,104.8276,3678.069,104.38050000000001
3678.551,103.88790000000002,3678.551,105.07329999999999,3678.551,104.8444,3678.551,104.3809
3679.033,103.9121,3679.033,105.10770000000001,3679.033,104.8865,3679.033,104.40899999999999
3679.515,103.94859999999998,3679.515,105.155,3679.515,104.9421,3679.515,104.45420000000001
3679.9970000000003,103.9876,3679.9970000000003,105.2045,3679.9970000000003,104.99860000000001,3679.9970000000003,104.5048
3680.4790000000003,104.0227,3680.4790000000003,105.24940000000001,3680.4790000000003,105.048,3680.4790000000003,104.5522
3680.962,104.0519,3680.962,105.2874,3680.962,105.0867,3680.962,104.5917
3681.444,104.076,3681.444,105.31909999999999,3681.444,105.1153,3681.444,104.6226
3681.926,104.09580000000001,3681.926,105.34490000000001,3681.926,105.13470000000001,3681.926,104.6448
3682.408,104.1118,3682.408,105.36410000000001,3682.408,105.1457,3682.408,104.65880000000001
3682.89,104.124,3682.89,105.37589999999999,3682.89,105.1487,3682.89,104.6656
3683.372,104.1339,3683.372,105.3814,3683.372,105.1462,3683.372,104.66839999999999
3683.8540000000003,104.145,3683.8540000000003,105.38499999999999,3683.8540000000003,105.1436,3683.8540000000003,104.6726
3684.3360000000002,104.1621,3684.3360000000002,105.39320000000001,3684.3360000000002,105.14829999999999,3684.3360000000002,104.6852
3684.819,104.18849999999999,3684.819,105.4122,3684.819,105.1666,3684.819,104.7113
3685.301,104.22309999999999,3685.301,105.44290000000001,3685.301,105.1997,3685.301,104.75099999999999
3685.783,104.2581,3685.783,105.4786,3685.783,105.24180000000001,3685.783,104.7976
3686.2650000000003,104.2801,3686.2650000000003,105.5051,3686.2650000000003,105.27969999999999,3686.2650000000003,104.8376
3686.747,104.2745,3686.747,105.50500000000001,3686.747,105.2972,3686.747,104.856
3687.229,104.2338,3687.229,105.4667,3687.229,105.2834,3687.229,104.8427
3687.7110000000002,104.16460000000001,3687.7110000000002,105.3935,3687.7110000000002,105.2399,3687.7110000000002,104.80050000000001
3688.193,104.08850000000001,3688.193,105.3061,3688.193,105.18350000000001,3688.193,104.7456
3688.676,104.03290000000001,3688.676,105.23400000000001,3688.676,105.1377,3688.676,104.7002
3689.158,104.0166,3689.158,105.2015,3689.158,105.12129999999999,3689.158,104.6813
3689.64,104.0427,3689.64,105.2166,3689.64,105.1401,3689.64,104.6936
3690.1220000000003,104.1013,3690.1220000000003,105.2717,3690.1220000000003,105.1876,3690.1220000000003,104.7319
3690.604,104.17639999999999,3690.604,105.3498,3690.604,105.2503,3690.604,104.78460000000001
3691.086,104.25200000000001,3691.086,105.4319,3691.086,105.3131,3691.086,104.8388
3691.568,104.3158,3691.568,105.5026,3691.568,105.3634,3691.568,104.8838
3692.05,104.36240000000001,3692.05,105.5542,3692.05,105.3958,3692.05,104.91420000000001
3692.532,104.39290000000001,3692.532,105.5874,3692.532,105.4119,3692.532,104.9312
3693.015,104.413,3693.015,105.60929999999999,3693.015,105.4192,3693.015,104.941
3693.497,104.4298,3693.497,105.6287,3693.497,105.4268,3693.497,104.95110000000001
3693.9790000000003,104.4485,3693.9790000000003,105.6527,3693.9790000000003,105.4417,3693.9790000000003,104.9674
3694.461,104.4708,3694.461,105.6845,3694.461,105.46690000000001,3694.461,104.9923
3694.9429999999998,104.4961,3694.9429999999998,105.72319999999999,3694.9429999999998,105.50139999999999,3694.9429999999998,105.02510000000001
3695.425,104.522,3695.425,105.76509999999999,3695.425,105.5412,3695.425,105.0624
3695.907,104.54639999999999,3695.907,105.80579999999999,3695.907,105.58130000000001,3695.907,105.10029999999999
3696.389,104.5677,3696.389,105.8414,3696.389,105.61720000000001,3696.389,105.135
3696.872,104.5855,3696.872,105.8702,3696.872,105.6463,3696.872,105.16430000000001
3697.354,104.6001,3697.354,105.89219999999999,3697.354,105.66819999999998,3697.354,105.18730000000001
3697.8360000000002,104.6113,3697.8360000000002,105.9088,3697.8360000000002,105.68360000000001,3697.8360000000002,105.20419999999999
3698.318,104.61769999999999,3698.318,105.92029999999998,3698.318,105.6931,3698.318,105.21480000000001
3698.7999999999997,104.61689999999999,3698.7999999999997,105.9264,3698.7999999999997,105.69630000000001,3698.7999999999997,105.2181
3699.282,104.60679999999999,3699.282,105.9256,3699.282,105.69219999999999,3699.282,105.2128
3699.764,104.5879,3699.764,105.91820000000001,3699.764,105.68169999999999,3699.764,105.1998
3700.246,104.565,3700.246,105.90759999999999,3700.246,105.6688,3700.246,105.18320000000001
3700.729,104.54639999999999,3700.729,105.8999,3700.729,105.66009999999999,3700.729,105.1702
3701.211,104.5393,3701.211,105.89999999999999,3701.211,105.66109999999999,3701.211,105.16669999999999
3701.693,104.5442,3701.693,105.907,3701.693,105.67139999999999,3701.693,105.1729
3702.175,104.55449999999999,3702.175,105.9133,3702.175,105.68360000000001,3702.175,105.18190000000001
3702.6569999999997,104.56049999999999,3702.6569999999997,105.9098,3702.6569999999997,105.68820000000001,3702.6569999999997,105.18430000000001
3703.139,104.5556,3703.139,105.8908,3703.139,105.6789,3703.139,105.1737
3703.621,104.5396,3703.621,105.85739999999998,3703.621,105.6556,3703.621,105.14959999999999
3704.103,104.5172,3704.103,105.8153,3704.103,105.6231,3704.103,105.11600000000001
3704.5849999999996,104.49459999999999,3704.5849999999996,105.7723,3704.5849999999996,105.5879,3704.5849999999996,105.0788
3705.0679999999998,104.4766,3705.0679999999998,105.7342,3705.0679999999998,105.5556,3705.0679999999998,105.0432
3705.55,104.46470000000001,3705.55,105.7039,3705.55,105.52850000000001,3705.55,105.0119
3706.032,104.45629999999998,3706.032,105.67999999999999,3706.032,105.5056,3706.032,104.9841
3706.5139999999997,104.4461,3706.5139999999997,105.6579,3706.5139999999997,105.4827,3706.5139999999997,104.95639999999999
3706.996,104.42720000000001,3706.996,105.63119999999999,3706.996,105.45400000000001,3706.996,104.9237
3707.478,104.3942,3707.478,105.59369999999998,3707.478,105.4141,3707.478,104.88109999999999
3707.96,104.3452,3707.96,105.54220000000001,3707.96,105.36019999999999,3707.96,104.8259
3708.442,104.2833,3708.442,105.47800000000001,3708.442,105.2934,3708.442,104.7595
3708.9249999999997,104.2165,3708.9249999999997,105.4079,3708.9249999999997,105.21979999999999,3708.9249999999997,104.68809999999999
3709.406,104.1569,3709.406,105.34360000000001,3709.406,105.1498,3709.406,104.6229
3709.889,104.11729999999999,3709.889,105.2993,3709.889,105.09660000000001,3709.889,104.57799999999999
3710.3709999999996,104.10600000000001,3710.3709999999996,105.28649999999999,3710.3709999999996,105.0714,3710.3709999999996,104.56490000000001
3710.853,104.12110000000001,3710.853,105.3066,3710.853,105.0773,3710.853,104.58579999999999
3711.335,104.14889999999998,3711.335,105.3466,3711.335,105.1048,3711.335,104.6287
3711.817,104.16879999999999,3711.817,105.38380000000001,3711.817,105.1353,3711.817,104.67120000000001
3712.299,104.1666,3712.299,105.39890000000001,3712.299,105.1517,3712.299,104.6937
3712.781,104.1412,3712.781,105.3869,3712.781,105.14859999999999,3712.781,104.6897
3713.263,104.1036,3713.263,105.35730000000001,3713.263,105.13239999999999,3713.263,104.66709999999999
3713.746,104.0684,3713.746,105.32600000000001,3713.746,105.11550000000001,3713.746,104.64059999999999
3714.228,104.0464,3714.228,105.30699999999999,3714.228,105.10839999999999,3714.228,104.6233
3714.71,104.04169999999999,3714.71,105.3066,3714.71,105.11600000000001,3714.71,104.62219999999999
3715.192,104.0519,3715.192,105.3234,3715.192,105.13680000000001,3715.192,104.63739999999999
3715.674,104.07079999999999,3715.674,105.35079999999999,3715.674,105.1653,3715.674,104.66420000000001
3716.156,104.0919,3716.156,105.38000000000001,3716.156,105.19460000000001,3716.156,104.69599999999998
3716.638,104.111,3716.638,105.40400000000001,3716.638,105.22009999999999,3716.638,104.72699999999999
3717.12,104.1275,3717.12,105.42009999999999,3717.12,105.2405,3717.12,104.7547
3717.603,104.14380000000001,3717.603,105.4298,3717.603,105.2576,3717.603,104.77929999999999
3718.085,104.1631,3718.085,105.4373,3718.085,105.27470000000001,3718.085,104.80259999999998
3718.567,104.18620000000001,3718.567,105.44659999999999,3718.567,105.2937,3718.567,104.8257
3719.049,104.21149999999999,3719.049,105.45930000000001,3719.049,105.31379999999999,3719.049,104.84830000000001
3719.531,104.2351,3719.531,105.47390000000001,3719.531,105.33200000000001,3719.531,104.8686
3720.013,104.25340000000001,3720.013,105.4875,3720.013,105.34479999999999,3720.013,104.8848
3720.495,104.26530000000001,3720.495,105.49770000000001,3720.495,105.3506,3720.495,104.89630000000001
3720.977,104.2735,3720.977,105.50450000000001,3720.977,105.3512,3720.977,104.90459999999999
3721.459,104.28299999999999,3721.459,105.5105,3721.459,105.3506,3721.459,104.9126
3721.942,104.29870000000001,3721.942,105.51919999999998,3721.942,105.3536,3721.942,104.9231
3722.424,104.32289999999999,3722.424,105.53330000000001,3722.424,105.3629,3722.424,104.93650000000001
3722.906,104.3538,3722.906,105.55300000000001,3722.906,105.378,3722.906,104.9517
3723.388,104.3879,3723.388,105.57719999999999,3723.388,105.39639999999999,3723.388,104.96669999999999
3723.87,104.422,3723.87,105.60510000000001,3723.87,105.4162,3723.87,104.98160000000001
3724.3520000000003,104.4551,3724.3520000000003,105.637,3724.3520000000003,105.4374,3724.3520000000003,104.9984
3724.834,104.4887,3724.834,105.67439999999999,3724.834,105.46230000000001,3724.834,105.02130000000001
3725.316,104.5245,3725.316,105.71900000000001,3725.316,105.494,3725.316,105.0537
3725.799,104.5625,3725.799,105.76950000000001,3725.799,105.53330000000001,3725.799,105.0957
3726.281,104.5984,3726.281,105.82020000000001,3726.281,105.5766,3726.281,105.1419
3726.763,104.62549999999999,3726.763,105.8621,3726.763,105.616,3726.763,105.18270000000001
3727.245,104.6387,3727.245,105.88839999999999,3727.245,105.64439999999999,3727.245,105.2101
3727.727,104.639,3727.727,105.89869999999999,3727.727,105.65990000000001,3727.727,105.22240000000001
3728.2090000000003,104.6329,3728.2090000000003,105.89930000000001,3728.2090000000003,105.6668,3728.2090000000003,105.2245
3728.691,104.62769999999999,3728.691,105.8983,3728.691,105.6711,3728.691,105.2235
3729.173,104.6267,3729.173,105.90010000000001,3729.173,105.67599999999999,3729.173,105.223
3729.656,104.6268,3729.656,105.9022,3729.656,105.67850000000001,3729.656,105.22070000000001
3730.1380000000004,104.6191,3730.1380000000004,105.8962,3730.1380000000004,105.6705,3730.1380000000004,105.20909999999999
3730.62,104.5928,3730.62,105.87100000000001,3730.62,105.6422,3730.62,105.1787
3731.102,104.5398,3731.102,105.8181,3731.102,105.5866,3731.102,105.1232
3731.584,104.4581,3731.584,105.73539999999998,3731.584,105.5033,3731.584,105.0424
3732.0660000000003,104.35350000000001,3732.0660000000003,105.6284,3732.0660000000003,105.399,3732.0660000000003,104.9429
3732.548,104.2374,3732.548,105.50869999999999,3732.548,105.28569999999999,3732.548,104.83640000000001
3733.0299999999997,104.1252,3733.0299999999997,105.3914,3733.0299999999997,105.17790000000001,3733.0299999999997,104.7365
3733.512,104.0338,3733.512,105.2932,3733.512,105.0913,3733.512,104.6577
3733.9950000000003,103.9802,3733.9950000000003,105.2313,3733.9950000000003,105.0413,3733.9950000000003,104.6132
3734.477,103.9778,3734.477,105.22009999999999,3734.477,105.04050000000001,3734.477,104.6135
3734.959,104.0285,3734.959,105.26329999999999,3734.959,105.0911,3734.959,104.65880000000001
3735.441,104.11319999999999,3735.441,105.34349999999999,3735.441,105.17479999999999,3735.441,104.73179999999999
3735.9230000000002,104.1932,3735.9230000000002,105.4222,3735.9230000000002,105.2533,3735.9230000000002,104.7981
3736.405,104.2314,3736.405,105.46029999999999,3736.405,105.2889,3736.405,104.8259
3736.8869999999997,104.21430000000001,3736.8869999999997,105.442,3736.8869999999997,105.2669,3736.8869999999997,104.80499999999999
3737.369,104.15339999999999,3737.369,105.3776,3737.369,105.1985,3737.369,104.7469
3737.8520000000003,104.0705,3737.8520000000003,105.28949999999999,3737.8520000000003,105.10600000000001,3737.8520000000003,104.67139999999999
3738.333,103.9847,3738.333,105.19810000000001,3738.333,105.00959999999999,3738.333,104.5944
3738.816,103.908,3738.816,105.11649999999999,3738.816,104.92280000000001,3738.816,104.5253
3739.298,103.84880000000001,3739.298,105.054,3739.298,104.8553,3739.298,104.4705
3739.78,103.8154,3739.78,105.01910000000001,3739.78,104.81640000000002,3739.78,104.4373
3740.262,103.8176,3740.262,105.0227,3740.262,104.8165,3740.262,104.43560000000001
3740.7439999999997,103.864,3740.7439999999997,105.0747,3740.7439999999997,104.8651,3740.7439999999997,104.4754
3741.226,103.95700000000001,3741.226,105.1795,3741.226,104.965,3741.226,104.5615
3741.708,104.0866,3741.708,105.32900000000001,3741.708,105.1064,3741.708,104.6864
3742.19,104.2276,3742.19,105.4988,3742.19,105.264,3742.19,104.82730000000001
3742.673,104.3429,3742.673,105.65020000000001,3742.673,105.39890000000001,3742.673,104.9484
3743.1549999999997,104.39620000000001,3743.1549999999997,105.74239999999999,3743.1549999999997,105.4718,3743.1549999999997,105.013
3743.637,104.3698,3743.637,105.7506,3743.637,105.461,3743.637,105.0003
3744.119,104.2723,3744.119,105.67530000000001,3744.119,105.3712,3744.119,104.9135
3744.6009999999997,104.12539999999998,3744.6009999999997,105.5324,3744.6009999999997,105.22290000000001,3744.6009999999997,104.7693
3745.083,103.95270000000001,3745.083,105.34490000000001,3745.083,105.0408,3745.083,104.5905
3745.565,103.78289999999998,3745.565,105.14779999999999,3745.565,104.857,3745.565,104.40929999999999
3746.047,103.64750000000001,3746.047,104.9812,3746.047,104.7067,3746.047,104.2613
3746.5299999999997,103.56540000000001,3746.5299999999997,104.87219999999999,3746.5299999999997,104.61229999999999,3746.5299999999997,104.16859999999998
3747.0119999999997,103.5352,3747.0119999999997,104.8233,3747.0119999999997,104.5741,3747.0119999999997,104.1306
3747.494,103.5374,3747.494,104.81530000000001,3747.494,104.5728,3747.494,104.12760000000002
3747.976,103.5442,3747.976,104.81739999999999,3747.976,104.5793,3747.976,104.1309
3748.4579999999996,103.5325,3748.4579999999996,104.8012,3748.4579999999996,104.5673,3748.4579999999996,104.1154
3748.94,103.4958,3748.94,104.7552,3748.94,104.5266,3748.94,104.0722
3749.422,103.44839999999999,3749.422,104.69170000000001,3749.422,104.4691,3749.422,104.01370000000001
3749.904,103.4185,3749.904,104.641,3749.904,104.42260000000002,3749.904,103.96700000000001
3750.386,103.42960000000001,3750.386,104.633,3750.386,104.4143,3750.386,103.9582
3750.8689999999997,103.48600000000002,3750.8689999999997,104.67880000000001,3750.8689999999997,104.4538,3750.8689999999997,103.99560000000001
3751.351,103.5682,3751.351,104.7617,3751.351,104.5264,3751.351,104.06470000000002
3751.833,103.6443,3751.833,104.84700000000001,3751.833,104.6017,3751.833,104.1366
3752.315,103.688,3752.315,104.9022,3752.315,104.65100000000001,3752.315,104.1849
3752.797,103.69139999999999,3752.797,104.91299999999998,3752.797,104.6622,3752.797,104.199
3753.279,103.6651,3753.279,104.8867,3753.279,104.6418,3753.279,104.1858
3753.761,103.62849999999999,3753.761,104.8427,3753.761,104.60730000000001,3753.761,104.1618
3754.243,103.59899999999999,3754.243,104.8006,3754.243,104.5755,3754.243,104.1423
3754.7259999999997,103.58559999999999,3754.7259999999997,104.7719,3754.7259999999997,104.55630000000001,3754.7259999999997,104.1353
3755.208,103.5879,3755.208,104.7582,3755.208,104.55030000000001,3755.208,104.14030000000001
3755.69,103.5987,3755.69,104.75380000000001,3755.69,104.5523,3755.69,104.15090000000001
3756.172,103.60910000000001,3756.172,104.75080000000001,3756.172,104.55499999999999,3756.172,104.15939999999999
3756.654,103.61340000000001,3756.654,104.7444,3756.654,104.55479999999999,3756.654,104.16149999999999
3757.136,103.6117,3757.136,104.7362,3757.136,104.5539,3757.136,104.159
3757.618,103.60990000000001,3757.618,104.7342,3757.618,104.5602,3757.618,104.15920000000001
3758.1,103.61689999999999,3758.1,104.7486,3758.1,104.58279999999999,3758.1,104.1712
3758.5829999999996,103.6395,3758.5829999999996,104.7865,3758.5829999999996,104.62769999999999,3758.5829999999996,104.2011
3759.065,103.67830000000001,3759.065,104.8469,3759.065,104.69250000000001,3759.065,104.24770000000001
3759.547,103.7258,3759.547,104.91850000000001,3759.547,104.7655,3759.547,104.30120000000001
3760.029,103.7689,3760.029,104.98320000000001,3760.029,104.8294,3760.029,104.3467
3760.511,103.79599999999999,3760.511,105.0254,3760.511,104.8698,3760.511,104.372
3760.993,103.80359999999999,3760.993,105.0393,3760.993,104.8827,3760.993,104.37389999999999
3761.475,103.79670000000002,3761.475,105.0313,3761.475,104.87480000000001,3761.475,104.3589
3761.957,103.7848,3761.957,105.01339999999999,3761.957,104.8581,3761.957,104.338
3762.4390000000003,103.77479999999998,3762.4390000000003,104.9965,3762.4390000000003,104.8427,3762.4390000000003,104.3198
3762.922,103.7687,3762.922,104.9853,3762.922,104.83229999999999,3762.922,104.30760000000001
3763.404,103.76389999999999,3763.404,104.9795,3763.404,104.8257,3763.404,104.3
3763.886,103.7572,3763.886,104.97710000000001,3763.886,104.8199,3763.886,104.29509999999999
3764.368,103.7484,3764.368,104.97780000000002,3764.368,104.81400000000001,3764.368,104.29280000000001
3764.85,103.7403,3764.85,104.98369999999998,3764.85,104.80990000000001,3764.85,104.29509999999999
3765.332,103.73559999999999,3765.332,104.9961,3765.332,104.8093,3765.332,104.3031
3765.814,103.73570000000001,3765.814,105.01400000000001,3765.814,104.8122,3765.814,104.3153
3766.2960000000003,103.74019999999999,3766.2960000000003,105.0351,3766.2960000000003,104.8176,3766.2960000000003,104.3291
3766.779,103.74799999999999,3766.779,105.05690000000001,3766.779,104.8237,3766.779,104.3422
3767.26,103.7569,3767.26,105.07629999999999,3767.26,104.82780000000001,3767.26,104.3526
3767.743,103.76419999999999,3767.743,105.08999999999999,3767.743,104.8264,3767.743,104.35829999999999
3768.2250000000004,103.7682,3768.2250000000004,105.09599999999999,3768.2250000000004,104.81799999999998,3768.2250000000004,104.3594
3768.707,103.7714,3768.707,105.0962,3768.707,104.80499999999999,3768.707,104.3597
3769.189,103.7784,3769.189,105.09599999999999,3769.189,104.7946,3769.189,104.36529999999999
3769.671,103.793,3769.671,105.1007,3769.671,104.7939,3769.671,104.3803
3770.1530000000002,103.81320000000001,3770.1530000000002,105.1106,3770.1530000000002,104.8049,3770.1530000000002,104.40259999999999
3770.6349999999998,103.83359999999999,3770.6349999999998,105.1219,3770.6349999999998,104.82430000000001,3770.6349999999998,104.42530000000001
3771.117,103.8497,3771.117,105.1312,3771.117,104.8478,3771.117,104.443
3771.6,103.86139999999999,3771.6,105.1381,3771.6,104.87310000000001,3771.6,104.4549
3772.0820000000003,103.8713,3772.0820000000003,105.1447,3772.0820000000003,104.89999999999999,3772.0820000000003,104.46359999999999
3772.564,103.8823,3772.564,105.1537,3772.564,104.9289,3772.564,104.4726
3773.046,103.89569999999999,3773.046,105.1657,3773.046,104.95890000000001,3773.046,104.4837
3773.528,103.9106,3773.528,105.1795,3773.528,104.98719999999999,3773.528,104.49690000000001
3774.01,103.92410000000001,3774.01,105.1919,3774.01,105.01,3774.01,104.5096
3774.4919999999997,103.93220000000001,3774.4919999999997,105.19860000000001,3774.4919999999997,105.0227,3774.4919999999997,104.5178
3774.974,103.93090000000001,3774.974,105.19579999999999,3774.974,105.0211,3774.974,104.51710000000001
3775.457,103.9169,3775.457,105.18050000000001,3775.457,105.00309999999999,3775.457,104.5039
3775.9390000000003,103.88949999999998,3775.9390000000003,105.15220000000001,3775.9390000000003,104.9687,3775.9390000000003,104.47649999999999
3776.421,103.85029999999999,3776.421,105.11269999999999,3776.421,104.92060000000001,3776.421,104.4357
3776.903,103.8032,3776.903,105.0661,3776.903,104.864,3776.903,104.3849
3777.3849999999998,103.755,3777.3849999999998,105.0186,3777.3849999999998,104.80609999999999,3777.3849999999998,104.33049999999999
3777.867,103.71459999999999,3777.867,104.97829999999999,3777.867,104.7568,3777.867,104.28170000000001
3778.349,103.69120000000001,3778.349,104.9539,3778.349,104.72600000000001,3778.349,104.249
3778.831,103.6903,3778.831,104.95049999999999,3778.831,104.72019999999999,3778.831,104.23979999999999
3779.313,103.7088,3779.313,104.96509999999999,3779.313,104.737,3779.313,104.25359999999999
3779.7960000000003,103.7347,3779.7960000000003,104.9865,3779.7960000000003,104.7645,3779.7960000000003,104.28020000000001
3780.2780000000002,103.75410000000001,3780.2780000000002,105.00110000000001,3780.2780000000002,104.78790000000001,3780.2780000000002,104.30569999999999
3780.7599999999998,103.75840000000001,3780.7599999999998,105.00099999999999,3780.7599999999998,104.7974,3780.7599999999998,104.3199
3781.2419999999997,103.74699999999999,3781.2419999999997,104.9858,3781.2419999999997,104.79119999999999,3781.2419999999997,104.3197
3781.724,103.72380000000001,3781.724,104.9595,3781.724,104.7728,3781.724,104.3064
3782.206,103.6931,3782.206,104.92630000000001,3782.206,104.7464,3782.206,104.28269999999999
3782.688,103.65899999999999,3782.688,104.8894,3782.688,104.71619999999999,3782.688,104.25150000000001
3783.17,103.6254,3783.17,104.85249999999999,3783.17,104.6865,3783.17,104.2173
3783.6530000000002,103.59830000000001,3783.6530000000002,104.82100000000001,3783.6530000000002,104.66359999999999,3783.6530000000002,104.18719999999999
3784.135,103.5835,3784.135,104.80199999999999,3784.135,104.65390000000001,3784.135,104.1695
3784.6169999999997,103.58529999999999,3784.6169999999997,104.80100000000002,3784.6169999999997,104.6618,3784.6169999999997,104.17099999999999
3785.0989999999997,103.6034,3785.0989999999997,104.8196,3785.0989999999997,104.6872,3785.0989999999997,104.1933
3785.581,103.63389999999998,3785.581,104.8549,3785.581,104.7256,3785.581,104.233
3786.063,103.67120000000001,3786.063,104.90090000000001,3786.063,104.7706,3786.063,104.2832
3786.545,103.7097,3786.545,104.95030000000001,3786.545,104.8151,3786.545,104.3356
3787.027,103.7449,3787.027,104.99680000000001,3787.027,104.85389999999998,3787.027,104.3833
3787.51,103.77430000000001,3787.51,105.03569999999999,3787.51,104.8835,3787.51,104.4212
3787.992,103.7971,3787.992,105.06500000000001,3787.992,104.9032,3787.992,104.4473
3788.4739999999997,103.81439999999999,3788.4739999999997,105.0853,3788.4739999999997,104.9145,3788.4739999999997,104.46200000000002
3788.9559999999997,103.8279,3788.9559999999997,105.0989,3788.9559999999997,104.9202,3788.9559999999997,104.4678
3789.438,103.8389,3789.438,105.10870000000001,3789.438,104.92300000000002,3789.438,104.46740000000001
3789.92,103.8475,3789.92,105.1159,3789.92,104.92459999999998,3789.92,104.463
3790.402,103.8527,3790.402,105.12049999999999,3790.402,104.92479999999999,3790.402,104.4556
3790.884,103.853,3790.884,105.12079999999999,3790.884,104.9222,3790.884,104.4453
3791.366,103.8474,3791.366,105.1153,3791.366,104.9153,3791.366,104.43229999999998
3791.849,103.83590000000001,3791.849,105.1032,3791.849,104.9032,3791.849,104.41709999999999
3792.3309999999997,103.8196,3792.3309999999997,105.0853,3792.3309999999997,104.88569999999999,3792.3309999999997,104.40050000000001
3792.8129999999996,103.79929999999999,3792.8129999999996,105.0629,3792.8129999999996,104.8629,3792.8129999999996,104.3828
3793.295,103.7744,3793.295,105.0363,3793.295,104.83359999999999,3793.295,104.36229999999999
3793.777,103.742,3793.777,105.0041,3793.777,104.79499999999999,3793.777,104.33539999999999
3794.2590000000005,103.6988,3794.2590000000005,104.9631,3794.2590000000005,104.7439,3794.2590000000005,104.2978
3794.741,103.64370000000001,3794.741,104.912,3794.741,104.6799,3794.741,104.2475
3795.223,103.58130000000001,3795.223,104.85389999999998,3795.223,104.60860000000001,3795.223,104.18849999999999
3795.706,103.52190000000002,3795.706,104.7969,3795.706,104.5418,3795.706,104.1301
3796.188,103.4776,3796.188,104.7514,3796.188,104.49329999999999,3796.188,104.08420000000001
3796.6699999999996,103.45649999999999,3796.6699999999996,104.72449999999999,3796.6699999999996,104.4724,3796.6699999999996,104.05869999999999
3797.152,103.4605,3797.152,104.7196,3797.152,104.481,3797.152,104.05640000000001
3797.634,103.48729999999999,3797.634,104.7365,3797.634,104.5158,3797.634,104.0755
3798.1160000000004,103.53099999999999,3798.1160000000004,104.7726,3798.1160000000004,104.5698,3798.1160000000004,104.1115
3798.598,103.58229999999999,3798.598,104.82039999999999,3798.598,104.6319,3798.598,104.1558
3799.08,103.6284,3799.08,104.867,3799.08,104.68759999999999,3799.08,104.1963
3799.563,103.65729999999999,3799.563,104.8986,3799.563,104.7229,3799.563,104.2219
3800.044,103.66720000000001,3800.044,104.90889999999999,3800.044,104.7332,3800.044,104.2313
3800.5269999999996,103.67120000000001,3800.5269999999996,104.9077,3800.5269999999996,104.7302,3800.5269999999996,104.23830000000001
3801.009,103.6891,3801.009,104.9135,3801.009,104.7352,3801.009,104.2629
3801.491,103.7231,3801.491,104.9318,3801.491,104.75540000000001,3801.491,104.3069
3801.9730000000004,103.75080000000001,3801.9730000000004,104.9456,3801.9730000000004,104.7739,3801.9730000000004,104.3466
3802.455,103.75110000000001,3802.455,104.9378,3802.455,104.77250000000001,3802.455,104.3598
3802.937,103.72809999999998,3802.937,104.9139,3802.937,104.75399999999999,3802.937,104.34939999999999
3803.419,103.7027,3803.419,104.8953,3803.419,104.73740000000001,3803.419,104.33600000000001
3803.901,103.69330000000001,3803.901,104.9002,3803.901,104.7393,3803.901,104.3377
3804.3839999999996,103.7054,3804.3839999999996,104.9333,3804.3839999999996,104.7642,3804.3839999999996,104.3598
3804.866,103.7337,3804.866,104.9874,3804.866,104.80499999999999,3804.866,104.39609999999999
3805.348,103.7689,3805.348,105.0495,3805.348,104.85040000000001,3805.348,104.4359
3805.8300000000004,103.80529999999999,3805.8300000000004,105.10999999999999,3805.8300000000004,104.8923,3805.8300000000004,104.47139999999999
3806.3120000000004,103.8416,3806.3120000000004,105.16399999999999,3806.3120000000004,104.9285,3806.3120000000004,104.5003
3806.794,103.8749,3806.794,105.2073,3806.794,104.9571,3806.794,104.5203
3807.276,103.89630000000001,3807.276,105.2313,3807.276,104.9714,3807.276,104.52550000000001
3807.758,103.89710000000001,3807.758,105.2291,3807.758,104.9655,3807.758,104.5115
3808.2400000000002,103.8787,3808.2400000000002,105.20400000000001,3808.2400000000002,104.9416,3808.2400000000002,104.4824
3808.723,103.85079999999999,3808.723,105.1677,3808.723,104.9097,3808.723,104.4491
3809.205,103.8239,3809.205,105.13170000000001,3809.205,104.8792,3809.205,104.421
3809.6870000000004,103.80259999999998,3809.6870000000004,105.10170000000001,3809.6870000000004,104.8543,3809.6870000000004,104.4019
3810.1690000000003,103.7868,3810.1690000000003,105.07759999999999,3810.1690000000003,104.83420000000001,3810.1690000000003,104.3899
3810.651,103.77499999999999,3810.651,105.05819999999999,3810.651,104.8171,3810.651,104.3824
3811.133,103.7679,3811.133,105.0444,3811.133,104.8038,3811.133,104.3785
3811.615,103.7689,3811.615,105.0401,3811.615,104.7987,3811.615,104.38050000000001
3812.097,103.7827,3812.097,105.051,3812.097,104.8074,3812.097,104.3922
3812.58,103.8115,3812.58,105.0795,3812.58,104.8333,3812.58,104.4149
3813.062,103.8511,3813.062,105.12140000000001,3813.062,104.8732,3813.062,104.4445
3813.5440000000003,103.8905,3813.5440000000003,105.16449999999999,3813.5440000000003,104.9163,3813.5440000000003,104.4703
3814.0260000000003,103.9145,3814.0260000000003,105.1912,3814.0260000000003,104.9471,3814.0260000000003,104.47789999999999
3814.508,103.91,3814.508,105.18670000000002,3814.508,104.95209999999999,3814.508,104.4567
3814.99,103.87310000000001,3814.99,105.1456,3814.99,104.9262,3814.99,104.4062
3815.4719999999998,103.809,3815.4719999999998,105.0742,3815.4719999999998,104.87359999999998,3815.4719999999998,104.3352
3815.954,103.7251,3815.954,104.9822,3815.954,104.80030000000001,3815.954,104.25340000000001
3816.437,103.62830000000001,3816.437,104.8784,3816.437,104.7113,3816.437,104.16680000000001
3816.919,103.5293,3816.919,104.77319999999999,3816.919,104.61560000000001,3816.919,104.08139999999999
3817.4010000000003,103.4432,3817.4010000000003,104.6815,3817.4010000000003,104.5282,3817.4010000000003,104.008
3817.8830000000003,103.3826,3817.8830000000003,104.61590000000001,3817.8830000000003,104.46279999999999,3817.8830000000003,103.95620000000001
3818.365,103.3508,3818.365,104.5804,3818.365,104.4246,3818.365,103.92840000000001
3818.8469999999998,103.34259999999999,3818.8469999999998,104.56970000000001,3818.8469999999998,104.40990000000001,3818.8469999999998,103.91969999999999
3819.3289999999997,103.35069999999999,3819.3289999999997,104.57639999999999,3819.3289999999997,104.4124,3819.3289999999997,103.92380000000001
3819.811,103.37570000000001,3819.811,104.6004,3819.811,104.4334,3819.811,103.9426
3820.293,103.42720000000001,3820.293,104.65230000000001,3820.293,104.48329999999999,3820.293,103.9873
3820.776,103.50779999999999,3820.776,104.7362,3820.776,104.5647,3820.776,104.06169999999999
3821.2580000000003,103.593,3821.2580000000003,104.8282,3821.2580000000003,104.6527,3821.2580000000003,104.1427
3821.7400000000002,103.64390000000002,3821.7400000000002,104.8867,3821.7400000000002,104.7061,3821.7400000000002,104.19179999999999
3822.222,103.64320000000001,3822.222,104.89090000000002,3822.222,104.7051,3822.222,104.1914
3822.7039999999997,103.6052,3822.7039999999997,104.85389999999998,3822.7039999999997,104.664,3822.7039999999997,104.15540000000001
3823.1859999999997,103.5559,3823.1859999999997,104.8038,3823.1859999999997,104.6107,3823.1859999999997,104.1099
3823.668,103.5139,3823.668,104.76209999999999,3823.668,104.5666,3823.668,104.07390000000001
3824.15,103.4857,3824.15,104.73729999999999,3824.15,104.54,3824.15,104.05420000000001
3824.633,103.46940000000001,3824.633,104.72779999999999,3824.633,104.5296,3824.633,104.04880000000001
3825.1150000000002,103.461,3825.1150000000002,104.7285,3825.1150000000002,104.5309,3825.1150000000002,104.0533
3825.597,103.45949999999999,3825.597,104.736,3825.597,104.5405,3825.597,104.06530000000001
3826.079,103.46679999999999,3826.079,104.7499,3826.079,104.55810000000001,3826.079,104.0853
3826.5609999999997,103.4852,3826.5609999999997,104.7713,3826.5609999999997,104.584,3826.5609999999997,104.1144
3827.0429999999997,103.5139,3827.0429999999997,104.7994,3827.0429999999997,104.61689999999999,3827.0429999999997,104.15160000000002
3827.525,103.5493,3827.525,104.83210000000001,3827.525,104.654,3827.525,104.1939
3828.007,103.58659999999999,3828.007,104.86670000000001,3828.007,104.6921,3828.007,104.23780000000001
3828.49,103.6211,3828.49,104.9002,3828.49,104.728,3828.49,104.2789
3828.971,103.6483,3828.971,104.9292,3828.971,104.75779999999999,3828.971,104.3129
3829.454,103.66470000000001,3829.454,104.95030000000001,3829.454,104.7776,3829.454,104.3352
3829.936,103.6696,3829.936,104.96190000000001,3829.936,104.78490000000001,3829.936,104.3434
3830.4179999999997,103.66550000000001,3830.4179999999997,104.96520000000001,3830.4179999999997,104.7804,3830.4179999999997,104.3379
3830.8999999999996,103.65729999999999,3830.8999999999996,104.9636,3830.8999999999996,104.7673,3830.8999999999996,104.3225
3831.382,103.6494,3831.382,104.9603,3831.382,104.75000000000001,3831.382,104.3018
3831.864,103.64320000000001,3831.864,104.9563,3831.864,104.7312,3831.864,104.27969999999999
3832.3460000000005,103.63739999999999,3832.3460000000005,104.9501,3832.3460000000005,104.71209999999999,3832.3460000000005,104.2583
3832.828,103.6299,3832.828,104.9408,3832.828,104.6935,3832.828,104.2397
3833.311,103.6211,3833.311,104.93010000000001,3833.311,104.6778,3833.311,104.22690000000001
3833.793,103.61340000000001,3833.793,104.922,3833.793,104.66839999999999,3833.793,104.2235
3834.275,103.6105,3834.275,104.9209,3834.275,104.6686,3834.275,104.2321
3834.7569999999996,103.61389999999999,3834.7569999999996,104.9285,3834.7569999999996,104.67850000000001,3834.7569999999996,104.2518
3835.239,103.62100000000001,3835.239,104.9408,3835.239,104.6935,3835.239,104.2761
3835.721,103.6243,3835.721,104.94760000000001,3835.721,104.7034,3835.721,104.2935
3836.2030000000004,103.6132,3836.2030000000004,104.9341,3836.2030000000004,104.69489999999999,3836.2030000000004,104.2897
3836.685,103.57860000000001,3836.685,104.88740000000001,3836.685,104.6567,3836.685,104.2531
3837.167,103.5185,3837.167,104.8036,3837.167,104.5865,3837.167,104.18220000000001
3837.65,103.4419,3837.65,104.6931,3837.65,104.4945,3837.65,104.0888
3838.132,103.36659999999999,3838.132,104.5789,3838.132,104.4019,3838.132,103.99499999999999
3838.6139999999996,103.3117,3838.6139999999996,104.48759999999999,3838.6139999999996,104.3316,3838.6139999999996,103.92410000000001
3839.096,103.2891,3839.096,104.4375,3839.096,104.2988,3839.096,103.8906
3839.578,103.3007,3839.578,104.4336,3839.578,104.30630000000001,3839.578,103.89580000000001
3840.0600000000004,103.3392,3840.0600000000004,104.4678,3840.0600000000004,104.34619999999998,3840.0600000000004,103.9303
3840.542,103.39359999999999,3840.542,104.52570000000001,3840.542,104.40549999999999,3840.542,103.9807
3841.024,103.4524,3841.024,104.59290000000001,3841.024,104.4716,3841.024,104.03420000000001
3841.507,103.5077,3841.507,104.6586,3841.507,104.53559999999999,3841.507,104.0831
3841.989,103.556,3841.989,104.71870000000001,3841.989,104.5943,3841.989,104.12539999999998
3842.4709999999995,103.5984,3842.4709999999995,104.7739,3842.4709999999995,104.6489,3842.4709999999995,104.1644
3842.953,103.63789999999999,3842.953,104.8277,3842.953,104.70250000000001,3842.953,104.20469999999999
3843.435,103.6759,3843.435,104.8813,3843.435,104.7558,3843.435,104.2485
3843.9170000000004,103.71030000000002,3843.9170000000004,104.93140000000001,3843.9170000000004,104.8047,3843.9170000000004,104.29260000000001
3844.3990000000003,103.73540000000001,3844.3990000000003,104.9709,3844.3990000000003,104.8411,3844.3990000000003,104.32939999999999
3844.881,103.7454,3844.881,104.9922,3844.881,104.85690000000001,3844.881,104.3505
3845.364,103.7373,3845.364,104.9917,3845.364,104.84830000000001,3845.364,104.3512
3845.846,103.71239999999999,3845.846,104.9711,3845.846,104.81689999999999,3845.846,104.33170000000001
3846.3279999999995,103.67519999999999,3846.3279999999995,104.9363,3846.3279999999995,104.7688,3846.3279999999995,104.29679999999999
3846.81,103.63180000000001,3846.81,104.8951,3846.81,104.71289999999999,3846.81,104.25340000000001
3847.292,103.589,3847.292,104.8552,3847.292,104.6582,3847.292,104.209
3847.7740000000003,103.55330000000001,3847.7740000000003,104.8235,3847.7740000000003,104.6135,3847.7740000000003,104.17099999999999
3848.2560000000003,103.5315,3848.2560000000003,104.80609999999999,3848.2560000000003,104.58670000000001,3848.2560000000003,104.1463
3848.738,103.5301,3848.738,104.80810000000001,3848.738,104.5841,3848.738,104.14099999999999
3849.22,103.5542,3849.22,104.8332,3849.22,104.61009999999999,3849.22,104.16000000000001
3849.703,103.6065,3849.703,104.88310000000001,3849.703,104.6651,3849.703,104.2054
3850.185,103.68379999999999,3850.185,104.95429999999999,3850.185,104.7441,3850.185,104.274
3850.667,103.7766,3850.667,105.03750000000001,3850.667,104.8352,3850.667,104.35650000000001
3851.149,103.87049999999999,3851.149,105.1189,3851.149,104.9224,3851.149,104.4394
3851.6310000000003,103.954,3851.6310000000003,105.18860000000001,3851.6310000000003,104.9936,3851.6310000000003,104.5122
3852.1130000000003,104.02890000000001,3852.1130000000003,105.2521,3852.1130000000003,105.05279999999999,3852.1130000000003,104.5781
3852.595,104.10919999999999,3852.595,105.3304,3852.595,105.1212,3852.595,104.65249999999999
3853.0769999999998,104.19069999999999,3853.0769999999998,105.42609999999999,3853.0769999999998,105.2049,3853.0769999999998,104.7327
3853.56,104.2251,3853.56,105.4881,3853.56,105.2597,3853.56,104.77080000000001
3854.042,104.16149999999999,3854.042,105.45169999999999,3854.042,105.2265,3854.042,104.71440000000001
3854.524,104.0078,3854.524,105.3116,3854.524,105.09980000000002,3854.524,104.56920000000001
3855.006,103.8191,3855.006,105.12079999999999,3855.006,104.92710000000001,3855.006,104.3887
3855.4880000000003,103.65100000000001,3855.4880000000003,104.93999999999998,3855.4880000000003,104.76319999999998,3855.4880000000003,104.22769999999998
3855.9700000000003,103.535,3855.9700000000003,104.8077,3855.9700000000003,104.643,3855.9700000000003,104.1174
3856.4519999999998,103.4788,3856.4519999999998,104.7367,3856.4519999999998,104.5776,3856.4519999999998,104.06519999999999
3856.9339999999997,103.47409999999999,3856.9339999999997,104.7206,3856.9339999999997,104.56099999999999,3856.9339999999997,104.0621
3857.417,103.5039,3857.417,104.74269999999999,3857.417,104.57829999999998,3857.417,104.091
3857.898,103.5496,3857.898,104.7837,3857.898,104.6122,3857.898,104.13319999999999
3858.381,103.5952,3858.381,104.8265,3858.381,104.64770000000001,3858.381,104.1733
3858.863,103.6289,3858.863,104.85929999999999,3858.863,104.6741,3858.863,104.2006
3859.3450000000003,103.64370000000001,3859.3450000000003,104.8751,3859.3450000000003,104.685,3859.3450000000003,104.2091
3859.827,103.63640000000001,3859.827,104.87100000000001,3859.827,104.6776,3859.827,104.1969
3860.309,103.6075,3860.309,104.8477,3860.309,104.6522,3860.309,104.1652
3860.7909999999997,103.5615,3860.7909999999997,104.8092,3860.7909999999997,104.61260000000001,3860.7909999999997,104.1187
3861.2729999999997,103.5061,3861.2729999999997,104.7622,3861.2729999999997,104.56509999999999,3861.2729999999997,104.0646
3861.755,103.45139999999999,3861.755,104.71509999999999,3861.755,104.51820000000001,3861.755,104.0123
3862.2380000000003,103.4079,3862.2380000000003,104.67679999999999,3862.2380000000003,104.4808,3862.2380000000003,103.9711
3862.72,103.38499999999999,3862.72,104.6557,3862.72,104.461,3862.72,103.9496
3863.202,103.38909999999998,3863.202,104.6585,3863.202,104.4651,3863.202,103.9542
3863.684,103.42169999999999,3863.684,104.68820000000001,3863.684,104.49489999999999,3863.684,103.98719999999999
3864.166,103.4761,3864.166,104.741,3864.166,104.5455,3864.166,104.04310000000001
3864.6479999999997,103.53790000000001,3864.6479999999997,104.8044,3864.6479999999997,104.6041,3864.6479999999997,104.1085
3865.1299999999997,103.59020000000001,3865.1299999999997,104.8625,3865.1299999999997,104.6549,3865.1299999999997,104.16669999999999
3865.612,103.6234,3865.612,104.9047,3865.612,104.68900000000001,3865.612,104.20750000000001
3866.094,103.63940000000001,3866.094,104.9317,3866.094,104.7083,3866.094,104.23199999999999
3866.5769999999998,103.6463,3866.5769999999998,104.9507,3866.5769999999998,104.7208,3866.5769999999998,104.24739999999998
3867.059,103.6491,3867.059,104.96650000000001,3867.059,104.73129999999999,3867.059,104.2584
3867.541,103.6453,3867.541,104.9765,3867.541,104.737,3867.541,104.26280000000001
3868.023,103.62910000000001,3868.023,104.9732,3868.023,104.73049999999999,3868.023,104.25450000000001
3868.5049999999997,103.60000000000001,3868.5049999999997,104.9545,3868.5049999999997,104.7089,3868.5049999999997,104.23249999999999
3868.9869999999996,103.56989999999999,3868.9869999999996,104.9294,3868.9869999999996,104.68109999999999,3868.9869999999996,104.2066
3869.469,103.5541,3869.469,104.9123,3869.469,104.66109999999999,3869.469,104.19
3869.951,103.5542,3869.951,104.9047,3869.951,104.6511,3869.951,104.18320000000001
3870.4339999999997,103.5561,3870.4339999999997,104.8934,3870.4339999999997,104.64020000000001,3870.4339999999997,104.17339999999999
3870.916,103.5488,3870.916,104.8691,3870.916,104.6208,3870.916,104.15289999999999
3871.398,103.536,3871.398,104.83769999999998,3871.398,104.5992,3871.398,104.12889999999999
3871.88,103.5291,3871.88,104.8136,3871.88,104.5885,3871.88,104.1152
3872.362,103.5372,3872.362,104.8085,3872.362,104.5985,3872.362,104.1228
3872.8439999999996,103.564,3872.8439999999996,104.8282,3872.8439999999996,104.63279999999999,3872.8439999999996,104.1558
3873.326,103.6084,3873.326,104.87230000000001,3873.326,104.68900000000001,3873.326,104.21249999999999
3873.808,103.6643,3873.808,104.934,3873.808,104.7585,3873.808,104.2842
3874.2909999999997,103.7198,3874.2909999999997,104.99959999999999,3874.2909999999997,104.8265,3874.2909999999997,104.355
3874.773,103.76160000000002,3874.773,105.0523,3874.773,104.8772,3874.773,104.4079
3875.255,103.783,3875.255,105.08219999999999,3875.255,104.9026,3875.255,104.4338
3875.737,103.78609999999999,3875.737,105.0902,3875.737,104.9055,3875.737,104.4349
3876.219,103.77829999999999,3876.219,105.08390000000001,3876.219,104.8948,3876.219,104.42
3876.7009999999996,103.76540000000001,3876.7009999999996,105.07029999999999,3876.7009999999996,104.878,3876.7009999999996,104.39659999999999
3877.183,103.74799999999999,3877.183,105.0513,3877.183,104.85709999999999,3877.183,104.3669
3877.665,103.7229,3877.665,105.024,3877.665,104.82910000000001,3877.665,104.3283
3878.1470000000004,103.6865,3878.1470000000004,104.98400000000001,3878.1470000000004,104.7901,3878.1470000000004,104.2775
3878.63,103.63960000000002,3878.63,104.931,3878.63,104.73969999999998,3878.63,104.2152
3879.112,103.58970000000001,3879.112,104.8719,3879.112,104.6845,3879.112,104.1493
3879.594,103.5491,3879.594,104.8195,3879.594,104.63629999999999,3879.594,104.09349999999999
3880.076,103.5266,3880.076,104.785,3880.076,104.6046,3880.076,104.05930000000001
3880.5579999999995,103.5213,3880.5579999999995,104.77000000000001,3880.5579999999995,104.5898,3880.5579999999995,104.0484
3881.04,103.524,3881.04,104.7674,3881.04,104.58449999999999,3881.04,104.0532
3881.522,103.5271,3881.522,104.7696,3881.522,104.58179999999999,3881.522,104.06519999999999
3882.0040000000004,103.53049999999999,3882.0040000000004,104.7755,3882.0040000000004,104.58160000000001,3882.0040000000004,104.0816
3882.487,103.5388,3882.487,104.7888,3882.487,104.5885,3882.487,104.10379999999999
3882.969,103.5561,3882.969,104.8125,3882.969,104.60629999999999,3882.969,104.13319999999999
3883.451,103.58290000000001,3883.451,104.84580000000001,3883.451,104.6352,3883.451,104.1687
3883.933,103.6183,3883.933,104.8861,3883.933,104.67349999999999,3883.933,104.20830000000001
3884.4149999999995,103.6622,3884.4149999999995,104.93209999999999,3884.4149999999995,104.72049999999999,3884.4149999999995,104.2524
3884.897,103.71520000000001,3884.897,104.9838,3884.897,104.7764,3884.897,104.303
3885.379,103.77130000000001,3885.379,105.0363,3885.379,104.8352,3885.379,104.35669999999999
3885.8610000000003,103.81519999999999,3885.8610000000003,105.0759,3885.8610000000003,104.882,3885.8610000000003,104.40069999999999
3886.344,103.8317,3886.344,105.08900000000001,3886.344,104.9018,3886.344,104.4211
3886.825,103.8191,3886.825,105.07459999999999,3886.825,104.89269999999999,3886.825,104.41560000000001
3887.308,103.78890000000001,3887.308,105.04500000000002,3887.308,104.8666,3887.308,104.3943
3887.79,103.7547,3887.79,105.0149,3887.79,104.8381,3887.79,104.3693
3888.272,103.72330000000001,3888.272,104.99149999999999,3888.272,104.8148,3888.272,104.3468
3888.754,103.69269999999999,3888.754,104.97209999999998,3888.754,104.7955,3888.754,104.32459999999999
3889.236,103.6572,3889.236,104.9486,3889.236,104.7739,3889.236,104.2964
3889.7180000000003,103.61340000000001,3889.7180000000003,104.91420000000001,3889.7180000000003,104.7453,3889.7180000000003,104.25899999999999
3890.2000000000003,103.56620000000001,3890.2000000000003,104.8699,3890.2000000000003,104.7127,3890.2000000000003,104.2166
3890.682,103.5277,3890.682,104.8257,3890.682,104.6855,3890.682,104.18039999999999
3891.165,103.5094,3891.165,104.79369999999999,3891.165,104.67349999999999,3891.165,104.16149999999999
3891.647,103.51440000000001,3891.647,104.7809,3891.647,104.6789,3891.647,104.16319999999999
3892.129,103.5362,3892.129,104.786,3892.129,104.6958,3892.129,104.1801
3892.611,103.5647,3892.611,104.80279999999999,3892.611,104.71509999999999,3892.611,104.20309999999999
3893.093,103.59179999999999,3893.093,104.8252,3893.093,104.73049999999999,3893.093,104.2253
3893.5750000000003,103.6138,3893.5750000000003,104.84899999999999,3893.5750000000003,104.73969999999998,3893.5750000000003,104.24359999999999
3894.0570000000002,103.6299,3894.0570000000002,104.87180000000001,3894.0570000000002,104.74289999999999,3894.0570000000002,104.257
3894.5389999999998,103.64089999999999,3894.5389999999998,104.89189999999999,3894.5389999999998,104.7415,3894.5389999999998,104.2657
3895.0209999999997,103.6478,3895.0209999999997,104.90839999999999,3895.0209999999997,104.7368,3895.0209999999997,104.27010000000001
3895.504,103.6514,3895.504,104.92060000000001,3895.504,104.72980000000001,3895.504,104.27040000000001
3895.986,103.6522,3895.986,104.928,3895.986,104.7213,3895.986,104.2664
3896.468,103.6502,3896.468,104.9305,3896.468,104.7112,3896.468,104.25789999999999
3896.95,103.64489999999999,3896.95,104.92779999999999,3896.95,104.6994,3896.95,104.2448
3897.4320000000002,103.63659999999999,3897.4320000000002,104.92029999999998,3897.4320000000002,104.6862,3897.4320000000002,104.22800000000001
3897.914,103.6264,3897.914,104.909,3897.914,104.6724,3897.914,104.209
3898.396,103.6158,3898.396,104.89569999999999,3898.396,104.6595,3898.396,104.1906
3898.8779999999997,103.60659999999999,3898.8779999999997,104.8823,3898.8779999999997,104.64869999999999,3898.8779999999997,104.1752
3899.361,103.5991,3899.361,104.8697,3899.361,104.6403,3899.361,104.16399999999999
3899.843,103.59190000000001,3899.843,104.8578,3899.843,104.6327,3899.843,104.15540000000001
3900.325,103.58229999999999,3900.325,104.84549999999999,3900.325,104.62370000000001,3900.325,104.1467
3900.807,103.568,3900.807,104.8315,3900.807,104.6113,3900.807,104.13550000000001
3901.289,103.54820000000001,3901.289,104.8157,3901.289,104.5951,3901.289,104.12049999999999
3901.771,103.5241,3901.771,104.7987,3901.771,104.57620000000001,3901.771,104.1027
3902.253,103.4994,3902.253,104.7827,3902.253,104.55779999999999,3902.253,104.0856
3902.7349999999997,103.47999999999999,3902.7349999999997,104.7714,3902.7349999999997,104.5446,3902.7349999999997,104.0745
3903.218,103.4734,3903.218,104.76970000000001,3903.218,104.5426,3903.218,104.07560000000001
3903.7,103.4846,3903.7,104.78160000000001,3903.7,104.5558,3903.7,104.09280000000001
3904.1820000000002,103.514,3904.1820000000002,104.80709999999999,3904.1820000000002,104.5842,3904.1820000000002,104.1253
3904.6639999999998,103.5565,3904.6639999999998,104.8427,3904.6639999999998,104.6235,3904.6639999999998,104.16760000000001
3905.146,103.6049,3905.146,104.8832,3905.146,104.6681,3905.146,104.2133
3905.628,103.6535,3905.628,104.92509999999999,3905.628,104.7142,3905.628,104.2578
3906.11,103.69919999999999,3906.11,104.96650000000001,3906.11,104.76,3906.11,104.2997
3906.5919999999996,103.7404,3906.5919999999996,105.0065,3906.5919999999996,104.80460000000001,3906.5919999999996,104.33840000000001
3907.074,103.7757,3907.074,105.0434,3907.074,104.84649999999999,3907.074,104.37320000000001
3907.557,103.8034,3907.557,105.07509999999999,3907.557,104.883,3907.557,104.4025
3908.039,103.82249999999999,3908.039,105.0994,3908.039,104.9118,3908.039,104.42450000000001
3908.5209999999997,103.8327,3908.5209999999997,105.1153,3908.5209999999997,104.9312,3908.5209999999997,104.4384
3909.003,103.8356,3909.003,105.12360000000001,3909.003,104.9412,3909.003,104.4448
3909.485,103.8335,3909.485,105.1263,3909.485,104.94330000000001,3909.485,104.4454
3909.967,103.8292,3909.967,105.1261,3909.967,104.9396,3909.967,104.4425
3910.4489999999996,103.82450000000001,3910.4489999999996,105.1245,3910.4489999999996,104.9323,3910.4489999999996,104.4379
3910.931,103.8201,3910.931,105.1223,3910.931,104.9229,3910.931,104.43260000000001
3911.4139999999998,103.8156,3911.4139999999998,105.11880000000001,3911.4139999999998,104.91220000000001,3911.4139999999998,104.4265
3911.896,103.81,3911.896,105.11269999999999,3911.896,104.90060000000001,3911.896,104.41879999999999
3912.3779999999997,103.8022,3912.3779999999997,105.10310000000001,3912.3779999999997,104.8881,3912.3779999999997,104.40879999999999
3912.86,103.79169999999999,3912.86,105.0894,3912.86,104.8751,3912.86,104.3963
3913.342,103.77810000000001,3913.342,105.0719,3913.342,104.8616,3913.342,104.3811
3913.824,103.761,3913.824,105.0503,3913.824,104.8469,3913.824,104.36319999999999
3914.306,103.7395,3914.306,105.0246,3914.306,104.82979999999999,3914.306,104.3425
3914.788,103.7137,3914.788,104.99499999999999,3914.788,104.8092,3914.788,104.3193
3915.2709999999997,103.68440000000001,3915.2709999999997,104.96319999999999,3915.2709999999997,104.78529999999999,3915.2709999999997,104.2947
3915.752,103.6545,3915.752,104.9323,3915.752,104.76,3915.752,104.27089999999998
3916.235,103.6279,3916.235,104.9064,3916.235,104.7364,3916.235,104.25040000000001
3916.717,103.6075,3916.717,104.88869999999999,3916.717,104.7175,3916.717,104.23469999999999
3917.199,103.59469999999999,3917.199,104.8805,3917.199,104.7044,3917.199,104.22370000000001
3917.681,103.5887,3917.681,104.8808,3917.681,104.69669999999999,3917.681,104.2166
3918.163,103.5878,3918.163,104.88740000000001,3918.163,104.6931,3918.163,104.21279999999999
3918.645,103.5895,3918.645,104.8976,3918.645,104.6915,3918.645,104.2117
3919.127,103.5912,3919.127,104.9083,3919.127,104.6895,3919.127,104.21260000000001
3919.609,103.5903,3919.609,104.9159,3919.609,104.6847,3919.609,104.2139
3920.092,103.58430000000001,3920.092,104.9166,3920.092,104.6746,3920.092,104.213
3920.574,103.5718,3920.574,104.90740000000001,3920.574,104.6578,3920.574,104.20720000000001
3921.056,103.5526,3921.056,104.8871,3921.056,104.6342,3921.056,104.19449999999999
3921.538,103.5279,3921.538,104.8565,3921.538,104.60499999999999,3921.538,104.17460000000001
3922.02,103.5004,3922.02,104.8189,3922.02,104.5733,3922.02,104.14939999999999
3922.502,103.4736,3922.502,104.7798,3922.502,104.54339999999999,3922.502,104.12349999999999
3922.984,103.4526,3922.984,104.74719999999999,3922.984,104.52120000000001,3922.984,104.1033
3923.466,103.44260000000001,3923.466,104.7299,3923.466,104.5134,3923.466,104.096
3923.9480000000003,103.44739999999999,3923.9480000000003,104.735,3923.9480000000003,104.5248,3923.9480000000003,104.1068
3924.431,103.4667,3924.431,104.7636,3924.431,104.55529999999999,3924.431,104.13520000000001
3924.913,103.4945,3924.913,104.80860000000001,3924.913,104.5979,3924.913,104.17339999999999
3925.395,103.52220000000001,3925.395,104.85709999999999,3925.395,104.6411,3925.395,104.2095
3925.877,103.54190000000001,3925.877,104.89630000000001,3925.877,104.67439999999999,3925.877,104.23320000000001
3926.3590000000004,103.5499,3926.3590000000004,104.91820000000001,3926.3590000000004,104.69139999999999,3926.3590000000004,104.2394
3926.841,103.54639999999999,3926.841,104.92029999999998,3926.841,104.6908,3926.841,104.2286
3927.323,103.53380000000001,3927.323,104.90489999999998,3927.323,104.6749,3927.323,104.2049
3927.8050000000003,103.51589999999999,3927.8050000000003,104.8765,3927.8050000000003,104.64819999999999,3927.8050000000003,104.1743
3928.288,103.4964,3928.288,104.84070000000001,3928.288,104.61590000000001,3928.288,104.1427
3928.77,103.47869999999999,3928.77,104.8032,3928.77,104.5831,3928.77,104.1152
3929.252,103.4652,3929.252,104.76859999999999,3929.252,104.55429999999998,3929.252,104.0949
3929.734,103.457,3929.734,104.74019999999999,3929.734,104.5325,3929.734,104.0829
3930.2160000000003,103.45450000000001,3930.2160000000003,104.72049999999999,3930.2160000000003,104.51939999999999,3930.2160000000003,104.0788
3930.698,103.4574,3930.698,104.7113,3930.698,104.5164,3930.698,104.0818
3931.18,103.4665,3931.18,104.7145,3931.18,104.5249,3931.18,104.09200000000001
3931.6620000000003,103.4826,3931.6620000000003,104.73209999999999,3931.6620000000003,104.54639999999999,3931.6620000000003,104.10999999999999
3932.1450000000004,103.50580000000001,3932.1450000000004,104.7644,3932.1450000000004,104.5811,3932.1450000000004,104.13619999999999
3932.627,103.53509999999999,3932.627,104.8092,3932.627,104.62750000000001,3932.627,104.1697
3933.109,103.568,3933.109,104.8611,3933.109,104.68109999999999,3933.109,104.20739999999999
3933.591,103.60130000000001,3933.591,104.9134,3933.591,104.7364,3933.591,104.24560000000001
3934.0730000000003,103.6327,3934.0730000000003,104.96000000000001,3934.0730000000003,104.7882,3934.0730000000003,104.2809
3934.555,103.66059999999999,3934.555,104.99700000000001,3934.555,104.8325,3934.555,104.31079999999999
3935.037,103.6847,3935.037,105.02260000000001,3935.037,104.8669,3935.037,104.33460000000001
3935.5190000000002,103.70509999999999,3935.5190000000002,105.03689999999999,3935.5190000000002,104.89070000000001,3935.5190000000002,104.352
3936.001,103.72220000000002,3936.001,105.0419,3936.001,104.90409999999999,3936.001,104.3639
3936.484,103.7363,3936.484,105.0403,3936.484,104.9083,3936.484,104.371
3936.966,103.74779999999998,3936.966,105.0351,3936.966,104.905,3936.966,104.3745
3937.448,103.7562,3937.448,105.02860000000001,3937.448,104.89569999999999,3937.448,104.375
3937.9300000000003,103.76050000000001,3937.9300000000003,105.0216,3937.9300000000003,104.88139999999999,3937.9300000000003,104.37240000000001
3938.412,103.7592,3938.412,105.01350000000001,3938.412,104.8628,3938.412,104.3662
3938.894,103.75110000000001,3938.894,105.0027,3938.894,104.8398,3938.894,104.35589999999999
3939.376,103.7355,3939.376,104.98719999999999,3939.376,104.8127,3939.376,104.34079999999999
3939.858,103.71269999999998,3939.858,104.96600000000001,3939.858,104.78209999999999,3939.858,104.32109999999999
3940.341,103.6845,3940.341,104.9396,3940.341,104.7499,3940.341,104.29759999999999
3940.823,103.6544,3940.823,104.91060000000002,3940.823,104.7191,3940.823,104.2727
3941.305,103.6271,3941.305,104.8842,3941.305,104.69420000000001,3941.305,104.2502
3941.7870000000003,103.60810000000001,3941.7870000000003,104.8663,3941.7870000000003,104.67960000000001,3941.7870000000003,104.2344
3942.2690000000002,103.60069999999999,3942.2690000000002,104.86139999999999,3942.2690000000002,104.6778,3942.2690000000002,104.2285
3942.7509999999997,103.6049,3942.7509999999997,104.8699,3942.7509999999997,104.68759999999999,3942.7509999999997,104.2327
3943.233,103.6168,3943.233,104.88770000000001,3943.233,104.7042,3943.233,104.2438
3943.715,103.63029999999999,3943.715,104.90759999999999,3943.715,104.72120000000001,3943.715,104.2566
3944.1980000000003,103.6398,3944.1980000000003,104.92250000000001,3944.1980000000003,104.733,3944.1980000000003,104.2659
3944.6789999999996,103.64119999999998,3944.6789999999996,104.92699999999999,3944.6789999999996,104.7361,3944.6789999999996,104.2677
3945.162,103.63260000000001,3945.162,104.91839999999999,3945.162,104.7292,3945.162,104.2597
3945.6440000000002,103.61370000000001,3945.6440000000002,104.89649999999999,3945.6440000000002,104.71239999999999,3945.6440000000002,104.2416
3946.126,103.5863,3946.126,104.86370000000001,3946.126,104.6877,3946.126,104.21480000000001
3946.6079999999997,103.5542,3946.6079999999997,104.8251,3946.6079999999997,104.6586,3946.6079999999997,104.1833
3947.09,103.5231,3947.09,104.7882,3947.09,104.6303,3947.09,104.15289999999999
3947.572,103.4991,3947.572,104.76110000000001,3947.572,104.60860000000001,3947.572,104.1302
3948.054,103.48729999999999,3948.054,104.7501,3948.054,104.5981,3948.054,104.1202
3948.5359999999996,103.4893,3948.5359999999996,104.7575,3948.5359999999996,104.6003,3948.5359999999996,104.12429999999999
3949.019,103.50349999999999,3949.019,104.7809,3949.019,104.61359999999999,3949.019,104.1401
3949.501,103.5258,3949.501,104.8148,3949.501,104.63409999999999,3949.501,104.1629
3949.983,103.5513,3949.983,104.8522,3949.983,104.65709999999999,3949.983,104.18769999999999
3950.4649999999997,103.57639999999999,3950.4649999999997,104.8878,3950.4649999999997,104.6792,3950.4649999999997,104.21069999999999
3950.947,103.5986,3950.947,104.9181,3950.947,104.6986,3950.947,104.23020000000001
3951.429,103.61720000000001,3951.429,104.9417,3951.429,104.715,3951.429,104.24629999999999
3951.911,103.63210000000001,3951.911,104.959,3951.911,104.729,3951.911,104.2596
3952.393,103.6433,3952.393,104.9707,3952.393,104.7415,3952.393,104.2707
3952.875,103.6508,3952.875,104.97749999999999,3952.875,104.7525,3952.875,104.28
3953.358,103.6542,3953.358,104.98,3953.358,104.76209999999999,3953.358,104.28699999999999
3953.84,103.6537,3953.84,104.97879999999999,3953.84,104.76939999999999,3953.84,104.29129999999999
3954.322,103.6498,3954.322,104.9747,3954.322,104.7742,3954.322,104.29310000000001
3954.804,103.644,3954.804,104.9688,3954.804,104.7763,3954.804,104.29280000000001
3955.286,103.6383,3955.286,104.96289999999999,3955.286,104.7762,3955.286,104.29129999999999
3955.768,103.6349,3955.768,104.9583,3955.768,104.77479999999998,3955.768,104.28960000000001
3956.25,103.6349,3956.25,104.95570000000001,3956.25,104.7726,3956.25,104.2878
3956.732,103.63839999999999,3956.732,104.95429999999999,3956.732,104.76939999999999,3956.732,104.2853
3957.215,103.64359999999999,3957.215,104.95270000000001,3957.215,104.7645,3957.215,104.2805
3957.697,103.6483,3957.697,104.9486,3957.697,104.7565,3957.697,104.272
3958.179,103.6497,3958.179,104.94019999999999,3958.179,104.7447,3958.179,104.2589
3958.661,103.6462,3958.661,104.9269,3958.661,104.7289,3958.661,104.2417
3959.143,103.63739999999999,3959.143,104.9095,3959.143,104.71010000000001,3959.143,104.2219
3959.625,103.62450000000001,3959.625,104.8903,3959.625,104.6903,3959.625,104.2022
3960.107,103.60979999999999,3960.107,104.8726,3960.107,104.67219999999999,3960.107,104.18549999999999
3960.589,103.5963,3960.589,104.8597,3960.589,104.6586,3960.589,104.1742
3961.072,103.58670000000001,3961.072,104.8546,3961.072,104.6513,3961.072,104.1702
3961.554,103.5831,3961.554,104.8587,3961.554,104.65119999999999,3961.554,104.1739
3962.036,103.586,3962.036,104.8716,3962.036,104.6581,3962.036,104.1846
3962.518,103.5948,3962.518,104.89139999999999,3962.518,104.6706,3962.518,104.20069999999998
3963.0,103.6079,3963.0,104.9151,3963.0,104.68690000000001,3963.0,104.2202
3963.482,103.6234,3963.482,104.9393,3963.482,104.7051,3963.482,104.2405
3963.964,103.6395,3963.964,104.9609,3963.964,104.7236,3963.964,104.25979999999998
3964.446,103.6547,3964.446,104.97749999999999,3964.446,104.741,3964.446,104.276
3964.928,103.66820000000001,3964.928,104.9876,3964.928,104.7564,3964.928,104.2878
3965.411,103.67949999999999,3965.411,104.99080000000001,3965.411,104.7689,3965.411,104.2948
3965.893,103.68889999999999,3965.893,104.988,3965.893,104.7782,3965.893,104.2975
3966.375,103.6969,3966.375,104.9809,3966.375,104.7842,3966.375,104.29710000000001
3966.857,103.70410000000001,3966.857,104.9717,3966.857,104.7873,3966.857,104.2957
3967.339,103.71079999999999,3967.339,104.96319999999999,3967.339,104.7881,3967.339,104.29520000000001
3967.821,103.71669999999999,3967.821,104.9572,3967.821,104.787,3967.821,104.29679999999999
3968.3030000000003,103.7211,3968.3030000000003,104.95490000000001,3968.3030000000003,104.7844,3968.3030000000003,104.3007
3968.785,103.72319999999999,3968.785,104.9566,3968.785,104.7804,3968.785,104.30600000000001
3969.268,103.7221,3969.268,104.9612,3969.268,104.7752,3969.268,104.3111
3969.75,103.7176,3969.75,104.96719999999999,3969.75,104.76870000000001,3969.75,104.31429999999999
3970.2320000000004,103.71,3970.2320000000004,104.9726,3970.2320000000004,104.76129999999999,3970.2320000000004,104.3147
3970.714,103.7004,3970.714,104.97609999999999,3970.714,104.7536,3970.714,104.3119
3971.196,103.69,3971.196,104.9764,3971.196,104.7464,3971.196,104.30649999999999
3971.678,103.68010000000001,3971.678,104.9731,3971.678,104.7405,3971.678,104.2998
3972.1600000000003,103.6713,3972.1600000000003,104.9666,3972.1600000000003,104.736,3972.1600000000003,104.29260000000001
3972.642,103.664,3972.642,104.95779999999999,3972.642,104.7329,3972.642,104.28599999999999
3973.125,103.65809999999999,3973.125,104.94810000000001,3973.125,104.7307,3973.125,104.2804
3973.606,103.6535,3973.606,104.9393,3973.606,104.7287,3973.606,104.276
3974.0890000000004,103.6504,3974.0890000000004,104.933,3974.0890000000004,104.7267,3974.0890000000004,104.2728
3974.571,103.64949999999999,3974.571,104.9307,3974.571,104.72449999999999,3974.571,104.2708
3975.053,103.6513,3975.053,104.9331,3975.053,104.72269999999999,3975.053,104.2699
3975.535,103.6567,3975.535,104.9404,3975.535,104.7221,3975.535,104.27010000000001
3976.0170000000003,103.6656,3976.0170000000003,104.9515,3976.0170000000003,104.7234,3976.0170000000003,104.27139999999999
3976.499,103.6774,3976.499,104.9653,3976.499,104.7272,3976.499,104.2735
3976.9809999999998,103.6907,3976.9809999999998,104.9798,3976.9809999999998,104.7334,3976.9809999999998,104.2763
3977.463,103.70379999999999,3977.463,104.9936,3977.463,104.74190000000002,3977.463,104.2798
3977.9460000000004,103.71509999999999,3977.9460000000004,105.0052,3977.9460000000004,104.7519,3977.9460000000004,104.2841
3978.428,103.7234,3978.428,105.0141,3978.428,104.7631,3978.428,104.2892
3978.91,103.72829999999999,3978.91,105.0201,3978.91,104.7749,3978.91,104.2955
3979.392,103.7299,3979.392,105.02359999999999,3979.392,104.7871,3979.392,104.3028
3979.8740000000003,103.72879999999999,3979.8740000000003,105.02499999999999,3979.8740000000003,104.79929999999999,3979.8740000000003,104.31060000000001
3980.356,103.7259,3980.356,105.0249,3980.356,104.8111,3980.356,104.3182
3980.8379999999997,103.72189999999999,3980.8379999999997,105.0239,3980.8379999999997,104.82180000000001,3980.8379999999997,104.3247
3981.32,103.71719999999999,3981.32,105.0222,3981.32,104.83059999999999,3981.32,104.3293
3981.802,103.7123,3981.802,105.0202,3981.802,104.8368,3981.802,104.3316
3982.285,103.7077,3982.285,105.0181,3982.285,104.84009999999999,3982.285,104.3318
3982.767,103.704,3982.767,105.0161,3982.767,104.84070000000001,3982.767,104.3308
3983.249,103.7021,3983.249,105.0149,3983.249,104.83940000000001,3983.249,104.3293
3983.731,103.7027,3983.731,105.0149,3983.731,104.8375,3983.731,104.32809999999999
3984.213,103.70630000000001,3984.213,105.01670000000001,3984.213,104.8362,3984.213,104.3274
3984.6949999999997,103.7126,3984.6949999999997,105.0203,3984.6949999999997,104.83590000000001,3984.6949999999997,104.327
3985.177,103.7209,3985.177,105.02510000000001,3985.177,104.83640000000001,3985.177,104.3261
3985.659,103.7296,3985.659,105.0303,3985.659,104.8368,3985.659,104.324
3986.1420000000003,103.7368,3986.1420000000003,105.0343,3986.1420000000003,104.8355,3986.1420000000003,104.3198
3986.624,103.74080000000001,3986.624,105.0356,3986.624,104.8309,3986.624,104.31349999999999
3987.1059999999998,103.7406,3987.1059999999998,105.0333,3987.1059999999998,104.8222,3987.1059999999998,104.30520000000001
3987.588,103.73570000000001,3987.588,105.027,3987.588,104.80910000000002,3987.588,104.2957
3988.07,103.7269,3988.07,105.0173,3988.07,104.79289999999999,3988.07,104.2859
3988.5519999999997,103.7156,3988.5519999999997,105.00590000000001,3988.5519999999997,104.7755,3988.5519999999997,104.2767
3989.034,103.7034,3989.034,104.9944,3989.034,104.7595,3989.034,104.26910000000001
3989.516,103.69239999999999,3989.516,104.9846,3989.516,104.74699999999999,3989.516,104.2635
3989.9990000000003,103.684,3989.9990000000003,104.9774,3989.9990000000003,104.7396,3989.9990000000003,104.2599
3990.4809999999998,103.67900000000002,3990.4809999999998,104.9732,3990.4809999999998,104.73729999999999,3990.4809999999998,104.2581
3990.9629999999997,103.67779999999999,3990.9629999999997,104.9712,3990.9629999999997,104.7393,3990.9629999999997,104.25770000000001
3991.445,103.6802,3991.445,104.97049999999999,3991.445,104.74369999999999,3991.445,104.2583
3991.927,103.6855,3991.927,104.97030000000001,3991.927,104.7487,3991.927,104.25979999999998
3992.4089999999997,103.69299999999998,3992.4089999999997,104.9704,3992.4089999999997,104.7525,3992.4089999999997,104.2619
3992.891,103.7016,3992.891,104.97080000000001,3992.891,104.7542,3992.891,104.2645
3993.373,103.7104,3993.373,104.97209999999998,3993.373,104.7537,3993.373,104.2677
3993.855,103.71840000000002,3993.855,104.9747,3993.855,104.7514,3993.855,104.27109999999999
3994.3379999999997,103.72460000000001,3994.3379999999997,104.97890000000001,3994.3379999999997,104.74810000000001,3994.3379999999997,104.2743
3994.8199999999997,103.7286,3994.8199999999997,104.9843,3994.8199999999997,104.7448,3994.8199999999997,104.27710000000002
3995.302,103.73000000000002,3995.302,104.9903,3995.302,104.7425,3995.302,104.27949999999998
3995.784,103.7292,3995.784,104.9961,3995.784,104.7418,3995.784,104.2818
3996.266,103.7269,3996.266,105.00130000000001,3996.266,104.74349999999998,3996.266,104.28450000000001
3996.748,103.7242,3996.748,105.00529999999999,3996.748,104.7479,3996.748,104.2882
3997.23,103.72200000000001,3997.23,105.0078,3997.23,104.75479999999999,3997.23,104.2935
3997.712,103.721,3997.712,105.0084,3997.712,104.76389999999999,3997.712,104.30040000000001
3998.195,103.7215,3998.195,105.00689999999999,3998.195,104.7741,3998.195,104.3082
3998.6769999999997,103.7234,3998.6769999999997,105.0028,3998.6769999999997,104.7842,3998.6769999999997,104.316
3999.159,103.72630000000001,3999.159,104.99629999999999,3999.159,104.79320000000001,3999.159,104.3228
3999.641,103.72980000000001,3999.641,104.9879,3999.641,104.80000000000001,3999.641,104.3275
4000.1230000000005,103.7333,4000.1230000000005,104.979,4000.1230000000005,104.804,4000.1230000000005,104.32950000000001
